{"data":{"BCHSVUSDT":0.9901686446,"LTCUSDT":0.984066991,"LTCUSDC":0.9828663475,"BCHSVTUSD":0.9825466684,"BCHABCUSDC":0.9822494437,"BCHABCUSDT":0.9817270081,"ICXUSDT":0.9816812774,"VETETH":0.9802955719,"LTCBNB":0.9793389122,"BCHABCBTC":0.9790745476,"BCHSVBTC":0.9789543175,"LTCBTC":0.9775077844,"LTCTUSD":0.9749459958,"ETHUSDT":0.9734317462,"ICXETH":0.9719731689,"IOTAUSDT":0.9696266202,"EOSUSDC":0.968794941,"ONTBNB":0.9679501044,"EOSUSDT":0.9654756597,"ADATUSD":0.9651068679,"BCDBTC":0.963782336,"XRPUSDT":0.963521069,"EOSBTC":0.9623669332,"XLMETH":0.9621908392,"NEOUSDT":0.9621434009,"ONGBTC":0.9613542645,"VETUSDT":0.9608526666,"ONTETH":0.9606149775,"EOSTUSD":0.9594601503,"XLMUSDT":0.958812936,"VETBNB":0.9576132708,"XRPUSDC":0.9531485781,"ICXBTC":0.9521987801,"ETHTUSD":0.9509945916,"XRPTUSD":0.9505890143,"LTCETH":0.9476615431,"NEOETH":0.9474910615,"ADAUSDT":0.9454989551,"BTCUSDT":0.9439895809,"IOTAETH":0.9429998326,"NEOBNB":0.9429473226,"XMRUSDT":0.9420323213,"BCHABCTUSD":0.9416386083,"IOTABTC":0.9400164565,"NEOBTC":0.939207474,"ZILUSDT":0.9391282109,"TRXUSDT":0.9388077118,"ETHUSDC":0.9340826082,"BTGBTC":0.9291382755,"LINKUSDT":0.9288011965,"ONTUSDT":0.925213926,"ONTBTC":0.9242557869,"BNBUSDC":0.9228886336,"EOSETH":0.9217792915,"BNBETH":0.9205274209,"ETHPAX":0.9191836342,"BNBTUSD":0.91910864,"DASHUSDT":0.9179330803,"CELRBTC":0.9158415233,"BTCUSDC":0.9149679727,"HOTUSDT":0.9148564148,"ETHBTC":0.9143964973,"CELRUSDT":0.9118802424,"BTTUSDT":0.9115177964,"MANABTC":0.9095463424,"TRXETH":0.9041677043,"REPBTC":0.9037063606,"ZECUSDT":0.9034259632,"XRPETH":0.9002773474,"ADAETH":0.9001020641,"BCHABCPAX":0.8995069864,"AIONBTC":0.8987987817,"ETCUSDT":0.8977617359,"WAVESBTC":0.8959424524,"IOSTUSDT":0.8943935055,"ZILETH":0.893078104,"BTCPAX":0.8926120713,"WAVESUSDT":0.8889091309,"XRPBNB":0.8860370272,"ZRXUSDT":0.88540458,"XLMBNB":0.882159655,"TRXXRP":0.8799925155,"ZECETH":0.8775957579,"LSKBTC":0.871952078,"XRPBTC":0.867871704,"ADABNB":0.8675402291,"ONGUSDT":0.8621015559,"BTCTUSD":0.8590866707,"DASHBTC":0.8534739771,"ADABTC":0.8503223722,"XMRBTC":0.8488456999,"ZECBTC":0.8448903077,"EOSBNB":0.842762009,"GRSBTC":0.8365457616,"XLMBTC":0.8327874138,"BQXBTC":0.8301711237,"CELRBNB":0.8295946664,"BTTBNB":0.8289878784,"ZRXBTC":0.82666559,"ETCBTC":0.8234476364,"VIBBTC":0.8095860371,"XZCBTC":0.8095172029,"GVTBTC":0.8087356196,"GASBTC":0.807981482,"XEMBTC":0.8054985258,"DASHETH":0.7997431358,"STRATBTC":0.7954278156,"QLCBTC":0.7904002943,"TRXBNB":0.7721638752,"WANBTC":0.7720023811,"THETABTC":0.7718448268,"BNBPAX":0.7718349395,"ELFBTC":0.7685339158,"MTLETH":0.7589312994,"NANOBTC":0.7564227722,"ENGBTC":0.7505905787,"NEBLBTC":0.7412328448,"LINKBTC":0.7374762586,"LINKETH":0.7306929816,"BNBUSDT":0.7252670206,"OAXBTC":0.7251928182,"QTUMUSDT":0.7248227294,"IOSTETH":0.7240454041,"TRXTUSD":0.7180491516,"QKCETH":0.7177878345,"ARKBTC":0.6863301552,"FETBTC":0.685097348,"NEOTUSD":0.6847182559,"XRPPAX":0.67545686,"EVXETH":0.674425314,"BNBBTC":0.6721996929,"BTCUSDS":0.6601795408,"ASTBTC":0.6510006686,"MTLBTC":0.6392846871,"PPTBTC":0.6361516343,"NXSBTC":0.6287230593,"RCNBTC":0.6043304518,"ARNBTC":0.5844548962,"AMBBTC":0.5769691391,"EVXBTC":0.5767249042,"STEEMBTC":0.5527366899,"OMGBTC":0.5479080519,"QTUMBTC":0.5349315518,"NULSUSDT":0.530080608,"SNMBTC":0.5242097401,"DCRBTC":0.5206858903,"FETUSDT":0.5177464801,"NASBTC":0.492966797,"LOOMBTC":0.4923629128,"LRCBTC":0.491708069,"SYSBTC":0.487276723,"OMGETH":0.4756251595,"AEBTC":0.4678474105,"AGIBTC":0.4659117655,"GOBTC":0.4490055617,"POLYBTC":0.4290874522,"ENJBTC":0.418991495,"MCOBTC":0.4162032774,"FETBNB":0.4047860737,"WTCBTC":0.3701709876,"KMDBTC":0.3658954641,"DGDBTC":0.3567825574,"RLCBTC":0.3458396504,"STORJBTC":0.3284904517,"WABIBTC":0.327737795,"GNTBTC":0.2933654475,"ENJBNB":0.2921768854,"RVNBTC":0.2825785263,"CVCBTC":0.2331743424,"VIABTC":0.2300982402,"KNCBTC":0.2136563279,"ENJETH":0.2128363523,"POWRBTC":0.2056996809,"NAVBTC":0.1853279167,"HCBTC":0.1700550429,"POABTC":0.1564781976,"RVNBNB":0.1491734687,"EDOBTC":0.1269204504,"BCPTBTC":0.1020858714,"LUNBTC":0.0930389602,"DLTBTC":0.0853897636,"BNTBTC":0.053650508,"RDNBTC":0.0437229084,"SKYBTC":0.0239489633,"ADXBTC":0.0122406921,"GXSBTC":-0.004690839,"VIBEBTC":-0.0208139421,"BATUSDT":-0.0293026223,"BRDBTC":-0.0662944137,"BLZBTC":-0.0886747607,"FUELETH":-0.1306285021,"USDCTUSD":-0.1526107319,"BATETH":-0.184773522,"APPCBTC":-0.2104887569,"BATBNB":-0.2439210941,"INSBTC":-0.2711184618,"ARDRBTC":-0.2725371301,"PIVXBTC":-0.3172124302,"MDABTC":-0.3292726316,"BATBTC":-0.3980348595,"NULSBTC":-0.5129879925,"USDCPAX":-0.9294646176,"PAXUSDT":-0.9319496881,"TUSDUSDT":-0.9445398638,"USDSPAX":-0.948520834,"USDCUSDT":-0.9594713954},"startDate":"2019-03-29","endDate":"2019-04-05","numDays":7,"excludedPairs":["IOTXETH","QSPBNB","WTCBNB","WINGSETH","ZECTUSD","MDAETH","DASHBNB","GTOBNB","USDSTUSD","BCPTBNB","WAVESTUSD","LINKTUSD","LINKUSDC","WAVESETH","TNBBTC","SNGLSETH","BCCBNB","USDSUSDC","XMRETH","APPCBNB","VIABNB","NCASHBTC","SALTBTC","HOTBTC","TUSDBNB","USDCBTC","OSTBNB","VENBNB","TRXPAX","KEYBTC","BCCUSDT","BRDBNB","RDNBNB","AMBETH","ZENBNB","BCCBTC","WANBNB","BTSETH","POWRBNB","POWRETH","SALTETH","IOSTBNB","PHXETH","POAETH","SKYETH","NASETH","YOYOBTC","LSKETH","MFTBNB","YOYOBNB","ETCBNB","STEEMBNB","BTTTUSD","GTOETH","TUSDETH","GXSETH","AMBBNB","USDCBNB","AEETH","DGDETH","TNTBTC","POABNB","ZENETH","DLTBNB","LOOMETH","EOSPAX","DENTETH","QKCBTC","VENUSDT","XLMUSDC","WAVESPAX","TUSDBTC","GVTETH","MODETH","ZILBNB","BNBUSDS","DLTETH","ASTETH","MTHBTC","CNDBNB","LENDETH","NANOBNB","RLCETH","MODBTC","CHATETH","CVCETH","BCHSVPAX","TRXBTC","KMDETH","LUNETH","LSKBNB","MANAETH","POLYBNB","RPXBNB","CHATBTC","CNDETH","ADXBNB","MFTETH","ADAUSDC","LINKPAX","BTTUSDC","SYSETH","XMRBNB","QTUMETH","PAXTUSD","IOSTBTC","WAVESBNB","BCNBTC","STORJETH","PIVXETH","MITHBNB","DATABTC","NULSBNB","WINGSBTC","RPXETH","ZENBTC","BRDETH","KNCETH","ONGBNB","ETCETH","BCCETH","TNTETH","QSPETH","ADAPAX","SUBBTC","HSRBTC","BTSBTC","WABIETH","NAVBNB","AGIBNB","CDTETH","YOYOETH","STEEMETH","VENBTC","SNGLSBTC","CDTBTC","PPTETH","XZCXRP","SUBETH","BCDETH","HSRETH","BTSBNB","STORMETH","DATAETH","HOTBNB","DOCKBTC","WPRETH","CLOAKETH","SNTBTC","RENBTC","GOBNB","OMGBNB","TNBETH","SKYBNB","CMTBTC","QSPBTC","BTTBTC","APPCETH","FUELBTC","IOTABNB","AEBNB","GTOBTC","QLCBNB","MFTBTC","SNMETH","MCOBNB","VETBTC","ZILBTC","STORMBTC","NXSBNB","RENBNB","NCASHETH","XEMBNB","KEYETH","XEMETH","OAXETH","POEETH","WANETH","BTGETH","TRIGBNB","AIONBNB","THETAETH","IOTXBTC","VIBEETH","EDOETH","QTUMBNB","DENTBTC","OSTETH","NANOETH","ELFETH","DOCKETH","ADXETH","RCNETH","PAXETH","ARNETH","TRIGBTC","BQXETH","XZCBNB","BCNBNB","BCPTETH","WAVESUSDC","LOOMBNB","STRATETH","DCRBNB","RCNBNB","TRIGETH","CVCBNB","QLCETH","SNTETH","RDNETH","MTHETH","VIAETH","PHXBNB","REPETH","AIONETH","ARKETH","BNTETH","WTCETH","VIBETH","ZRXBNB","ARDRBNB","REQETH","PIVXBNB","MITHBTC","NEBLETH","ICXBNB","FUNBTC","WABIBNB","XVGBTC","ARDRETH","NULSETH","MCOETH","PAXBTC","SYSBNB","DNTETH","ZECBNB","NEOUSDC","VENETH","NCASHBNB","CMTBNB","BTTPAX","SCBNB","GNTBNB","REQBTC","LTCPAX","NPXSBTC","ZECPAX","NANOUSDT","DNTBTC","INSETH","XVGETH","SCETH","ICNBTC","RLCBNB","XLMTUSD","USDSUSDT","WPRBTC","NXSETH","NEOPAX","ZRXETH","BLZETH","OSTBTC","NPXSETH","CMTETH","BCNETH","STORMBNB","OMGUSDT","BCHSVUSDC","FUNETH","RPXBTC","TRXUSDC","NEBLBNB","REPBNB","GRSETH","LRCETH","ENGETH","PAXBNB","THETABNB","CLOAKBTC","ZECUSDC","NAVETH","PHXBTC","HCETH","POEBTC","SCBTC","XLMPAX","NASBNB","HOTETH","AGIETH","GNTETH","BLZBNB","CNDBTC","XZCETH","ICNETH","LENDBTC"]}