{"data":{"ONGBTC":0.9655297897,"HCBTC":0.960170304,"OMGBTC":0.9586334379,"ENJBTC":0.9583909783,"MCOBTC":0.9563902702,"ONGUSDT":0.9500491029,"QTUMUSDT":0.941260058,"BNTBTC":0.9399748787,"ENJBNB":0.9399176047,"QTUMBNB":0.9387630986,"QTUMETH":0.935610229,"LSKBTC":0.9295028624,"QTUMBTC":0.9273889802,"KMDBTC":0.9046483512,"ENJETH":0.8954588937,"NEBLBTC":0.8869095516,"KMDETH":0.8745860869,"ARNBTC":0.8654280909,"RVNBTC":0.8626383457,"OMGETH":0.8515202006,"OAXBTC":0.8382993903,"XRPUSDC":0.837877143,"ONGBNB":0.8338457363,"VIABTC":0.8318197869,"GASBTC":0.8300362511,"BCPTBTC":0.8221151211,"NANOBTC":0.816793977,"KNCBTC":0.8146751379,"EVXBTC":0.8107457741,"STORJBTC":0.8087772703,"REPBTC":0.8070748594,"DCRBTC":0.8068654611,"NAVBTC":0.8064716803,"BCDBTC":0.7891510253,"MITHBTC":0.7868404853,"AGIBTC":0.7844205211,"WABIBTC":0.7806556763,"AEBTC":0.775980631,"HOTUSDT":0.7709673208,"ARNETH":0.7572764185,"PPTBTC":0.7563060039,"DLTBTC":0.7416217143,"AGIETH":0.7367639391,"XLMBNB":0.7333155835,"XLMBTC":0.7332830863,"XLMPAX":0.7326980809,"XLMTUSD":0.7307543631,"GRSBTC":0.7300690131,"BTGBTC":0.7282246702,"GRSETH":0.7241934273,"RVNBNB":0.723333481,"XRPUSDT":0.7204123155,"RDNBTC":0.7201797194,"NASBTC":0.7199223735,"APPCBTC":0.7140786038,"BATBTC":0.7076199096,"ONTBTC":0.6998938238,"ETCBTC":0.6922117463,"XRPBTC":0.6909828436,"XLMETH":0.6683913205,"ETCUSDT":0.668299138,"ONTBNB":0.6663542918,"ELFBTC":0.6567547404,"BCHABCBTC":0.6556367584,"KNCETH":0.6531222581,"BTTUSDT":0.6397780996,"XLMUSDT":0.6394312101,"ZENBTC":0.6374627391,"BCDETH":0.6319051446,"HOTBNB":0.631269748,"EDOBTC":0.6309660277,"ADXBTC":0.6204526318,"NXSBTC":0.6170501233,"ONTUSDT":0.6166083136,"BCHSVUSDT":0.5968335989,"TRXXRP":0.5828564438,"RLCBTC":0.5789812234,"NEOUSDT":0.5789806807,"BRDBTC":0.5756302975,"BCHSVBTC":0.5726319785,"XMRBTC":0.5708970497,"AMBBTC":0.5659073414,"CVCBTC":0.5567734164,"PIVXBTC":0.5552798132,"XZCBTC":0.547976422,"ADAUSDT":0.5474048436,"BATUSDT":0.5276128941,"STRATBTC":0.5236146252,"XRPTUSD":0.5148891239,"XRPETH":0.504594572,"EOSUSDC":0.4925985541,"ZRXBTC":0.4913331594,"ARKBTC":0.4888021589,"BTTBNB":0.4844281611,"ONTETH":0.4724261588,"IOTABTC":0.4695715254,"POWRBTC":0.457846579,"ENGBTC":0.4492396374,"GVTBTC":0.4475806689,"BCHABCUSDT":0.4292311455,"ZECBTC":0.4238801861,"NEOBTC":0.4171641659,"LUNBTC":0.4113597113,"THETAETH":0.4003756179,"DGDBTC":0.3995663969,"XLMUSDC":0.3995095884,"THETABTC":0.3994601892,"ADAETH":0.3942273612,"MTLBTC":0.3864585779,"IOTAUSDT":0.3849343909,"VETETH":0.3765286398,"WANBTC":0.3761081243,"POLYBTC":0.3458451529,"ETHBTC":0.3423087589,"TRXUSDT":0.3402127857,"ETHPAX":0.3357349472,"XRPPAX":0.3336657817,"BCHSVTUSD":0.327200447,"VETUSDT":0.3153796385,"NULSBTC":0.3152081221,"MDAETH":0.3096682896,"INSBTC":0.3005713174,"XZCXRP":0.2976564677,"LTCUSDC":0.2970495013,"ETHUSDT":0.2953103228,"EOSBNB":0.2910444624,"LTCETH":0.2695762676,"WAVESUSDT":0.2656729061,"BCHABCPAX":0.2645281711,"BTCUSDC":0.2606277887,"LTCBTC":0.2560219994,"NEOETH":0.255019518,"ICXETH":0.2513412616,"TRXETH":0.2385913471,"FETBNB":0.2268586079,"DASHBTC":0.2182235843,"BTCPAX":0.2172029603,"WANETH":0.213996324,"WTCBTC":0.2115323557,"ICXUSDT":0.2059354126,"WAVESBTC":0.2046697212,"BTCUSDT":0.1892269447,"LTCBNB":0.1823116407,"ICXBTC":0.1793926827,"TUSDUSDT":0.171430399,"XRPBNB":0.1688500794,"ADABNB":0.1680181854,"ZRXUSDT":0.1604206641,"MDABTC":0.153929641,"EOSUSDT":0.1526311075,"NEOTUSD":0.15167226,"STEEMBTC":0.1453797418,"PAXUSDT":0.1453452983,"TRXBNB":0.1422705979,"LTCPAX":0.1309738921,"FETBTC":0.125769066,"USDCUSDT":0.1088882098,"ETHUSDC":0.101862145,"ADATUSD":0.0966303326,"GXSBTC":0.0648808064,"BCHABCTUSD":0.0615710789,"EOSETH":0.0533540448,"ZILUSDT":0.0481406737,"NEOBNB":0.0164322831,"FUELETH":0.01633952,"EOSTUSD":0.0094146506,"LTCTUSD":0.0083352642,"NULSUSDT":0.0052655599,"AIONBTC":0.0039393367,"LTCUSDT":0.0007076798,"ZILETH":-0.0126260168,"EOSBTC":-0.0133898776,"EOSPAX":-0.0604602288,"BNBPAX":-0.0639196579,"THETABNB":-0.0756895424,"FETUSDT":-0.1067293218,"BNBUSDC":-0.1384666203,"WAVESETH":-0.1657424054,"BNBETH":-0.1773561007,"BQXBTC":-0.2061786094,"SKYBTC":-0.2375499952,"BNBUSDT":-0.2427964062,"BNBBTC":-0.2456267808,"LINKBTC":-0.2508563957,"LINKUSDT":-0.3744571286,"LINKTUSD":-0.3799959132,"LINKUSDC":-0.386839366},"startDate":"2019-03-12","endDate":"2019-03-20","numDays":7,"excludedPairs":["IOTAETH","SUBBTC","HSRBTC","QKCBTC","NULSBNB","GNTBNB","BCHSVUSDC","ASTBTC","DNTBTC","XZCBNB","BTGETH","SKYETH","POEBTC","QLCBNB","TRIGETH","ARKETH","WAVESPAX","AEBNB","SNGLSBTC","ADXBNB","BTCUSDS","NPXSETH","SUBETH","IOTXETH","NAVBNB","SNMBTC","FUNETH","RDNETH","ETCETH","OSTBTC","RLCETH","BNBTUSD","IOTABNB","SNGLSETH","QKCETH","VENBTC","MTHBTC","USDCTUSD","NANOBNB","HCETH","BNTETH","NCASHBTC","LINKETH","GOBNB","NEBLBNB","CNDETH","APPCBNB","PPTETH","AEETH","KEYETH","TUSDBNB","PAXBNB","DENTBTC","YOYOBTC","DATABTC","ASTETH","NULSETH","LSKBNB","GTOBTC","WANBNB","USDSTUSD","BQXETH","STEEMETH","BCPTBNB","VIBETH","NASBNB","TNBBTC","WAVESBNB","USDSPAX","BRDETH","LINKPAX","SCBNB","RLCBNB","GTOBNB","PHXETH","ARDRBNB","HOTETH","OSTETH","BTTTUSD","YOYOBNB","STORMBTC","XVGBTC","PAXTUSD","DLTBNB","CHATETH","SCETH","VIBBTC","LSKETH","GXSETH","TUSDETH","BCHSVPAX","MFTBTC","ZRXETH","ADXETH","RCNETH","XVGETH","POWRETH","DENTETH","DLTETH","CDTETH","GNTBTC","BCHABCUSDC","DOCKBTC","LOOMETH","GTOETH","XMRUSDT","BRDBNB","CLOAKETH","MANABTC","AIONETH","DNTETH","NASETH","ZRXBNB","ETHTUSD","GVTETH","LOOMBTC","XEMBTC","INSETH","MFTETH","BLZETH","NCASHBNB","HSRETH","XEMETH","LOOMBNB","QLCBTC","SYSETH","TRIGBTC","REQBTC","BTSBNB","KEYBTC","STORMBNB","CMTBNB","BCNETH","WPRETH","FUNBTC","BATETH","BNBUSDS","FUELBTC","BCCBTC","CDTBTC","XMRBNB","STRATETH","VIABNB","RPXBNB","WAVESUSDC","TNTETH","GOBTC","SKYBNB","AMBBNB","CVCBNB","BTSETH","PAXBTC","LRCETH","GNTETH","VETBNB","WTCBNB","VIBEBTC","NPXSBTC","OSTBNB","POABNB","ZILBNB","TRXUSDC","SNTETH","PIVXETH","TNTBTC","PHXBTC","TUSDBTC","TRXTUSD","REPBNB","BLZBNB","USDCBNB","BCCETH","EDOETH","ZECETH","XEMBNB","RDNBNB","CHATBTC","WPRBTC","LENDBTC","ENGETH","CMTBTC","AGIBNB","OAXETH","MCOBNB","XMRETH","VIBEETH","LENDETH","QSPBNB","ZENETH","QSPBTC","LUNETH","WABIETH","ADABTC","TRXPAX","IOSTBTC","SYSBNB","REPETH","CLOAKBTC","DCRBNB","USDSUSDC","MCOETH","QSPETH","HOTBTC","CNDBTC","MTLETH","VENBNB","STORMETH","PIVXBNB","SALTETH","ICXBNB","BCCUSDT","VIAETH","NANOETH","BTCTUSD","MFTBNB","DGDETH","DATAETH","USDCPAX","RENBTC","QLCETH","CMTETH","EVXETH","APPCETH","WINGSBTC","WTCETH","CNDBNB","USDSUSDT","YOYOETH","BTTBTC","MANAETH","IOSTETH","ELFETH","NXSETH","ARDRBTC","RCNBNB","MTHETH","BCPTETH","VENETH","VETBTC","ARDRETH","TNBETH","BCNBNB","POABTC","RENBNB","SCBTC","POAETH","BTTPAX","BTSBTC","BCNBTC","MODETH","RPXBTC","ZILBTC","SNTBTC","TRIGBNB","SALTBTC","TRXBTC","STORJETH","ZENBNB","BCCBNB","NEBLETH","RCNBTC","ICNBTC","CVCETH","PHXBNB","POWRBNB","WINGSETH","REQETH","BATBNB","NXSBNB","SNMETH","IOTXBTC","PAXETH","WABIBNB","MITHBNB","BTTUSDC","MODBTC","VENUSDT","LRCBTC","SYSBTC","DASHETH","POLYBNB","RPXETH","WAVESTUSD","STEEMBNB","ICNETH","NCASHETH","AIONBNB","USDCBTC","POEETH","DOCKETH","BLZBTC","AMBETH","XZCETH","NAVETH","ETCBNB"]}