{"data":{"ETHUSDC":0.9223485821,"FETUSDT":0.8992965983,"CVCBTC":0.8962799377,"RCNBTC":0.8887752542,"LTCUSDT":0.8690701132,"LTCBTC":0.86780317,"LTCUSDC":0.8534377478,"IOSTUSDT":0.8487975984,"NANOBTC":0.8443175489,"ETHUSDT":0.8437877303,"LINKUSDT":0.8409811416,"LTCTUSD":0.8391849102,"EVXETH":0.8323992726,"BQXBTC":0.8319154819,"EVXBTC":0.8250750741,"DLTBNB":0.8235775652,"APPCBTC":0.8224183912,"ZENBTC":0.8054382766,"LRCBTC":0.80309019,"LTCPAX":0.7985186443,"BTCUSDT":0.7978975962,"LINKBTC":0.7952209869,"NANOUSDT":0.7936800823,"DLTBTC":0.7932875372,"RLCBTC":0.7865007906,"DLTETH":0.7858751212,"AGIBTC":0.7850854583,"NANOBNB":0.782437693,"ELFBTC":0.777531685,"ETHBTC":0.7766270378,"XRPPAX":0.7744890294,"KMDBTC":0.7580353449,"LINKETH":0.7518396153,"BTCUSDC":0.7467625673,"USDCTUSD":0.741089024,"WAVESBTC":0.7409118215,"BTCUSDS":0.7358253633,"LSKBTC":0.7272590974,"ETHTUSD":0.7165776866,"XRPUSDT":0.7140313422,"DGDBTC":0.71332775,"DGDETH":0.7093327638,"ETHPAX":0.7089933593,"HCBTC":0.7049597028,"OAXBTC":0.7003270192,"ENGBTC":0.6998502041,"WAVESETH":0.6951540038,"ZRXBTC":0.684953057,"DASHBTC":0.6773868843,"LTCETH":0.6651517286,"EOSTUSD":0.6508713811,"WAVESUSDT":0.6446788612,"ETCUSDT":0.6431461829,"BCHABCUSDT":0.6399684765,"EOSUSDT":0.6360909106,"GTOBTC":0.6213731697,"XMRUSDT":0.6212991208,"AEBTC":0.6191090829,"GRSBTC":0.6076145295,"ADATUSD":0.6012968978,"XRPUSDC":0.6007953344,"ONTUSDT":0.5835631629,"TRXUSDC":0.579566553,"EOSETH":0.5648516072,"EOSBTC":0.5627503612,"ONTBTC":0.5452900061,"BCHABCBTC":0.5428123651,"TRXBNB":0.5382948959,"ARNBTC":0.5254307233,"XRPBTC":0.5219648699,"XRPTUSD":0.5182006977,"LOOMBTC":0.5036238462,"ARKBTC":0.4985279002,"XRPETH":0.4895496421,"IOTAUSDT":0.4840270516,"ZILETH":0.4731480119,"FUELETH":0.4672942965,"ZECBTC":0.4669027986,"VIABTC":0.4667651948,"NULSBTC":0.4656393021,"ENJBTC":0.4598932286,"ENJUSDT":0.4580927151,"ATOMUSDT":0.4539660565,"BCHABCUSDC":0.4521015947,"ASTBTC":0.4417227011,"DCRBTC":0.4379696438,"BCHABCTUSD":0.4313094625,"ATOMBTC":0.4281635377,"BTCTUSD":0.428129064,"KNCBTC":0.4250420694,"XMRETH":0.4203841588,"QTUMBTC":0.3707336166,"XEMBTC":0.3701232993,"ENJBNB":0.3577113495,"ADAETH":0.3418126441,"QTUMUSDT":0.3389711068,"XMRBTC":0.3382519454,"MATICUSDT":0.3307343014,"STORJBTC":0.3279275415,"BTTBNB":0.3162735438,"MCOBTC":0.3126060697,"MTLBTC":0.302854815,"NEOETH":0.2903202662,"XLMBTC":0.2701426131,"ENJETH":0.2642740662,"EOSBNB":0.2625113975,"XZCBTC":0.2569534683,"POLYBTC":0.2568518423,"PPTBTC":0.2498516774,"ETCBTC":0.2472710555,"EOSPAX":0.2447836822,"THETABTC":0.2306794992,"ADAUSDT":0.2279780131,"LTCBNB":0.2189935649,"BATUSDT":0.1967018281,"ZILUSDT":0.1856581544,"TRXETH":0.178512103,"ADABTC":0.1782249638,"IOSTETH":0.1766533759,"BATBTC":0.1674048759,"ADXBTC":0.1427452108,"INSBTC":0.1377408773,"SKYBTC":0.1278170935,"VIBETH":0.1172521646,"ZECUSDT":0.1131470563,"OMGUSDT":0.1123378201,"NULSUSDT":0.1036897828,"XLMETH":0.0890804595,"GNTBTC":0.0886823375,"ZRXUSDT":0.0871263417,"LUNBTC":0.0816186186,"ADAUSDC":0.0787399945,"BTGBTC":0.0743020865,"BATBNB":0.0697741584,"NEOUSDT":0.0645994376,"AIONBTC":0.0573750457,"NEOBTC":0.0522261489,"ICXUSDT":0.0412019467,"WABIBTC":0.0304971152,"STEEMBTC":0.0247865292,"SYSBTC":0.0157650239,"XLMUSDT":0.0119277061,"OMGBTC":0.0093135887,"CELRUSDT":0.0078132804,"PAXTUSD":0.0029513349,"MFTETH":-0.0024042491,"WTCBTC":-0.0037197924,"BTCPAX":-0.0046068947,"BCHABCPAX":-0.0052755745,"IOTAETH":-0.0174389914,"QTUMETH":-0.0240879781,"NEBLBTC":-0.0266907652,"MATICBNB":-0.0274263155,"BCDBTC":-0.0340685538,"ATOMBNB":-0.0350784101,"PIVXBTC":-0.0590506759,"NASBTC":-0.0603405416,"DASHUSDT":-0.0717352823,"TRXXRP":-0.0730992418,"EOSUSDC":-0.0754998096,"BATETH":-0.0823500775,"BCPTBTC":-0.0929929271,"RVNBTC":-0.0933314584,"VETETH":-0.1124586973,"QKCBTC":-0.113126447,"IOTABTC":-0.1144841758,"GASBTC":-0.1192633441,"POWRBTC":-0.1263949401,"REPBTC":-0.1519025857,"XRPBNB":-0.1804868156,"XLMBNB":-0.2054598263,"RDNBTC":-0.2146868431,"WANBTC":-0.2459482597,"IOTABNB":-0.2774184717,"STRATBTC":-0.3129786884,"TRXUSDT":-0.3326327906,"FETBTC":-0.335900665,"BRDBTC":-0.3388382285,"ICXBTC":-0.3432066249,"BNBPAX":-0.3603136957,"BNBUSDT":-0.434031566,"BTTUSDT":-0.452369731,"BNBETH":-0.4553411177,"MDABTC":-0.4556414862,"USDSUSDT":-0.4611659512,"GVTBTC":-0.4637114531,"USDCPAX":-0.4701055576,"BNBUSDC":-0.472921751,"BNBTUSD":-0.4771103543,"HOTUSDT":-0.4771762029,"ADABNB":-0.4967919142,"MANABTC":-0.4982242584,"VETUSDT":-0.5422804246,"RVNBNB":-0.5534621327,"MITHBTC":-0.5569889786,"USDSPAX":-0.5806452926,"MITHUSDT":-0.5827297559,"PAXUSDT":-0.5877724071,"VIBEBTC":-0.5957672064,"QKCETH":-0.6139586685,"USDCUSDT":-0.6320266447,"THETAUSDT":-0.6879032971,"TUSDUSDT":-0.7102986451,"NEOBNB":-0.7128350388,"NXSBTC":-0.7710354396,"VETBNB":-0.7905553512,"BNBBTC":-0.8078656296},"startDate":"2019-05-04","endDate":"2019-05-11","numDays":7,"excludedPairs":["BCHSVBTC","STORJETH","ETCPAX","CMTETH","RENBTC","POABNB","NEOPAX","QLCBNB","NCASHETH","MANAETH","VIAETH","PHXBTC","WINGSBTC","TRXBTC","NXSETH","MODETH","MITHBNB","ONGUSDT","ZENETH","CLOAKETH","WABIBNB","WPRBTC","IOTXETH","RLCBNB","SUBETH","HCETH","VENETH","VETBTC","SYSETH","SNMETH","STORMBNB","XEMBNB","ELFETH","POLYBNB","LOOMBNB","NCASHBTC","PAXBNB","BCPTBNB","GNTBNB","XLMUSDC","POEETH","GXSBTC","REQBTC","BTTTUSD","ARDRBNB","STEEMBNB","TRIGETH","BCNBNB","ONGBNB","TRXPAX","VENBTC","BLZBTC","NAVBNB","DOCKETH","BTTPAX","ZECETH","MTHETH","SNGLSETH","QSPBTC","VIBBTC","NAVETH","ZILBTC","ZECBNB","PHXETH","WPRETH","WTCETH","YOYOBNB","CVCETH","ICNBTC","DASHETH","PAXBTC","USDCBNB","CMTBNB","ZRXBNB","XZCXRP","MCOETH","BATPAX","APPCBNB","WAVESTUSD","SUBBTC","MFTBTC","ATOMUSDC","HSRBTC","BCNBTC","TNTBTC","MCOBNB","BNTBTC","BCHSVUSDT","CVCBNB","TRXTUSD","CHATBTC","SNMBTC","XEMETH","GRSETH","ONTBNB","LOOMETH","FUNBTC","ETCBNB","XZCETH","EDOBTC","KMDETH","STRATETH","XVGETH","NEBLETH","SCETH","LRCETH","DOCKBTC","ZENBNB","NPXSBTC","CLOAKBTC","XVGBTC","DATAETH","CDTETH","MODBTC","LENDETH","BTSETH","ETCUSDC","APPCETH","QLCETH","KEYETH","ARDRETH","CNDBNB","CMTBTC","TUSDBNB","YOYOBTC","ZILBNB","GTOBNB","ASTETH","ZECPAX","STORMETH","KEYBTC","YOYOETH","THETAETH","ARKETH","MDAETH","USDSTUSD","XMRBNB","HOTBNB","ONTETH","BQXETH","TUSDBTC","RCNBNB","POEBTC","OSTBNB","WANETH","SCBNB","OMGBNB","DASHBNB","BTSBTC","ENGETH","BATUSDC","VENBNB","ARDRBTC","ATOMTUSD","SNTETH","POWRETH","IOSTBNB","ZRXETH","NCASHBNB","WAVESBNB","LSKBNB","AMBBTC","ETCTUSD","BTTUSDC","BTGETH","WINGSETH","ICXETH","STORMBTC","LINKUSDC","BLZBNB","BTTBTC","SNGLSBTC","IOTXBTC","RLCETH","DNTETH","POABTC","NPXSETH","GXSETH","SKYBNB","PIVXBNB","NASETH","AGIBNB","ONGBTC","QSPBNB","LUNETH","BCHSVUSDC","BLZETH","SCBTC","NXSBNB","NULSETH","BCPTETH","OSTBTC","AMBBNB","RPXETH","LINKTUSD","MFTBNB","POAETH","REPETH","BCCUSDT","ZECUSDC","HSRETH","QSPETH","ICNETH","NEOUSDC","FETBNB","DENTBTC","GOBNB","AIONBNB","WTCBNB","SYSBNB","SALTBTC","QLCBTC","BCNETH","QTUMBNB","USDCBTC","BATTUSD","THETABNB","INSETH","ARNETH","DCRBNB","HOTBTC","RDNETH","PHXBNB","TRIGBNB","ATOMPAX","LENDBTC","AEBNB","TNBBTC","AGIETH","ETCETH","ICXBNB","REQETH","NULSBNB","VIBEETH","CELRBNB","LINKPAX","FUNETH","CDTBTC","NAVBTC","REPBNB","ADXBNB","RPXBTC","ADXETH","HOTETH","CNDBTC","WAVESPAX","BRDBNB","AIONETH","DATABTC","USDSUSDC","NEBLBNB","BNTETH","SNTBTC","NEOTUSD","ZECTUSD","VENUSDT","VIABNB","OAXETH","RENBNB","PIVXETH","BCDETH","MTLETH","CNDETH","BCCBNB","WAVESUSDC","MATICBTC","EDOETH","STEEMETH","AMBETH","WANBNB","POWRBNB","TNTETH","GOBTC","RPXBNB","RDNBNB","RCNETH","TNBETH","PAXETH","BRDETH","DNTBTC","FUELBTC","LSKETH","CELRBTC","NANOETH","TUSDETH","DENTETH","XZCBNB","PPTETH","GTOETH","BCHSVPAX","BNBUSDS","BCHSVTUSD","BCCBTC","OSTETH","BTSBNB","AEETH","BCCETH","SKYETH","KNCETH","OMGETH","MTHBTC","XLMTUSD","NASBNB","GVTETH","XLMPAX","WABIETH","SALTETH","TRIGBTC","IOSTBTC","ADAPAX","GNTETH","CHATETH"]}