{"data":{"EOSPAX":0.9722751538,"BTTBNB":0.9515204528,"MITHBTC":0.9357252148,"EOSUSDC":0.9240146261,"DCRBTC":0.9066638218,"ICXUSDT":0.9064589033,"ADABNB":0.9047119821,"WTCBTC":0.9019164228,"BNBPAX":0.8905404126,"DASHBTC":0.8873083296,"INSBTC":0.8798770666,"EOSUSDT":0.8774348471,"ADAUSDT":0.876906874,"LINKUSDT":0.8721706587,"EOSTUSD":0.8654814674,"MDABTC":0.8595457975,"VETUSDT":0.846493006,"LTCBTC":0.8398953507,"XRPBTC":0.8382127336,"APPCBTC":0.8364610014,"GASBTC":0.8359039911,"ENJETH":0.8352548754,"ETCUSDT":0.8351950697,"BCHSVUSDT":0.8345717347,"LTCBNB":0.8343353765,"THETABTC":0.8330145004,"LINKBTC":0.8301440696,"XLMPAX":0.82752485,"TRXBNB":0.8255995776,"GVTBTC":0.8244347655,"BNBUSDT":0.8205407327,"SYSBTC":0.8202837583,"XLMUSDT":0.8170176594,"XRPUSDT":0.8167745681,"BCHSVBTC":0.8124626509,"TRXUSDT":0.8120176221,"VETETH":0.808239193,"BNBETH":0.8068048696,"ETCBTC":0.7952417971,"ETHUSDC":0.7884382179,"WAVESBTC":0.783411042,"EOSBTC":0.7808452101,"XRPBNB":0.7795636667,"ICXBTC":0.7792944195,"THETAETH":0.7780948507,"SKYBTC":0.7776880613,"ETHUSDT":0.7743166211,"EOSBNB":0.7716060944,"WAVESUSDT":0.767873661,"NEBLBTC":0.7565104611,"DLTBTC":0.7535969581,"XLMBNB":0.7495669184,"ARNBTC":0.7378642716,"LINKETH":0.736698174,"NANOBTC":0.7345346435,"EDOBTC":0.7328549609,"BNBUSDC":0.7303045949,"ARNETH":0.7297640269,"IOTAUSDT":0.7296806615,"NEOUSDT":0.7294696696,"LSKBTC":0.7275528716,"XRPUSDC":0.7215652802,"BCHABCBTC":0.7211862081,"XRPPAX":0.7040304298,"RLCBTC":0.7001440385,"ZECETH":0.6995772092,"IOSTETH":0.6990674833,"BTCUSDT":0.698509302,"ARKETH":0.6883449446,"TRXXRP":0.6879064056,"XRPTUSD":0.6857593891,"QTUMUSDT":0.6806298732,"BTTUSDT":0.6737589304,"XLMBTC":0.665305464,"BNBBTC":0.6626840694,"ICXETH":0.6622840797,"BTCPAX":0.6572375173,"EOSETH":0.6567103482,"LTCUSDT":0.6565430346,"IOTABTC":0.6497420097,"ZILETH":0.6477351763,"STORJETH":0.6473224579,"QTUMBTC":0.6411584154,"ZRXETH":0.6402509388,"PIVXBTC":0.6388013836,"EVXBTC":0.6372509079,"ETHBTC":0.6366988545,"BCHABCUSDT":0.6328847356,"ARKBTC":0.6322543009,"STORJBTC":0.6247763589,"THETABNB":0.6231057695,"ZECBTC":0.6144388401,"LRCBTC":0.6139252629,"BCDBTC":0.6075671144,"ETHPAX":0.6043682852,"XZCBTC":0.6013451831,"XRPETH":0.6004059232,"POLYBTC":0.5888633763,"POWRBTC":0.5830706637,"WABIBTC":0.5824911954,"BQXBTC":0.5780680705,"TRXETH":0.5662306356,"ZENBTC":0.5623604151,"USDCTUSD":0.5591566619,"FUELETH":0.5566045985,"KMDBTC":0.5543906054,"WAVESETH":0.5459938267,"ADXBTC":0.5329217658,"XLMETH":0.5323958196,"ENGBTC":0.5321873466,"REPBTC":0.5221024514,"STRATBTC":0.5059414004,"BTCUSDC":0.5038139915,"GXSBTC":0.5007091686,"ELFETH":0.4977088744,"BTGBTC":0.4954250025,"ADAETH":0.4900169427,"RDNBTC":0.4873827584,"NULSUSDT":0.486246306,"NEOBNB":0.4621031818,"BCHSVTUSD":0.4589721816,"AEBTC":0.436875795,"GRSBTC":0.4288871968,"KNCBTC":0.4212723997,"WANBTC":0.414345627,"CVCBTC":0.4011650114,"RDNETH":0.3993275685,"ELFBTC":0.375798094,"LTCUSDC":0.3590182959,"USDCPAX":0.3547022107,"VIABTC":0.3461784363,"TRXTUSD":0.3330104531,"BCHABCUSDC":0.3315097614,"IOTAETH":0.3278903727,"MODBTC":0.3225758668,"BCHABCTUSD":0.3200447984,"WINGSBTC":0.2927042575,"CLOAKBTC":0.2826239166,"HOTETH":0.2818891192,"LTCETH":0.2791323988,"OMGETH":0.275961353,"OMGBTC":0.2753442782,"NAVBTC":0.263343352,"NEOETH":0.2576419407,"ZRXBTC":0.2427096942,"SUBBTC":0.2387880615,"TUSDBTC":0.2346753788,"NASBTC":0.2161068072,"SALTBTC":0.2000028468,"BTCUSDS":0.1867397758,"OAXBTC":0.1741283233,"LUNBTC":0.1668272026,"NEOBTC":0.1448111629,"ONTUSDT":0.141964492,"MODETH":0.1340798337,"LTCTUSD":0.1250982011,"MTLBTC":0.1198935713,"ADATUSD":0.1016426677,"AIONBTC":0.0921449509,"NULSBTC":0.0912252619,"BATBTC":0.0716067857,"PPTBTC":0.0609463115,"XMRETH":0.0596129598,"BATETH":0.0556366149,"MCOBTC":0.0117202065,"XMRBTC":-0.0217393883,"USDSTUSD":-0.0714251363,"NXSBTC":-0.095466232,"ONTBTC":-0.0980492344,"TUSDETH":-0.1118890827,"ONTBNB":-0.1314390773,"ONTETH":-0.1322764638,"MCOETH":-0.193036257,"HCBTC":-0.1988092927,"USDSPAX":-0.2024588198,"NEOTUSD":-0.2360902524,"XLMTUSD":-0.236748804,"STEEMBTC":-0.2717618657,"TUSDBNB":-0.3299264085,"TUSDUSDT":-0.3790451349,"XLMUSDC":-0.397615297,"USDCUSDT":-0.4872548786,"PAXUSDT":-0.5071257847,"DGDBTC":-0.6133569063,"PAXTUSD":-0.6715472418},"startDate":"2019-02-15","endDate":"2019-02-22","numDays":7,"excludedPairs":["IOTXETH","NCASHBNB","YOYOETH","ENJBTC","CNDETH","BLZBTC","LENDETH","SNGLSETH","QLCBNB","BTSETH","ADABTC","FUNETH","SNTBTC","RENBTC","BCCETH","SALTETH","DNTBTC","ETCETH","USDSUSDC","OAXETH","BQXETH","TRIGBNB","NULSETH","LSKBNB","SYSETH","ARDRBNB","SCBNB","CMTBTC","BCHSVPAX","WAVESTUSD","BTTPAX","ETCBNB","XVGBTC","KEYBTC","DATABTC","BCCBNB","QLCBTC","HOTUSDT","BCPTETH","LRCETH","ADXBNB","NXSBNB","VENBNB","GXSETH","VIBEETH","IOTXBTC","DLTETH","CMTBNB","TNBETH","DATAETH","GTOBNB","BCNBNB","POWRETH","QSPBNB","ONGBTC","ZILUSDT","CNDBNB","CLOAKETH","AEBNB","XEMBNB","RVNBTC","INSETH","PIVXBNB","APPCBNB","POAETH","KEYETH","TRIGBTC","MFTBTC","DENTETH","SKYETH","BCHSVUSDC","QKCETH","STORMBTC","NASBNB","REQETH","RVNBNB","NPXSBTC","RCNETH","LENDBTC","RDNBNB","SKYBNB","BATBNB","EVXETH","NCASHBTC","SNGLSBTC","XZCXRP","VENUSDT","CHATBTC","RLCBNB","VETBTC","USDCBNB","DNTETH","SCBTC","AMBBTC","NASETH","TRXBTC","VIABNB","PAXBTC","BTTTUSD","MANABTC","TNBBTC","NEBLBNB","POEETH","SCETH","TRIGETH","STRATETH","DENTBTC","TNTETH","ZILBNB","NAVBNB","POEBTC","APPCETH","CVCETH","WABIBNB","VIAETH","QTUMBNB","QSPBTC","MTHBTC","WAVESPAX","WPRBTC","IOSTBTC","LINKTUSD","LSKETH","ONGBNB","ARDRBTC","PPTETH","RENBNB","BTSBNB","VIBEBTC","NPXSETH","KNCETH","BLZBNB","PHXETH","AMBETH","BNTBTC","STEEMBNB","ICNBTC","LOOMBTC","BRDBNB","GOBNB","QLCETH","XVGETH","MDAETH","WPRETH","STORMETH","GTOBTC","BRDETH","USDCBTC","HSRBTC","NANOETH","XEMBTC","BCCUSDT","PHXBTC","KMDETH","RPXBNB","ENJBNB","BCDETH","QKCBTC","BCNETH","RPXBTC","LUNETH","OSTBTC","NCASHETH","ICNETH","VENBTC","GVTETH","VIBBTC","BCPTBTC","PIVXETH","BCCBTC","AIONBNB","STEEMETH","DLTBNB","MTHETH","OSTBNB","OSTETH","ENGETH","GOBTC","RPXETH","WINGSETH","POABTC","GTOETH","GNTBTC","HOTBNB","BCNBTC","DASHETH","DOCKBTC","WAVESUSDC","ZENBNB","MITHBNB","BTGETH","WTCBNB","AGIBTC","WTCETH","PAXETH","LINKPAX","USDSUSDT","BRDBTC","POLYBNB","ONGUSDT","GNTETH","ASTETH","TRXPAX","SNTETH","TNTBTC","NEBLETH","TRXUSDC","MFTBNB","SNMETH","PHXBNB","LINKUSDC","IOTABNB","HCETH","XEMETH","WAVESBNB","CDTETH","WANETH","HSRETH","ARDRETH","REPBNB","AMBBNB","LOOMBNB","CVCBNB","SNMBTC","BTTUSDC","MCOBNB","ZILBTC","YOYOBNB","NULSBNB","CDTBTC","POWRBNB","GRSETH","BTTBTC","YOYOBTC","BNBUSDS","AGIETH","CHATETH","MFTETH","EDOETH","REPETH","VETBNB","PAXBNB","RCNBNB","CNDBTC","WANBNB","XZCBNB","FUELBTC","MTLETH","AEETH","QSPETH","DGDETH","VIBETH","NXSETH","REQBTC","BTSBTC","NAVETH","ZENETH","SUBETH","LTCPAX","ICXBNB","DOCKETH","SYSBNB","BNTETH","POABNB","MANAETH","DCRBNB","CMTETH","HOTBTC","GNTBNB","AGIBNB","VENETH","NANOBNB","WABIETH","ADXETH","XZCETH","RCNBTC","RLCETH","BCHABCPAX","AIONETH","QTUMETH","BLZETH","LOOMETH","ASTBTC","BCPTBNB","FUNBTC","STORMBNB"]}