{"data":{"RCNBTC":0.9362929405,"VIABTC":0.9340503216,"QTUMUSDT":0.9180812719,"EVXBTC":0.9004213063,"GRSBTC":0.8837218712,"HCBTC":0.8801303139,"GOBTC":0.8799949705,"RLCBTC":0.8742943793,"EVXETH":0.8678397366,"MTLBTC":0.864109338,"XZCBTC":0.8576733515,"MTLETH":0.8264111088,"BTCUSDS":0.8181058837,"BQXBTC":0.812863009,"BTCUSDT":0.809125419,"IOSTUSDT":0.8073548062,"NAVBTC":0.7966180612,"QLCBTC":0.7844720262,"REPBTC":0.7841422881,"RDNBTC":0.7761530143,"BTCUSDC":0.7756342096,"PIVXBTC":0.7725935128,"BCDBTC":0.7724966574,"BTGBTC":0.7705380838,"BCHSVBTC":0.7647005302,"ENJBTC":0.761581465,"BCPTBTC":0.7569657711,"STORJBTC":0.7450339214,"IOSTETH":0.7267956961,"CMTBTC":0.7219252212,"BCHABCBTC":0.7130335897,"AMBBTC":0.7095107283,"BATUSDT":0.703956352,"BCHSVUSDT":0.6935190453,"NEOBTC":0.6924751778,"XRPBTC":0.6918863341,"LOOMBTC":0.6881110045,"XRPUSDT":0.687306754,"POABTC":0.6831489343,"POWRBTC":0.6759870702,"LRCBTC":0.6708938823,"XEMBTC":0.6666409585,"BLZBTC":0.6647782061,"XRPETH":0.651572897,"HOTUSDT":0.6505164453,"ARNBTC":0.6502465505,"OAXBTC":0.6502358358,"BCHABCUSDT":0.6480741705,"STRATBTC":0.6454829489,"DASHUSDT":0.6449423291,"BATBTC":0.6383263535,"ASTBTC":0.6380647839,"XRPUSDC":0.6357120445,"ICXBTC":0.6266769478,"AEBTC":0.6218207076,"DCRBTC":0.6115977306,"BTTUSDT":0.6075392668,"LTCUSDC":0.6066556927,"LINKUSDT":0.6062179674,"LTCBTC":0.6035787151,"DASHETH":0.6005905717,"LINKBTC":0.5988226809,"ELFBTC":0.5953318761,"NULSUSDT":0.5946845881,"GASBTC":0.5939440207,"LTCUSDT":0.5874557134,"CELRUSDT":0.5860972292,"POLYBTC":0.5840597358,"NEOUSDT":0.5804654709,"NEOETH":0.580228438,"TRXUSDT":0.5764630769,"ARKBTC":0.5752456237,"WTCBTC":0.5702345944,"XLMBTC":0.5701878866,"DLTBTC":0.5681239104,"CVCBTC":0.5675735722,"ONTBTC":0.5672929608,"BTCPAX":0.5664928511,"XRPTUSD":0.5659870431,"BATETH":0.5588584432,"LINKETH":0.5586700695,"TRXETH":0.5581383035,"XLMETH":0.5551054254,"STEEMBTC":0.5530132839,"NULSBTC":0.5500028673,"LTCBNB":0.5499822426,"ETHUSDC":0.5482087423,"AIONBTC":0.5458815441,"ENJBNB":0.5447353714,"ADXBTC":0.5395532665,"NASBTC":0.5390000206,"ENJETH":0.5388575152,"LTCETH":0.5384067172,"LUNBTC":0.5381885072,"VIBBTC":0.5349726326,"WAVESBTC":0.5330649657,"XRPBNB":0.5321640612,"VETETH":0.5314402955,"EOSBTC":0.5288674025,"ONTETH":0.5268417288,"BNBPAX":0.520506285,"ARDRBTC":0.5188356595,"LSKBTC":0.5178350645,"APPCBTC":0.5146852138,"DGDBTC":0.5072065085,"XLMUSDT":0.5048421983,"NANOBTC":0.5017051532,"LTCTUSD":0.4993428087,"BATBNB":0.4987775279,"BTCTUSD":0.4977633861,"CELRBTC":0.4968632829,"SKYBTC":0.496301467,"ETHBTC":0.4960773128,"ADABTC":0.4954371958,"ENGBTC":0.4893691316,"KNCBTC":0.4878541923,"ZILETH":0.4876347108,"ZECBTC":0.4834537431,"KMDBTC":0.477783413,"BNBTUSD":0.4760640076,"GNTBTC":0.4668061223,"EOSUSDC":0.4570129606,"THETABTC":0.4487748339,"ONTUSDT":0.448480149,"EOSETH":0.4466568426,"BNTBTC":0.445194112,"ADAETH":0.4445135441,"VETUSDT":0.4434912628,"INSBTC":0.4413556312,"TRXXRP":0.4393097401,"DASHBTC":0.4378664419,"BCHABCUSDC":0.4371584271,"BNBBTC":0.4358806352,"VETBNB":0.433777983,"OMGBTC":0.4336705894,"ETHUSDT":0.4329423819,"ZECETH":0.4307510342,"ADAUSDT":0.4290348979,"EOSTUSD":0.4265952456,"ICXUSDT":0.4101059472,"BCHABCTUSD":0.4100868333,"ETCBTC":0.4087386478,"WANBTC":0.3974057587,"IOTAUSDT":0.3940460989,"ONGBTC":0.3882945367,"ZRXBTC":0.3867155681,"MANABTC":0.3805382145,"BRDBTC":0.377158274,"PPTBTC":0.3683561836,"ONTBNB":0.3614999307,"OMGETH":0.3613524161,"ICXETH":0.3605525502,"NEBLBTC":0.3484480775,"MDABTC":0.3449777544,"EOSUSDT":0.3427433084,"ETCUSDT":0.3394071885,"BNBETH":0.3375917126,"BTTBNB":0.3284674141,"WABIBTC":0.3253360507,"USDCTUSD":0.322064733,"TRXBNB":0.3189823061,"TRXTUSD":0.3177279258,"XLMBNB":0.3144390218,"IOTAETH":0.3022683448,"ETHTUSD":0.2971810826,"XMRBTC":0.2914858998,"GVTBTC":0.290990632,"FETBTC":0.2888797641,"LTCPAX":0.2851111398,"IOTABTC":0.2738422849,"ZECUSDT":0.2726975298,"RVNBTC":0.2533466047,"WAVESUSDT":0.2435013856,"MCOBTC":0.240726436,"FETBNB":0.2356718966,"ADATUSD":0.223976713,"FETUSDT":0.2231347409,"QTUMBTC":0.2189706309,"ZILUSDT":0.218084494,"BCHSVTUSD":0.2176803403,"NEOBNB":0.2175723683,"XMRUSDT":0.1935328374,"BNBUSDT":0.1934927625,"ADABNB":0.1900185394,"ETHPAX":0.1834342207,"GTOBTC":0.1675620173,"EOSBNB":0.1548509092,"XRPPAX":0.1378257378,"SYSBTC":0.1338546304,"CELRBNB":0.1148109604,"NEOTUSD":0.1087077158,"NXSBTC":0.1063449125,"GXSBTC":0.1044740919,"BNBUSDC":0.0815956682,"VIBEBTC":0.0756781426,"BCHABCPAX":0.0732037962,"ZRXUSDT":0.0432209601,"ONGUSDT":0.0083599889,"FUELETH":-0.0007774831,"RVNBNB":-0.1067064393,"USDCPAX":-0.1574934806,"EDOBTC":-0.3522605378,"AGIBTC":-0.3695076392,"TUSDUSDT":-0.5388808744,"USDSPAX":-0.6471367922,"USDCUSDT":-0.6777508186,"PAXUSDT":-0.847609863},"startDate":"2019-03-30","endDate":"2019-04-06","numDays":7,"excludedPairs":["XMRETH","QTUMETH","BTTPAX","RENBTC","GTOETH","HSRBTC","VIABNB","LENDETH","LINKUSDC","TUSDBTC","ELFETH","LSKETH","USDSTUSD","LOOMBNB","DATABTC","MANAETH","VIBETH","DNTETH","ENGETH","BTTUSDC","AGIETH","SALTBTC","AMBETH","BCHSVPAX","LUNETH","POAETH","BCCBTC","TRIGBNB","WANETH","POWRETH","CDTBTC","TNTBTC","PIVXETH","VIBEETH","TUSDETH","HSRETH","RPXBNB","MCOBNB","NXSBNB","APPCBNB","BLZETH","ZECPAX","SNTETH","WAVESUSDC","CHATETH","DENTETH","LSKBNB","BCCUSDT","NCASHBTC","MDAETH","WABIETH","ADXBNB","BCNBTC","AMBBNB","QLCETH","ZECBNB","STRATETH","TUSDBNB","NPXSETH","DLTETH","XLMTUSD","HOTBTC","KMDETH","TNTETH","AEETH","ZENETH","DATAETH","TRXUSDC","XVGETH","BCDETH","TRXBTC","TNBBTC","SCBTC","SNGLSBTC","POLYBNB","MITHBNB","NULSBNB","CLOAKBTC","CDTETH","FUNBTC","OSTBNB","CNDBNB","NCASHBNB","VENUSDT","USDCBTC","SNGLSETH","ICXBNB","RPXBTC","XEMETH","BTSBNB","RCNETH","ZILBNB","DLTBNB","PAXBNB","ICNBTC","MODETH","BCPTETH","XMRBNB","NANOUSDT","APPCETH","PHXBNB","PIVXBNB","GNTETH","ZENBNB","DOCKBTC","SYSETH","IOSTBNB","BTTTUSD","POWRBNB","GOBNB","POABNB","WANBNB","NEBLETH","GRSETH","POEBTC","WAVESTUSD","NASETH","SNMETH","YOYOBNB","IOSTBTC","QLCBNB","RLCETH","DNTBTC","IOTXBTC","BCCETH","BCNETH","SCBNB","USDCBNB","LENDBTC","HOTBNB","IOTABNB","NANOETH","NEOPAX","YOYOBTC","DASHBNB","KEYBTC","THETABNB","VETBTC","LOOMETH","CHATBTC","STORMETH","ARDRBNB","HCETH","ONGBNB","ARNETH","PAXBTC","BCNBNB","TRIGBTC","NXSETH","FUNETH","DENTBTC","AEBNB","USDSUSDC","XLMPAX","ZECUSDC","MTHBTC","MCOETH","GVTETH","NAVBNB","CVCETH","QSPBTC","XVGBTC","ADXETH","BRDBNB","WTCBNB","NCASHETH","SNTBTC","ARDRETH","THETAETH","DCRBNB","AGIBNB","TRIGETH","BQXETH","YOYOETH","REPBNB","ETCETH","LINKPAX","CLOAKETH","REQBTC","RDNBNB","CMTBNB","VENBTC","ZRXETH","AIONETH","BCPTBNB","CMTETH","INSETH","VENETH","NPXSBTC","USDSUSDT","KNCETH","BTTBTC","PHXBTC","WAVESETH","WABIBNB","KEYETH","LINKTUSD","ZENBTC","NASBNB","WAVESBNB","ADAUSDC","EDOETH","NANOBNB","IOTXETH","SUBETH","SYSBNB","EOSPAX","STEEMETH","RLCBNB","REQETH","PAXETH","XEMBNB","ZILBTC","STEEMBNB","NULSETH","BTSBTC","HOTETH","DGDETH","RDNETH","BNBUSDS","WINGSETH","NAVETH","XLMUSDC","STORJETH","SNMBTC","WPRETH","MFTBNB","QTUMBNB","ADAPAX","POEETH","OSTBTC","PPTETH","OMGUSDT","SKYBNB","SUBBTC","CNDBTC","WPRBTC","BRDETH","MTHETH","QSPETH","ETCBNB","PHXETH","GTOBNB","ASTETH","BCHSVUSDC","REPETH","BCCBNB","WINGSBTC","VENBNB","XZCETH","CNDETH","LRCETH","BTGETH","MFTBTC","RCNBNB","XZCXRP","BLZBNB","DOCKETH","QKCETH","GXSETH","TNBETH","SKYETH","BTSETH","BNTETH","ZRXBNB","VIAETH","ICNETH","XZCBNB","OAXETH","MODBTC","WAVESPAX","NEOUSDC","QKCBTC","AIONBNB","OSTETH","MITHBTC","PAXTUSD","FUELBTC","TRXPAX","RPXETH","STORMBNB","SALTETH","WTCETH","ZECTUSD","ARKETH","RENBNB","STORMBTC","MFTETH","CVCBNB","NEBLBNB","OMGBNB","SCETH","QSPBNB","GNTBNB"]}