{"data":{"OAXBTC":0.9697842306,"QTUMUSDT":0.9209204692,"XZCBTC":0.9083998097,"GRSBTC":0.9027281263,"NEBLBTC":0.8975141918,"ADXBTC":0.8492523267,"MCOBTC":0.8272688541,"BTGBTC":0.8094683367,"NANOBTC":0.8011707691,"BCHSVBTC":0.7960831367,"ENJBTC":0.7832378228,"BCDBTC":0.760546266,"BLZBTC":0.7595984368,"BCHABCUSDT":0.7566779632,"ETCBTC":0.7381801333,"BCHSVUSDT":0.7350111558,"ETCUSDT":0.7344524405,"TNBETH":0.7313413355,"BCHABCBTC":0.7182214895,"TRXUSDT":0.7108906296,"BCHABCTUSD":0.7081527975,"TRXBNB":0.6871311757,"LRCBTC":0.6802239134,"REPBTC":0.6733278433,"INSBTC":0.670713886,"ENJBNB":0.6686557603,"XRPUSDT":0.6654912011,"VIABTC":0.6615430117,"TRXTUSD":0.6606651067,"NANOETH":0.655418512,"DASHUSDT":0.6551237452,"XRPBTC":0.6458538909,"QLCBTC":0.6246865574,"XRPUSDC":0.6125886008,"TRXETH":0.6123058751,"THETABTC":0.6109022043,"ETCETH":0.6067141006,"BCHABCUSDC":0.6048586346,"BQXBTC":0.5997671414,"LTCBNB":0.5989956828,"ENJETH":0.5910746758,"XRPETH":0.5893387471,"GASBTC":0.5758776524,"RVNBTC":0.5682737401,"LTCUSDT":0.5610008461,"BCHSVTUSD":0.5596854113,"RVNBNB":0.5578105205,"XRPBNB":0.5536216597,"EOSTUSD":0.5459096075,"XVGETH":0.5400302854,"EOSUSDC":0.5387918162,"APPCBTC":0.5379580855,"IOSTUSDT":0.5332834775,"MTLBTC":0.5265500413,"CELRUSDT":0.523756991,"THETAETH":0.518376732,"AMBBTC":0.5124925082,"ZILUSDT":0.510810851,"IOSTBNB":0.5058512395,"DCRBTC":0.5051805542,"BNTBTC":0.5048255835,"HOTUSDT":0.4964241876,"PIVXBTC":0.487266947,"ETHTUSD":0.4842043578,"ICXBTC":0.4818587112,"CMTBTC":0.4785140005,"EOSBNB":0.4783997078,"ZILETH":0.4764377517,"STRATBTC":0.4750105316,"DASHETH":0.4740428419,"LTCTUSD":0.4669626826,"XRPTUSD":0.4612131051,"EVXBTC":0.4589559123,"ETHUSDT":0.4551131981,"TRXXRP":0.4548472618,"LTCBTC":0.4500873961,"WTCBTC":0.4465796626,"LUNBTC":0.4427473115,"DLTBTC":0.4058575676,"IOSTETH":0.4021464525,"ELFBTC":0.4001792921,"XLMETH":0.3946852008,"AEBTC":0.3904240361,"BRDBTC":0.3800265041,"ETHUSDC":0.379164871,"XLMBTC":0.3752030681,"KNCBTC":0.3699737299,"BATETH":0.3683069776,"LTCETH":0.346906539,"LSKBTC":0.3426697744,"BATBTC":0.3366013767,"RDNBTC":0.3339484832,"ZECETH":0.3313253857,"EOSUSDT":0.3297888007,"LOOMBTC":0.3260826616,"FETUSDT":0.3236533906,"EOSBTC":0.3228104113,"NEOETH":0.3164199313,"RLCBTC":0.3112619719,"FUELETH":0.3098976023,"SKYBTC":0.299034482,"NEOBTC":0.2967239621,"ETHBTC":0.2906246287,"STEEMBTC":0.2892004698,"DASHBTC":0.2869717653,"OMGETH":0.2824290914,"ICXUSDT":0.2815120625,"FETBTC":0.2787409349,"BATUSDT":0.2719767451,"ONTBNB":0.2716229553,"HCBTC":0.2691530003,"ONTETH":0.2687586309,"BTSBTC":0.2671955248,"XLMUSDT":0.2605592962,"EVXETH":0.2591496225,"NULSBTC":0.2562563184,"NEOUSDT":0.2514026022,"EOSPAX":0.2468531457,"EOSETH":0.244910175,"BTTUSDT":0.2447359494,"BTTBNB":0.2439112565,"GVTBTC":0.2414406472,"ADATUSD":0.2357477239,"XLMBNB":0.2305989891,"BCHABCPAX":0.2259427442,"FETBNB":0.2256102841,"ARNBTC":0.2230104744,"GXSBTC":0.2218586566,"BTCTUSD":0.2111790781,"ONTBTC":0.2080448144,"ZECBTC":0.1965519857,"QTUMBTC":0.1955532699,"AIONBTC":0.182437254,"BTCUSDT":0.1813588173,"LTCUSDC":0.1757919337,"EDOBTC":0.1680358255,"BTCPAX":0.1565874421,"WAVESBTC":0.1534167285,"LINKETH":0.1526955592,"OMGBTC":0.1525149967,"ADAETH":0.1502541258,"ADABTC":0.1491831764,"ADAUSDT":0.1483400283,"ICXETH":0.1481686384,"IOTAUSDT":0.1478179914,"ASTBTC":0.1372900279,"VETETH":0.1332180571,"XRPPAX":0.1189724659,"ONTUSDT":0.1181816772,"IOTAETH":0.1134311946,"ETHPAX":0.1054405713,"ZRXBTC":0.1004228246,"BTCUSDC":0.0996730165,"ZECUSDT":0.0951136448,"ADABNB":0.0945964652,"NEOBNB":0.0829964277,"NXSBTC":0.0764184488,"MDABTC":0.0736078008,"XMRBTC":0.0671741443,"IOTABTC":0.0664566303,"VETBNB":0.0656906568,"KMDBTC":0.0591688004,"XMRUSDT":0.058481216,"QKCETH":0.0492894533,"NASBTC":0.0446723322,"NULSUSDT":0.0269077473,"ADAUSDC":0.0179682824,"USDCPAX":0.0038186323,"AGIBTC":0.0030447626,"GNTBTC":0.0015657342,"USDCTUSD":-0.0018401762,"WABIBTC":-0.0079879075,"BNBBTC":-0.0388909947,"BNBUSDC":-0.0391077483,"LINKBTC":-0.0400691603,"DENTETH":-0.0445379202,"ZRXUSDT":-0.0554122324,"BNBUSDT":-0.0704664306,"WAVESETH":-0.071291929,"LINKUSDT":-0.0791295827,"WANBTC":-0.0927301739,"STORJBTC":-0.0953376565,"POWRBTC":-0.0985113802,"VETUSDT":-0.1219817151,"WAVESUSDT":-0.1226473159,"VIBEBTC":-0.1304387097,"CVCBTC":-0.1314761063,"BNBETH":-0.1332001373,"PPTBTC":-0.142648548,"BTCUSDS":-0.1609906681,"SYSBTC":-0.1703823612,"USDCUSDT":-0.179200276,"TUSDUSDT":-0.2044984017,"PAXUSDT":-0.2071149504,"LTCPAX":-0.2360131302,"PAXTUSD":-0.2499989838,"BNBTUSD":-0.261973776,"ARKBTC":-0.2722575322,"ONGBTC":-0.3069003026,"NEOTUSD":-0.3640257723,"ONGUSDT":-0.3895454221,"USDSPAX":-0.4106259867,"ENGBTC":-0.7482506375},"startDate":"2019-04-03","endDate":"2019-04-10","numDays":7,"excludedPairs":["ADAPAX","SCBNB","REQETH","STORJETH","NEBLETH","STEEMETH","POEBTC","SNGLSBTC","NEOPAX","BNBUSDS","OMGUSDT","ZECBNB","RDNBNB","BTGETH","LINKTUSD","LUNETH","PHXETH","NAVETH","APPCETH","ONGBNB","RCNBNB","ZECPAX","NULSBNB","DGDBTC","KMDETH","YOYOBNB","MODBTC","BRDETH","RPXBNB","QSPBNB","LRCETH","AEETH","ICXBNB","YOYOETH","SUBBTC","CMTBNB","TRXPAX","VENBTC","ZRXETH","SCETH","THETABNB","USDSUSDT","WAVESUSDC","LSKETH","MTHBTC","BCCETH","NASBNB","LINKUSDC","CELRBTC","FUELBTC","NCASHBTC","ZENETH","BCPTBNB","MANAETH","NEOUSDC","FUNBTC","ADXETH","CLOAKETH","ICNETH","GVTETH","DNTBTC","WAVESPAX","AMBBNB","POEETH","HSRBTC","TNBBTC","PAXETH","XLMTUSD","BCCUSDT","MFTBTC","AGIETH","IOTXETH","BTTPAX","VIBETH","VENBNB","GNTBNB","QLCBNB","WANBNB","CNDETH","PIVXBNB","VENUSDT","WINGSETH","BCCBNB","BLZBNB","CVCETH","BNBPAX","LINKPAX","MFTBNB","WAVESBNB","BCNBNB","CDTBTC","ARNETH","XEMBNB","ARDRETH","CELRBNB","RLCETH","RPXETH","BTTTUSD","MDAETH","GXSETH","QSPETH","BCCBTC","MCOBNB","BQXETH","ZILBTC","MITHBNB","VIBBTC","POLYBNB","HOTBNB","SNGLSETH","TUSDBTC","AGIBNB","DOCKETH","NPXSETH","BLZETH","INSETH","ZECTUSD","HOTBTC","TUSDBNB","LENDETH","XLMUSDC","POWRBNB","CMTETH","DLTETH","BTSBNB","WANETH","USDSTUSD","BTTUSDC","RENBNB","QKCBTC","TNTBTC","NANOUSDT","AMBETH","NEBLBNB","XZCETH","DATAETH","WTCBNB","SCBTC","CDTETH","TRIGBTC","ZILBNB","ARDRBNB","CLOAKBTC","POLYBTC","RPXBTC","ASTETH","REQBTC","SYSETH","NCASHETH","DLTBNB","XEMBTC","BCNETH","NANOBNB","ZECUSDC","TUSDETH","VETBTC","WABIBNB","EDOETH","AIONBNB","OMGBNB","GTOBNB","QTUMETH","STEEMBNB","ETCBNB","CHATETH","SNTETH","HOTETH","DGDETH","VIBEETH","USDSUSDC","YOYOBTC","ARDRBTC","WPRBTC","RCNBTC","AEBNB","TRXUSDC","PIVXETH","BTTBTC","LSKBNB","MFTETH","XVGBTC","SALTETH","TNTETH","DOCKBTC","CNDBTC","SYSBNB","NASETH","TRIGETH","NAVBNB","FUNETH","DATABTC","BCHSVPAX","QSPBTC","NCASHBNB","KEYBTC","CVCBNB","XLMPAX","SNMBTC","CNDBNB","USDCBNB","KNCETH","SNTBTC","TRIGBNB","ELFETH","VIAETH","PPTETH","SALTBTC","MTHETH","BCNBTC","ZRXBNB","QLCETH","ZENBTC","GOBTC","BCHSVUSDC","SUBETH","MANABTC","ARKETH","NULSETH","MITHBTC","RLCBNB","OSTBNB","PAXBTC","DNTETH","ADXBNB","IOSTBTC","GRSETH","PHXBTC","RENBTC","LOOMETH","XMRBNB","VENETH","USDCBTC","WTCETH","OSTETH","STORMBNB","XZCXRP","ZENBNB","REPBNB","MCOETH","GTOETH","BNTETH","LENDBTC","QTUMBNB","HSRETH","LOOMBNB","WAVESTUSD","OSTBTC","MTLETH","GOBNB","BRDBNB","POABTC","REPETH","ENGETH","STRATETH","SKYBNB","WABIETH","NXSETH","BCDETH","BATBNB","PAXBNB","MODETH","XMRETH","DCRBNB","XZCBNB","POAETH","POABNB","ICNBTC","OAXETH","CHATBTC","NAVBTC","VIABNB","XEMETH","GNTETH","TRXBTC","POWRETH","DENTBTC","BCPTBTC","BCPTETH","IOTABNB","GTOBTC","RCNETH","BTSETH","APPCBNB","AIONETH","WPRETH","KEYETH","PHXBNB","STORMETH","HCETH","NPXSBTC","NXSBNB","STORMBTC","SNMETH","IOTXBTC","SKYETH","RDNETH","DASHBNB","WINGSBTC"]}