{"data":{"STRATBTC":0.9471785989,"IOSTUSDT":0.941668802,"WAVESUSDT":0.9389181115,"WAVESBTC":0.9170547412,"BQXBTC":0.8871724271,"WAVESBNB":0.8861774442,"WANBTC":0.8733916463,"DGDBTC":0.8696746058,"PPTBTC":0.8379107401,"VIABTC":0.8220004286,"WAVESETH":0.8216817476,"ADXBTC":0.8144456819,"IOSTETH":0.7761613944,"STORJBTC":0.7708563459,"MANAETH":0.7598873678,"ICXBNB":0.7526324088,"BRDBTC":0.7515900468,"ZILUSDT":0.7464445705,"ICXUSDT":0.7307089767,"PPTETH":0.7269912775,"NAVBTC":0.7182098624,"WTCBTC":0.7145426942,"TFUELBNB":0.699851982,"PIVXBTC":0.6951263156,"MCOBTC":0.694194733,"NANOUSDT":0.6913595374,"ZILETH":0.6805485914,"NULSUSDT":0.674060582,"WTCBNB":0.6739009781,"XZCBTC":0.67034648,"ARKBTC":0.6644553455,"EOSPAX":0.6616459758,"MDABTC":0.6607189065,"XRPUSDT":0.6504347122,"NANOBTC":0.6469573458,"ASTBTC":0.6445126383,"CMTBNB":0.6420524049,"ELFBTC":0.6401288142,"ICXBTC":0.6249352204,"BTTUSDT":0.6175789066,"RDNBTC":0.5921722461,"GTOUSDT":0.5920456881,"WTCETH":0.5878852364,"THETAUSDT":0.585013426,"XRPUSDC":0.5770164252,"LTCPAX":0.5710964161,"NEBLBTC":0.554190309,"NASBTC":0.5470143953,"ZILBNB":0.545375968,"GVTBTC":0.5403120862,"WABIBTC":0.5344454808,"ARNBTC":0.5342053566,"OMGUSDT":0.5300113022,"CMTETH":0.5270499672,"TRXUSDT":0.5153191808,"BATBTC":0.491836924,"TRXUSDC":0.4877838135,"BATUSDT":0.4833532033,"KMDBTC":0.4768933101,"XRPBNB":0.4704838973,"TRXBNB":0.4695636724,"CMTBTC":0.4570573056,"ICXETH":0.4570255575,"BNBUSDT":0.4541909321,"ENGBTC":0.4518166091,"MTLBTC":0.4501333702,"KMDETH":0.4454035802,"HCBTC":0.440703647,"BNBBTC":0.4275946488,"TFUELUSDT":0.4270645885,"ENJUSDT":0.4223213478,"RENBTC":0.4216786653,"HOTUSDT":0.415870553,"BNBETH":0.4067249211,"ENJBTC":0.4061048345,"BTTBNB":0.4028775536,"XRPBTC":0.3981493717,"BATBNB":0.3951462899,"XRPETH":0.3871130466,"INSBTC":0.3825389908,"VETUSDT":0.3784236557,"NULSBTC":0.371178607,"ENJETH":0.3678510079,"RLCBTC":0.3651478319,"FTMUSDT":0.3519962518,"HCETH":0.346282012,"NXSBTC":0.3448721084,"LINKBTC":0.3426945758,"FETUSDT":0.3357828933,"LTCUSDT":0.3172669471,"XMRBTC":0.3166376334,"XMRUSDT":0.3091622381,"AIONBTC":0.3057667464,"NEOUSDT":0.2938194195,"ADABNB":0.2921202203,"MITHUSDT":0.2882920833,"XRPTUSD":0.282229094,"ZRXUSDT":0.2812970476,"OMGBTC":0.2700574324,"TRXXRP":0.2587135824,"HOTBNB":0.2552030598,"TRXETH":0.251590103,"QKCETH":0.2489021688,"EOSUSDC":0.247092678,"CELRUSDT":0.2451345007,"ETCUSDT":0.2331629082,"ETHPAX":0.2317897845,"ETHBTC":0.2297845927,"ADAUSDT":0.2231385985,"TNTETH":0.2206320001,"ETHUSDT":0.2194849126,"BNBPAX":0.2168830423,"NEOBNB":0.2139006753,"ADAETH":0.2069781828,"NEOBTC":0.2057981322,"ETHTUSD":0.2027756436,"TNTBTC":0.2025037591,"OAXBTC":0.1995988901,"EOSTUSD":0.1869953337,"EOSUSDT":0.1789567871,"ATOMUSDT":0.1750731821,"LINKUSDT":0.1736898105,"QTUMBTC":0.1708737191,"FETBTC":0.1700637652,"BATETH":0.1650725839,"EOSBTC":0.1610425951,"IOTAUSDT":0.157378399,"XRPPAX":0.1523139963,"PAXUSDT":0.1519637141,"RENBNB":0.1515872723,"FTMBNB":0.1509898453,"AEBTC":0.143856155,"ONTUSDT":0.1430510677,"GASBTC":0.130921457,"XLMUSDT":0.1231349797,"XLMETH":0.1151670425,"ETCBTC":0.1145342495,"LTCBTC":0.1099262085,"GXSBTC":0.1094717239,"TUSDUSDT":0.1072317904,"OMGETH":0.1037414339,"GRSBTC":0.1005420144,"EOSETH":0.0889861932,"PAXTUSD":0.0869436432,"ETHUSDC":0.0850524544,"BTCUSDT":0.0794590155,"EVXBTC":0.0775711076,"NEOETH":0.07486987,"ZRXBTC":0.074527086,"CELRBNB":0.0721777956,"KNCBTC":0.0674348847,"LTCBNB":0.0674059652,"LTCETH":0.0580761357,"DASHETH":0.0533215215,"IOTABTC":0.0465863816,"ZECETH":0.0410849443,"BTCUSDS":0.0389162777,"DASHUSDT":0.035074094,"BCHABCUSDC":0.0329502778,"LINKETH":0.0303177435,"ALGOBTC":0.0296493849,"DCRBTC":0.0291482091,"STEEMBTC":0.0263602924,"USDCPAX":0.0248281608,"LUNBTC":0.0241093892,"DASHBTC":0.013821431,"BCHABCUSDT":0.0108831533,"VETBNB":0.0087620882,"LINKPAX":0.0079651397,"BTGBTC":0.002267204,"ALGOUSDT":0.0013326473,"ZENBTC":-0.0014859211,"USDCUSDT":-0.0156540724,"LTCUSDC":-0.018470735,"ONEUSDT":-0.0272531321,"ZECUSDT":-0.0301526889,"ZECBTC":-0.0313545913,"EOSBNB":-0.0320519897,"BTCTUSD":-0.0359670111,"MATICBNB":-0.0393179011,"LTCTUSD":-0.0426323045,"BCDBTC":-0.059715043,"BCHABCBTC":-0.0648272457,"IOTAETH":-0.0666295059,"ALGOBNB":-0.0687462611,"BTCUSDC":-0.0764831459,"RVNBNB":-0.077119206,"MATICUSDT":-0.0812848627,"ATOMBTC":-0.0825177381,"USDCTUSD":-0.0861147602,"QTUMUSDT":-0.0908128431,"ADAUSDC":-0.1168825666,"ATOMBNB":-0.1251956343,"VETETH":-0.1354457104,"ONEBNB":-0.1431060414,"XMRETH":-0.1461966521,"LINKUSDC":-0.1558665554,"BNBUSDC":-0.1843271746,"ONTBTC":-0.2004050263,"REPBTC":-0.2017329101,"ADATUSD":-0.2295629338,"LINKTUSD":-0.2306184691,"XMRBNB":-0.2582755192,"LSKBTC":-0.2735715579,"BCHABCTUSD":-0.2997702606,"NEOTUSD":-0.3042904145,"FETBNB":-0.3193737507,"BTCPAX":-0.3219079782,"BNBTUSD":-0.3886587002,"USDSUSDT":-0.3988531635,"SKYBTC":-0.4315570847,"BCHABCPAX":-0.4895011509,"NCASHETH":-0.8446731596},"startDate":"2019-07-02","endDate":"2019-07-09","numDays":7,