{"data":{"ONGBTC":0.968163345,"WAVESUSDT":0.9266791885,"NEBLBTC":0.9238865032,"WAVESBTC":0.8995634411,"WABIBTC":0.8835756118,"CMTBTC":0.877474288,"WANBTC":0.8697274324,"WAVESBNB":0.8633917827,"REPBTC":0.8582012416,"PPTBTC":0.8560111034,"DGDBTC":0.8486814159,"WAVESETH":0.8377557972,"SCETH":0.8205432634,"BQXBTC":0.8012135872,"ICXBNB":0.7990138792,"CMTETH":0.7896811681,"PPTETH":0.7887673237,"ICXUSDT":0.7844726348,"THETABTC":0.7794327499,"ERDUSDT":0.7745326679,"ICXBTC":0.7710605136,"NAVBTC":0.7657054097,"CMTBNB":0.7295204971,"BRDBTC":0.7256213877,"VIABTC":0.7199304897,"BATBTC":0.7161612025,"WTCBNB":0.7139891544,"GTOUSDT":0.7082229191,"BQXETH":0.703396291,"WTCBTC":0.6997792533,"RENBTC":0.6624517282,"BATUSDT":0.6588438826,"FUELETH":0.6521229918,"THETAUSDT":0.6467325296,"WTCETH":0.6444604328,"ZILBNB":0.6378918228,"BATBNB":0.6292891432,"ZILETH":0.6239481514,"TFUELBNB":0.6163445201,"ALGOBTC":0.6115507973,"ICXETH":0.5956153722,"LSKBTC":0.5938769462,"ENGBTC":0.5852500337,"RDNBTC":0.5548524893,"IOSTUSDT":0.5291386541,"ZILUSDT":0.5231386243,"RENBNB":0.5216739022,"XLMETH":0.5119494684,"ERDBNB":0.5076849769,"LUNBTC":0.5070001954,"XLMBTC":0.4875834407,"NANOBTC":0.483986693,"ALGOUSDT":0.4791779022,"ADXBTC":0.4723004512,"BATETH":0.466962922,"MATICUSDT":0.4573953432,"ONEUSDT":0.4567067549,"BTGBTC":0.4507202854,"MDABTC":0.4397653369,"NANOUSDT":0.4382176968,"LINKBTC":0.4332576552,"BNBBTC":0.4298410676,"DOGEUSDT":0.4293456973,"BTTUSDT":0.4126024926,"XLMUSDT":0.4123552223,"XZCBTC":0.4111697622,"STORJBTC":0.3966787234,"DCRBTC":0.3904126095,"DLTBTC":0.3737187333,"ALGOBNB":0.3726724161,"IOSTETH":0.3658874065,"ENJBTC":0.3589162712,"LINKPAX":0.354861841,"BTTBNB":0.3536024188,"OAXBTC":0.3509376413,"ONEBNB":0.3494702647,"TFUELUSDT":0.3438312362,"LINKUSDT":0.332185785,"GVTBTC":0.327049351,"MATICBNB":0.3262450579,"KMDBTC":0.3128943575,"XMRBTC":0.3062597785,"ENJUSDT":0.3010540497,"BNBUSDT":0.2959679534,"ENJETH":0.2953866985,"XMRBNB":0.2950482927,"XMRETH":0.291835278,"NULSUSDT":0.2915749335,"KMDETH":0.2836633415,"BNBETH":0.2703459436,"CELRBNB":0.2680881249,"MCOBTC":0.2601061711,"GASBTC":0.2595130888,"OMGBTC":0.2290550359,"ARDRBTC":0.2267465581,"VETUSDT":0.1998083974,"EVXBTC":0.1897667007,"ZENBTC":0.1851897992,"FETBTC":0.1810150661,"PAXUSDT":0.1767398444,"EOSPAX":0.1643761818,"ZRXBTC":0.1597256728,"OMGUSDT":0.1536452258,"XMRUSDT":0.1493333063,"GRSBTC":0.1483028475,"RLCBTC":0.1455039063,"FTMUSDT":0.1383403917,"LTCUSDC":0.1373338202,"ADABNB":0.1351320332,"LINKTUSD":0.131880909,"LOOMBTC":0.1301314122,"ZECUSDT":0.1277669485,"MTLBTC":0.1266401221,"BNBPAX":0.1225249328,"STEEMBTC":0.1220178665,"FTMBNB":0.1181744702,"ETHBTC":0.1175599722,"POLYBTC":0.1141467741,"CELRUSDT":0.1125778688,"BTCUSDT":0.112404057,"FETUSDT":0.1043636364,"NULSBTC":0.0973156872,"BTCTUSD":0.0941232394,"BTCUSDS":0.080700708,"DOGEBNB":0.0783655236,"VETBNB":0.0757988929,"ARKBTC":0.0738424357,"TRXTUSD":0.0707833073,"VETETH":0.0701880215,"ARNBTC":0.0660903152,"ETHTUSD":0.0648971781,"OMGETH":0.062654488,"TRXBNB":0.0626251059,"ZRXUSDT":0.051509309,"USDCPAX":0.0481464031,"KNCBTC":0.045827262,"LINKETH":0.0276375825,"AIONBTC":0.0253008418,"INSBTC":0.020833922,"POWRBTC":0.0163718523,"BTCUSDC":0.0069055338,"HOTUSDT":0.0061462,"BTCPAX":0.0056363449,"ZECBTC":0.0010389713,"BNBTUSD":0.0007740216,"HCBTC":-0.002835067,"HOTBNB":-0.0042237961,"ZECETH":-0.0081743021,"LINKUSDC":-0.0098818564,"ADAETH":-0.0258343121,"DASHETH":-0.0375950458,"IOTABTC":-0.0534846548,"DASHBTC":-0.0598677394,"BNBUSDC":-0.0719895504,"SKYBTC":-0.0763364913,"TUSDUSDT":-0.0867040539,"TRXETH":-0.0950342181,"XRPBNB":-0.0953496803,"STRATBTC":-0.0954809781,"AEBTC":-0.1018339265,"ETHUSDT":-0.1040356085,"MITHUSDT":-0.1070469969,"ETHUSDC":-0.1266987808,"TRXUSDC":-0.12734265,"ADATUSD":-0.1295920455,"ADAUSDT":-0.139427461,"TRXXRP":-0.1426822035,"NEOBNB":-0.150803093,"EOSETH":-0.1553255756,"ADAUSDC":-0.1578776,"RVNBNB":-0.161275444,"USDCUSDT":-0.1623395007,"BCDBTC":-0.1679893965,"XRPUSDT":-0.1687922684,"KNCETH":-0.1692882878,"NEOUSDT":-0.1701677175,"ETHPAX":-0.190856151,"NASBTC":-0.1960728908,"TRXUSDT":-0.1968253971,"IOTAUSDT":-0.2061255755,"IOTAETH":-0.2125107466,"ATOMBNB":-0.2176525079,"XRPPAX":-0.220961775,"NEOBTC":-0.2274169263,"XRPBTC":-0.249986312,"PAXTUSD":-0.2646691906,"NEOETH":-0.2718116229,"DASHUSDT":-0.2913660408,"EOSBNB":-0.312257023,"PIVXBTC":-0.3127610293,"LTCPAX":-0.3385548784,"GXSBTC":-0.341222872,"ONTBNB":-0.3515990728,"BCHABCUSDC":-0.3640027292,"ETCBTC":-0.3692199558,"XRPUSDC":-0.3744158438,"XRPETH":-0.377855349,"ELFBTC":-0.3788412697,"USDCTUSD":-0.3819211751,"BCHABCBTC":-0.3826511118,"LTCBNB":-0.3851825556,"EOSBTC":-0.4190290892,"LTCTUSD":-0.4272913814,"QTUMUSDT":-0.4302405429,"ONTETH":-0.4412150576,"LTCETH":-0.4545690413,"BCHABCTUSD":-0.4608118174,"BCHABCUSDT":-0.4628441601,"XRPTUSD":-0.4727989298,"ONTUSDT":-0.4800051447,"ATOMBTC":-0.491881132,"LTCBTC":-0.5019143124,"EOSUSDT":-0.5164992912,"ETCUSDT":-0.5291088236,"USDSUSDT":-0.5338373071,"QTUMBTC":-0.5343360602,"BCHABCPAX":-0.5464264167,"EOSUSDC":-0.5516819891,"ONTBTC":-0.5623310974,"LTCUSDT":-0.6744166266,"ATOMUSDT":-0.7480346733},"startDate":"2019-07-05","endDate":"2019-07-12","numDays":7,