{"data":{"RLCBTC":0.9947693655,"NAVBTC":0.9805024254,"VIABTC":0.9632376729,"BRDBTC":0.9521724345,"DCRBTC":0.9514018299,"OAXBTC":0.9443547548,"XZCBTC":0.9442258361,"ASTBTC":0.9348058928,"ZENBTC":0.9152830071,"LOOMBTC":0.9103991818,"EDOBTC":0.8961186329,"ENGBTC":0.8944222338,"NULSBTC":0.8943790203,"BCDBTC":0.8936743869,"ENJBNB":0.8930165882,"DLTBTC":0.892306037,"STORJBTC":0.8919902359,"EVXBTC":0.8867092616,"GRSETH":0.8763546513,"MCOBTC":0.8721131194,"VETUSDT":0.8720769596,"VETETH":0.8679906477,"BTTUSDT":0.8668202612,"GASBTC":0.8663143716,"NASBTC":0.8583663343,"APPCBTC":0.8581199638,"ARKBTC":0.8545584172,"GRSBTC":0.8545152821,"NXSBTC":0.8471597355,"ENJBTC":0.8430662214,"ARNBTC":0.8410105733,"LOOMETH":0.8339208591,"WABIBTC":0.8320617237,"POWRBTC":0.8011189958,"BLZBTC":0.795515591,"DASHBTC":0.7939577203,"NANOBTC":0.7867449422,"KNCBTC":0.7848548471,"THETABTC":0.7834148724,"RDNBTC":0.7748315423,"LINKETH":0.7743348067,"REPBTC":0.7729249223,"GNTBTC":0.7704606976,"ONGBTC":0.7672848222,"ADXBTC":0.7660105715,"LUNBTC":0.7565729476,"BATBTC":0.7536197671,"INSBTC":0.7477158386,"ENJETH":0.7465823169,"THETAETH":0.7376805546,"NULSUSDT":0.7373843941,"BATETH":0.7271186184,"ADAUSDT":0.7201252704,"LINKBTC":0.7192806664,"GVTBTC":0.7192097702,"KNCETH":0.7190443947,"STEEMBTC":0.7105722386,"CVCBTC":0.7097763882,"GXSBTC":0.7063478371,"NEBLBTC":0.6958153233,"XLMBTC":0.6919977697,"XLMUSDT":0.6918973549,"LRCBTC":0.6903992955,"WANBTC":0.6902559089,"OMGETH":0.6863557202,"CMTBTC":0.6845870633,"PIVXBTC":0.6844565496,"ICXBTC":0.6814205541,"HCBTC":0.6772822787,"AMBBTC":0.6704385987,"PPTBTC":0.6642557669,"LSKBTC":0.6614959335,"MITHBTC":0.6610345367,"BCHSVBTC":0.6589295946,"ONTBTC":0.652859233,"BCHSVUSDT":0.6506361178,"THETABNB":0.6455359755,"ONGUSDT":0.6387437098,"WANETH":0.6366877724,"ADATUSD":0.6313155806,"BNTBTC":0.6238920734,"LINKUSDT":0.62026723,"BTTBNB":0.6143766914,"ARNETH":0.6143455491,"ICXUSDT":0.6140432187,"AIONBTC":0.6097424801,"ICXETH":0.6082226403,"FETUSDT":0.6078943337,"MDABTC":0.6051073023,"ONTETH":0.6006334708,"WAVESUSDT":0.5965855695,"WAVESBTC":0.5934161111,"XLMUSDC":0.5836682256,"FETBTC":0.5771895567,"DGDBTC":0.5723956315,"RVNBTC":0.5689735446,"BQXBTC":0.5684559401,"BATBNB":0.5669060937,"OMGBTC":0.5584221969,"AEBTC":0.5424719982,"XLMETH":0.5243837217,"ZECBTC":0.5238512446,"MDAETH":0.5043197939,"ADAETH":0.4995514051,"QTUMUSDT":0.4946206085,"RVNBNB":0.4909877357,"BCHABCUSDT":0.4853090952,"POLYBTC":0.4822520249,"MFTETH":0.4772410622,"ELFBTC":0.4732265222,"QTUMBTC":0.4644735067,"ONTUSDT":0.4619545934,"XLMBNB":0.4514309104,"ZILUSDT":0.4399576605,"ZRXBTC":0.4121429574,"NEOTUSD":0.4080895546,"BTGBTC":0.3997625919,"NEOBTC":0.3869785855,"BNTETH":0.3846785889,"BATUSDT":0.3787214306,"NEOUSDT":0.377545189,"BNBPAX":0.3755864746,"KMDBTC":0.3658861752,"BNBETH":0.3506145457,"ICXBNB":0.3503906757,"HOTUSDT":0.345110072,"XLMTUSD":0.3427530086,"LTCBTC":0.3173734069,"ZRXUSDT":0.2946685657,"BNBBTC":0.2892211146,"BTCPAX":0.2752444618,"LINKTUSD":0.2709321716,"STRATBTC":0.2640008688,"ADABNB":0.2538320329,"ONTBNB":0.2529683932,"BNBUSDT":0.2374931656,"LTCUSDT":0.2248007224,"XRPUSDT":0.22256288,"LTCBNB":0.2007530353,"TRXUSDT":0.1973674097,"TNBETH":0.1876473138,"BCHABCTUSD":0.185433992,"FETBNB":0.1809967256,"BCHABCBTC":0.1720865489,"XRPBNB":0.1716583794,"BCPTBTC":0.1699567594,"BNBUSDC":0.1663867473,"FUELETH":0.1626697911,"USDCTUSD":0.1581773521,"LTCETH":0.1471989903,"USDCPAX":0.1314720911,"TUSDETH":0.1285132451,"LINKUSDC":0.1200935422,"WTCBTC":0.1198291764,"EOSBNB":0.115911229,"USDCUSDT":0.1139235692,"PAXUSDT":0.0990674147,"USDSPAX":0.098691025,"XMRBTC":0.0780879836,"ETCUSDT":0.0744728877,"LTCPAX":0.0691757765,"TUSDUSDT":0.0452686895,"MTLBTC":0.0082963627,"LTCUSDC":-0.0228308484,"TRXETH":-0.0455589605,"ETHUSDT":-0.0564061494,"TRXBNB":-0.0712263327,"ETCBTC":-0.0756408675,"TRXXRP":-0.0896560862,"TUSDBNB":-0.0924329038,"HOTBNB":-0.1329118857,"ETHBTC":-0.1354861476,"BTCUSDT":-0.1382900261,"SKYBTC":-0.1485764392,"ETHUSDC":-0.1522949273,"LTCTUSD":-0.197696868,"ETHPAX":-0.2244603872,"XRPETH":-0.2373181101,"TUSDBTC":-0.2675778466,"EOSBTC":-0.2815933737,"EOSUSDT":-0.3066043841,"IOTABTC":-0.3659656018,"EOSETH":-0.3758185288,"IOTAUSDT":-0.4212444424,"BTCUSDC":-0.4527923111,"XRPTUSD":-0.4777021835,"EOSPAX":-0.4802544196,"EOSUSDC":-0.4906271231,"XRPPAX":-0.4939296983,"EOSTUSD":-0.5252595711,"PAXTUSD":-0.5291181598},"startDate":"2019-03-06","endDate":"2019-03-13","numDays":7,"excludedPairs":["OAXETH","ADABTC","VENBTC","LSKETH","MTHETH","ARDRBTC","RPXETH","NANOETH","MODBTC","NULSBNB","HSRETH","SYSBTC","POEBTC","WABIBNB","QLCBTC","BTTUSDC","XEMBNB","ARDRETH","XEMBTC","RCNBTC","HSRBTC","SCBTC","LSKBNB","BLZBNB","NANOBNB","TRXPAX","PHXETH","RENBNB","BTTPAX","VIBEETH","YOYOBTC","DATAETH","TRXUSDC","ARKETH","USDSUSDC","WTCETH","SALTETH","DASHETH","PIVXETH","RDNETH","WINGSBTC","TRXBTC","NCASHBNB","NEOBNB","POLYBNB","NAVBNB","ICNBTC","BCCETH","STEEMETH","LUNETH","VETBNB","TRIGBTC","SNTETH","RCNETH","WAVESBNB","MODETH","ETCBNB","TNBBTC","DCRBNB","LRCETH","TRIGBNB","RENBTC","MITHBNB","GXSETH","MCOBNB","LOOMBNB","CNDBNB","USDSTUSD","SUBETH","STRATETH","AIONBNB","ONGBNB","BCNETH","NEBLBNB","BCCUSDT","LENDBTC","POAETH","SNGLSETH","MANABTC","DENTBTC","QLCETH","BTSBTC","PPTETH","ZRXBNB","BCNBNB","DATABTC","BTSBNB","VETBTC","NAVETH","GNTETH","BRDETH","ZILBTC","BCCBTC","RLCETH","BCPTBNB","GVTETH","GOBNB","VENETH","POEETH","XZCETH","REQBTC","BTSETH","OSTETH","POWRETH","MTHBTC","AEBNB","VIAETH","XZCBNB","STEEMBNB","BTCUSDS","WPRETH","QSPETH","BCHABCPAX","VIBEBTC","RPXBNB","ZENBNB","RLCBNB","AMBBNB","YOYOBNB","REPETH","FUNETH","CVCBNB","XRPBTC","IOTXETH","WAVESUSDC","CLOAKETH","NCASHETH","ZILBNB","NASETH","CDTBTC","TRXTUSD","DENTETH","STORMBNB","FUNBTC","PHXBTC","SNTBTC","INSETH","ARDRBNB","AGIETH","PAXETH","QKCETH","CHATETH","XMRETH","AEETH","CLOAKBTC","BRDBNB","ADXBNB","GNTBNB","LINKPAX","TNTETH","USDCBTC","POABNB","HCETH","RCNBNB","QSPBTC","PIVXBNB","ELFETH","KEYBTC","GTOBNB","BCHSVUSDC","NPXSETH","CNDBTC","AGIBNB","VENBNB","XLMPAX","IOSTETH","USDSUSDT","CMTBNB","PHXBNB","DNTBTC","STORMETH","VIBBTC","NPXSBTC","SYSBNB","REPBNB","EDOETH","BTGETH","SUBBTC","CNDETH","MFTBTC","IOSTBTC","SALTBTC","WAVESTUSD","NASBNB","REQETH","BCPTETH","VIABNB","DLTETH","TRIGETH","BCNBTC","XVGETH","XRPUSDC","ASTETH","DOCKBTC","SKYBNB","IOTXBTC","WTCBNB","RPXBTC","ZECETH","QKCBTC","VIBETH","WAVESPAX","MANAETH","NXSBNB","SNMETH","SKYETH","SCBNB","ZRXETH","DLTBNB","WPRBTC","APPCBNB","BQXETH","MFTBNB","MCOETH","FUELBTC","LENDETH","XVGBTC","STORJETH","QTUMBNB","PAXBNB","GTOBTC","APPCETH","SNGLSBTC","QSPBNB","NEBLETH","EVXETH","OSTBTC","NCASHBTC","ZILETH","STORMBTC","GTOETH","TNTBTC","POWRBNB","DOCKETH","HOTBTC","BTTBTC","NXSETH","RDNBNB","CMTETH","OSTBNB","CHATBTC","WANBNB","POABTC","YOYOETH","KEYETH","ICNETH","BCHSVTUSD","CDTETH","NEOETH","MTLETH","BTTTUSD","ZENETH","PAXBTC","WABIETH","WAVESETH","SCETH","IOTABNB","AGIBTC","ETCETH","BCHSVPAX","WINGSETH","NULSETH","KMDETH","BCDETH","XEMETH","VENUSDT","QTUMETH","IOTAETH","BNBUSDS","BCCBNB","AMBETH","QLCBNB","DGDETH","CVCETH","SYSETH","SNMBTC","XZCXRP","DNTETH","ENGETH","USDCBNB","BCHABCUSDC","HOTETH","GOBTC","AIONETH","BLZETH","ADXETH"]}