{"data":{"WANBTC":0.9051619613,"GXSBTC":0.8950604424,"WANETH":0.893325403,"PIVXBTC":0.8822274516,"XZCBTC":0.8160841353,"ICXBTC":0.800488928,"ICXBNB":0.7639040882,"RLCBTC":0.7455483246,"ZILUSDT":0.6969715643,"ICXUSDT":0.6934545906,"ENJBTC":0.674968911,"ENGBTC":0.6613870755,"ZILBNB":0.6575341467,"KMDBTC":0.6507971589,"ARKBTC":0.6468350035,"INSBTC":0.6428409843,"NAVBTC":0.6414840763,"QTUMBTC":0.6370724853,"ATOMBTC":0.6351655034,"ATOMBNB":0.627565473,"PHBBNB":0.6134336902,"FETBTC":0.6111309455,"LUNBTC":0.6067962723,"PPTBTC":0.5948361281,"MDABTC":0.5921482876,"USDCUSDT":0.5867124699,"QTUMUSDT":0.5811505483,"ATOMUSDT":0.5678845313,"AIONBTC":0.5672333492,"RVNBTC":0.5604205708,"XRPTUSD":0.5589031224,"HCBTC":0.5530384054,"ICXETH":0.5515170049,"BCPTBTC":0.5471661337,"XRPBTC":0.5367113569,"EVXBTC":0.5354390233,"ENJUSDT":0.5313493411,"AEBTC":0.5131937161,"LINKBTC":0.5084660642,"TUSDUSDT":0.5040442101,"ETCETH":0.4927832027,"RVNBNB":0.4879255517,"ZILETH":0.4810489939,"NXSBTC":0.479623197,"FUELETH":0.4746212232,"CELRBNB":0.4642760189,"PAXUSDT":0.4634480949,"NEBLBTC":0.4621234891,"THETABTC":0.4587829341,"XRPBNB":0.4582375798,"TRXETH":0.4514167798,"XRPUSDT":0.4497830207,"BCDBTC":0.4371757331,"CELRUSDT":0.4355454205,"ENJETH":0.4341996053,"FETUSDT":0.4319636146,"RDNBTC":0.4221097748,"QTUMETH":0.4207005732,"WTCBTC":0.4041586895,"TRXTUSD":0.399923729,"NULSBTC":0.3783831762,"LINKUSDT":0.3744807198,"MTLBTC":0.3683289436,"ZECTUSD":0.3658704023,"TFUELUSDT":0.361133762,"BATBTC":0.3502631305,"MATICUSDT":0.3494822459,"IOSTUSDT":0.3484371737,"BATUSDT":0.3427902943,"LTCBNB":0.3380851037,"VIABTC":0.3348748559,"TFUELBNB":0.3345092941,"TRXBNB":0.3330138615,"TRXUSDT":0.3282433547,"REPBTC":0.3239978989,"BCDETH":0.3176812386,"ONGUSDT":0.3130842059,"VETUSDT":0.3044083469,"DGDBTC":0.301378551,"THETAETH":0.2994617604,"XRPETH":0.2977862533,"BTGBTC":0.29560775,"WABIBTC":0.2915796526,"GVTBTC":0.2882546533,"MATICBNB":0.2668539466,"NULSUSDT":0.263167858,"XRPPAX":0.2589882193,"BNBUSDT":0.2588501658,"GRSBTC":0.2579500239,"BATBNB":0.255308373,"FETBNB":0.2524693114,"USDCPAX":0.2502243482,"LSKBTC":0.2408036327,"THETAUSDT":0.236249607,"BNBBTC":0.2331592087,"ZECUSDT":0.232702261,"MFTBNB":0.2316858023,"ADAETH":0.2280783941,"ONGBTC":0.2244511238,"LINKUSDC":0.2179085505,"HOTBNB":0.2076053381,"ZRXUSDT":0.1983742411,"ZRXBTC":0.1938761219,"BNBETH":0.1935247019,"TRXUSDC":0.1818330417,"NASBTC":0.1788386528,"ADAUSDT":0.1691676429,"WAVESUSDT":0.1591940993,"VETETH":0.154101043,"NEOBNB":0.1536079202,"XLMUSDT":0.1456461592,"ADABNB":0.1201670062,"SKYBTC":0.1153354937,"EOSPAX":0.1062418359,"TRXXRP":0.1044601814,"KNCBTC":0.0984891877,"STRATBTC":0.0979183068,"LINKETH":0.0939727471,"ONTUSDT":0.0866278163,"LTCUSDC":0.0847457284,"STEEMBTC":0.0825416158,"ZECBTC":0.0764155965,"EOSBNB":0.0537044763,"TRXPAX":0.0519229328,"XRPUSDC":0.0483167477,"NEOBTC":0.0477985975,"ADAUSDC":0.0455318856,"LTCBTC":0.0405156371,"OAXBTC":0.0390773397,"BCHABCTUSD":0.0353831878,"OMGUSDT":0.031785278,"XLMETH":0.0296995434,"NEOUSDT":0.0220535864,"BTTBNB":0.0214584911,"XMRBTC":0.0144621014,"VETBNB":0.0136146105,"ETCUSDT":0.0063429975,"OMGBTC":0.003799914,"ADATUSD":-0.0002171547,"MCOBTC":-0.0076822187,"BCHABCBTC":-0.0235910116,"DCRBTC":-0.0424687497,"NEOETH":-0.045181007,"USDCTUSD":-0.0465118173,"NANOBTC":-0.0523866319,"GASBTC":-0.0538382496,"ONTBTC":-0.0551651526,"STORJBTC":-0.0574263508,"LTCETH":-0.0651074934,"EOSTUSD":-0.0671167858,"BATETH":-0.0686717062,"IOTAETH":-0.0829804205,"BTTUSDT":-0.0846669462,"ETCBTC":-0.105917573,"NANOUSDT":-0.1070948215,"NEOTUSD":-0.1117945158,"BTTTUSD":-0.1148909666,"LINKTUSD":-0.1279318956,"WAVESBTC":-0.1317711582,"ELFBTC":-0.1327972001,"EOSBTC":-0.1384332457,"XMRUSDT":-0.1461965038,"BNBUSDC":-0.1577892428,"ARNBTC":-0.1579849042,"LTCUSDT":-0.162758859,"ETHBTC":-0.1736719736,"LTCTUSD":-0.1757249659,"DASHUSDT":-0.2037668529,"DASHBTC":-0.2113930063,"WAVESETH":-0.2124570621,"EOSUSDT":-0.2133565554,"EOSUSDC":-0.2185555986,"HOTUSDT":-0.2223612679,"LTCPAX":-0.2270534013,"IOTABNB":-0.2355962761,"EOSETH":-0.235652566,"IOTABTC":-0.2369685611,"XLMBNB":-0.2375586424,"BCHABCUSDT":-0.273660387,"ETHUSDT":-0.2773571258,"PAXTUSD":-0.2933975025,"XLMTUSD":-0.3073178361,"WAVESTUSD":-0.3110577163,"ETHUSDC":-0.3251072303,"BTCUSDT":-0.3274011879,"BNBPAX":-0.3391591904,"IOTAUSDT":-0.3398531615,"QKCETH":-0.3497618284,"BTCPAX":-0.357134561,"MFTETH":-0.3599910135,"BTCTUSD":-0.3709822859,"BCHABCPAX":-0.3723826665,"ETHPAX":-0.3889228903,"BTCUSDC":-0.4027327092,"BTTUSDC":-0.4135467137,"BCHABCUSDC":-0.4475211562,"BNBTUSD":-0.4656095907,"BTCUSDS":-0.4713036157,"ETHTUSD":-0.5133738977,"MITHUSDT":-0.7394083166},"startDate":"2019-05-30","endDate":"2019-06-07","numDays":7,"excludedPairs":["RCNETH","PHXBNB","PPTETH","NULSETH","USDCBNB","VETBTC","MITHBNB","OSTETH","KMDETH","LENDBTC","IOSTBNB","ENGETH","MTHETH","IOSTETH","SNGLSETH","AEETH","TUSDETH","WAVESPAX","HSRETH","BCCBNB","GTOBNB","NPXSBTC","RLCBNB","QLCETH","BNBUSDS","DATAETH","PHBTUSD","SNMETH","CHATETH","DOCKBTC","LSKBNB","ADXBNB","REPETH","MDAETH","NCASHBTC","BCCUSDT","MTHBTC","ONTBNB","ELFETH","BLZBTC","DENTETH","REPBNB","ZRXETH","CMTBTC","TUSDBTC","IOTXETH","NANOBNB","PAXBNB","RDNBNB","POABTC","WTCBNB","XVGBTC","VIBEETH","TNBBTC","INSETH","CNDETH","BCNETH","XZCBNB","KNCETH","WABIBNB","BNTBTC","POWRBNB","AGIBNB","FUNETH","SUBBTC","GNTBNB","STORMBTC","BQXETH","GVTETH","WPRETH","YOYOBNB","BCHSVBTC","OSTBNB","XMRETH","VIBEBTC","RCNBNB","ZENBNB","AGIETH","NEOUSDC","DATABTC","BRDETH","OMGBNB","MANABTC","ONTETH","ASTBTC","TUSDBNB","SALTBTC","NXSBNB","QSPBNB","CMTETH","PAXBTC","QLCBNB","TFUELTUSD","ARDRBTC","APPCBTC","OAXETH","NASBNB","USDCBTC","PHBPAX","CHATBTC","ZRXBNB","CNDBNB","ETCPAX","KEYBTC","POLYBTC","ZECUSDC","AGIBTC","DLTBNB","BCPTBNB","ONEUSDC","CMTBNB","EDOBTC","ADXETH","XZCETH","XLMPAX","GOBNB","AMBBNB","ARNETH","BCHSVPAX","USDSTUSD","GOBTC","NCASHETH","NXSETH","ATOMTUSD","GNTBTC","WABIETH","IOSTBTC","POWRBTC","NEBLETH","VENBTC","WAVESUSDC","ONETUSD","BCPTETH","RPXBNB","DLTETH","RDNETH","BLZETH","GRSETH","POABNB","SCBNB","BCHSVUSDT","TFUELPAX","SNTETH","VENUSDT","VIBETH","KEYETH","STRATETH","POWRETH","ONEUSDT","MFTBTC","TFUELUSDC","TRIGBNB","APPCBNB","MCOETH","ZENBTC","SNGLSBTC","SUBETH","ASTETH","VENBNB","STORMETH","BCCETH","DOCKETH","BNTETH","TFUELBTC","TNBETH","NANOETH","LINKPAX","LRCETH","ATOMPAX","BQXBTC","STEEMBNB","ONGBNB","AIONBNB","GTOETH","SNTBTC","FUELBTC","NCASHBNB","DNTETH","BATUSDC","RLCETH","TNTBTC","DNTBTC","QSPBTC","QKCBTC","ONEBTC","ATOMUSDC","TRXBTC","GXSETH","ARDRETH","APPCETH","BCNBTC","YOYOETH","SYSETH","GNTETH","BCNBNB","RCNBTC","LOOMBTC","ENJBNB","XZCXRP","QLCBTC","SYSBTC","RENBNB","CDTETH","XEMBTC","REQETH","PHBBTC","DASHETH","RPXBTC","NAVBNB","XLMUSDC","STORJETH","POLYBNB","LOOMBNB","POEBTC","REQBTC","POEETH","TRIGETH","XMRBNB","GTOBTC","CVCETH","SNMBTC","ETCUSDC","QSPETH","SYSBNB","DCRBNB","VIABNB","ONEPAX","HSRBTC","PHXBTC","BATTUSD","DENTBTC","DGDETH","BTTPAX","BTTBTC","BATPAX","NASETH","WINGSETH","DLTBTC","ZILBTC","CDTBTC","BTSBTC","LSKETH","SCBTC","MANAETH","NAVETH","IOTXBTC","BCHSVUSDC","AMBBTC","BTGETH","AMBETH","ONEBNB","SKYBNB","ETCBNB","SKYETH","FUNBTC","HCETH","THETABNB","XLMBTC","HOTETH","NULSBNB","AIONETH","VIBBTC","BLZBNB","XEMBNB","BCHSVTUSD","NEBLBNB","ARKETH","CVCBTC","RENBTC","CLOAKETH","TRIGBTC","POAETH","LOOMETH","EVXETH","ETCTUSD","ARDRBNB","TNTETH","PHXETH","AEBNB","PAXETH","WPRBTC","MATICBTC","RPXETH","BCCBTC","BTSBNB","HOTBTC","LENDETH","PHBUSDC","XVGETH","WTCETH","VIAETH","SALTETH","OMGETH","LRCBTC","CLOAKBTC","BRDBTC","ZENETH","XEMETH","LUNETH","ZECETH","STEEMETH","EDOETH","MITHBTC","WINGSBTC","MODBTC","ICNBTC","MODETH","CNDBTC","ADXBTC","ADABTC","SCETH","YOYOBTC","CVCBNB","MCOBNB","ZECPAX","NPXSETH","WANBNB","MTLETH","PIVXBNB","CELRBTC","USDSUSDT","DASHBNB","BRDBNB","ADAPAX","USDSUSDC","STORMBNB","QTUMBNB","ICNETH","ZECBNB","OSTBTC","WAVESBNB","USDSPAX","NEOPAX","PIVXETH","BTSETH","VENETH"]}