{"data":{"BRDBTC":0.9325990446,"NASBTC":0.9178448885,"HCBTC":0.9091308215,"QTUMBTC":0.9080758036,"QTUMUSDT":0.9078336345,"LUNBTC":0.9064452574,"MANAETH":0.8960917622,"GASBTC":0.8897802966,"SKYBTC":0.889515826,"MDABTC":0.8891218294,"NEOBTC":0.8884795395,"NEOUSDT":0.8778185415,"BATBNB":0.863352948,"GXSBTC":0.855613571,"NEOBNB":0.850509667,"EDOBTC":0.8465194349,"KNCBTC":0.843222312,"WABIBTC":0.8364410476,"NEOETH":0.8282597945,"RDNBTC":0.8170678573,"ONTBNB":0.8169470663,"ONGBTC":0.8077888452,"BTTUSDT":0.8032208275,"KNCETH":0.7929362412,"ONGUSDT":0.7896628777,"ZRXBTC":0.7860402479,"ICXUSDT":0.782827847,"BATBTC":0.7756612835,"NEOTUSD":0.7664416526,"MDAETH":0.7619785274,"GVTBTC":0.7546771558,"BATETH":0.7546017634,"ONTUSDT":0.7540041156,"ONTETH":0.738962558,"BTGBTC":0.7384808216,"LOOMBTC":0.7384366075,"NPXSETH":0.7348239563,"NULSUSDT":0.7337586689,"STEEMBTC":0.7256865543,"OMGBTC":0.7180449973,"ZECETH":0.7050250612,"LOOMETH":0.6997644191,"ONTBTC":0.6962778531,"BCHSVUSDT":0.6959976306,"ZENBTC":0.6920904204,"ENJBTC":0.6776618094,"APPCBTC":0.6695384146,"BCDBTC":0.664440906,"ICXETH":0.6536227068,"THETAETH":0.6459183265,"ENJETH":0.6355334422,"ZRXETH":0.6314775453,"ICXBTC":0.6263600481,"LRCBTC":0.616373302,"OMGETH":0.6152225284,"ADXBTC":0.6115386048,"ZILUSDT":0.6113919533,"AEBTC":0.6107099665,"LTCTUSD":0.6067812909,"ENJBNB":0.6061250954,"BCHSVBTC":0.6011508692,"XLMPAX":0.5982948176,"DGDBTC":0.5944246197,"NANOBTC":0.5867573929,"BCHSVTUSD":0.5718672448,"EOSPAX":0.5717410079,"RCNETH":0.5677432274,"VETUSDT":0.5660772297,"ZILETH":0.5619480542,"MTLBTC":0.5574593705,"ZECBTC":0.5538693596,"INSBTC":0.5470119261,"TRXTUSD":0.5463320241,"ADAUSDT":0.5417860176,"RCNBTC":0.5413877963,"XRPTUSD":0.5302648398,"THETABTC":0.5282774375,"DLTBTC":0.521902027,"AEETH":0.5179450385,"ADATUSD":0.5152227316,"KMDBTC":0.5136614452,"IOTAUSDT":0.5109962002,"XLMUSDT":0.5084593712,"ELFBTC":0.5046013112,"BTTPAX":0.4940181956,"ETHUSDC":0.4895351936,"TRXUSDT":0.4845546024,"THETABNB":0.483808699,"POWRBTC":0.4800911669,"EOSETH":0.4752354903,"STORJBTC":0.4651968191,"ETCUSDT":0.4490577722,"LTCUSDT":0.4381955639,"FUELETH":0.4376393957,"ETCBTC":0.4191255325,"BCHABCUSDT":0.4171697811,"VIABTC":0.4130065561,"WAVESUSDT":0.406753293,"ELFETH":0.4062362271,"NULSBTC":0.4053214391,"ETHUSDT":0.3947602357,"CVCBTC":0.3939612434,"RLCBTC":0.3927329926,"EOSBTC":0.3906617911,"EOSTUSD":0.382906234,"AIONBTC":0.3750044081,"BTCUSDS":0.3563141983,"ETHPAX":0.3556878853,"XRPUSDC":0.3481127008,"ADAETH":0.3449219112,"DCRBTC":0.3403992579,"BCHABCTUSD":0.3342902587,"TUSDBNB":0.3321216175,"VETETH":0.3251665059,"MCOBTC":0.3222068773,"EOSUSDT":0.3215102031,"PPTBTC":0.3180082056,"EOSBNB":0.3116446151,"XRPBTC":0.306944712,"XLMETH":0.2969913484,"DASHBTC":0.2915197363,"XRPUSDT":0.2844249046,"WTCBTC":0.2821882099,"XRPPAX":0.273880435,"NEBLBTC":0.263105006,"WANBTC":0.2625639207,"ARNBTC":0.2618981692,"STRATBTC":0.2580156388,"ARNETH":0.2577013867,"XLMTUSD":0.2556713493,"IOTABTC":0.2509754535,"OAXBTC":0.2420264727,"BTCPAX":0.2391562357,"HOTUSDT":0.2386558645,"PIVXBTC":0.2223712142,"BTCUSDT":0.2140057515,"LTCBTC":0.2116957113,"TRXETH":0.2072869415,"BNBPAX":0.1834087695,"LINKBTC":0.1782205121,"ADABNB":0.1710975181,"BCHABCBTC":0.1656987567,"EVXBTC":0.1600927458,"XRPBNB":0.1174426457,"LTCETH":0.1164083079,"ARKBTC":0.1111636075,"ETHBTC":0.1071550417,"ENGBTC":0.0988295778,"XRPETH":0.0984912759,"BNBUSDC":0.0914261273,"XLMUSDC":0.0797243851,"LSKBTC":0.0721574588,"BQXBTC":0.0655436148,"WAVESETH":0.0536726984,"USDSTUSD":0.0527060482,"LINKUSDT":0.0513425392,"TRXXRP":0.0424632224,"REPBTC":0.0210668913,"BNBUSDT":0.0043067716,"WAVESBTC":-0.0001273527,"XLMBNB":-0.0172585584,"BTTBNB":-0.0213170566,"NXSBTC":-0.0272148771,"USDCTUSD":-0.035169279,"LINKETH":-0.0651308625,"GRSBTC":-0.0796386874,"EOSUSDC":-0.1072702469,"USDSUSDT":-0.1178486372,"TRXBNB":-0.1379527835,"LTCUSDC":-0.1454666723,"BNBETH":-0.217465141,"BTCUSDC":-0.2190121334,"USDCUSDT":-0.2362305164,"LTCBNB":-0.2399050573,"XMRBTC":-0.3054233396,"USDCPAX":-0.3067729443,"BNBBTC":-0.3376410952,"HOTBNB":-0.4109854704,"TUSDETH":-0.4319343675,"TUSDUSDT":-0.4750786407,"USDSPAX":-0.4828497403,"PAXUSDT":-0.5086995672,"TUSDBTC":-0.5169220265,"PAXTUSD":-0.5534923111},"startDate":"2019-02-23","endDate":"2019-03-02","numDays":7,"excludedPairs":["GRSETH","RDNETH","PHXBNB","VIBEETH","DLTETH","WPRETH","NXSETH","XLMBTC","SYSETH","ARDRBTC","KEYETH","QTUMETH","ASTBTC","ZILBNB","WTCBNB","OSTETH","POEBTC","WANETH","VETBTC","USDCBTC","DENTBTC","RDNBNB","QSPBNB","TRIGETH","WTCETH","SCETH","IOTXBTC","RPXBTC","SNTBTC","STORMBTC","QSPBTC","FETBTC","CNDETH","BCNETH","CVCETH","BCCBTC","QKCETH","AGIBTC","PPTETH","POWRETH","ETCETH","HOTETH","BCHABCPAX","BLZETH","VIABNB","BTGETH","NASETH","CMTBTC","MITHBNB","NASBNB","BCPTETH","TRIGBTC","SCBNB","DOCKETH","XEMETH","BRDETH","FUELBTC","NCASHBTC","NANOETH","MANABTC","BCHSVPAX","CHATBTC","DASHETH","MTLETH","ICXBNB","CLOAKETH","PHXETH","GOBNB","IOSTBTC","AIONBNB","CLOAKBTC","NULSETH","VENBTC","PIVXETH","ENGETH","XMRETH","MTHETH","WABIETH","NEBLETH","RENBNB","SNMETH","SALTBTC","LUNETH","DNTBTC","SNGLSETH","DATAETH","ETCBNB","WAVESUSDC","RCNBNB","RVNBNB","BRDBNB","KMDETH","XEMBTC","OAXETH","PHXBTC","DCRBNB","TRXBTC","ASTETH","LENDETH","XVGBTC","SCBTC","QSPETH","NULSBNB","SNTETH","CVCBNB","NAVETH","BLZBTC","NAVBTC","AGIETH","PIVXBNB","CDTBTC","WPRBTC","MCOETH","XZCBNB","KEYBTC","STORJETH","SUBETH","STORMETH","LTCPAX","POABNB","PAXBNB","LOOMBNB","BCPTBTC","FUNBTC","STEEMETH","ARDRETH","TRXPAX","IOSTETH","HCETH","QLCBTC","IOTAETH","ZRXUSDT","DATABTC","BTTUSDC","BTTBTC","ZILBTC","CNDBTC","XVGETH","RENBTC","XZCXRP","ARKETH","GVTETH","GTOETH","YOYOBNB","SNMBTC","VENUSDT","ZENETH","YOYOBTC","BCCUSDT","BTSBTC","WANBNB","GNTBNB","MODETH","XZCBTC","BCNBTC","QLCETH","AMBBNB","BCNBNB","SNGLSBTC","SYSBTC","NCASHBNB","DOCKBTC","XEMBNB","VENETH","USDSUSDC","STRATETH","WAVESPAX","LINKUSDC","TRXUSDC","NANOBNB","WINGSBTC","QKCBTC","LRCETH","BQXETH","EDOETH","MFTETH","QLCBNB","MODBTC","AMBBTC","STEEMBNB","MFTBNB","ZRXBNB","RLCBNB","RLCETH","ONGBNB","REPBNB","TRIGBNB","GNTBTC","XZCETH","TNBBTC","MITHBTC","BCPTBNB","LENDBTC","NPXSBTC","BCCETH","RPXBNB","STORMBNB","DGDETH","GNTETH","WAVESTUSD","CDTETH","USDCBNB","YOYOETH","BNBUSDS","VETBNB","SKYETH","MFTBTC","HSRETH","AIONETH","PAXETH","POLYBTC","GTOBTC","POAETH","DNTETH","IOTXETH","SUBBTC","NXSBNB","HOTBTC","VIBETH","LINKTUSD","ICNBTC","SKYBNB","ZENBNB","MCOBNB","VIAETH","BTSBNB","QTUMBNB","TNTETH","POWRBNB","DENTETH","APPCETH","REPETH","APPCBNB","GOBTC","AGIBNB","LINKPAX","AEBNB","INSETH","POLYBNB","IOTABNB","PAXBTC","WINGSETH","WABIBNB","BCCBNB","ADABTC","TNBETH","BNTETH","WAVESBNB","VIBBTC","CMTBNB","FUNETH","CHATETH","BLZBNB","CMTETH","DLTBNB","REQETH","RVNBTC","VENBNB","NEBLBNB","BNTBTC","SALTETH","BCHABCUSDC","BTTTUSD","MTHBTC","ADXBNB","ARDRBNB","OSTBTC","POABTC","AMBETH","RPXETH","SYSBNB","REQBTC","BTSETH","ICNETH","FETBNB","ADXETH","GTOBNB","LSKBNB","CNDBNB","TNTBTC","NAVBNB","BCDETH","NCASHETH","HSRBTC","POEETH","EVXETH","FETUSDT","VIBEBTC","BCHSVUSDC","GXSETH","OSTBNB","LSKETH"]}