{"data":{"USDCUSDT":0.9804885807,"USDCPAX":0.975152326,"PAXUSDT":0.9711028897,"TUSDUSDT":0.962069121,"BATUSDT":0.9154644445,"BATBTC":0.9012471075,"DGDETH":0.899098287,"DGDBTC":0.8881893783,"BATBNB":0.8835224688,"FETBNB":0.8603660748,"BCPTBTC":0.8547792707,"FETUSDT":0.8459832062,"KNCBTC":0.8274051232,"BATETH":0.8087949589,"ASTBTC":0.798959819,"ICXBTC":0.7974447773,"REPBTC":0.7944543501,"ENJETH":0.7829457742,"ICXUSDT":0.7607037709,"ADABNB":0.7578212867,"ENJUSDT":0.7564660845,"ENJBTC":0.7394754897,"FETBTC":0.7239687619,"MITHBTC":0.7152133606,"WABIBTC":0.6988473656,"ELFBTC":0.6927909284,"WABIBNB":0.6845795684,"ENGBTC":0.676143532,"LUNBTC":0.6681948096,"AIONBTC":0.6671495704,"RVNBNB":0.6647432871,"EOSBNB":0.6639896108,"BCHABCTUSD":0.6463094447,"RVNBTC":0.630615269,"ICXETH":0.6122343062,"ENJBNB":0.5941833746,"BNBBTC":0.5920162622,"ADXBTC":0.5918843261,"GNTBTC":0.5895663028,"STEEMBTC":0.5838773322,"CVCBTC":0.5827227556,"ZENBTC":0.5758476004,"MTHBTC":0.5594277481,"POABTC":0.5522562399,"GTOBTC":0.5521350233,"MANABTC":0.5460034816,"NEBLBTC":0.544992195,"GVTBTC":0.5421213319,"SYSBTC":0.5410048526,"OAXBTC":0.5326261584,"WAVESBTC":0.5268733604,"ARNBTC":0.5100673556,"NANOUSDT":0.5017095814,"MITHBNB":0.4923459719,"BRDBTC":0.4839553581,"NANOETH":0.4832315037,"AGIBTC":0.4710761423,"DLTBTC":0.4687328775,"POWRBTC":0.4675892902,"BTCUSDT":0.4637662737,"NANOBTC":0.4613343371,"AMBBTC":0.4418147298,"ADAETH":0.4240421427,"PPTBTC":0.3949828664,"XLMBNB":0.3909640486,"REQBTC":0.3838904187,"BTSBTC":0.3696729249,"WTCBTC":0.3666321669,"HOTUSDT":0.3649291352,"POLYBTC":0.3641331572,"NASBTC":0.3586969726,"LTCBNB":0.3577863748,"WAVESUSDT":0.3521252317,"CMTBTC":0.3502468457,"BNBUSDT":0.3487455896,"WAVESETH":0.3466523143,"IOSTUSDT":0.3375163675,"XRPBNB":0.3196221908,"AEBTC":0.3002548439,"GRSBTC":0.2882027974,"BNBETH":0.2857543799,"MCOBTC":0.2746048552,"BQXBTC":0.2715406188,"THETABTC":0.2678158403,"VIBBTC":0.2654189789,"MITHUSDT":0.2229935978,"TRXBNB":0.2223216067,"NANOBNB":0.170822761,"KMDBTC":0.1643373422,"ONGBTC":0.1490638705,"GXSBTC":0.1476293309,"DCRBTC":0.135734837,"APPCBTC":0.1201515098,"RDNBTC":0.1175005698,"RLCBTC":0.0948945431,"QTUMUSDT":0.0752457438,"NULSUSDT":0.0699344218,"MFTETH":0.0614224478,"STORJBTC":0.0580014802,"ONGUSDT":0.0569864043,"BNBPAX":0.0549133708,"EVXBTC":0.0397919624,"BTTBNB":0.0378100979,"EDOBTC":0.03535581,"BCHABCBTC":0.0196214601,"BTTUSDT":0.009356423,"ADABTC":0.0081369882,"BLZBTC":-0.0028935026,"VETETH":-0.0208004542,"LRCBTC":-0.0277634834,"VIBEBTC":-0.0441165759,"BTCPAX":-0.0575874962,"FUELETH":-0.0742846512,"LTCTUSD":-0.0982218457,"NULSBTC":-0.1060023564,"XMRBTC":-0.1236138491,"LTCETH":-0.1309057593,"INSBTC":-0.1309163937,"DATABTC":-0.1402194449,"NASETH":-0.1512224818,"WANBTC":-0.1666216394,"QKCBTC":-0.1734367558,"BTGBTC":-0.1741835808,"BCHABCUSDT":-0.1773061718,"GASBTC":-0.1780349926,"XMRUSDT":-0.1873506926,"HCBTC":-0.189832128,"MTLBTC":-0.2016661103,"IOSTETH":-0.2058649234,"ADAUSDT":-0.2333703207,"VETBNB":-0.2872969755,"XMRETH":-0.3013250272,"QKCETH":-0.3021156941,"BNBTUSD":-0.3074841052,"LSKBTC":-0.3114967104,"THETAUSDT":-0.3127118113,"XLMBTC":-0.3285335188,"ARKBTC":-0.3321094629,"MDABTC":-0.3388089785,"LOOMBTC":-0.3498921319,"XZCBTC":-0.3623252927,"STRATBTC":-0.3759906284,"BCHABCPAX":-0.3773002829,"BTCTUSD":-0.3789313004,"ETHTUSD":-0.3968701353,"EOSETH":-0.3985552063,"VETUSDT":-0.4158355402,"LINKBTC":-0.424694135,"ONTETH":-0.4260594829,"QTUMBTC":-0.4369832849,"LTCUSDT":-0.4369845057,"BCDBTC":-0.4603283896,"SKYBTC":-0.4723408831,"ZILETH":-0.4742521981,"EOSPAX":-0.4769844087,"ONTBTC":-0.4948231077,"DASHBTC":-0.5172585995,"LTCBTC":-0.5281419606,"TRXUSDT":-0.5407183694,"BTCUSDC":-0.5539696721,"BNBUSDC":-0.5613191508,"TRXETH":-0.5628122648,"CELRUSDT":-0.5767105982,"LTCUSDC":-0.6001361719,"LTCPAX":-0.6028102331,"NEOBNB":-0.6126673553,"ETHBTC":-0.6137634578,"ZILUSDT":-0.6326896939,"ETCBTC":-0.6369268312,"ZRXBTC":-0.6421519572,"ZECETH":-0.6446319278,"ZECBTC":-0.654909885,"ZECUSDT":-0.6613709416,"DASHETH":-0.6646516654,"ADATUSD":-0.6682811362,"ZRXUSDT":-0.6762848026,"ETHUSDT":-0.688147078,"ONTUSDT":-0.6929506857,"DASHUSDT":-0.6977943843,"IOTABTC":-0.7106776109,"NEOUSDT":-0.7149348627,"IOTAUSDT":-0.7274096433,"IOTAETH":-0.7287324818,"ETHPAX":-0.7409212245,"XRPBTC":-0.7525850139,"XRPETH":-0.7534709777,"EOSUSDC":-0.755646285,"TRXXRP":-0.7563516802,"ETCUSDT":-0.761217365,"XLMETH":-0.7637903243,"XRPUSDC":-0.7757475683,"XRPUSDT":-0.7873113733,"LINKUSDT":-0.7919847994,"EOSBTC":-0.792813253,"EOSTUSD":-0.796378281,"XRPTUSD":-0.8396064544,"NEOBTC":-0.8423999726,"EOSUSDT":-0.8490397433,"OMGBTC":-0.8565070568,"ETHUSDC":-0.8566238343,"NEOETH":-0.8829633137,"VIABTC":-0.8883528317,"XLMUSDT":-0.8957510548,"OMGUSDT":-0.8971164487,"PAXTUSD":-0.8975654931,"XRPPAX":-0.9095301199,"PIVXBTC":-0.91462623,"USDCTUSD":-0.9247845036},"startDate":"2019-04-19","endDate":"2019-04-27","numDays":7,"excludedPairs":["AMBETH","RCNETH","ARKETH","CNDETH","KEYBTC","CDTBTC","OMGBNB","NEBLETH","WAVESPAX","BTSBNB","AIONBNB","LINKTUSD","MCOETH","USDSUSDC","CMTBNB","WPRETH","MFTBNB","AIONETH","BCHSVBTC","GOBNB","LENDBTC","SCBTC","VENUSDT","TNTBTC","SNMETH","OMGETH","VENBTC","PHXBNB","ZENBNB","DASHBNB","USDCBTC","BCCUSDT","NEOTUSD","NULSETH","MTLETH","DOCKETH","KMDETH","NXSBNB","BTCUSDS","BCNBTC","PAXBNB","LINKUSDC","POABNB","FUNBTC","XZCBNB","SUBETH","TUSDETH","TUSDBNB","QSPBNB","ARNETH","ZRXETH","WINGSBTC","VIBETH","MANAETH","RLCBNB","POWRBNB","ASTETH","NEOUSDC","ENGETH","LOOMETH","DATAETH","WINGSETH","WPRBTC","INSETH","BTTUSDC","ZECBNB","ONGBNB","QLCETH","BRDETH","CELRBTC","MDAETH","MCOBNB","TRXPAX","NCASHBNB","HSRETH","PAXETH","ELFETH","CHATETH","BCPTBNB","AGIBNB","WABIETH","QSPBTC","BCHABCUSDC","WANETH","LINKPAX","XVGBTC","IOTXBTC","DENTETH","VIBEETH","ZRXBNB","BTTBTC","SCBNB","DNTBTC","CVCBNB","ARDRETH","GNTETH","YOYOETH","SKYBNB","IOTABNB","EDOETH","DOCKBTC","NEOPAX","ONTBNB","USDSTUSD","ZECPAX","PHXETH","SKYETH","TNBETH","GRSETH","QTUMBNB","RCNBNB","APPCETH","RPXBTC","STRATETH","SCETH","XZCETH","WANBNB","CVCETH","RDNETH","AEETH","QLCBTC","KEYETH","THETAETH","POAETH","VIABNB","IOTXETH","STEEMETH","HOTETH","BTTTUSD","GTOETH","PPTETH","STORMBTC","LSKETH","SALTETH","XLMUSDC","REQETH","POLYBNB","RDNBNB","ADAPAX","REPETH","NASBNB","ETCETH","BTGETH","BCNETH","BRDBNB","STORMBNB","BCNBNB","PHXBTC","QSPETH","OSTBNB","ZENETH","ADAUSDC","AGIETH","GNTBNB","POWRETH","NCASHBTC","NAVBTC","XEMBTC","BCCBNB","BCDETH","RENBTC","ARDRBTC","BCHSVUSDC","MODBTC","REPBNB","WTCETH","FUELBTC","XVGETH","TRXUSDC","NEBLBNB","VIAETH","USDSPAX","XLMTUSD","BCHSVTUSD","SYSBNB","AMBBNB","NULSBNB","CNDBTC","HCETH","VETBTC","DLTETH","LRCETH","BQXETH","OAXETH","TNTETH","ARDRBNB","STEEMBNB","RLCETH","THETABNB","NCASHETH","ICNETH","USDCBNB","USDSUSDT","LOOMBNB","NAVETH","DLTBNB","RENBNB","BCCETH","BCPTETH","YOYOBTC","POEBTC","RPXBNB","WAVESUSDC","SNTBTC","VENETH","SNTETH","XMRBNB","BCHSVUSDT","MATICBNB","BTTPAX","MODETH","VENBNB","RCNBTC","WTCBNB","MATICBTC","DCRBNB","TRXBTC","MFTBTC","PIVXETH","NXSBTC","NXSETH","BLZBNB","CLOAKBTC","IOSTBNB","DENTBTC","OSTBTC","STORJETH","ICXBNB","KNCETH","CLOAKETH","BCCBTC","TRIGETH","BNTBTC","IOSTBTC","WAVESBNB","BNBUSDS","MATICUSDT","NAVBNB","BLZETH","MTHETH","BNTETH","CMTETH","YOYOBNB","SNMBTC","DNTETH","HOTBTC","LUNETH","SYSETH","TUSDBTC","CNDBNB","BTSETH","EVXETH","ICNBTC","LINKETH","GVTETH","XLMPAX","PAXBTC","BCHSVPAX","WAVESTUSD","TRIGBTC","XEMBNB","ETCBNB","TNBBTC","APPCBNB","SUBBTC","XEMETH","OSTETH","NPXSETH","ZILBNB","NPXSBTC","XZCXRP","ZECTUSD","GOBTC","CELRBNB","STORMETH","TRXTUSD","LENDETH","AEBNB","SNGLSETH","SALTBTC","HOTBNB","ZECUSDC","QTUMETH","RPXETH","FUNETH","CHATBTC","POEETH","ZILBTC","PIVXBNB","CDTETH","TRIGBNB","GXSETH","ADXBNB","ADXETH","GTOBNB","SNGLSBTC","LSKBNB","QLCBNB","HSRBTC"]}