{"data":{"BTGBTC":0.9551316491,"ONTUSDT":0.9512043518,"ONTBTC":0.9384397834,"ARKBTC":0.9316204564,"MCOETH":0.9264187214,"NULSBTC":0.9203122969,"NEBLBTC":0.9028964344,"MCOBTC":0.8927462312,"ELFBTC":0.8852816966,"LINKUSDT":0.880237408,"RDNETH":0.8795143682,"ONTETH":0.8784500608,"REPBTC":0.8775993269,"APPCBTC":0.8737263632,"GRSBTC":0.8728825075,"HCBTC":0.8619330577,"KNCBTC":0.8537468596,"LUNBTC":0.8421705016,"ARKETH":0.8296326792,"ADXBTC":0.8293371013,"GNTBTC":0.8247942018,"RDNBTC":0.8204897878,"STRATBTC":0.7992779809,"EOSBTC":0.7991578569,"STORJBTC":0.7917493255,"BQXBTC":0.7903689667,"ARNBTC":0.783510212,"MITHBTC":0.7784203726,"ZENBTC":0.7778723519,"APPCETH":0.7745184844,"EVXBTC":0.7729212988,"NULSUSDT":0.767053561,"WTCBTC":0.764387302,"LINKBTC":0.7598190007,"GASBTC":0.7486806332,"POWRBTC":0.7341205474,"NANOBTC":0.7318834827,"KMDBTC":0.7292349006,"EDOBTC":0.7239023756,"BCHSVUSDT":0.7213903361,"ELFETH":0.7154021713,"BCHSVBTC":0.6984426017,"STORJETH":0.6948138507,"NAVBTC":0.68799551,"STEEMBTC":0.687284197,"AEBTC":0.6771176923,"CVCBTC":0.6759873354,"ENGBTC":0.6727640912,"KMDETH":0.6582393009,"PIVXBTC":0.6511618653,"MDABTC":0.6505262373,"ETHUSDT":0.6358992059,"QTUMBTC":0.6299826076,"ENJETH":0.6157655392,"EOSETH":0.6155987084,"XRPBTC":0.6138861926,"BATBTC":0.6021741638,"LTCUSDC":0.5899976853,"BTCUSDT":0.5896328648,"ICXUSDT":0.5882445777,"EOSUSDT":0.5874227073,"IOTAUSDT":0.5871743943,"ETHBTC":0.5803263333,"MODBTC":0.5789161941,"TRXUSDT":0.5770360528,"XRPUSDT":0.576709468,"NEOUSDT":0.5678234129,"ETHPAX":0.5673335503,"OMGBTC":0.5632486967,"ADAUSDT":0.5618431333,"WABIBTC":0.5545368738,"VETUSDT":0.5495486988,"BCHABCBTC":0.5262874857,"DCRBTC":0.5240574584,"QTUMUSDT":0.5238785373,"WAVESBTC":0.5194866623,"ETCBTC":0.5189923627,"BTCPAX":0.5173983828,"BTTBNB":0.5126363669,"ETHUSDC":0.5116861051,"ARNETH":0.5081619806,"NEOBTC":0.5064755434,"NEOETH":0.4973445402,"MTLBTC":0.4959756037,"NXSBTC":0.4874188001,"NEOTUSD":0.4850996624,"XLMETH":0.4814368496,"NASBTC":0.4810946713,"NANOETH":0.4802800858,"XRPTUSD":0.4726892593,"XEMBTC":0.4645618246,"XZCBTC":0.4631009781,"LSKBTC":0.4616946454,"THETABTC":0.4574483485,"POLYBTC":0.4474327242,"THETABNB":0.4253610163,"ETCUSDT":0.4234394878,"BATETH":0.4177250001,"BCHABCUSDT":0.4159066695,"GVTBTC":0.409073358,"TRXXRP":0.4049121371,"BCDBTC":0.4039265923,"IOTABTC":0.4026473037,"DASHBTC":0.4003944392,"XRPUSDC":0.3920050078,"XRPETH":0.3904943974,"BNBUSDT":0.3877175417,"TRXETH":0.3864520648,"SKYBTC":0.3685717215,"EOSTUSD":0.3606675104,"LTCBTC":0.3574155358,"BTCUSDC":0.3521385382,"THETAETH":0.3508640175,"TRXTUSD":0.3464574155,"IOTAETH":0.3463053893,"BNBBTC":0.3408644412,"LINKETH":0.3352473899,"EOSPAX":0.3296684431,"WAVESETH":0.3268772348,"OMGETH":0.3243167874,"OAXBTC":0.3224715613,"EOSBNB":0.3156266802,"BCHSVTUSD":0.3127691558,"ZECBTC":0.3091678265,"NEOBNB":0.2981614112,"LTCUSDT":0.295029057,"LTCBNB":0.288666887,"EOSUSDC":0.2879554422,"XRPPAX":0.2849969188,"XLMBNB":0.2783163217,"TRXBNB":0.2614571701,"XRPBNB":0.233204527,"ADABNB":0.2330096256,"XMRETH":0.2277235287,"USDCPAX":0.2194596262,"VETETH":0.2134983817,"PPTBTC":0.2093266746,"ONTBNB":0.2084132074,"GXSBTC":0.2065116555,"WAVESUSDT":0.205650998,"LINKTUSD":0.1926181599,"TUSDETH":0.1925607882,"XMRBTC":0.1913959982,"BNBETH":0.1824871296,"ADAETH":0.1742421836,"USDCTUSD":0.1713358827,"LTCETH":0.1684990251,"DASHETH":0.1654880968,"TUSDBNB":0.16459231,"LTCTUSD":0.1601976516,"ADATUSD":0.1499665081,"ZILETH":0.1451607407,"XLMUSDT":0.1292971387,"BTCUSDS":0.1110152553,"ZRXBTC":0.0853148201,"XLMTUSD":0.063994317,"FUELETH":0.0332978213,"ICXBTC":0.0237244589,"XLMUSDC":0.0133828133,"WAVESTUSD":0.008442271,"TUSDBTC":0.0051307352,"PAXTUSD":-0.0003529137,"XLMPAX":-0.0207155376,"BNBPAX":-0.0224265362,"DLTBTC":-0.0258766126,"PAXUSDT":-0.045860827,"USDCUSDT":-0.0462234011,"ICXETH":-0.0542141628,"WANBTC":-0.0637999615,"BCHABCTUSD":-0.0691443242,"TUSDUSDT":-0.0979402495,"BTTUSDT":-0.1070218834,"INSBTC":-0.1231562412,"AIONBTC":-0.1360325741,"ZECETH":-0.1388477984,"DGDBTC":-0.3578888898,"CLOAKBTC":-0.4317108282,"WINGSBTC":-0.5060996772,"SUBBTC":-0.6541496927,"BNBUSDC":-0.7198823361,"SALTBTC":-0.7909615522},"startDate":"2019-02-12","endDate":"2019-02-19","numDays":7,"excludedPairs":["EVXETH","WTCBNB","GVTETH","USDSTUSD","IOSTETH","BATBNB","LRCETH","IOSTBTC","LSKBNB","TNBBTC","POWRBNB","HOTUSDT","ARDRBNB","LSKETH","RPXBTC","ENJBTC","WPRETH","STRATETH","ZENBNB","SCBTC","USDSUSDT","CNDBNB","GOBTC","CHATBTC","NULSETH","OSTBNB","RPXBNB","DNTETH","PPTETH","IOTXETH","DATABTC","SKYBNB","LENDBTC","GTOBTC","QLCETH","WABIETH","VENUSDT","VENBNB","GOBNB","BTTBTC","HSRETH","BTSETH","CLOAKETH","SNTETH","DNTBTC","WABIBNB","BCPTBNB","RCNBNB","BCPTBTC","LENDETH","DENTBTC","ETCETH","EDOETH","STORMBTC","CDTETH","VIBETH","RDNBNB","KEYETH","SNGLSBTC","USDCBNB","ASTETH","PHXBNB","VIAETH","DENTETH","HCETH","RCNBTC","RVNBTC","GXSETH","PHXETH","STORMETH","TNTETH","MFTETH","XEMBNB","QSPBTC","WINGSETH","NXSETH","LRCBTC","IOTABNB","PIVXBNB","TRIGETH","LOOMBNB","FUNBTC","OSTBTC","RVNBNB","MFTBTC","ONGBNB","ICNETH","BQXETH","AGIBTC","DOCKBTC","BCCETH","QKCETH","BTSBTC","POWRETH","SNMBTC","PAXBNB","NEBLETH","DATAETH","RLCETH","BTSBNB","HSRBTC","ARDRBTC","STORMBNB","ENGETH","USDSPAX","BCHSVPAX","YOYOETH","QLCBTC","BCPTETH","ONGUSDT","TRXPAX","GNTETH","BCCBTC","POLYBNB","PIVXETH","VIBBTC","YOYOBNB","NPXSBTC","AIONETH","ZILBNB","BLZBNB","AEBNB","GTOBNB","BCDETH","PAXETH","INSETH","LINKPAX","BCCUSDT","DLTETH","MANAETH","XZCXRP","YOYOBTC","NAVBNB","AMBBNB","NASETH","REPBNB","BNBUSDS","ICNBTC","ZRXETH","ETCBNB","CVCETH","XVGETH","TRXBTC","APPCBNB","HOTETH","IOTXBTC","NPXSETH","BCHSVUSDC","NAVETH","MANABTC","TNBETH","POABNB","REQBTC","BCNBNB","XVGBTC","BTTUSDC","SNTBTC","REQETH","BLZETH","MODETH","NCASHETH","CMTBNB","NEBLBNB","SYSETH","WAVESPAX","SCETH","AIONBNB","SUBETH","TRIGBTC","DLTBNB","ADXETH","AMBBTC","CNDETH","RPXETH","ZENETH","BTTTUSD","BCHABCPAX","VETBTC","STEEMETH","VENETH","HOTBNB","QSPETH","VIBEBTC","SNMETH","FUELBTC","RLCBNB","REPETH","LINKUSDC","TRIGBNB","RENBTC","ASTBTC","STEEMBNB","OSTETH","NANOBNB","CMTETH","ICXBNB","VIABTC","CMTBTC","POEETH","ARDRETH","NCASHBNB","AEETH","CDTBTC","GTOETH","BCHABCUSDC","WANBNB","QSPBNB","XEMETH","BCNETH","VENBTC","RENBNB","SNGLSETH","NXSBNB","ZILBTC","POABTC","ADXBNB","BRDBNB","GRSETH","LOOMETH","PHXBTC","BCCBNB","BNTETH","QLCBNB","SYSBTC","FUNETH","CVCBNB","AMBETH","CNDBTC","OAXETH","WTCETH","MFTBNB","SYSBNB","BRDBTC","MITHBNB","VIBEETH","MTLETH","USDCBTC","DGDETH","HOTBTC","RLCBTC","TNTBTC","KNCETH","XZCBNB","VETBNB","ENJBNB","BTTPAX","SALTETH","CHATETH","WANETH","AGIETH","MTHETH","AGIBNB","MTHBTC","DOCKETH","SCBNB","LOOMBTC","NASBNB","SKYETH","ADABTC","QTUMBNB","RCNETH","TRXUSDC","BTGETH","WAVESBNB","KEYBTC","LUNETH","GNTBNB","USDSUSDC","LTCPAX","QKCBTC","DCRBNB","WAVESUSDC","XLMBTC","BCNBTC","POEBTC","NULSBNB","BRDETH","BLZBTC","XZCETH","PAXBTC","ONGBTC","MCOBNB","BNTBTC","WPRBTC","QTUMETH","VIABNB","NCASHBTC","MDAETH","POAETH"]}