{"data":{"WANBTC":0.9450679468,"WANETH":0.9439356298,"MDABTC":0.9194358581,"SKYBTC":0.916718307,"EVXBTC":0.9139504671,"EOSBNB":0.9117383293,"PHBBNB":0.9057515629,"EOSBTC":0.8999294685,"NAVBTC":0.89741633,"ZILUSDT":0.88798349,"ICXETH":0.8526921487,"ZILBNB":0.8481795184,"ICXBTC":0.8469972225,"ICXUSDT":0.8411400057,"XZCBTC":0.8300849639,"GXSBTC":0.8267907801,"PIVXBTC":0.8210994423,"EOSETH":0.8126304356,"USDCUSDT":0.8093781398,"WTCBTC":0.8037968325,"ICXBNB":0.803382302,"ENJETH":0.7800848249,"ADAUSDT":0.779881762,"EOSUSDT":0.7765699168,"RVNBNB":0.7538838935,"TFUELBNB":0.7526157966,"BCPTBTC":0.7525573682,"RVNBTC":0.7508055398,"ENGBTC":0.7430635559,"RDNBTC":0.7415408549,"EOSPAX":0.7412063678,"PAXUSDT":0.7397370368,"ENJUSDT":0.7326017387,"QTUMBTC":0.7300508774,"ETCETH":0.7232326004,"TRXETH":0.7230471442,"ENJBTC":0.7181024084,"TRXXRP":0.7146134023,"TUSDUSDT":0.7130480101,"EOSUSDC":0.7119939687,"LINKBTC":0.709264147,"QTUMUSDT":0.6946092186,"LINKUSDC":0.6918295406,"AIONBTC":0.6901894138,"TRXBNB":0.6699064844,"TFUELUSDT":0.6688385475,"ADAETH":0.663163794,"RLCBTC":0.6620205752,"NXSBTC":0.6610881097,"EOSTUSD":0.6592449386,"ZILETH":0.6574687476,"LINKUSDT":0.6566971769,"KMDBTC":0.6564694859,"FETBTC":0.6420973281,"IOTABTC":0.6414862918,"TRXUSDT":0.6376592797,"NEBLBTC":0.6374738025,"ADABNB":0.6350944192,"IOTAUSDT":0.63258327,"OAXBTC":0.6295349997,"TRXUSDC":0.6286270016,"DGDBTC":0.6212088512,"MATICUSDT":0.6167971391,"BTTBNB":0.61604628,"USDCPAX":0.6156053106,"BNBUSDT":0.6153596274,"NANOUSDT":0.6095847109,"ZECBTC":0.6027585797,"MCOBTC":0.5980409947,"IOTABNB":0.5909481639,"BCDBTC":0.5905977071,"GVTBTC":0.5789608589,"NASBTC":0.5778148313,"QTUMETH":0.5641680006,"MTLBTC":0.5596766438,"ADAUSDC":0.5492597979,"BCDETH":0.5462024217,"STEEMBTC":0.5423435987,"ZECUSDT":0.5384587378,"MITHUSDT":0.5244817988,"PPTBTC":0.5172780066,"THETAUSDT":0.5051646609,"USDCTUSD":0.500580492,"THETABTC":0.4910635733,"LTCBNB":0.4901136452,"NEOBTC":0.4843440925,"ONTUSDT":0.4807914745,"HOTBNB":0.4777438267,"XLMUSDT":0.4774482079,"FETBNB":0.4751710066,"ONGUSDT":0.4740470417,"OMGUSDT":0.4619296786,"VETUSDT":0.4618533095,"TRXTUSD":0.4616898545,"MFTBNB":0.461236716,"IOTAETH":0.4571361542,"NEOUSDT":0.4479269211,"FETUSDT":0.4386466122,"ZRXUSDT":0.437369695,"ONTBTC":0.4318164551,"BNBETH":0.4295615846,"NEOETH":0.4268052884,"XRPETH":0.426543917,"CELRBNB":0.422925967,"MATICBNB":0.4112578724,"OMGBTC":0.4080396556,"FUELETH":0.4071487652,"INSBTC":0.3961682755,"ARNBTC":0.3874615602,"BNBBTC":0.3860003615,"XMRBTC":0.3807847892,"LINKETH":0.3781400992,"XLMETH":0.3750334797,"WAVESBTC":0.3731098461,"ZRXBTC":0.3709143573,"ATOMBNB":0.3679713159,"NANOBTC":0.3609654403,"BTGBTC":0.360578134,"BTTTUSD":0.3556956099,"BTTUSDT":0.3550686367,"MFTETH":0.3540859847,"XRPUSDT":0.3485428502,"WAVESUSDT":0.3413423015,"ATOMUSDT":0.3389900147,"LINKTUSD":0.3363190604,"WABIBTC":0.3326271406,"WAVESETH":0.3305659278,"XRPTUSD":0.3218418967,"VETETH":0.3102404791,"NEOTUSD":0.3101129584,"HOTUSDT":0.2968722312,"CELRUSDT":0.2960945865,"XRPBTC":0.291067092,"ETHBTC":0.2809335735,"ETHUSDT":0.2616273928,"NEOBNB":0.261382028,"ETCBTC":0.2608795421,"STRATBTC":0.2576859276,"BATUSDT":0.2422304484,"ZECTUSD":0.2341780492,"ATOMBTC":0.2328171521,"ETCUSDT":0.227053942,"THETAETH":0.204841353,"VIABTC":0.1935787152,"ELFBTC":0.1725152378,"NULSUSDT":0.1637525436,"BTTUSDC":0.1597069199,"XRPPAX":0.1427958977,"WAVESTUSD":0.1372783838,"VETBNB":0.1248755124,"ONGBTC":0.1238390238,"LTCETH":0.1166335993,"DASHBTC":0.1028273418,"ETHPAX":0.1019934439,"KNCBTC":0.0954784274,"XMRUSDT":0.0923419456,"LTCBTC":0.0917714901,"DASHUSDT":0.0913906989,"NULSBTC":0.0739202135,"ETHUSDC":0.0722937499,"GASBTC":0.0717189074,"STORJBTC":0.0625265289,"BATBNB":0.045878261,"AEBTC":0.0354974378,"BATBTC":0.0332203926,"BATETH":0.0261347962,"ADATUSD":0.019367842,"LTCUSDC":0.0021272039,"LSKBTC":0.0019694725,"XRPBNB":-0.0010456196,"REPBTC":-0.0041019811,"DCRBTC":-0.0079288563,"QKCETH":-0.0103261379,"TRXPAX":-0.0105136653,"XRPUSDC":-0.0231288353,"XLMTUSD":-0.0233098715,"ARKBTC":-0.0412361164,"GRSBTC":-0.048099862,"BTCTUSD":-0.057855937,"LUNBTC":-0.0667039664,"BTCPAX":-0.1258228729,"BTCUSDS":-0.1304990404,"BCHABCUSDT":-0.1405947549,"BTCUSDC":-0.1559486108,"BNBUSDC":-0.1697961967,"IOSTUSDT":-0.2122885442,"BTCUSDT":-0.2272139914,"LTCUSDT":-0.2417591799,"PAXTUSD":-0.2540125236,"ETHTUSD":-0.3266288982,"BNBPAX":-0.3271853023,"BCHABCTUSD":-0.355467351,"HCBTC":-0.36253694,"XLMBNB":-0.3774140555,"LTCPAX":-0.3808545983,"BCHABCPAX":-0.4360175044,"BCHABCUSDC":-0.4408556658,"BCHABCBTC":-0.6041905169,"LTCTUSD":-0.6973895356,"BNBTUSD":-0.869754298},"startDate":"2019-05-30","endDate":"2019-06-07","numDays":7,"excludedPairs":["RCNETH","PHXBNB","PPTETH","NULSETH","USDCBNB","VETBTC","MITHBNB","OSTETH","KMDETH","LENDBTC","IOSTBNB","ENGETH","MTHETH","IOSTETH","SNGLSETH","AEETH","TUSDETH","WAVESPAX","HSRETH","BCCBNB","GTOBNB","NPXSBTC","RLCBNB","QLCETH","BNBUSDS","DATAETH","PHBTUSD","SNMETH","CHATETH","DOCKBTC","LSKBNB","ADXBNB","REPETH","MDAETH","NCASHBTC","BCCUSDT","MTHBTC","ONTBNB","ELFETH","BLZBTC","DENTETH","REPBNB","ZRXETH","CMTBTC","TUSDBTC","IOTXETH","NANOBNB","PAXBNB","RDNBNB","POABTC","WTCBNB","XVGBTC","VIBEETH","TNBBTC","INSETH","CNDETH","BCNETH","XZCBNB","KNCETH","WABIBNB","BNTBTC","POWRBNB","AGIBNB","FUNETH","SUBBTC","GNTBNB","STORMBTC","BQXETH","GVTETH","WPRETH","YOYOBNB","BCHSVBTC","OSTBNB","XMRETH","VIBEBTC","RCNBNB","ZENBNB","AGIETH","NEOUSDC","DATABTC","BRDETH","OMGBNB","MANABTC","ONTETH","ASTBTC","TUSDBNB","SALTBTC","NXSBNB","QSPBNB","CMTETH","PAXBTC","QLCBNB","TFUELTUSD","ARDRBTC","APPCBTC","OAXETH","NASBNB","USDCBTC","PHBPAX","CHATBTC","ZRXBNB","CNDBNB","ETCPAX","KEYBTC","POLYBTC","ZECUSDC","AGIBTC","DLTBNB","BCPTBNB","ONEUSDC","CMTBNB","EDOBTC","ADXETH","XZCETH","XLMPAX","GOBNB","AMBBNB","ARNETH","BCHSVPAX","USDSTUSD","GOBTC","NCASHETH","NXSETH","ATOMTUSD","GNTBTC","WABIETH","IOSTBTC","POWRBTC","NEBLETH","VENBTC","WAVESUSDC","ONETUSD","BCPTETH","RPXBNB","DLTETH","RDNETH","BLZETH","GRSETH","POABNB","SCBNB","BCHSVUSDT","TFUELPAX","SNTETH","VENUSDT","VIBETH","KEYETH","STRATETH","POWRETH","ONEUSDT","MFTBTC","TFUELUSDC","TRIGBNB","APPCBNB","MCOETH","ZENBTC","SNGLSBTC","SUBETH","ASTETH","VENBNB","STORMETH","BCCETH","DOCKETH","BNTETH","TFUELBTC","TNBETH","NANOETH","LINKPAX","LRCETH","ATOMPAX","BQXBTC","STEEMBNB","ONGBNB","AIONBNB","GTOETH","SNTBTC","FUELBTC","NCASHBNB","DNTETH","BATUSDC","RLCETH","TNTBTC","DNTBTC","QSPBTC","QKCBTC","ONEBTC","ATOMUSDC","TRXBTC","GXSETH","ARDRETH","APPCETH","BCNBTC","YOYOETH","SYSETH","GNTETH","BCNBNB","RCNBTC","LOOMBTC","ENJBNB","XZCXRP","QLCBTC","SYSBTC","RENBNB","CDTETH","XEMBTC","REQETH","PHBBTC","DASHETH","RPXBTC","NAVBNB","XLMUSDC","STORJETH","POLYBNB","LOOMBNB","POEBTC","REQBTC","POEETH","TRIGETH","XMRBNB","GTOBTC","CVCETH","SNMBTC","ETCUSDC","QSPETH","SYSBNB","DCRBNB","VIABNB","ONEPAX","HSRBTC","PHXBTC","BATTUSD","DENTBTC","DGDETH","BTTPAX","BTTBTC","BATPAX","NASETH","WINGSETH","DLTBTC","ZILBTC","CDTBTC","BTSBTC","LSKETH","SCBTC","MANAETH","NAVETH","IOTXBTC","BCHSVUSDC","AMBBTC","BTGETH","AMBETH","ONEBNB","SKYBNB","ETCBNB","SKYETH","FUNBTC","HCETH","THETABNB","XLMBTC","HOTETH","NULSBNB","AIONETH","VIBBTC","BLZBNB","XEMBNB","BCHSVTUSD","NEBLBNB","ARKETH","CVCBTC","RENBTC","CLOAKETH","TRIGBTC","POAETH","LOOMETH","EVXETH","ETCTUSD","ARDRBNB","TNTETH","PHXETH","AEBNB","PAXETH","WPRBTC","MATICBTC","RPXETH","BCCBTC","BTSBNB","HOTBTC","LENDETH","PHBUSDC","XVGETH","WTCETH","VIAETH","SALTETH","OMGETH","LRCBTC","CLOAKBTC","BRDBTC","ZENETH","XEMETH","LUNETH","ZECETH","STEEMETH","EDOETH","MITHBTC","WINGSBTC","MODBTC","ICNBTC","MODETH","CNDBTC","ADXBTC","ADABTC","SCETH","YOYOBTC","CVCBNB","MCOBNB","ZECPAX","NPXSETH","WANBNB","MTLETH","PIVXBNB","CELRBTC","USDSUSDT","DASHBNB","BRDBNB","ADAPAX","USDSUSDC","STORMBNB","QTUMBNB","ICNETH","ZECBNB","OSTBTC","WAVESBNB","USDSPAX","NEOPAX","PIVXETH","BTSETH","VENETH"]}