{"data":{"BATUSDT":0.9627361187,"BLZBTC":0.9584018698,"WABIBTC":0.9577200138,"BATBTC":0.9522552986,"WABIBNB":0.9469062364,"MANABTC":0.9419169019,"BATBNB":0.9365855311,"WABIETH":0.9350840117,"MANAETH":0.9275963107,"BATETH":0.9267648985,"PIVXBTC":0.8979670174,"ELFBTC":0.8907682182,"QLCBTC":0.8904456216,"VIBETH":0.8765105982,"AMBBTC":0.8668843587,"QLCETH":0.8504556498,"WTCBTC":0.8500997296,"DGDBTC":0.8271586609,"VIABTC":0.8156583947,"OAXBTC":0.8034466843,"ADXBTC":0.8010857998,"OAXETH":0.8010730186,"STORJBTC":0.7916467093,"MTLBTC":0.7915423976,"APPCBTC":0.790952571,"NULSBTC":0.7881710252,"SYSBTC":0.7853560245,"GRSBTC":0.7836211599,"POLYBNB":0.7533007144,"POLYBTC":0.7519999262,"EOSBTC":0.7515362904,"ASTBTC":0.7463509809,"TRXBNB":0.7449780971,"TRXUSDT":0.7447600603,"REPBTC":0.741736553,"HCBTC":0.7366832162,"XZCBTC":0.7226224377,"SKYBTC":0.7099184709,"BTSBTC":0.7021010745,"ENGETH":0.6992668,"ENGBTC":0.697536538,"EOSETH":0.6922122705,"GNTBTC":0.6921548515,"EOSUSDT":0.6897899284,"GASBTC":0.6897609599,"BQXBTC":0.6859978463,"TRXETH":0.6847576358,"POWRBTC":0.6810448378,"QTUMUSDT":0.6794695338,"NULSUSDT":0.6793971002,"ZECUSDT":0.6710900931,"KNCBTC":0.6667314115,"ENJBNB":0.665107044,"TRXTUSD":0.6619083841,"EVXETH":0.6567657108,"AIONBTC":0.655842011,"EVXBTC":0.6406507204,"ETCBTC":0.6389629052,"GXSBTC":0.6386703814,"STRATBTC":0.6341829186,"RLCBTC":0.6331319877,"FETBNB":0.6280819411,"PPTBTC":0.6243106983,"LINKETH":0.6200972617,"DLTBTC":0.6181976037,"NAVBTC":0.6091887964,"INSBTC":0.6070720845,"USDSTUSD":0.6063699976,"WANBTC":0.6001323579,"OMGBTC":0.5978271772,"IOTABTC":0.5953348356,"MCOBTC":0.595172698,"ARKBTC":0.5897210019,"KMDBTC":0.5867640654,"GXSETH":0.5864839046,"BNTBTC":0.5786724659,"TRXXRP":0.5738621909,"ETCUSDT":0.5664367594,"ZENBTC":0.5594125681,"BRDBTC":0.5559539275,"ONTBTC":0.5425208178,"LSKBTC":0.5342170521,"LINKBTC":0.5309272182,"GVTBTC":0.5202717772,"ICXBTC":0.5116727789,"EOSBNB":0.5104104394,"QTUMBTC":0.4933874951,"RDNBTC":0.4915996475,"OMGETH":0.4801099368,"ARDRBTC":0.4791570411,"ETCETH":0.4766568755,"ZILETH":0.4724779592,"LUNBTC":0.4723133678,"ARNBTC":0.4685924193,"BCHSVUSDT":0.4596451572,"ONTBNB":0.4594843321,"VETBNB":0.4575248876,"FETBTC":0.4468546863,"DASHBTC":0.4385015801,"LINKUSDT":0.413349481,"IOTAUSDT":0.4090760971,"ZILUSDT":0.4071388446,"BTTBNB":0.4020755523,"BNBETH":0.3975435286,"NEOETH":0.3699688215,"FUELETH":0.3543890508,"BNBUSDC":0.3442585996,"KNCETH":0.337132572,"USDCUSDT":0.3351161312,"ICXUSDT":0.3334992532,"BNBBTC":0.328222497,"ONGUSDT":0.3205606924,"DCRBTC":0.3180322904,"LTCTUSD":0.3133358672,"RVNBNB":0.3101481892,"TUSDUSDT":0.3027627117,"ONTUSDT":0.2937859098,"EOSTUSD":0.2872227055,"FETUSDT":0.2823669217,"BNBTUSD":0.2707852566,"BNBUSDT":0.2568347231,"ETHUSDC":0.2549330471,"ENJBTC":0.2537612923,"VETUSDT":0.2512886794,"XRPBNB":0.2375649547,"NEBLBTC":0.1982119263,"BTCPAX":0.1914617653,"RVNBTC":0.1902417413,"NASBTC":0.1695189149,"ICXETH":0.1590077603,"LTCUSDT":0.1552250496,"NEOBTC":0.1496582949,"ENJETH":0.1392680231,"BNBPAX":0.1313754628,"LTCPAX":0.1239716928,"ZRXETH":0.1114142801,"IOSTBNB":0.1103567606,"ZECBTC":0.0957914519,"ZRXUSDT":0.0909357595,"ZRXBTC":0.0905236169,"MDABTC":0.0872405742,"ETHUSDT":0.0725109205,"MDAETH":0.0567011759,"IOSTUSDT":0.0418650106,"LTCBTC":0.0125952079,"ARNETH":0.002793208,"NEOUSDT":-0.0355096822,"ADABNB":-0.0416359685,"BTCTUSD":-0.0465669737,"BTTUSDT":-0.0619040159,"ETHPAX":-0.0646241763,"XLMBNB":-0.0864284099,"VETETH":-0.0900495081,"XMRUSDT":-0.0928031431,"ONTETH":-0.104183716,"ETHTUSD":-0.1041858674,"ETHBTC":-0.1123961674,"ONGBTC":-0.1162656826,"XMRBTC":-0.1201595099,"BCDBTC":-0.1246329292,"PAXUSDT":-0.1524002831,"STEEMBTC":-0.1682524757,"BCHABCTUSD":-0.1718925285,"LTCETH":-0.1893061855,"ADABTC":-0.1960503381,"HOTUSDT":-0.1979491212,"XLMBTC":-0.2054989793,"EDOBTC":-0.2272267982,"BCHSVBTC":-0.2297277432,"ADAETH":-0.2396241272,"BCHABCPAX":-0.2549550078,"USDCPAX":-0.2704705518,"BTCUSDT":-0.2709363882,"BCHABCBTC":-0.2816162023,"ADAUSDT":-0.2962095946,"BTCUSDC":-0.3057675203,"NANOBTC":-0.3211971135,"BCHABCUSDT":-0.3459147692,"XRPBTC":-0.3710951047,"NASETH":-0.3931764118,"AEBTC":-0.412300168,"WAVESUSDT":-0.4425368525,"XLMETH":-0.4431893734,"LTCBNB":-0.4523295145,"NXSBTC":-0.4800533892,"XLMUSDT":-0.4942866497,"XRPTUSD":-0.5758078815,"XRPPAX":-0.5887938618,"THETABTC":-0.5911062969,"WAVESBTC":-0.6050592233,"XRPUSDT":-0.6101275072,"BTGBTC":-0.6183502097,"THETAETH":-0.6261535709,"ADATUSD":-0.6714270383,"XRPETH":-0.7294727475,"IOSTETH":-0.7752850768},"startDate":"2019-03-23","endDate":"2019-03-30","numDays":7,"excludedPairs":["STORMBTC","HSRETH","LTCUSDC","CNDETH","XEMETH","XVGETH","CNDBNB","RENBTC","CELRUSDT","DASHETH","STORMETH","BNBUSDS","XMRETH","PPTETH","WPRETH","PAXTUSD","DASHUSDT","POABNB","DENTETH","DOCKETH","PHXBTC","VIBEETH","SNMBTC","WAVESBNB","ETCBNB","NEOPAX","DOCKBTC","ZECUSDC","IOTXBTC","LUNETH","KMDETH","HOTETH","NEOBNB","STORJETH","PAXBNB","TRXPAX","GTOETH","GOBNB","CVCETH","WANETH","ARKETH","NULSETH","NCASHBTC","KEYETH","EDOETH","LOOMBTC","NPXSBTC","NEOTUSD","SKYBNB","MODBTC","XZCBNB","USDCBTC","PIVXBNB","BLZETH","BCHABCUSDC","XRPUSDC","RPXETH","BTTUSDC","VIABNB","POAETH","BCPTBTC","GVTETH","REQBTC","XLMTUSD","DLTETH","NEBLETH","CLOAKETH","BCCETH","SNGLSETH","MTLETH","DGDETH","SKYETH","USDSUSDC","BLZBNB","BCCBNB","QTUMETH","USDSPAX","TUSDBNB","BNTETH","CMTBTC","TRIGETH","APPCETH","SCETH","ZECBNB","NASBNB","RLCETH","MFTBNB","STEEMETH","TRIGBNB","ZILBTC","WAVESTUSD","DLTBNB","DCRBNB","DATABTC","LRCETH","EOSUSDC","ARDRETH","QTUMBNB","CMTETH","NXSETH","FUNBTC","DASHBNB","HSRBTC","TUSDBTC","NCASHETH","TNTBTC","CHATETH","AGIETH","KEYBTC","WAVESETH","STORMBNB","IOTXETH","LSKETH","ZENETH","NXSBNB","AMBBNB","CLOAKBTC","POABTC","BTGETH","WAVESUSDC","WPRBTC","LSKBNB","TRIGBTC","RCNETH","PHXBNB","ZENBNB","EOSPAX","WINGSBTC","ZILBNB","MFTETH","AIONBNB","NPXSETH","BCNETH","IOSTBTC","USDSUSDT","ADAPAX","QSPBTC","CMTBNB","WINGSETH","YOYOBTC","BCHSVTUSD","NCASHBNB","BCNBNB","OSTBTC","REPETH","TRXBTC","RDNETH","GTOBTC","CDTBTC","FUELBTC","GNTETH","POEETH","SNTBTC","IOTABNB","ICNETH","MCOETH","BTCUSDS","BCHSVUSDC","QLCBNB","ONGBNB","MTHBTC","RCNBTC","RLCBNB","SYSETH","SALTBTC","ADXBNB","HCETH","SUBBTC","QSPETH","RENBNB","SNGLSBTC","ZRXBNB","BTSBNB","ARDRBNB","BCPTETH","SNTETH","MTHETH","PAXETH","AGIBNB","BTTPAX","VETBTC","ZECETH","PAXBTC","GTOBNB","NULSBNB","AMBETH","ELFETH","REQETH","XZCXRP","XZCETH","GOBTC","SALTETH","XMRBNB","FUNETH","SYSBNB","NEBLBNB","INSETH","HOTBTC","MITHBTC","STRATETH","BQXETH","VENBNB","VIAETH","VENETH","BCHSVPAX","VIBBTC","RPXBNB","REPBNB","APPCBNB","ICNBTC","ASTETH","DENTBTC","IOTAETH","LENDETH","LINKTUSD","MCOBNB","BCNBTC","MODETH","YOYOBNB","STEEMBNB","AEBNB","RPXBTC","CVCBNB","OSTBNB","PIVXETH","RCNBNB","XLMPAX","TNTETH","LENDBTC","RDNBNB","XEMBTC","VENBTC","YOYOETH","CDTETH","VENUSDT","POWRBNB","DATAETH","AGIBTC","MITHBNB","NANOETH","CVCBTC","NAVBNB","LRCBTC","BRDBNB","USDCTUSD","TNBETH","QKCETH","AIONETH","SUBETH","USDCBNB","BTTTUSD","ZECTUSD","ZECPAX","POWRETH","SNMETH","TNBBTC","GNTBNB","GRSETH","AEETH","ADXETH","QKCBTC","PHXETH","SCBNB","XEMBNB","POEBTC","WTCETH","BCDETH","BCCUSDT","BRDETH","HOTBNB","NAVETH","LINKPAX","ADAUSDC","TUSDETH","VIBEBTC","CELRBTC","DNTETH","BTSETH","BCCBTC","LOOMETH","DNTBTC","CELRBNB","WTCBNB","CHATBTC","WANBNB","XVGBTC","OSTETH","BCPTBNB","SCBTC","THETABNB","NEOUSDC","MFTBTC","LINKUSDC","WAVESPAX","BTTBTC","XLMUSDC","ICXBNB","QSPBNB","NANOBNB","LOOMBNB","CNDBTC","TRXUSDC"]}