{"data":{"APPCBTC":0.8688011492,"LINKBTC":0.8596676832,"DLTBTC":0.8532355022,"TRXBTC":0.8492777504,"DLTETH":0.8345457888,"BNBUSDT":0.8315906363,"TRXBNB":0.8307415866,"PPTBTC":0.8118011146,"QTUMBTC":0.8099314738,"TRXXRP":0.7989896823,"REPBTC":0.7987267586,"PIVXBTC":0.7913343602,"PHXETH":0.790470598,"TRXUSDT":0.7818764047,"HCBTC":0.778099298,"RLCBTC":0.7492755459,"QTUMUSDT":0.7469911952,"TRXETH":0.7443625312,"BNBBTC":0.7264373195,"VIBEETH":0.72181602,"AEBTC":0.7172313114,"WABIBTC":0.7068080341,"XZCBTC":0.7014524797,"ZENBTC":0.6967218563,"OAXBTC":0.6854894107,"SALTBTC":0.6818858435,"HCETH":0.668137807,"REPETH":0.6561214772,"VIBEBTC":0.6500688093,"INSBTC":0.6436750621,"SYSBTC":0.6429702117,"NEOETH":0.6303632211,"BNBUSDC":0.6269204442,"WINGSBTC":0.620614367,"LINKETH":0.6045334132,"ZILETH":0.5850442708,"TRXTUSD":0.5809094304,"WTCBTC":0.5796335857,"QKCETH":0.5743049788,"POLYBTC":0.5678259802,"EOSUSDC":0.5571206963,"QKCBTC":0.5570415674,"NEOBNB":0.5513602493,"NEOBTC":0.5364428592,"ONTBTC":0.5320560268,"NEOUSDT":0.5170832161,"GASBTC":0.516580848,"NEOTUSD":0.5107647585,"MDABTC":0.4994097421,"STEEMBTC":0.4951826384,"DOCKETH":0.4767417895,"BCHSVBTC":0.4763562282,"BQXBTC":0.4562851242,"RDNBTC":0.4391881106,"BCHSVUSDT":0.4264330793,"AEETH":0.4223633706,"XVGETH":0.4155071868,"STORJBTC":0.4100319167,"LTCBNB":0.3954929069,"ONTUSDT":0.3926371031,"STRATBTC":0.3862124791,"ARNBTC":0.384738237,"BNBPAX":0.3744401181,"XEMETH":0.3599083319,"NXSBTC":0.3566254651,"ADABNB":0.3552053811,"POWRBTC":0.3543591991,"VETETH":0.3328350694,"MODBTC":0.3303209544,"QTUMETH":0.329432294,"ONTETH":0.3238313344,"MTLBTC":0.3192667545,"ENGBTC":0.3181652102,"TUSDUSDT":0.3162152585,"EOSBNB":0.3153442097,"AMBBTC":0.3073877446,"GTOETH":0.305158897,"GVTBTC":0.3048040539,"NASBTC":0.3033117233,"BNBETH":0.3011272101,"ADXBTC":0.2744714878,"ZECBTC":0.2716563756,"BTGBTC":0.2710580843,"XLMTUSD":0.2554557268,"EVXBTC":0.251247257,"SNTETH":0.2417261661,"CLOAKBTC":0.2201325836,"NANOBTC":0.2192535038,"NULSBTC":0.2093087392,"VETUSDT":0.2025697937,"EVXETH":0.1715876492,"ARNETH":0.1713936814,"TUSDBTC":0.1703562986,"XRPBNB":0.158050503,"XRPPAX":0.1503711743,"XMRBTC":0.1403211739,"XLMBTC":0.1262536637,"KNCBTC":0.1239848484,"XLMUSDC":0.1050132087,"EOSPAX":0.1005561121,"WAVESBTC":0.0983122398,"DASHBTC":0.0891766066,"TUSDETH":0.08104734,"ZECETH":0.0805899244,"XRPTUSD":0.078039473,"ELFBTC":0.0727650782,"USDCUSDT":0.0467224017,"STRATETH":0.0461608663,"LUNBTC":0.0452294999,"WAVESETH":0.0443018568,"XLMUSDT":0.0273915101,"ETCBTC":0.0116303736,"SKYBTC":0.0110033424,"MCOBTC":-0.0044311126,"LTCETH":-0.0101593889,"PAXUSDT":-0.0171771741,"NANOETH":-0.0196540675,"BCDBTC":-0.0392686256,"EOSETH":-0.0407992658,"ADABTC":-0.0494278616,"XLMETH":-0.0498401149,"ICXUSDT":-0.0640534087,"BATBTC":-0.0695746108,"LTCUSDT":-0.0710676509,"ETCUSDT":-0.0769546005,"NULSUSDT":-0.077327592,"DASHETH":-0.0899896665,"EOSBTC":-0.1061607614,"ADAETH":-0.1125801472,"EOSTUSD":-0.121521445,"LTCBTC":-0.1297512291,"BATETH":-0.1314515301,"ZRXETH":-0.1341337724,"ETCETH":-0.139469396,"XRPUSDC":-0.1425670728,"XMRETH":-0.1438119311,"OMGETH":-0.1456337736,"BCHABCBTC":-0.1515057528,"EOSUSDT":-0.151951559,"XRPETH":-0.1590814776,"ICXETH":-0.1595248406,"XRPUSDT":-0.1657042334,"ICXBTC":-0.1693451147,"XLMPAX":-0.1820499205,"XRPBTC":-0.1898096021,"IOSTETH":-0.2002987291,"AIONBTC":-0.2160279418,"BCHABCUSDT":-0.2211842213,"TUSDBNB":-0.2239339057,"BTCPAX":-0.2280337027,"ADAUSDT":-0.2474615908,"ADATUSD":-0.2635313002,"BTCUSDT":-0.3275422955,"OMGBTC":-0.3311239131,"DCRBTC":-0.3377266677,"BTCUSDC":-0.3446227872,"NEBLBTC":-0.3575982443,"KMDBTC":-0.3670793072,"ZRXBTC":-0.3803160773,"ETHBTC":-0.3841645606,"ARKBTC":-0.3999791342,"LSKBTC":-0.4217533616,"IOTABTC":-0.5065705436,"IOTAETH":-0.5112565989,"ETHUSDT":-0.5407952255,"ETHPAX":-0.5750715211,"WANBTC":-0.5839258226,"ETHUSDC":-0.6076373252,"IOTAUSDT":-0.6109979084},"startDate":"2019-01-07","endDate":"2019-01-16","numDays":7,"excludedPairs":["FUELBTC","XEMBTC","NCASHBNB","BLZBTC","NASBNB","CHATETH","RLCETH","MTHETH","REQBTC","BTGETH","POEETH","PAXTUSD","VIBETH","MITHBNB","POLYBNB","XVGBTC","BATBNB","VIABTC","BTSBTC","DENTETH","DNTETH","TRIGETH","HSRBTC","SNTBTC","PIVXBNB","VIABNB","BLZBNB","LSKBNB","MTHBTC","SNGLSETH","KNCETH","MDAETH","VENETH","PHXBNB","BRDBTC","MANAETH","NPXSBTC","BTSETH","DOCKBTC","BCNBTC","QLCBTC","RCNBNB","APPCBNB","AIONETH","IOTXETH","USDCBNB","MFTETH","PAXBTC","SCETH","BRDBNB","BCNBNB","RPXBNB","ASTETH","QSPETH","THETAETH","ZILBNB","VENBNB","IOTXBTC","SALTETH","STEEMBNB","MTLETH","CDTETH","ZENETH","ENJBNB","RCNBTC","GNTBTC","ARKETH","CNDBNB","ELFETH","POABTC","USDCBTC","SKYETH","ICNBTC","YOYOETH","CMTETH","STORMETH","ICXBNB","NASETH","FUELETH","QLCBNB","PHXBTC","CDTBTC","TNBETH","WABIBNB","OSTBNB","XLMBNB","QSPBNB","WTCBNB","BLZETH","CVCBNB","PPTETH","WTCETH","ENGETH","MCOETH","STORJETH","AIONBNB","PAXBNB","CNDBTC","SUBETH","WABIETH","BCPTBNB","MCOBNB","LSKETH","GTOBTC","RDNETH","WANBNB","DCRBNB","POABNB","LRCETH","EDOETH","ARDRBNB","MANABTC","NCASHBTC","USDCTUSD","ENJBTC","SCBNB","ONTBNB","XZCETH","BCCBTC","RPXETH","BCNETH","SNMBTC","BCCBNB","HOTETH","TNBBTC","QLCETH","ICNETH","MITHBTC","LRCBTC","CMTBTC","BNTBTC","RVNBNB","ZENBNB","RENBNB","CHATBTC","OSTETH","RENBTC","ZILBTC","BQXETH","YOYOBNB","CVCETH","FUNETH","RVNBTC","STORMBTC","INSETH","NEBLETH","SNGLSBTC","SUBBTC","RPXBTC","APPCETH","VETBNB","AMBBNB","CNDETH","MODETH","NCASHETH","SNMETH","BCCETH","GVTETH","IOTABNB","GXSETH","FUNBTC","LENDBTC","GRSETH","RDNBNB","LOOMETH","WPRBTC","VIAETH","WANETH","NAVETH","CVCBTC","GOBNB","MFTBTC","RCNETH","CLOAKETH","ADXETH","XZCXRP","OSTBTC","GRSBTC","LOOMBTC","USDCPAX","XZCBNB","CMTBNB","NPXSETH","STORMBNB","WINGSETH","NXSBNB","DGDETH","BCDETH","NULSETH","VENUSDT","POWRETH","RLCBNB","VIBBTC","STEEMETH","POAETH","GNTETH","BTSBNB","NULSBNB","TRIGBNB","POWRBNB","SCBTC","IOSTBTC","TNTETH","ENJETH","ADXBNB","GXSBTC","POEBTC","LUNETH","NEBLBNB","WPRETH","AEBNB","KEYETH","SKYBNB","AGIETH","QTUMBNB","ETCBNB","DNTBTC","TNTBTC","THETABTC","BRDETH","DATAETH","YOYOBTC","AMBETH","AGIBTC","KEYBTC","DLTBNB","LENDETH","REPBNB","GOBTC","XEMBNB","QSPBTC","GTOBNB","VETBTC","VENBTC","HOTBTC","BCCUSDT","NXSETH","PIVXETH","ARDRETH","NAVBTC","ARDRBTC","NANOBNB","PAXETH","REQETH","HSRETH","BCPTBTC","THETABNB","AGIBNB","SYSETH","NAVBNB","SYSBNB","WAVESBNB","OAXETH","DENTBTC","TRIGBTC","BNTETH","DGDBTC","EDOBTC","GNTBNB","MFTBNB","BCPTETH","DATABTC","LOOMBNB","KMDETH","ASTBTC"]}