{"data":{"EDOBTC":0.9540248099,"POABTC":0.9189010735,"ASTBTC":0.8928391297,"THETABTC":0.8661158226,"MCOBTC":0.8547080739,"DGDBTC":0.8338596811,"ATOMUSDT":0.8306583531,"ATOMBTC":0.8296457711,"RDNBTC":0.8207375229,"THETAUSDT":0.8117319873,"BCDBTC":0.8048971783,"MDABTC":0.8025187729,"ARNBTC":0.8020838061,"BCPTBTC":0.7803353529,"SKYBTC":0.7759241089,"WTCBTC":0.7739906515,"ZECUSDT":0.7730556484,"KMDBTC":0.7687121725,"BCPTBNB":0.7667853447,"THETAETH":0.7643855689,"STORJBTC":0.7479017155,"BCDETH":0.7443391859,"QTUMBTC":0.7366736682,"PHBBNB":0.732527069,"PHBBTC":0.7270032056,"POLYBTC":0.7269030999,"HCBTC":0.7132421168,"NASBTC":0.7058107712,"BTGBTC":0.704929711,"QTUMUSDT":0.7018355647,"IOTABNB":0.701819785,"FETBTC":0.7012393082,"EVXBTC":0.695882571,"ZECBTC":0.6822307259,"ATOMBNB":0.6804099307,"PIVXBTC":0.6772399824,"FETUSDT":0.6759575669,"IOTABTC":0.6740265373,"CELRUSDT":0.6707743015,"TFUELBNB":0.6622383646,"CELRBNB":0.648625524,"ONTUSDT":0.6459761283,"LSKBTC":0.6444635662,"MITHUSDT":0.6440855514,"ONGBTC":0.6351442375,"APPCBTC":0.6298731257,"BCPTETH":0.6253091812,"RVNBNB":0.6230197215,"NEOBNB":0.6181305471,"NEOBTC":0.613073443,"NEOUSDT":0.6112522786,"ADXBTC":0.6087657371,"STRATBTC":0.6014851329,"BQXBTC":0.5991079559,"KNCBTC":0.5985519562,"ZECETH":0.5959139462,"BCHABCPAX":0.5824547787,"OMGBTC":0.5793312335,"XLMUSDT":0.5784349354,"GASBTC":0.5746305242,"ARKBTC":0.5745476951,"ONTETH":0.5713197713,"IOTAUSDT":0.5669760447,"ONTBTC":0.5647018001,"FETBNB":0.5605320984,"AIONBTC":0.5541104596,"AEBTC":0.5473515008,"ONGUSDT":0.5406066717,"XLMTUSD":0.5403936234,"ELFBTC":0.5342643106,"XRPUSDT":0.5283159334,"DASHUSDT":0.5253433037,"IOTAETH":0.5245474534,"TFUELUSDT":0.5226974393,"INSBTC":0.5176222226,"MTLBTC":0.5157517536,"GRSBTC":0.5052198024,"IOSTUSDT":0.4933060713,"XRPBTC":0.4824095365,"OMGUSDT":0.4804815182,"WABIBTC":0.4793533874,"TRXETH":0.4790290614,"ICXUSDT":0.4782507125,"ZRXBTC":0.4707225959,"HOTBNB":0.4659690027,"LUNBTC":0.462495509,"NEBLBTC":0.4616948876,"XRPUSDC":0.4574724308,"GVTBTC":0.4378437547,"ETCBTC":0.4344886603,"ETCUSDT":0.4321058087,"ELFETH":0.4292904418,"XRPETH":0.4268418013,"ADABNB":0.4262265432,"VIABTC":0.4245001566,"ZRXUSDT":0.4134801838,"MATICUSDT":0.4120394158,"WAVESUSDT":0.4099497219,"NANOUSDT":0.3968037378,"PPTBTC":0.3935660567,"NEOETH":0.3932287643,"BTTUSDT":0.3915821778,"BCHABCUSDT":0.3898026862,"XLMETH":0.3894539146,"GXSBTC":0.3894401693,"HOTUSDT":0.3878575346,"BATUSDT":0.3863377698,"ICXBTC":0.3820511726,"TRXUSDT":0.381712679,"NANOBTC":0.3779246751,"REPBTC":0.3754502132,"BTTBNB":0.3746234876,"ETHUSDT":0.3744526321,"BCHABCBTC":0.3708537932,"PHBTUSD":0.3676737286,"NXSBTC":0.3659308397,"MATICBNB":0.3566402773,"ETHBTC":0.3501273219,"BATBTC":0.3487029444,"ETHTUSD":0.3480270616,"EOSUSDT":0.3474174891,"DASHBTC":0.3432186496,"POWRBTC":0.3360716923,"ADAUSDT":0.3350090436,"VETUSDT":0.3317754835,"LTCETH":0.3314559968,"EOSBTC":0.330637155,"XRPBNB":0.3292093496,"EOSPAX":0.3249320702,"XRPPAX":0.3219224102,"BTCUSDT":0.3201938903,"STEEMBTC":0.3154971536,"FUELETH":0.3145633637,"WAVESBTC":0.3142034854,"VETBNB":0.3099556902,"ETHPAX":0.3073509156,"ZILBNB":0.3054557253,"ENGBTC":0.304693397,"EOSETH":0.3016325862,"EOSBNB":0.2971088502,"BTCPAX":0.2967126562,"DCRBTC":0.2960636168,"XMRBTC":0.294558571,"BTCUSDC":0.2922851316,"NEOTUSD":0.2905572353,"TRXTUSD":0.2900203732,"XMRUSDT":0.2858867157,"HOTETH":0.2781830135,"USDCTUSD":0.2704842525,"TRXUSDC":0.2593704551,"BCHABCUSDC":0.2591195328,"OMGETH":0.2526356019,"DENTETH":0.2437890477,"ADAETH":0.2433066592,"EOSTUSD":0.2431497557,"LTCUSDC":0.2392282011,"DLTBTC":0.2283505862,"LTCTUSD":0.2000735879,"TRXXRP":0.1988638317,"ENJBTC":0.1942338973,"BATBNB":0.1888667581,"ZILUSDT":0.1848532223,"BTCUSDS":0.1806503707,"BCHABCTUSD":0.1789875031,"EOSUSDC":0.1766742934,"VETETH":0.1742140911,"LTCUSDT":0.1734080292,"ETHUSDC":0.171730706,"LTCBTC":0.167779979,"XZCBTC":0.1671704729,"NULSUSDT":0.1542211911,"NULSBTC":0.1480577971,"XRPTUSD":0.1467923187,"BNBBTC":0.1395161112,"USDCPAX":0.1348693668,"ADATUSD":0.1313321877,"WANBTC":0.1083597446,"TRXBNB":0.1011815223,"ENJETH":0.0927929059,"BATETH":0.0829048032,"RLCBTC":0.0788226529,"BTCTUSD":0.0740154658,"ADAUSDC":0.0695266148,"OAXBTC":0.055668013,"WAVESETH":0.0408065379,"BNBUSDT":0.0348235048,"BTTTUSD":0.0193998811,"BTTUSDC":0.0116169785,"BNBETH":-0.0093612693,"XLMBNB":-0.0120427137,"LTCPAX":-0.061892791,"LTCBNB":-0.0813873767,"ENJUSDT":-0.0847773027,"ZILETH":-0.0969910737,"LINKETH":-0.1141185205,"LINKBTC":-0.2048260421,"LINKUSDT":-0.241796821,"LINKUSDC":-0.2479636833,"USDCUSDT":-0.2828924188,"BNBUSDC":-0.317743344,"PAXTUSD":-0.332635985,"LINKTUSD":-0.4122043152,"TUSDUSDT":-0.4142401807,"BNBPAX":-0.4383880834,"PAXUSDT":-0.5096832746,"BNBTUSD":-0.6095022967},"startDate":"2019-05-25","endDate":"2019-06-01","numDays":7,"excludedPairs":["BRDBNB","SYSETH","AEETH","CNDBNB","TUSDETH","LSKETH","CMTBNB","XEMETH","NANOBNB","GTOBNB","AEBNB","LRCBTC","DOCKBTC","CNDBTC","SNMBTC","STORMBTC","AGIBNB","ADXBNB","POAETH","BLZBNB","PHBUSDC","TRIGBNB","ZECPAX","MANAETH","CVCBTC","MFTBTC","QLCETH","WINGSETH","PHXBNB","CDTBTC","ATOMPAX","RPXETH","MITHBTC","FUELBTC","BLZETH","USDCBNB","PIVXBNB","TNTBTC","QSPBNB","CELRBTC","BTSBTC","XZCETH","ENGETH","PHXBTC","MTLETH","GNTBNB","MTHETH","ETCUSDC","ZECUSDC","BCHSVPAX","ZRXBNB","BNTETH","PAXBNB","ONEBTC","VIBEBTC","INSETH","BCCETH","GVTETH","MCOBNB","WPRBTC","SYSBNB","RCNBNB","BATTUSD","KEYETH","VENUSDT","BTSBNB","SALTETH","BCCBNB","XEMBTC","ETCETH","XZCXRP","AGIETH","WAVESBNB","BQXETH","WTCBNB","WAVESPAX","MCOETH","IOTXBTC","WANETH","CMTBTC","NASBNB","ARKETH","PHXETH","AGIBTC","GNTETH","ONGBNB","XZCBNB","RPXBNB","POEBTC","REPBNB","XVGETH","ICNBTC","PAXETH","VIBETH","QLCBNB","BCCUSDT","POLYBNB","XMRBNB","YOYOETH","ARDRBNB","PHBPAX","BCHSVUSDC","SCBNB","TRXPAX","SUBETH","VETBTC","GOBTC","POABNB","BCNETH","YOYOBTC","FUNBTC","OAXETH","TRXBTC","NPXSBTC","ATOMUSDC","POWRETH","TRIGETH","XMRETH","VIBEETH","GRSETH","KMDETH","PIVXETH","WPRETH","MATICBTC","NAVBNB","MFTETH","REPETH","GNTBTC","NEBLBNB","HCETH","YOYOBNB","BNTBTC","CLOAKETH","SNGLSETH","SUBBTC","QKCBTC","VENETH","MFTBNB","NCASHBNB","ADAPAX","NXSETH","MITHBNB","PAXBTC","QLCBTC","QKCETH","HOTBTC","LENDETH","CVCBNB","ONEBNB","XLMUSDC","DGDETH","AIONBNB","EVXETH","SALTBTC","NULSETH","RENBNB","REQETH","RDNETH","ICNETH","FUNETH","TUSDBNB","ZECBNB","TNBBTC","IOSTBTC","ASTETH","LOOMETH","DLTBNB","BCNBNB","DATABTC","ZECTUSD","CHATETH","CDTETH","AMBBTC","BTTBTC","MODETH","XLMBTC","CHATBTC","DNTBTC","XVGBTC","NASETH","ZENBTC","TNTETH","ZENETH","SKYETH","VENBTC","XLMPAX","SNTBTC","XEMBNB","QTUMBNB","DASHBNB","GTOETH","LRCETH","GXSETH","SNMETH","TRIGBTC","CNDETH","SYSBTC","USDSPAX","STORMETH","BTTPAX","ONTBNB","BCHSVTUSD","SCETH","BRDETH","LOOMBNB","TFUELUSDC","BTGETH","NANOETH","TFUELTUSD","VIBBTC","TFUELPAX","ZENBNB","NAVETH","LENDBTC","AIONETH","RPXBTC","REQBTC","WANBNB","SNTETH","TFUELBTC","BNBUSDS","DNTETH","LINKPAX","OMGBNB","DLTETH","RCNBTC","OSTBTC","DCRBNB","KEYBTC","POWRBNB","STEEMBNB","IOSTETH","IOSTBNB","BCHSVBTC","RLCBNB","WINGSBTC","ETCTUSD","ONEUSDC","QSPETH","APPCBNB","VIAETH","AMBBNB","STORMBNB","NEOPAX","ONETUSD","USDSUSDC","BTSETH","WABIETH","BCCBTC","HSRBTC","MANABTC","STRATETH","TNBETH","WAVESTUSD","ADABTC","RDNBNB","MODBTC","BATUSDC","OSTBNB","OSTETH","IOTXETH","BATPAX","VENBNB","CMTETH","USDCBTC","ENJBNB","CLOAKBTC","RCNETH","ETCPAX","THETABNB","GTOBTC","LUNETH","NXSBNB","APPCETH","EDOETH","ARDRETH","DENTBTC","DOCKETH","HSRETH","ICXETH","WAVESUSDC","BCNBTC","QSPBTC","LOOMBTC","ZILBTC","ADXETH","ICXBNB","SNGLSBTC","MTHBTC","AMBETH","RENBTC","LSKBNB","NAVBTC","NCASHETH","CVCETH","USDSUSDT","STEEMETH","PPTETH","BRDBTC","BCHSVUSDT","ATOMTUSD","POEETH","NEBLETH","ZRXETH","MDAETH","GOBNB","NCASHBTC","ONEUSDT","NPXSETH","NEOUSDC","NULSBNB","ARDRBTC","USDSTUSD","KNCETH","ONEPAX","QTUMETH","SKYBNB","BLZBTC","DASHETH","RLCETH","SCBTC","DATAETH","WABIBNB","RVNBTC","STORJETH","WTCETH","ARNETH","VIABNB","ETCBNB","TUSDBTC"]}