{"data":{"RDNBTC":0.9180083285,"OAXBTC":0.8805628014,"GXSBTC":0.8760135913,"PPTBTC":0.8658401195,"WINGSBTC":0.8480203956,"EDOBTC":0.8436021251,"EVXBTC":0.8350103055,"NULSBTC":0.8343195089,"GVTBTC":0.8244341024,"BRDBTC":0.8176175831,"BNTBTC":0.8087306297,"RLCBTC":0.7970521946,"HCBTC":0.7955179165,"NULSUSDT":0.7797810407,"MODBTC":0.7771070045,"GRSBTC":0.7681878664,"ELFBTC":0.7500232673,"LUNBTC":0.7390378463,"EVXETH":0.7344674025,"BNTETH":0.7312404828,"THETABTC":0.7168612796,"VIBEBTC":0.7084701954,"DGDBTC":0.7062731877,"GVTETH":0.7020520419,"ARKBTC":0.6915137351,"ADXBTC":0.6911563155,"NPXSETH":0.6910363227,"VIABTC":0.687708447,"PIVXBTC":0.6862300924,"CLOAKBTC":0.6686744153,"DLTBTC":0.6560641029,"MDABTC":0.6408150426,"LUNETH":0.6332368296,"BQXBTC":0.6174044129,"WABIBTC":0.5927395565,"NXSBTC":0.5771128306,"NANOBTC":0.5740840664,"PHXETH":0.5731952626,"XZCBTC":0.5703531959,"HOTETH":0.5618910027,"SALTBTC":0.5461626333,"GTOBTC":0.5435730443,"THETAETH":0.5359498781,"ARNBTC":0.5342052496,"NASBTC":0.5279943576,"OAXETH":0.516015998,"ZRXBTC":0.4948153482,"MANABTC":0.4743355417,"AGIBTC":0.4709892286,"ONTBTC":0.4632311072,"ENGBTC":0.4627205235,"NAVBTC":0.4605025425,"NANOETH":0.451012525,"WAVESTUSD":0.4430459449,"DLTETH":0.4328738378,"WAVESBNB":0.4074205836,"WAVESUSDT":0.4074061087,"KMDBTC":0.399719256,"WAVESBTC":0.3839158503,"ZRXETH":0.3820798116,"ZENBTC":0.369714956,"MTLBTC":0.3598974087,"WAVESETH":0.3234664662,"XLMTUSD":0.2896835821,"ASTBTC":0.2748198413,"NEBLBTC":0.261364183,"XLMBTC":0.238984873,"INSBTC":0.2383192086,"XLMETH":0.2378751462,"TUSDETH":0.2370742782,"TUSDBTC":0.2280791355,"TUSDUSDT":0.2139176823,"ZILETH":0.2126815789,"ONTUSDT":0.1658034549,"AMBBTC":0.1657541989,"TRXETH":0.1614272317,"BCHABCTUSD":0.1548472971,"XMRBTC":0.1399637857,"WTCBTC":0.132927328,"STORJBTC":0.1310556158,"TRXXRP":0.129788001,"BNBPAX":0.1140103153,"ZECBTC":0.11183176,"USDCUSDT":0.1110396195,"TRXUSDT":0.1011656999,"LOOMBTC":0.0956203053,"ADATUSD":0.0934327757,"DASHBTC":0.0866695262,"PAXUSDT":0.0789804034,"BNBETH":0.0782324646,"ARNETH":0.0754588874,"LTCUSDT":0.0635423118,"REPBTC":0.0616843375,"SKYBTC":0.0542280472,"USDCPAX":0.0458724825,"NEOTUSD":0.0458431391,"XLMPAX":0.0453300467,"LTCETH":0.0446948435,"APPCBTC":0.0375247819,"ONTETH":0.0308847989,"NEOBTC":0.0279798209,"REPETH":0.0265610727,"XLMUSDT":0.0233120534,"TRXTUSD":0.0155639349,"LSKBTC":0.0009349562,"LTCBTC":-0.0359458009,"BNBUSDC":-0.0390777201,"KNCBTC":-0.0400298526,"NEOETH":-0.0477755156,"WANBTC":-0.0509558702,"STRATBTC":-0.0519610504,"XLMUSDC":-0.0842792743,"LINKETH":-0.0861241923,"USDCTUSD":-0.1029469378,"TRXBNB":-0.1176991222,"ADAETH":-0.1192327559,"BCDBTC":-0.1216019171,"BNBBTC":-0.1220086982,"BATBTC":-0.1226388093,"LRCBTC":-0.1233970994,"BNBUSDT":-0.123995722,"QTUMBTC":-0.1389966786,"GASBTC":-0.1390994224,"PAXTUSD":-0.1450222462,"BCHSVTUSD":-0.1457135911,"DCRBTC":-0.1464606523,"FUNETH":-0.1473290073,"MCOBTC":-0.1566220506,"BTCUSDC":-0.1631023759,"XRPETH":-0.1782354337,"LRCETH":-0.1913027262,"XRPTUSD":-0.1918968102,"ICXUSDT":-0.1946873772,"BTCPAX":-0.1965570153,"TUSDBNB":-0.1978641047,"LINKBTC":-0.2131503649,"EOSBNB":-0.2200362933,"ETCBTC":-0.2433936761,"BCHABCBTC":-0.2463697769,"POWRBTC":-0.2504913388,"EOSUSDC":-0.2624273928,"ETCUSDT":-0.2656917053,"BCHABCUSDT":-0.2691463551,"EOSETH":-0.2799888864,"LINKUSDT":-0.2869370052,"NEOUSDT":-0.2965603162,"MITHBTC":-0.2998563865,"XRPBNB":-0.3059149501,"EOSBTC":-0.3226067771,"BCHSVBTC":-0.3255266389,"VETUSDT":-0.3453553621,"ADAUSDT":-0.347710444,"AEBTC":-0.3516154763,"ICXBTC":-0.3567660124,"XRPUSDC":-0.3574805188,"BTCUSDT":-0.3617697251,"XRPPAX":-0.3622120352,"LTCBNB":-0.3737477383,"AIONBTC":-0.3777956163,"ETHBTC":-0.3810670646,"ETHPAX":-0.3832892487,"ETHUSDC":-0.3836313485,"EOSUSDT":-0.3843171625,"POLYBTC":-0.3864555162,"BCHSVUSDT":-0.3873098843,"LINKUSDC":-0.3902196914,"XRPBTC":-0.4000753062,"XEMBTC":-0.4009665422,"QTUMUSDT":-0.4277682414,"EOSPAX":-0.4376058578,"LINKTUSD":-0.4542401551,"STEEMBTC":-0.4649770481,"ETHUSDT":-0.4787114234,"XRPUSDT":-0.5064113864,"GNTBTC":-0.5209802337,"IOTAETH":-0.5683569457,"IOTABTC":-0.6499500224,"OMGETH":-0.6550071348,"BTGBTC":-0.6693424591,"IOTAUSDT":-0.6994804317,"OMGBTC":-0.7419427146},"startDate":"2019-01-23","endDate":"2019-01-30","numDays":7,"excludedPairs":["KEYBTC","XZCBNB","RPXBNB","CMTBNB","DLTBNB","LTCTUSD","NEBLETH","AIONBNB","WABIETH","XLMBNB","RCNETH","TRXPAX","BTSBNB","CMTETH","NAVBNB","ADXBNB","SKYBNB","MDAETH","BCHSVPAX","ARDRETH","THETABNB","QKCBTC","TRIGETH","VIBEETH","QLCETH","SYSBNB","ICXETH","MITHBNB","STEEMBNB","PIVXETH","VENUSDT","QTUMETH","POEETH","GTOBNB","OSTBTC","BLZETH","GNTETH","BCNETH","VETETH","ENJBNB","BCNBTC","STORMBNB","VIBBTC","BCHSVUSDC","QKCETH","APPCETH","NAVETH","ICNBTC","QSPBNB","WANBNB","LENDETH","NULSBNB","VIAETH","SNGLSBTC","RCNBNB","TNBETH","MANAETH","LINKPAX","ZENBNB","LTCUSDC","DNTBTC","WAVESUSDC","AMBBNB","WINGSETH","BRDBNB","BCCBTC","MTHBTC","SCETH","BATETH","WTCETH","ARDRBTC","LTCPAX","MFTBNB","VETBNB","PIVXBNB","WANETH","XEMBNB","DNTETH","BCPTBTC","NEBLBNB","CLOAKETH","GTOETH","WPRETH","FUELETH","SYSBTC","POEBTC","CVCETH","USDCBTC","CHATETH","RCNBTC","TRXUSDC","BCCETH","XZCXRP","NULSETH","ZILBNB","ASTETH","ZENETH","FUELBTC","CMTBTC","TNBBTC","USDCBNB","EDOETH","VIABNB","PAXBNB","SNTETH","WTCBNB","GXSETH","BCHABCUSDC","PAXETH","CNDETH","BCPTETH","BCCUSDT","GOBTC","SNMBTC","BLZBNB","PHXBTC","MFTETH","HCETH","SCBNB","YOYOBNB","AIONETH","RDNETH","RENBTC","IOSTETH","STRATETH","ADABNB","POAETH","IOTXBTC","TRXBTC","ONTBNB","XEMETH","BCNBNB","VENETH","BCPTBNB","SKYETH","ARKETH","RLCBNB","MODETH","MFTBTC","GNTBNB","CNDBNB","ETCBNB","SUBETH","WABIBNB","DOCKBTC","OSTETH","VENBTC","NEOBNB","POABNB","RENBNB","LSKBNB","AMBETH","MTHETH","ENJBTC","BTSBTC","SALTETH","TRIGBTC","QSPBTC","BTGETH","STORMBTC","VENBNB","SUBBTC","NXSBNB","WAVESPAX","OSTBNB","HSRBTC","MCOBNB","DASHETH","POLYBNB","FUNBTC","XZCETH","RPXETH","NCASHETH","POABTC","RLCETH","STORMETH","ENJETH","NXSETH","NASBNB","RVNBNB","DOCKETH","CHATBTC","KNCETH","AEETH","RPXBTC","DCRBNB","CVCBNB","BCDETH","IOSTBTC","RVNBTC","STORJETH","TNTETH","LSKETH","QLCBTC","GOBNB","BCCBNB","CVCBTC","AGIBNB","NANOBNB","PAXBTC","CDTETH","SNGLSETH","LENDBTC","IOTXETH","RDNBNB","APPCBNB","POWRETH","ETCETH","ICNETH","ZECETH","ZILBTC","DENTBTC","ELFETH","BATBNB","ENGETH","LOOMETH","YOYOBTC","ADXETH","WPRBTC","XMRETH","AEBNB","IOTABNB","SNMETH","MCOETH","QLCBNB","EOSTUSD","MTLETH","DGDETH","DATAETH","STEEMETH","REQBTC","BLZBTC","PPTETH","TNTBTC","INSETH","KEYETH","XVGBTC","QTUMBNB","VETBTC","TRIGBNB","REQETH","ARDRBNB","LOOMBNB","REPBNB","QSPETH","ADABTC","SNTBTC","KMDETH","AGIETH","VIBETH","NCASHBNB","HSRETH","CDTBTC","DENTETH","BQXETH","ICXBNB","POWRBNB","NPXSBTC","PHXBNB","GRSETH","HOTBTC","SCBTC","SYSETH","NASETH","NCASHBTC","XVGETH","BTSETH","CNDBTC","BCHABCPAX","BRDETH","YOYOETH","DATABTC"]}