{"data":{"ADXBTC":0.9927362559,"BTSBTC":0.9815420365,"BTSETH":0.9764312873,"VIBETH":0.9373351061,"RLCBTC":0.9353697169,"LUNBTC":0.9352702685,"XZCBTC":0.9294119307,"NAVBTC":0.9221547835,"MANAETH":0.9140387288,"APPCBTC":0.904060992,"SKYBTC":0.9000140916,"NULSBTC":0.8957024754,"KNCBTC":0.8951703437,"BNTBTC":0.8934658541,"WABIBTC":0.8923195566,"POWRBTC":0.8912821378,"BRDBTC":0.8893883963,"OAXBTC":0.8888443613,"BQXBTC":0.8843173246,"NEBLBTC":0.883245201,"ARDRBTC":0.8801672313,"VIABTC":0.8758032706,"EVXETH":0.8632538328,"RDNBTC":0.8509934172,"NULSUSDT":0.839506225,"EOSTUSD":0.8338546532,"GXSBTC":0.8277086592,"HCBTC":0.8231720414,"POLYBTC":0.8125495312,"TRXTUSD":0.8096785175,"RVNBNB":0.7935928296,"LSKBTC":0.7844262967,"QTUMUSDT":0.7827662099,"RVNBTC":0.7722240449,"POLYBNB":0.7688212092,"EOSUSDC":0.7577708852,"BATBTC":0.7529430806,"PIVXBTC":0.7502412534,"BNBTUSD":0.7494623498,"BNBETH":0.7480603359,"DCRBTC":0.7476605324,"STORJBTC":0.7432845062,"LINKBTC":0.7396103713,"ARNBTC":0.7386658217,"ZRXBTC":0.7326393987,"OAXETH":0.7318595688,"GXSETH":0.7200091661,"LTCPAX":0.6950056228,"EOSBTC":0.6834079463,"DASHBTC":0.6813385935,"TRXUSDT":0.6681977315,"ZRXETH":0.6627980371,"KNCETH":0.660542999,"BATETH":0.651824363,"QTUMBTC":0.6495676806,"GASBTC":0.6467191081,"ENGETH":0.6461732825,"NASBTC":0.6427827017,"DGDBTC":0.6413183729,"BNBUSDC":0.6405269978,"ENGBTC":0.6388938085,"FETBTC":0.6263949838,"TRXXRP":0.6187136387,"EOSUSDT":0.6165799456,"BATUSDT":0.6150724113,"ZRXUSDT":0.610272387,"ARNETH":0.6075130595,"LINKUSDT":0.6074159858,"LINKETH":0.6015010163,"EVXBTC":0.5992653908,"ZENBTC":0.5945300136,"ICXBTC":0.5892577478,"ELFBTC":0.5701040994,"TRXETH":0.5659958227,"FETBNB":0.552253761,"BNBBTC":0.5364995268,"ADABTC":0.5275685949,"INSBTC":0.5246758656,"GVTBTC":0.5169978791,"EOSETH":0.5144478519,"FETUSDT":0.5081342897,"PPTBTC":0.4940312248,"WTCBTC":0.4878208535,"TRXBNB":0.4875059489,"KMDBTC":0.4852708169,"ICXETH":0.4836922002,"LTCTUSD":0.4777711076,"STRATBTC":0.4693568655,"MCOBTC":0.4689366965,"ADAUSDT":0.4610837419,"ADAETH":0.4507426734,"ICXUSDT":0.4475269384,"BTTUSDT":0.4255224966,"ARKBTC":0.4229673833,"MDABTC":0.4209780509,"ADABNB":0.4157134522,"BNBPAX":0.4005447128,"ETCETH":0.3996161494,"GRSBTC":0.3869123314,"BNBUSDT":0.3775877803,"MTLBTC":0.3642412368,"LTCUSDT":0.3536347294,"OMGBTC":0.3407104117,"LTCBTC":0.3388849881,"MDAETH":0.337377752,"THETABTC":0.3348549978,"BCHABCPAX":0.321887156,"AIONBTC":0.3199421852,"BTTBNB":0.3021697003,"ONTBNB":0.2998844486,"EOSBNB":0.2934210426,"BCHABCBTC":0.2933359216,"GRSETH":0.2888309065,"ZECBTC":0.2808764595,"ZECUSDT":0.2608414023,"OMGETH":0.2576168163,"WANBTC":0.2573499075,"BCHABCUSDT":0.2439531397,"XRPBNB":0.2225888712,"BCHSVUSDT":0.215094697,"NXSBTC":0.2138721286,"LTCUSDC":0.2043363647,"LTCETH":0.2025134318,"LOOMBTC":0.2019395731,"ADATUSD":0.1741261867,"IOTABTC":0.1734718271,"BCDBTC":0.1734082086,"FUELETH":0.1717426696,"USDSTUSD":0.1710874115,"VETUSDT":0.151266681,"REPBTC":0.1268428158,"ETCUSDT":0.1262606977,"ONGBTC":0.1246723141,"VETBNB":0.1059265226,"ZILETH":0.0944767863,"THETAETH":0.0917100539,"ENJBNB":0.0883111975,"ETHUSDT":0.0714272756,"IOSTETH":0.0699162001,"IOTAETH":0.0653741621,"VETETH":0.0632660859,"NEOETH":0.0611707202,"BTCTUSD":0.0524546742,"NEOBTC":0.0411746435,"BCHSVBTC":0.0271425177,"AEBTC":0.0091957429,"LTCBNB":0.008873699,"WAVESUSDT":0.007344513,"ETHTUSD":-0.0034836891,"NASETH":-0.0070261298,"XLMBTC":-0.0244501707,"ONGUSDT":-0.0272638562,"ZILUSDT":-0.0286556902,"IOTAUSDT":-0.0331189161,"BTGBTC":-0.0333423565,"THETABNB":-0.0420380243,"ETHPAX":-0.0431861702,"EDOBTC":-0.0451484231,"ETCBTC":-0.0525436776,"NEOUSDT":-0.063841699,"STEEMBTC":-0.0760679638,"NEOBNB":-0.0781547531,"ONTUSDT":-0.0789777706,"HOTUSDT":-0.0888171217,"USDCUSDT":-0.0899410669,"BCHABCTUSD":-0.0947303397,"XLMETH":-0.1095745837,"TUSDUSDT":-0.1168344947,"ENJBTC":-0.1264003218,"BTCPAX":-0.1289296772,"ETHBTC":-0.1434399087,"XRPETH":-0.1582347841,"ONTBTC":-0.1585952549,"XLMTUSD":-0.1621595107,"ETHUSDC":-0.1687445875,"WAVESBTC":-0.1834184637,"USDCPAX":-0.187490855,"XLMUSDT":-0.1917384075,"XRPPAX":-0.210954839,"NANOBTC":-0.2119905837,"BTCUSDC":-0.230068466,"XRPUSDT":-0.2496111349,"XMRBTC":-0.2589728238,"ENJETH":-0.2682694869,"BTCUSDT":-0.2695080887,"XMRUSDT":-0.3087761426,"ONTETH":-0.3148348025,"XLMBNB":-0.3181229276,"XRPBTC":-0.3542667382,"PAXUSDT":-0.3767767306,"XRPTUSD":-0.4223132003},"startDate":"2019-03-22","endDate":"2019-03-29","numDays":7,"excludedPairs":["IOTABNB","REQBTC","TUSDBNB","VIAETH","AEBNB","FUNETH","OSTETH","XMRETH","XVGBTC","TRXBTC","BCCBTC","SYSBNB","KEYBTC","GVTETH","BCPTBTC","PPTETH","MFTETH","WANETH","NULSBNB","VENETH","WABIBNB","LINKTUSD","TNBETH","PAXETH","CVCBNB","YOYOBNB","XZCXRP","SNMETH","VIBBTC","XEMETH","BATBNB","AEETH","MITHBTC","XRPUSDC","BCCUSDT","SKYBNB","ZRXBNB","BCCBNB","WAVESBNB","LSKETH","BCNETH","NAVETH","AMBBTC","BCNBNB","DNTETH","BCHABCUSDC","BLZETH","APPCBNB","WINGSETH","YOYOBTC","ADAUSDC","MODETH","NCASHBTC","PHXBNB","QKCETH","DATABTC","RENBNB","AGIETH","LRCBTC","QKCBTC","NXSBNB","QSPETH","ICXBNB","QSPBTC","POAETH","XEMBNB","QSPBNB","POABTC","MCOETH","NXSETH","WAVESUSDC","MFTBNB","POEETH","MTHBTC","POABNB","XLMPAX","INSETH","PHXBTC","IOTXETH","BLZBTC","CVCETH","USDSUSDC","GOBNB","RPXETH","TRIGETH","WPRETH","GNTBNB","DNTBTC","DENTBTC","USDCBNB","REPETH","LRCETH","CDTETH","OSTBNB","CHATETH","BCDETH","NCASHETH","DOCKBTC","KEYETH","BTGETH","PAXBTC","QLCETH","NANOETH","ZILBTC","BRDBNB","DASHUSDT","XLMUSDC","FUELBTC","LUNETH","CMTBTC","ICNBTC","MCOBNB","SCBTC","SCBNB","VIABNB","BTCUSDS","WTCETH","BTSBNB","TNTBTC","CNDBTC","CNDBNB","USDSPAX","ICNETH","BCHSVPAX","STORJETH","QLCBNB","WPRBTC","USDSUSDT","ZECUSDC","ZILBNB","STEEMETH","ARDRBNB","HOTBNB","VIBEETH","SNGLSETH","MTLETH","RLCBNB","WAVESTUSD","NANOBNB","CELRUSDT","DGDETH","RPXBTC","NEOUSDC","LINKUSDC","VIBEBTC","BQXETH","BLZBNB","WTCBNB","XZCETH","PHXETH","POEBTC","GTOBTC","PAXBNB","SNTETH","DLTBTC","ZENBNB","BCHSVTUSD","TNBBTC","XZCBNB","QLCBTC","BTTBTC","REPBNB","CLOAKETH","IOSTBNB","DASHBNB","BRDETH","MODBTC","GTOBNB","SYSETH","NCASHBNB","CLOAKBTC","IOTXBTC","LOOMETH","PIVXBNB","POWRETH","SCETH","NASBNB","SYSBTC","LENDBTC","LENDETH","HSRETH","REQETH","RLCETH","DLTETH","NPXSETH","AMBBNB","TUSDETH","CMTBNB","WABIETH","DOCKETH","GNTETH","FUNBTC","GNTBTC","STORMBTC","BCPTBNB","BTTUSDC","BNTETH","HSRBTC","BCNBTC","ONGBNB","BCPTETH","OSTBTC","HCETH","CMTETH","CELRBNB","VENBTC","SALTETH","AGIBTC","DATAETH","TRXUSDC","STORMETH","ASTETH","RDNBNB","STRATETH","CNDETH","TRIGBNB","AMBETH","WANBNB","CHATBTC","ZECBNB","KMDETH","VETBTC","TUSDBTC","SNGLSBTC","MITHBNB","WAVESPAX","RENBTC","RCNBTC","HOTETH","VENUSDT","USDCTUSD","QTUMETH","DENTETH","IOSTBTC","SKYETH","APPCETH","ADXBNB","VENBNB","BCHSVUSDC","NAVBNB","CVCBTC","PIVXETH","SNTBTC","ASTBTC","ZENETH","ZECETH","DLTBNB","MFTBTC","RCNETH","TRXPAX","ARDRETH","SALTBTC","PAXTUSD","YOYOETH","NULSETH","NPXSBTC","BNBUSDS","NEBLBNB","ARKETH","AIONETH","RDNETH","WINGSBTC","NEBLETH","STORMBNB","NEOPAX","EDOETH","DCRBNB","CDTBTC","XEMBTC","IOSTUSDT","ETCBNB","SUBBTC","BTTPAX","MTHETH","USDCBTC","SNMBTC","POWRBNB","BCCETH","MANABTC","CELRBTC","NEOTUSD","BTTTUSD","RCNBNB","TNTETH","TRIGBTC","SUBETH","ZECTUSD","ADXETH","LINKPAX","WAVESETH","LOOMBNB","AIONBNB","STEEMBNB","LSKBNB","AGIBNB","ELFETH","RPXBNB","DASHETH","XMRBNB","GOBTC","ZECPAX","GTOETH","EOSPAX","QTUMBNB","ADAPAX","HOTBTC","XVGETH"]}