{"data":{"OAXBTC":0.958581653,"OAXETH":0.9493074334,"LRCBTC":0.9187603829,"NANOUSDT":0.8784246101,"NEBLBTC":0.8700906327,"NANOBTC":0.8671404949,"TNBETH":0.8388034152,"NANOETH":0.8232149071,"EOSBNB":0.8178679939,"BCPTBTC":0.8116903332,"REPBTC":0.7913214188,"XVGETH":0.7885458534,"AEBTC":0.7808364231,"VIBBTC":0.7689694747,"ICXETH":0.7654789705,"RLCBTC":0.7557882373,"ICXBTC":0.7492664861,"XRPPAX":0.7413023497,"ARNBTC":0.7377046982,"LOOMBTC":0.7343037315,"LSKBTC":0.727482319,"STRATBTC":0.7118054859,"BNBUSDT":0.7098272411,"EOSETH":0.6991937429,"TRXBNB":0.6913253351,"THETAETH":0.6771501703,"NASBTC":0.6753804974,"ETHBTC":0.6740618355,"MITHBTC":0.6739735043,"GOBTC":0.6706917487,"THETABTC":0.6665608771,"EOSBTC":0.6645478,"ETCUSDT":0.6576680452,"IOSTBNB":0.6547218055,"BATBTC":0.6507418015,"BTCPAX":0.6424568687,"TRXETH":0.638178034,"ZENBTC":0.6346394729,"ETCBNB":0.6283648187,"TRXUSDT":0.6265778022,"ZILBTC":0.6256778549,"XLMETH":0.6124607596,"ETHTUSD":0.6055355806,"TRXTUSD":0.6000918672,"LINKETH":0.5976932871,"ETCBTC":0.5972566384,"ETHUSDC":0.5882378746,"ICXUSDT":0.583282631,"MANABTC":0.5761479766,"FETUSDT":0.5760420055,"BLZBTC":0.5758674924,"CMTBTC":0.5543791927,"ENJBNB":0.553998448,"ETHPAX":0.5487751263,"BCHABCBTC":0.5484679759,"BCHABCTUSD":0.5481080479,"LTCBNB":0.5453924227,"ZILETH":0.5436935729,"ETCETH":0.5391405543,"XLMBTC":0.5384172999,"FETBNB":0.5362326986,"BTGBTC":0.535470117,"IOSTUSDT":0.5264349649,"LUNBTC":0.5253242996,"BNTBTC":0.5239455011,"XRPBNB":0.51809463,"LTCETH":0.5177999038,"FETBTC":0.5165798724,"NEOBNB":0.5155673396,"XLMUSDT":0.5057184208,"BCHABCUSDT":0.5027937444,"IOTABTC":0.5004100148,"BCDBTC":0.5000999019,"APPCBTC":0.4883553423,"WTCBTC":0.4865336975,"HCBTC":0.4864609187,"ETHUSDT":0.4792942632,"VETETH":0.4765804845,"EDOBTC":0.4757466339,"MCOBTC":0.4721373563,"IOTAUSDT":0.4715236546,"EOSUSDT":0.4634343614,"VIABTC":0.4612142953,"RVNBNB":0.4608993923,"XRPETH":0.4606496882,"HOTUSDT":0.4348429909,"STEEMBTC":0.4245742614,"GASBTC":0.4188109579,"TRXXRP":0.4034778922,"OMGBTC":0.4019996535,"ZILUSDT":0.4013123821,"INSBTC":0.3891669799,"QTUMBTC":0.3886328306,"PIVXBTC":0.3834181467,"ZRXBTC":0.3806883374,"ENJBTC":0.3744144529,"BCHABCPAX":0.3640266906,"NEOETH":0.3615722786,"BNBBTC":0.3604465442,"RVNBTC":0.3579666319,"LTCBTC":0.3482441232,"XRPUSDT":0.3351149696,"ENJETH":0.3298686398,"NEOUSDT":0.328949487,"XRPBTC":0.3277063676,"NULSBTC":0.3242811518,"POLYBTC":0.3125700564,"QTUMUSDT":0.3119321645,"GRSBTC":0.3118105215,"LTCUSDC":0.3057070469,"FUELETH":0.3007166431,"USDCTUSD":0.298076553,"ELFBTC":0.2764249448,"ZRXUSDT":0.2763064077,"OMGETH":0.271714076,"EOSUSDC":0.270436871,"BTCUSDC":0.2619381448,"OMGUSDT":0.2540525284,"BTCUSDT":0.2520819899,"BCHSVBTC":0.2499303095,"BATUSDT":0.2454401683,"IOSTETH":0.234852491,"ADABNB":0.2335771934,"ARKBTC":0.2319921282,"NEOBTC":0.2310832346,"LTCUSDT":0.2265632482,"AIONBTC":0.2198147696,"EOSTUSD":0.2128354099,"PAXTUSD":0.205713921,"LTCTUSD":0.201730373,"MTLBTC":0.1980328807,"LINKBTC":0.1813299324,"EOSPAX":0.166959829,"ENGBTC":0.1661586333,"XZCBTC":0.1657682311,"BTCTUSD":0.1619238085,"RDNBTC":0.1340265924,"ONTBTC":0.1144352081,"XRPTUSD":0.1035090252,"DCRBTC":0.1024258806,"WABIBTC":0.0894224717,"BRDBTC":0.0855675484,"CELRUSDT":0.0811214273,"ZECUSDT":0.0558636085,"BCHABCUSDC":0.0516715696,"CVCBTC":0.0306048552,"ONTUSDT":0.0008804169,"BCHSVUSDT":-0.0028510639,"QLCBTC":-0.0069596479,"ONGBTC":-0.010742469,"USDCUSDT":-0.0159187217,"GNTBTC":-0.0254491225,"ADXBTC":-0.0273429153,"XRPUSDC":-0.0353210291,"TUSDUSDT":-0.0440550978,"BTSBTC":-0.072433831,"DGDBTC":-0.0731967241,"GXSBTC":-0.0778928492,"POWRBTC":-0.0816684179,"ZECETH":-0.0910020311,"BQXBTC":-0.1089828893,"VETUSDT":-0.1150895262,"CELRBNB":-0.1271880595,"DASHBTC":-0.134358451,"GVTBTC":-0.1353659268,"STORJBTC":-0.1375632966,"ADATUSD":-0.1478234362,"BNBETH":-0.148464765,"XMRUSDT":-0.1926954253,"WANBTC":-0.2197039037,"ADAETH":-0.2409478252,"LINKUSDT":-0.2522280905,"ONTETH":-0.2556213134,"USDSPAX":-0.2584855789,"ONGUSDT":-0.2594581162,"EVXBTC":-0.2618804177,"DASHUSDT":-0.3050068207,"PAXUSDT":-0.3081863841,"NULSUSDT":-0.3234621985,"BCHSVTUSD":-0.3316647546,"USDCPAX":-0.3363221625,"QKCETH":-0.3476373101,"DLTBTC":-0.3476740418,"KMDBTC":-0.3487596377,"EVXETH":-0.3613114037,"ADAUSDT":-0.3644979732,"BNBUSDC":-0.3769452431,"MDABTC":-0.3942487267,"ASTBTC":-0.4079345306,"AMBBTC":-0.4117498616,"ADABTC":-0.4200911453,"SKYBTC":-0.4222541916,"KNCBTC":-0.4478712256,"PPTBTC":-0.4495701631,"BTTBNB":-0.4652124072,"AGIBTC":-0.475642552,"SYSBTC":-0.4972093951,"NXSBTC":-0.5564022932,"ZECBTC":-0.5571327675,"LTCPAX":-0.5906450936,"BNBTUSD":-0.6127873799,"XMRBTC":-0.6352266327,"WAVESUSDT":-0.6791790677,"QKCBTC":-0.6958418495,"WAVESBTC":-0.7006476307,"WAVESETH":-0.7298739302,"VIBEBTC":-0.7525119137,"BTTUSDT":-0.7743409767},"startDate":"2019-04-06","endDate":"2019-04-13","numDays":7,"excludedPairs":["BTGETH","XEMBNB","ENGETH","NULSETH","TNTETH","GXSETH","MDAETH","THETAUSDT","AIONBNB","ELFETH","STORMBNB","SYSETH","NULSBNB","BCCUSDT","NXSBNB","BNBPAX","WINGSBTC","VETBNB","TRIGBNB","ZECTUSD","SYSBNB","POABNB","DASHETH","USDSUSDT","XZCETH","SUBETH","IOTXETH","AEBNB","CHATETH","DENTETH","XLMBNB","QLCETH","QSPETH","BRDETH","HCETH","GTOBNB","INSETH","ZECUSDC","NANOBNB","NAVETH","BTTTUSD","WAVESTUSD","MFTBNB","ZECBNB","RCNBTC","XZCBNB","RPXETH","QLCBNB","ONGBNB","MTHETH","CMTETH","CVCBNB","KEYETH","POEETH","YOYOETH","XEMBTC","ZRXBNB","WTCBNB","NCASHBNB","ADXBNB","THETABNB","WANBNB","LINKTUSD","BQXETH","RCNBNB","TRXUSDC","TNBBTC","REPBNB","POAETH","WAVESUSDC","VENBTC","OSTETH","OSTBNB","STORMETH","BCDETH","NASBNB","AMBBNB","RLCBNB","USDCBTC","NXSETH","AIONETH","NASETH","GNTBNB","ZRXETH","EDOETH","BCHSVUSDC","QSPBNB","TUSDBTC","DCRBNB","XLMTUSD","MODETH","AGIETH","SNMETH","CDTETH","BLZBNB","BCPTETH","SCBNB","ARDRBNB","APPCBNB","ARDRETH","SNMBTC","WAVESPAX","LENDETH","YOYOBTC","APPCETH","RCNETH","VIABNB","ARNETH","DLTBNB","BCCETH","VENBNB","NCASHETH","KMDETH","GRSETH","PHXBTC","SNGLSBTC","RPXBNB","AGIBNB","CLOAKBTC","NPXSETH","QTUMBNB","REPETH","BATBNB","MCOETH","RENBTC","AMBETH","PIVXBNB","STORMBTC","LINKPAX","IOSTBTC","RDNBNB","RPXBTC","PHXETH","VIAETH","WABIETH","BCCBTC","ASTETH","CHATBTC","SALTBTC","XLMUSDC","MCOBNB","TUSDBNB","MODBTC","DASHBNB","GTOETH","NEBLBNB","SKYETH","POLYBNB","BTTPAX","IOTAETH","MFTBTC","VETBTC","DOCKETH","IOTABNB","XEMETH","GVTETH","ICNETH","PIVXETH","WAVESBNB","USDSTUSD","CMTBNB","ICXBNB","BTTUSDC","SNTETH","STEEMBNB","WPRETH","GOBNB","DATABTC","VENETH","BRDBNB","NEOTUSD","YOYOBNB","AEETH","CNDETH","ICNBTC","KNCETH","BATETH","LUNETH","BTTBTC","CLOAKETH","XLMPAX","STRATETH","NEOUSDC","DNTETH","CDTBTC","TRIGETH","GNTETH","TUSDETH","RLCETH","LSKBNB","OSTBTC","TRXBTC","WABIBNB","SCETH","NPXSBTC","CELRBTC","HOTBTC","TRIGBTC","ZENBNB","STORJETH","BCNBTC","XZCXRP","SNTBTC","TRXPAX","IOTXBTC","ZECPAX","BCCBNB","PHXBNB","LOOMBNB","BLZETH","ADAUSDC","POEBTC","VIBEETH","BTSETH","SUBBTC","FUNETH","NEBLETH","HSRETH","POWRETH","DOCKBTC","NEOPAX","SCBTC","ADAPAX","LSKETH","LINKUSDC","ARKETH","CNDBNB","LOOMETH","VIBETH","FUNBTC","PAXETH","LRCETH","NAVBNB","LENDBTC","HSRBTC","QTUMETH","VENUSDT","XVGBTC","HOTBNB","MTLETH","BCPTBNB","MFTETH","NAVBTC","OMGBNB","DLTETH","SALTETH","MITHBNB","BNTETH","BCNETH","WINGSETH","NCASHBTC","WANETH","CVCETH","XMRETH","HOTETH","ZENETH","MANAETH","WTCETH","USDSUSDC","SKYBNB","DNTBTC","STEEMETH","BCNBNB","ARDRBTC","ADXETH","RDNETH","BTSBNB","ONTBNB","SNGLSETH","BTCUSDS","BNBUSDS","CNDBTC","REQBTC","RENBNB","PAXBTC","GTOBTC","POWRBNB","FUELBTC","TNTBTC","USDCBNB","DENTBTC","BCHSVPAX","REQETH","QSPBTC","WPRBTC","PAXBNB","MTHBTC","PPTETH","DATAETH","ZILBNB","KEYBTC","DGDETH","XMRBNB","POABTC"]}