{"data":{"DLTETH":0.947311818,"DLTBTC":0.9466220924,"HCETH":0.9340501892,"HCBTC":0.9159167334,"XMRBTC":0.9001583065,"BNBUSDT":0.898215571,"NEOBNB":0.8674082766,"XMRETH":0.8574058304,"ADABNB":0.8553068708,"NEOETH":0.8505167099,"NEOBTC":0.8453804389,"LINKBTC":0.8434284553,"GASBTC":0.8386614995,"TRXXRP":0.8373912629,"VETETH":0.8355666469,"NEOUSDT":0.8334145435,"TRXBNB":0.8278613646,"NEOTUSD":0.8251490288,"WTCBTC":0.8018113059,"TRXBTC":0.791997091,"TRXETH":0.7863731277,"ENGBTC":0.7852908275,"ADAETH":0.7737564863,"BNBUSDC":0.7655279398,"BNTBTC":0.7624384958,"TRXUSDT":0.759247269,"LTCBTC":0.7500320213,"SALTBTC":0.7472348703,"DASHBTC":0.7405662644,"QTUMUSDT":0.7397741057,"DGDBTC":0.7368748537,"ADABTC":0.7251937776,"BNBBTC":0.7234352065,"MITHBTC":0.7183915985,"XRPBNB":0.7179084723,"ZILETH":0.7173920372,"NANOBTC":0.7131281064,"LINKETH":0.7127037349,"ICXUSDT":0.7074622427,"ONTBTC":0.7049420274,"LTCUSDT":0.7034940986,"BQXBTC":0.6900054481,"LTCETH":0.6772944099,"EOSUSDC":0.6701463295,"MDABTC":0.6678791749,"AEBTC":0.6677529457,"XVGETH":0.6669782433,"ADAUSDT":0.6656004448,"ETCUSDT":0.6635752153,"LTCBNB":0.663564683,"SKYBTC":0.6634939938,"VETUSDT":0.6594832489,"BCDBTC":0.6246490325,"GVTBTC":0.6191026441,"PHXETH":0.6175613674,"APPCBTC":0.617043044,"ETCETH":0.6009986228,"EOSTUSD":0.5977833256,"ICXBTC":0.5899894829,"ETCBTC":0.5662888309,"ELFBTC":0.5588502577,"STRATBTC":0.5416052675,"DASHETH":0.5338261433,"TRXTUSD":0.5327677925,"NXSBTC":0.5301471037,"TUSDBTC":0.5193265292,"SNTETH":0.5170032169,"EOSBTC":0.4935276046,"EVXBTC":0.4931115669,"ICXETH":0.4903915926,"XRPBTC":0.4886943562,"QTUMBTC":0.4874928461,"KMDBTC":0.4863134097,"WINGSBTC":0.4862008886,"NANOETH":0.4815666085,"ADATUSD":0.4813885678,"ARNETH":0.4505801809,"ARNBTC":0.4482855259,"GTOETH":0.4469237152,"NASBTC":0.4467855321,"NULSBTC":0.4451094998,"PIVXBTC":0.4447326411,"MCOBTC":0.4346386551,"XLMTUSD":0.4316124192,"ONTETH":0.4230988321,"XRPUSDT":0.4123022605,"XLMUSDT":0.4094364808,"AEETH":0.4069213504,"REPBTC":0.4055093881,"ETHBTC":0.3994010335,"EOSUSDT":0.39848165,"BTCUSDT":0.3974268201,"BNBETH":0.3918574778,"IOSTETH":0.3917577886,"SYSBTC":0.3845440443,"LSKBTC":0.3830076532,"XRPUSDC":0.3666220364,"BNBPAX":0.362861742,"XLMBTC":0.3589924253,"VIABTC":0.3560753667,"AGIBTC":0.3545490911,"INSBTC":0.3472904729,"EOSBNB":0.3437745696,"STRATETH":0.3367588933,"ADXBTC":0.3347984169,"KNCBTC":0.3329355776,"BTCUSDC":0.3208200601,"XLMETH":0.3178606918,"XRPETH":0.3013571865,"EVXETH":0.2817270869,"AIONBTC":0.2815933296,"AMBBTC":0.2622074322,"ONTUSDT":0.2604614872,"ZRXBTC":0.2562907633,"WANBTC":0.2556339088,"IOTABTC":0.2439010336,"XRPTUSD":0.2374885983,"NULSUSDT":0.2325817816,"EOSETH":0.2258817566,"LUNBTC":0.2243272849,"XEMETH":0.2217084718,"OAXBTC":0.219680012,"STEEMBTC":0.2135976648,"WAVESBNB":0.2115791,"DCRBTC":0.2045537592,"ETHUSDT":0.1931770237,"RDNBTC":0.1898574589,"PPTBTC":0.1778304305,"ZRXETH":0.1605023821,"TUSDETH":0.1518165619,"XLMUSDC":0.144473768,"BTGBTC":0.1440817205,"ZECBTC":0.1197950676,"ARKBTC":0.1092477545,"OMGBTC":0.1075995183,"ETHUSDC":0.0959156078,"IOTAUSDT":0.0895425325,"WABIBTC":0.0854893697,"WAVESETH":-0.0277794751,"ZECETH":-0.0337832759,"IOTAETH":-0.0401847394,"POLYBTC":-0.0570573157,"BCHABCBTC":-0.0674042445,"MTLBTC":-0.0746389708,"MODBTC":-0.0779702367,"DOCKETH":-0.0792248028,"PAXUSDT":-0.0797340749,"STORJBTC":-0.0945275641,"WAVESBTC":-0.1037143443,"POWRBTC":-0.1166895176,"BCHABCUSDT":-0.1206102049,"BATETH":-0.1363888527,"TUSDBNB":-0.1394976338,"BATBTC":-0.1421436204,"BTCPAX":-0.1809037294,"OMGETH":-0.1898608311,"BCHSVBTC":-0.1930270912,"BCHSVUSDT":-0.2071520845,"ZENBTC":-0.2124559024,"MANABTC":-0.2162207174,"XZCBTC":-0.223068828,"QTUMETH":-0.2254262454,"QKCETH":-0.2349900307,"TUSDUSDT":-0.2522991919,"ETHPAX":-0.3185008282,"CLOAKBTC":-0.3538384667,"XRPPAX":-0.3672632099,"NEBLBTC":-0.3974793344,"USDCUSDT":-0.4429242453,"XLMPAX":-0.6099702363,"EOSPAX":-0.6999899501},"startDate":"2019-01-07","endDate":"2019-01-15","numDays":7,"excludedPairs":["STORJETH","SNGLSETH","ENGETH","THETABTC","CMTETH","RPXBTC","NXSBNB","RCNBNB","RPXETH","VENBNB","GXSBTC","RLCBNB","ZILBNB","VIABNB","IOTXETH","VIAETH","INSETH","ASTETH","PHXBTC","RENBTC","LOOMETH","FUELBTC","GNTETH","REPETH","BCPTBNB","USDCBTC","BCNBNB","CMTBNB","LRCBTC","NULSETH","QLCBTC","DGDETH","AIONETH","DLTBNB","PAXTUSD","SUBBTC","SNTBTC","VENETH","BCCETH","BCCBNB","STORMETH","MCOETH","ASTBTC","LSKETH","THETABNB","RDNBNB","APPCETH","CVCBNB","NPXSETH","PAXBTC","LENDBTC","VIBEBTC","BRDBNB","IOTABNB","KNCETH","GTOBNB","PIVXBNB","MODETH","SYSBNB","XZCBNB","CMTBTC","QLCBNB","BCNETH","KEYETH","RVNBTC","PIVXETH","ENJETH","BCCBTC","CNDBNB","VENUSDT","CVCETH","CVCBTC","WINGSETH","BCDETH","GNTBTC","VETBNB","ELFETH","KMDETH","MTHETH","ZILBTC","QLCETH","DCRBNB","QTUMBNB","SCETH","ADXBNB","AMBETH","YOYOBTC","WANBNB","MTHBTC","SUBETH","BCPTBTC","SALTETH","ENJBNB","ENJBTC","PAXETH","NASBNB","DOCKBTC","QSPBTC","RVNBNB","XZCXRP","SNMETH","BLZETH","OSTBNB","SKYETH","TNBBTC","USDCTUSD","CLOAKETH","IOTXBTC","GOBTC","BRDBTC","LENDETH","STEEMBNB","NCASHETH","YOYOETH","EDOBTC","NASETH","POLYBNB","IOSTBTC","HSRETH","USDCPAX","BTSETH","AGIETH","RCNETH","STORMBTC","BQXETH","VIBEETH","XLMBNB","KEYBTC","ONTBNB","GOBNB","PPTETH","GVTETH","BCCUSDT","TRIGBNB","NULSBNB","MCOBNB","ARDRETH","EDOETH","TRIGETH","AEBNB","GXSETH","POWRETH","RDNETH","APPCBNB","QKCBTC","SKYBNB","POEBTC","CDTBTC","GNTBNB","WTCETH","POABNB","ICNETH","USDCBNB","YOYOBNB","VENBTC","BATBNB","MFTBTC","NXSETH","BNTETH","DNTBTC","AMBBNB","STEEMETH","HSRBTC","SNMBTC","MTLETH","BLZBNB","CNDETH","BCPTETH","RENBNB","WABIETH","REQETH","PHXBNB","WTCBNB","RCNBTC","FUELETH","SCBTC","BTGETH","BTSBTC","POABTC","TNTBTC","TNTETH","LRCETH","QSPETH","GRSETH","RLCETH","OAXETH","GTOBTC","XEMBTC","ADXETH","MFTBNB","NAVBNB","VIBETH","NAVBTC","WABIBNB","ETCBNB","NCASHBTC","VETBTC","NAVETH","POEETH","SCBNB","REQBTC","RLCBTC","MITHBNB","MANAETH","BTSBNB","POAETH","BRDETH","AGIBNB","XEMBNB","AIONBNB","ARKETH","CNDBTC","NPXSBTC","SNGLSBTC","OSTBTC","XVGBTC","RPXBNB","NCASHBNB","ARDRBTC","WPRETH","BLZBTC","WANETH","BCNBTC","ICNBTC","NEBLETH","ZENBNB","NANOBNB","LOOMBNB","MFTETH","CDTETH","MDAETH","DNTETH","QSPBNB","HOTETH","XZCETH","WPRBTC","DENTETH","ZENETH","SYSETH","REPBNB","PAXBNB","ARDRBNB","TRIGBTC","VIBBTC","OSTETH","DENTBTC","TNBETH","THETAETH","CHATETH","FUNBTC","NEBLBNB","LOOMBTC","POWRBNB","ICXBNB","LSKBNB","STORMBNB","HOTBTC","FUNETH","DATAETH","LUNETH","CHATBTC","GRSBTC","DATABTC"]}