{"data":{"HCBTC":0.9969348698,"EVXBTC":0.9809954732,"CVCETH":0.9573596028,"ERDUSDT":0.9546006894,"XMRBNB":0.8944846063,"ERDBNB":0.8670368984,"BNBUSDT":0.8327315724,"NULSUSDT":0.8311048428,"COSBNB":0.8306569069,"MDABTC":0.8135465975,"GVTBTC":0.8099898498,"EVXETH":0.8090675657,"ETCUSDT":0.7962058507,"COSUSDT":0.7956769422,"MTHETH":0.7902119144,"SKYBTC":0.7628880445,"TFUELUSDT":0.7617780486,"ONGUSDT":0.7518830384,"ETCBNB":0.7514781914,"MITHUSDT":0.7457248703,"ONGBTC":0.7268879511,"ONEUSDT":0.7221969941,"RDNBTC":0.7171965758,"CELRBNB":0.7166612362,"ICXBNB":0.6973934308,"BTGBTC":0.6927652419,"WABIBTC":0.6891772866,"WANBTC":0.6891312263,"WANETH":0.6794426646,"ZILUSDT":0.6740329834,"VIABTC":0.6739961001,"TRXETH":0.6690620661,"LUNBTC":0.6680500442,"ALGOBTC":0.6607791666,"ONTBTC":0.6579894533,"ONTUSDT":0.6563026112,"ALGOUSDT":0.6558851474,"ADXBTC":0.642622056,"WINUSDC":0.6397414749,"ICXBTC":0.6324481084,"NEBLBTC":0.6245505225,"ONTETH":0.623355474,"NCASHETH":0.6219914121,"STRATBTC":0.6136434874,"ICXUSDT":0.6109353725,"NXSBTC":0.6098009349,"XMRBTC":0.6048402089,"NAVBTC":0.5995812999,"WINUSDT":0.5863713642,"HOTUSDT":0.5847050323,"KNCBTC":0.5826369057,"TRXUSDT":0.5810535784,"ALGOBNB":0.5707345433,"KNCETH":0.5696649397,"STEEMBTC":0.5695559759,"NULSBTC":0.5691941933,"CELRUSDT":0.569030458,"REPBTC":0.5548526923,"THETAETH":0.5453602996,"TRXBNB":0.539946832,"MCOBTC":0.521990246,"LTCETH":0.5121057784,"QTUMUSDT":0.4937550291,"DASHETH":0.4915639383,"LTCBTC":0.4861449201,"HOTBNB":0.4860193365,"DASHUSDT":0.4828672991,"AEBTC":0.480565863,"FUNETH":0.4677382396,"ZILETH":0.4664692462,"LTCUSDC":0.4652885898,"INSBTC":0.4628749321,"VETETH":0.4615097537,"DASHBTC":0.4569041025,"GRSBTC":0.456420063,"ICXETH":0.4535904246,"TRXXRP":0.4415222961,"WANBNB":0.4372173778,"BCDBTC":0.4367198253,"PIVXBTC":0.4327241455,"ENGBTC":0.4273562759,"AIONBTC":0.4209111114,"VETUSDT":0.4112488364,"ADAUSDC":0.4025976803,"LTCUSDT":0.3962947626,"MTLETH":0.3951508063,"ETCBTC":0.3928873679,"MATICUSDT":0.3894371192,"PAXUSDT":0.3857930563,"GASBTC":0.3793761483,"INSETH":0.3783413823,"IOTABNB":0.3776251137,"USDCPAX":0.375820748,"TUSDUSDT":0.3729876496,"BATUSDT":0.3680010243,"FTMUSDT":0.3655962565,"LTCBNB":0.3520130457,"BRDBTC":0.3440188272,"ETCETH":0.3371465585,"USDCTUSD":0.3322162783,"BNBBTC":0.3312287401,"MTLBTC":0.3267250126,"AIONETH":0.324410218,"ZECUSDT":0.3223195065,"WAVESBTC":0.3200950466,"DGDBTC":0.311965724,"USDCUSDT":0.2995568245,"ZRXUSDT":0.2817833249,"BCHABCUSDT":0.2574273648,"NANOUSDT":0.2567861854,"BCHABCTUSD":0.254599266,"ARNBTC":0.2312068204,"LTCPAX":0.2158956132,"XMRUSDT":0.2049311768,"STORJBTC":0.1895894384,"ADABNB":0.1869343569,"BCHABCBTC":0.1645064079,"ENJUSDT":0.1573808112,"GXSBTC":0.1568180277,"DUSKUSDT":0.1253684994,"BCHABCPAX":0.1230154982,"ZRXBTC":0.122941472,"ENJBNB":0.116443728,"EDOBTC":0.1076652856,"BATETH":0.1063030978,"TRXUSDC":0.1011349825,"XLMETH":0.0967080426,"IOTAETH":0.0788524185,"WTCBTC":0.0727694209,"RVNBNB":0.0610122465,"BATBTC":0.0449935328,"THETABTC":0.0369569914,"ENJBTC":0.036164051,"RENBTC":0.0314717978,"LINKBTC":0.0295840847,"XZCBTC":0.0276506321,"ADAETH":0.0227427029,"LINKUSDT":0.016770687,"NANOBTC":0.0086201701,"MATICBNB":0.0065207901,"WAVESETH":0.0037706602,"BCHABCUSDC":0.0035851213,"ZRXETH":-0.0007223605,"LTCTUSD":-0.0024127005,"ADAUSDT":-0.00835001,"ZENBTC":-0.0115044736,"KMDBTC":-0.0340347845,"DUSKBNB":-0.0399010953,"RLCBTC":-0.0521090174,"ENJETH":-0.0583839936,"LSKBTC":-0.0742720455,"IOSTUSDT":-0.0906765854,"EOSUSDC":-0.0976723705,"DUSKBTC":-0.1001209205,"NEOETH":-0.1072563928,"BTTUSDT":-0.1340317221,"EOSPAX":-0.1350613017,"BTCUSDT":-0.1467334224,"IOTAUSDT":-0.1588456476,"BATBNB":-0.1629648888,"XRPTUSD":-0.1650441988,"LINKETH":-0.2250862967,"PPTBTC":-0.2252206596,"NEOBNB":-0.225491549,"XLMUSDT":-0.2258309761,"EOSBNB":-0.2260520605,"EOSBTC":-0.226469399,"THETAUSDT":-0.2290481791,"EOSUSDT":-0.2306800326,"BNBTUSD":-0.2325215495,"ZECBTC":-0.2373990042,"IOTABTC":-0.241023936,"QTUMBTC":-0.2433918733,"DOGEUSDT":-0.2508498075,"ARKBTC":-0.2516803135,"BNBETH":-0.2543367536,"BTCPAX":-0.2641635177,"BTCUSDS":-0.2746653468,"NEOBTC":-0.2756970376,"ATOMBTC":-0.2797828366,"WAVESUSDT":-0.2803718566,"BNBUSDC":-0.290642973,"ETHTUSD":-0.2967048847,"BTTBNB":-0.3062606825,"RENBNB":-0.3145345899,"LINKUSDC":-0.3175802771,"LINKTUSD":-0.3538911159,"NEOUSDT":-0.358539147,"EOSETH":-0.3758374678,"ETHUSDT":-0.3807216689,"ETHUSDC":-0.3828726732,"BTCUSDC":-0.387830412,"BTCTUSD":-0.3906542345,"PAXTUSD":-0.3917278993,"DCRBTC":-0.4205069052,"ANKRUSDT":-0.4230869191,"BNBPAX":-0.460165283,"LINKPAX":-0.4780188346,"XRPUSDC":-0.4827638572,"ETHBTC":-0.4839464048,"ETHPAX":-0.5446312292,"XRPPAX":-0.5558541494,"XMRETH":-0.5599525289,"FETUSDT":-0.564109119,"XRPBNB":-0.5649444851,"NPXSUSDT":-0.5674016911,"ATOMUSDT":-0.5726968773,"OMGETH":-0.5821927097,"OMGBTC":-0.5921779495,"ONEBNB":-0.5967454705,"XRPETH":-0.6191824551,"XRPBTC":-0.7009444317,"XRPUSDT":-0.7115715774,"OMGUSDT":-0.7324376995,"NASBTC":-0.8046156582},"startDate":"2019-08-15","endDate":"2019-08-26","numDays":7,