{"data":{"VIABTC":0.9335972448,"EVXBTC":0.9088727575,"QTUMUSDT":0.9064706122,"RCNBTC":0.890809423,"GRSBTC":0.8875413401,"HCBTC":0.8845442802,"EVXETH":0.8842119653,"GOBTC":0.8778144849,"RLCBTC":0.8747594009,"DGDBTC":0.8725268215,"LUNBTC":0.8661993487,"XZCBTC":0.8448755077,"MTLBTC":0.8370129569,"MTLETH":0.8282014977,"BTCUSDS":0.822235343,"IOSTUSDT":0.8199901917,"BQXBTC":0.8121860392,"BTCUSDT":0.8087029933,"POABTC":0.8059376198,"SNMBTC":0.799318342,"NAVBTC":0.7872005583,"KNCBTC":0.7841021472,"REPBTC":0.7799347324,"BTCUSDC":0.7785497291,"STORJBTC":0.7764781936,"RDNBTC":0.7751258221,"BCDBTC":0.7731863961,"PIVXBTC":0.7712518921,"BCHSVBTC":0.7523390884,"QLCBTC":0.7512845213,"AMBBTC":0.7505711134,"IOSTETH":0.7473771028,"BCPTBTC":0.7442796621,"ENJBTC":0.732273676,"BATBTC":0.7162442473,"BATUSDT":0.7118238151,"BCHABCBTC":0.7086445016,"OMGETH":0.7021867473,"ASTBTC":0.6953581072,"LOOMBTC":0.6890355343,"OMGBTC":0.6890224518,"LRCBTC":0.685576544,"POWRBTC":0.6800562945,"BCHSVUSDT":0.6772409239,"XEMBTC":0.6757089939,"ARNBTC":0.6715546617,"LINKUSDT":0.6648430263,"OAXBTC":0.6602699376,"NEOBTC":0.6531138233,"MANABTC":0.6495620057,"BCHABCUSDT":0.6406294787,"VIBBTC":0.6401650203,"LINKBTC":0.6395980703,"DASHUSDT":0.6359220361,"BATBNB":0.6293661782,"POLYBTC":0.6280130426,"ICXBTC":0.6271629082,"AEBTC":0.6263755937,"STRATBTC":0.6200941356,"BTTUSDT":0.6135779706,"ELFBTC":0.6114015322,"LTCUSDC":0.6091202014,"LTCBTC":0.6090396075,"CELRUSDT":0.6084828961,"BLZBTC":0.6069002037,"ARKBTC":0.6065014348,"HOTUSDT":0.5980145329,"LTCUSDT":0.5874695613,"DLTBTC":0.5832199938,"WTCBTC":0.5823391174,"ONTBTC":0.5820697757,"TRXUSDT":0.5807187882,"LINKETH":0.5755876198,"APPCBTC":0.5745421612,"CVCBTC":0.5743641603,"NULSUSDT":0.574359069,"BATETH":0.5732251417,"DASHETH":0.572578873,"GASBTC":0.5716029716,"NEOUSDT":0.5671766425,"AIONBTC":0.5658618304,"QKCETH":0.564536377,"BTCPAX":0.5621628698,"BTGBTC":0.5588184935,"ONTETH":0.5565275647,"XRPTUSD":0.5535868585,"SKYBTC":0.5533642322,"CELRBTC":0.5520232647,"XLMBTC":0.5477573163,"NEOETH":0.5464393289,"ADABTC":0.5461519999,"XRPUSDT":0.5454196305,"EOSBTC":0.5428035854,"ETHUSDC":0.5398754216,"ENGBTC":0.537048896,"NULSBTC":0.5363573626,"NASBTC":0.5324328992,"TRXETH":0.5296328696,"WAVESBTC":0.5281279704,"XRPUSDC":0.5275779386,"ARDRBTC":0.5245018222,"SYSBTC":0.5220999,"BNBPAX":0.5217910962,"ADXBTC":0.5202910459,"LTCETH":0.5162359137,"ETHBTC":0.5131719197,"NANOBTC":0.5115666208,"XLMETH":0.5112289297,"XLMUSDT":0.5042419974,"ADAUSDT":0.5032513935,"LTCBNB":0.4949047047,"BTCTUSD":0.4940992839,"LSKBTC":0.4915249968,"THETABTC":0.4906267824,"LTCTUSD":0.4787860097,"VETUSDT":0.4760374869,"KMDBTC":0.4666465134,"ZECBTC":0.4662939148,"ETHUSDT":0.4652670128,"GNTBTC":0.4610706468,"BNBTUSD":0.4583740801,"ENJBNB":0.4578136949,"EOSETH":0.4573326198,"VETBNB":0.4571566535,"STEEMBTC":0.4563907071,"XRPETH":0.4534755064,"ZILETH":0.4530819837,"ADAETH":0.4513388208,"BNBBTC":0.4495763524,"INSBTC":0.4492280537,"DCRBTC":0.4471400498,"ONTUSDT":0.4323402075,"IOTAUSDT":0.4322973478,"TRXXRP":0.4293340125,"VETETH":0.4269708572,"ZECETH":0.4250162883,"BRDBTC":0.4202398515,"ZRXBTC":0.4135526507,"ENJETH":0.4121547223,"ICXUSDT":0.4118202736,"BNTBTC":0.4114282957,"EOSTUSD":0.4104151711,"XRPBTC":0.4090543456,"DASHBTC":0.4089881356,"GXSBTC":0.4085463061,"BCHABCTUSD":0.4072238855,"WANBTC":0.4067872311,"XRPBNB":0.3895299629,"EOSUSDC":0.3845978413,"PPTBTC":0.3831827646,"ICXETH":0.3776674674,"ONGBTC":0.3744771633,"MDABTC":0.3733984327,"ETCBTC":0.3719251142,"ETCUSDT":0.3703760897,"EOSUSDT":0.3642914986,"ONTBNB":0.3616749602,"NEBLBTC":0.3479631104,"WABIBTC":0.3478289663,"BTTBNB":0.3288522875,"IOTAETH":0.3288346713,"TRXTUSD":0.3282347399,"USDCTUSD":0.3229921324,"FETBTC":0.3178933642,"NEOBNB":0.3117335118,"WAVESUSDT":0.3022648131,"TRXBNB":0.3017338634,"ETHTUSD":0.2988409099,"BNBETH":0.2980378827,"BCHABCUSDC":0.2920782772,"GVTBTC":0.2886359598,"QTUMBTC":0.2793460443,"XMRBTC":0.2773710784,"IOTABTC":0.2749505953,"ZILUSDT":0.2556181083,"ADABNB":0.2551557971,"ETHPAX":0.2324003471,"RVNBTC":0.2185753426,"FETBNB":0.2163740899,"FETUSDT":0.2057817087,"FUELETH":0.2015590824,"BNBUSDT":0.2006241136,"XLMBNB":0.1966657143,"BCHSVTUSD":0.1931225212,"ZECUSDT":0.1904745167,"XMRUSDT":0.1866046963,"EOSBNB":0.1777760623,"NEOTUSD":0.1691763998,"ADATUSD":0.1672433,"CELRBNB":0.1472265933,"MCOBTC":0.1424911005,"NXSBTC":0.122995076,"ONGUSDT":0.1194575153,"VIBEBTC":0.1080219235,"ZRXUSDT":0.100651987,"XRPPAX":0.0792245882,"BCHABCPAX":0.0378050669,"BNBUSDC":-0.0004966531,"USDCPAX":-0.1525849193,"RVNBNB":-0.170423756,"EDOBTC":-0.3491204848,"AGIBTC":-0.3552616603,"TUSDUSDT":-0.5437640908,"USDSPAX":-0.6408851793,"USDCUSDT":-0.6885815884,"PAXUSDT":-0.8564865833},"startDate":"2019-03-29","endDate":"2019-04-05","numDays":7,"excludedPairs":["IOTXETH","QSPBNB","WTCBNB","WINGSETH","ZECTUSD","MDAETH","DASHBNB","GTOBNB","USDSTUSD","BCPTBNB","WAVESTUSD","LINKTUSD","LINKUSDC","WAVESETH","TNBBTC","SNGLSETH","BCCBNB","USDSUSDC","XMRETH","APPCBNB","VIABNB","NCASHBTC","SALTBTC","HOTBTC","TUSDBNB","USDCBTC","OSTBNB","VENBNB","TRXPAX","KEYBTC","BCCUSDT","BRDBNB","RDNBNB","AMBETH","ZENBNB","BCCBTC","WANBNB","BTSETH","POWRBNB","POWRETH","SALTETH","IOSTBNB","PHXETH","POAETH","SKYETH","NASETH","YOYOBTC","LSKETH","MFTBNB","YOYOBNB","ETCBNB","STEEMBNB","BTTTUSD","GTOETH","TUSDETH","GXSETH","AMBBNB","USDCBNB","AEETH","DGDETH","TNTBTC","POABNB","ZENETH","DLTBNB","LOOMETH","EOSPAX","DENTETH","QKCBTC","VENUSDT","XLMUSDC","WAVESPAX","TUSDBTC","GVTETH","MODETH","ZILBNB","BNBUSDS","DLTETH","ASTETH","MTHBTC","CNDBNB","LENDETH","NANOBNB","RLCETH","MODBTC","CHATETH","CVCETH","BCHSVPAX","TRXBTC","KMDETH","LUNETH","LSKBNB","MANAETH","POLYBNB","RPXBNB","CHATBTC","CNDETH","ADXBNB","MFTETH","ADAUSDC","LINKPAX","BTTUSDC","SYSETH","XMRBNB","QTUMETH","PAXTUSD","IOSTBTC","WAVESBNB","BCNBTC","STORJETH","PIVXETH","MITHBNB","DATABTC","NULSBNB","WINGSBTC","RPXETH","ZENBTC","BRDETH","KNCETH","ONGBNB","ETCETH","BCCETH","TNTETH","QSPETH","ADAPAX","SUBBTC","HSRBTC","BTSBTC","WABIETH","NAVBNB","AGIBNB","CDTETH","YOYOETH","STEEMETH","VENBTC","SNGLSBTC","CDTBTC","PPTETH","XZCXRP","SUBETH","BCDETH","HSRETH","BTSBNB","STORMETH","DATAETH","HOTBNB","DOCKBTC","WPRETH","CLOAKETH","SNTBTC","RENBTC","GOBNB","OMGBNB","TNBETH","SKYBNB","CMTBTC","QSPBTC","BTTBTC","APPCETH","FUELBTC","IOTABNB","AEBNB","GTOBTC","QLCBNB","MFTBTC","SNMETH","MCOBNB","VETBTC","ZILBTC","STORMBTC","NXSBNB","RENBNB","NCASHETH","XEMBNB","KEYETH","XEMETH","OAXETH","POEETH","WANETH","BTGETH","TRIGBNB","AIONBNB","THETAETH","IOTXBTC","VIBEETH","EDOETH","QTUMBNB","DENTBTC","OSTETH","NANOETH","ELFETH","DOCKETH","ADXETH","RCNETH","PAXETH","ARNETH","TRIGBTC","BQXETH","XZCBNB","BCNBNB","BCPTETH","WAVESUSDC","LOOMBNB","STRATETH","DCRBNB","RCNBNB","TRIGETH","CVCBNB","QLCETH","SNTETH","RDNETH","MTHETH","VIAETH","PHXBNB","REPETH","AIONETH","ARKETH","BNTETH","WTCETH","VIBETH","ZRXBNB","ARDRBNB","REQETH","PIVXBNB","MITHBTC","NEBLETH","ICXBNB","FUNBTC","WABIBNB","XVGBTC","ARDRETH","NULSETH","MCOETH","PAXBTC","SYSBNB","DNTETH","ZECBNB","NEOUSDC","VENETH","NCASHBNB","CMTBNB","BTTPAX","SCBNB","GNTBNB","REQBTC","LTCPAX","NPXSBTC","ZECPAX","NANOUSDT","DNTBTC","INSETH","XVGETH","SCETH","ICNBTC","RLCBNB","XLMTUSD","USDSUSDT","WPRBTC","NXSETH","NEOPAX","ZRXETH","BLZETH","OSTBTC","NPXSETH","CMTETH","BCNETH","STORMBNB","OMGUSDT","BCHSVUSDC","FUNETH","RPXBTC","TRXUSDC","NEBLBNB","REPBNB","GRSETH","LRCETH","ENGETH","PAXBNB","THETABNB","CLOAKBTC","ZECUSDC","NAVETH","PHXBTC","HCETH","POEBTC","SCBTC","XLMPAX","NASBNB","HOTETH","AGIETH","GNTETH","BLZBNB","CNDBTC","XZCETH","ICNETH","LENDBTC"]}