{"data":{"BATBTC":0.9661509423,"ICXBTC":0.953562105,"ASTBTC":0.9339933107,"RLCBTC":0.9324703324,"PPTBTC":0.92665389,"MANAETH":0.9193466887,"ICXETH":0.9121652203,"ZRXBTC":0.9117054804,"KNCBTC":0.8863368286,"BATETH":0.8827601534,"LUNBTC":0.8826070061,"BLZBTC":0.8814733717,"POWRBTC":0.8791455216,"VIABTC":0.8778804625,"BQXBTC":0.8770452533,"EDOBTC":0.8740031372,"BRDBTC":0.8613735945,"ICXUSDT":0.860057459,"ENGBTC":0.8546292361,"DGDBTC":0.8537945272,"LOOMBTC":0.8529044174,"RDNBTC":0.8440654496,"OAXBTC":0.8416208604,"SKYBTC":0.8346680008,"ENJBTC":0.8336139322,"XRPBTC":0.8300431688,"ENJETH":0.8297070369,"APPCBTC":0.8288782509,"KNCETH":0.7972903619,"ZRXETH":0.797149919,"PIVXBTC":0.7906984718,"BATBNB":0.7831259544,"XRPUSDC":0.7812717758,"THETABTC":0.7812211123,"NEBLBTC":0.7811498621,"CVCBTC":0.7752086809,"EVXBTC":0.7660095578,"APPCETH":0.7627164846,"GRSBTC":0.7569503716,"NULSBTC":0.7536634566,"BCHSVBTC":0.7534205759,"BCPTBTC":0.7523919234,"THETAETH":0.7457736733,"ENJBNB":0.736287648,"LOOMETH":0.7354803954,"WABIBTC":0.7304763861,"ADXBTC":0.7122395627,"RVNBTC":0.7058319026,"XRPUSDT":0.7011845497,"STEEMBTC":0.7005996163,"REPBTC":0.6962564721,"BCDBTC":0.6958165903,"DLTBTC":0.6912516547,"MDABTC":0.6781322871,"XLMUSDC":0.6668275919,"NPXSETH":0.6634386559,"ELFBTC":0.6381719397,"AIONBTC":0.6351621162,"MDAETH":0.6318833777,"XLMUSDT":0.6238423113,"INSBTC":0.6211396477,"XRPBNB":0.6174175077,"GVTBTC":0.6001495679,"ZENBTC":0.5980327041,"STORJBTC":0.5873786861,"XLMPAX":0.5797633766,"RCNETH":0.5757453267,"STRATBTC":0.5752209575,"ARKBTC":0.5699299151,"AEBTC":0.5679672195,"POLYBTC":0.5677623826,"XLMETH":0.5622236752,"BNBUSDC":0.5534859721,"NASBTC":0.5434876196,"LINKBTC":0.5388520893,"WTCBTC":0.5207118168,"XLMTUSD":0.5204374192,"GXSBTC":0.5203252034,"XRPETH":0.5097464282,"HCBTC":0.5055379961,"BCHSVUSDT":0.499064624,"RVNBNB":0.4806210644,"ARNBTC":0.4654500841,"THETABNB":0.458757266,"ELFETH":0.4499416815,"XRPPAX":0.4470003156,"BTTUSDT":0.434689975,"AEETH":0.4201012642,"INSETH":0.4153692895,"WANBTC":0.4009021673,"QTUMBTC":0.3798219662,"ETCBTC":0.3773083727,"BCHSVTUSD":0.3753667662,"LINKUSDT":0.3663052315,"GASBTC":0.3653325816,"ICXBNB":0.3644723359,"FUELETH":0.3558765273,"TRXXRP":0.3521217064,"ONGUSDT":0.33942586,"HOTBNB":0.3358145177,"QTUMUSDT":0.3298378069,"ONTBTC":0.3237237272,"ONGBTC":0.3151924335,"TUSDBTC":0.3111765976,"KMDBTC":0.3089469003,"ONTUSDT":0.3080694513,"NULSUSDT":0.2983172368,"NANOBTC":0.2802413621,"XLMBNB":0.2677909638,"LTCBTC":0.2648256779,"PAXTUSD":0.2597017769,"ARNETH":0.253264456,"MTLBTC":0.2481253259,"NXSBTC":0.2398035549,"ONTETH":0.2185189614,"HOTUSDT":0.2134636708,"LTCETH":0.2059134163,"IOTABTC":0.2015889307,"ZILUSDT":0.1570645261,"BTCPAX":0.1561914623,"IOTAUSDT":0.150357896,"LINKETH":0.1480716956,"ADABNB":0.1474580815,"LSKBTC":0.1428317397,"NEOBTC":0.141553819,"LTCUSDT":0.1387850297,"XMRBTC":0.1379661252,"EOSETH":0.1283425976,"WAVESBTC":0.1176686635,"EOSUSDT":0.1161639683,"NEOUSDT":0.1116672886,"XRPTUSD":0.1047605186,"TUSDUSDT":0.1010876031,"DCRBTC":0.0999350972,"ETCUSDT":0.098754653,"EOSBNB":0.0978005236,"NEOBNB":0.0955863829,"BCHABCBTC":0.0942414804,"BTCUSDC":0.0941094023,"LTCUSDC":0.0920810941,"ADAUSDT":0.0842972618,"BTGBTC":0.0786446778,"EOSBTC":0.0774182148,"OMGETH":0.0620084573,"ONTBNB":0.0599940392,"LTCBNB":0.0472237486,"OMGBTC":0.0432326892,"TUSDBNB":0.0400007722,"ZILETH":0.0309713936,"VETUSDT":0.0244116537,"BTTBNB":0.0239031735,"ZECBTC":0.0167866175,"BTCUSDS":0.0114852387,"BCHABCUSDT":0.0114780801,"TRXBNB":0.005274216,"EOSTUSD":0.0020022483,"BTCUSDT":0.0015453567,"USDCUSDT":-0.0040844809,"NEOETH":-0.0360757519,"WAVESUSDT":-0.0582639994,"BCHABCTUSD":-0.0586854379,"BNBPAX":-0.0653031479,"BNBUSDT":-0.066448453,"ADAETH":-0.0924642929,"EOSUSDC":-0.0927300784,"TUSDETH":-0.1063872055,"TRXETH":-0.1203115738,"DASHBTC":-0.1203598811,"EOSPAX":-0.1240303348,"USDSPAX":-0.1252099726,"TRXUSDT":-0.131343707,"MCOBTC":-0.1427463223,"BNBBTC":-0.1436682094,"BNBETH":-0.1525384226,"ETHUSDT":-0.1715641243,"ADATUSD":-0.1796272948,"ETHBTC":-0.1874453445,"LTCTUSD":-0.2098289171,"PAXUSDT":-0.241483646,"ETHPAX":-0.2444433747,"TRXTUSD":-0.2870035627,"NEOTUSD":-0.2978658982,"USDCPAX":-0.3269118017,"ETHUSDC":-0.3411439954,"USDCTUSD":-0.3867443},"startDate":"2019-02-25","endDate":"2019-03-04","numDays":7,"excludedPairs":["QTUMETH","WAVESPAX","XEMBNB","PHXETH","FETBNB","BTTPAX","BQXETH","EDOETH","AEBNB","SALTETH","CNDBNB","BCHABCUSDC","BCNBTC","NEBLBNB","SNTBTC","BTTTUSD","DOCKETH","IOSTBTC","ADXETH","GVTETH","KEYETH","TNTETH","BTTUSDC","QLCETH","RENBTC","BLZBNB","XZCBNB","FUELBTC","PAXBTC","WAVESBNB","TRIGETH","POABNB","LRCBTC","LUNETH","WANETH","NAVETH","SUBETH","RLCETH","CVCBNB","VIBBTC","AGIETH","PHXBTC","BTTBTC","MFTBNB","VETBTC","STEEMETH","FETUSDT","BTSBTC","SCBNB","FUNBTC","NPXSBTC","GTOBTC","NASETH","DENTETH","POLYBNB","LINKTUSD","ARDRETH","XLMBTC","TNBETH","CMTBNB","CLOAKETH","STORMBTC","TRXBTC","ZILBNB","QKCETH","DENTBTC","NULSETH","CMTBTC","ARDRBNB","ASTETH","GOBTC","GNTETH","SNGLSBTC","IOTXETH","BCPTETH","PAXBNB","ZILBTC","OSTBNB","ZRXUSDT","WAVESETH","CHATBTC","STRATETH","XZCETH","MTLETH","MODETH","SYSBNB","MTHBTC","PAXETH","DLTETH","RPXBTC","IOTXBTC","ENGETH","FETBTC","RDNBNB","REQETH","VENBTC","QSPBTC","TRIGBNB","VENBNB","AMBETH","BRDETH","WABIETH","USDSTUSD","AMBBNB","STORMETH","DATABTC","HOTETH","VIAETH","GTOBNB","XZCXRP","HOTBTC","LRCETH","TNTBTC","TRXUSDC","DASHETH","HSRETH","NCASHBTC","AIONETH","WPRETH","SUBBTC","STEEMBNB","PHXBNB","AMBBTC","REPETH","MCOETH","BCHSVPAX","BCPTBNB","BTSBNB","CDTETH","LINKUSDC","QTUMBNB","QSPBNB","NANOETH","ICNBTC","BLZETH","OSTETH","ZECETH","CDTBTC","BNBUSDS","WTCBNB","TNBBTC","DNTBTC","BCHSVUSDC","WPRBTC","POABTC","KEYBTC","DCRBNB","HCETH","REQBTC","NCASHETH","NXSBNB","LOOMBNB","VIBEETH","PIVXBNB","ADABTC","LSKBNB","CNDETH","QLCBNB","YOYOBNB","POEBTC","DLTBNB","KMDETH","VETBNB","SALTBTC","ZENETH","CVCETH","LTCPAX","PIVXETH","LSKETH","LENDBTC","NEBLETH","WABIBNB","GTOETH","HSRBTC","SNMETH","MODBTC","MFTBTC","MTHETH","RPXBNB","BTGETH","AIONBNB","ARDRBTC","USDCBTC","STORMBNB","LENDETH","GOBNB","ARKETH","VIBEBTC","CLOAKBTC","BNTBTC","BCDETH","VIABNB","ONGBNB","SNGLSETH","GXSETH","SCBTC","BTSETH","POWRBNB","RDNETH","WINGSBTC","RLCBNB","SYSBTC","BCCBNB","USDSUSDC","AGIBNB","MITHBNB","ZRXBNB","BCNBNB","XEMBTC","ETCETH","TRIGBTC","SYSETH","CHATETH","IOTABNB","NASBNB","DOCKBTC","CNDBTC","BRDBNB","XMRETH","RCNBNB","USDSUSDT","YOYOETH","RPXETH","SCETH","BCHABCPAX","NAVBNB","WAVESUSDC","IOSTETH","NCASHBNB","RCNBTC","SNTETH","XVGBTC","MCOBNB","NANOBNB","REPBNB","OAXETH","SKYETH","DGDETH","VENUSDT","GNTBNB","OSTBTC","XVGETH","BCCUSDT","MITHBTC","USDCBNB","QKCBTC","NULSBNB","ADXBNB","IOTAETH","SNMBTC","WTCETH","SKYBNB","DNTETH","VENETH","POWRETH","CMTETH","AGIBTC","MFTETH","VETETH","POAETH","XZCBTC","RENBNB","MANABTC","ZENBNB","VIBETH","TRXPAX","APPCBNB","BCCETH","BCCBTC","QSPETH","BCNETH","STORJETH","FUNETH","XEMETH","ETCBNB","POEETH","WINGSETH","GNTBTC","NXSETH","GRSETH","ICNETH","PPTETH","QLCBTC","LINKPAX","YOYOBTC","EVXETH","WANBNB","NAVBTC","BNTETH","DATAETH","WAVESTUSD"]}