{"data":{"WTCBTC":0.9421267589,"NAVBTC":0.9295020633,"AIONBTC":0.9289873723,"WTCETH":0.9135929082,"IOTAETH":0.8990661638,"CVCBTC":0.8988136483,"XMRBNB":0.8890513307,"ARDRBTC":0.8819169579,"BLZBTC":0.8750404076,"ZENBTC":0.8713239305,"LOOMBTC":0.8688697105,"BTCUSDS":0.8609935661,"RENBTC":0.8586312063,"KNCBTC":0.8578652331,"EVXBTC":0.8543710448,"IOTAUSDT":0.8529481575,"LINKBTC":0.8463950641,"DGDBTC":0.8413099523,"XMRUSDT":0.8313074589,"LRCBTC":0.8236674649,"PPTBTC":0.8185305495,"GNTBTC":0.8135581946,"IOTABTC":0.8116873345,"THETAUSDT":0.8114725455,"ETCUSDT":0.8103562551,"DOGEUSDT":0.809957745,"ELFBTC":0.8092345784,"ETCBTC":0.8087587028,"BTCUSDC":0.8083752146,"FETBTC":0.8079925952,"XRPUSDT":0.7980687573,"KNCETH":0.7960106031,"STORJBTC":0.7934531627,"THETAETH":0.7915360213,"NULSUSDT":0.7882661293,"BTCUSDT":0.7880184855,"LTCETH":0.7837608192,"REPBTC":0.782989418,"LINKUSDT":0.7774684034,"ARKBTC":0.7730825456,"GRSBTC":0.7631320045,"ETCETH":0.7516235779,"NULSBTC":0.7511885301,"XMRETH":0.7499324639,"TRXUSDC":0.7379391821,"LTCUSDC":0.7367177619,"BTCTUSD":0.7335014891,"ZILETH":0.7329332961,"BQXBTC":0.73274673,"LTCBNB":0.729574392,"LTCBTC":0.719073553,"MTLBTC":0.7108329399,"XRPETH":0.7034345632,"ALGOBTC":0.7030348355,"XRPBTC":0.7017875258,"ENJBTC":0.7010733507,"LTCUSDT":0.699890205,"VIABTC":0.6977227137,"LRCETH":0.6965849927,"FTMBNB":0.6963752005,"LINKETH":0.6906244769,"NANOBTC":0.6655766387,"LINKUSDC":0.6644082672,"LTCTUSD":0.6626773639,"ALGOUSDT":0.6575718058,"THETABTC":0.6565791021,"ETHPAX":0.655858503,"ENJETH":0.6456049164,"ONTUSDT":0.6289584566,"FETUSDT":0.6258745605,"BNBETH":0.6151436889,"XRPTUSD":0.6141910198,"ETHBTC":0.613863085,"BNBBTC":0.6101296575,"EOSBNB":0.6088183419,"RENBNB":0.6087805554,"OAXBTC":0.6059926254,"LSKBTC":0.6010955949,"DASHETH":0.59794382,"WAVESETH":0.5964423725,"DCRBTC":0.5912788122,"ERDBNB":0.5846229104,"USDCTUSD":0.5825038902,"OMGUSDT":0.5805556121,"FETBNB":0.5677860172,"TRXXRP":0.567222815,"XMRBTC":0.5638873082,"BTGBTC":0.5589537484,"NXSBTC":0.5478437471,"APPCBTC":0.5406961967,"TFUELUSDT":0.5361780567,"ALGOBNB":0.52998557,"LINKTUSD":0.5149657432,"TRXUSDT":0.512636513,"ZILUSDT":0.5103058567,"WAVESUSDT":0.5092588179,"FTMUSDT":0.5067530876,"BRDBNB":0.4974414075,"ETHUSDC":0.4966150181,"DASHBTC":0.493924533,"DLTBTC":0.48313404,"BNBUSDT":0.4745917919,"BCHABCUSDT":0.47327645,"NEOETH":0.4643589254,"RLCBTC":0.4628860613,"WAVESBTC":0.4614939823,"SKYBTC":0.4419021944,"NEOUSDT":0.4418329676,"DASHUSDT":0.4374424152,"STEEMBTC":0.4370771346,"ENGBTC":0.4359017914,"NEOBNB":0.4358514351,"LINKPAX":0.4314311631,"ATOMUSDT":0.4211312149,"ASTBTC":0.4143363229,"POWRBTC":0.4126258019,"LTCPAX":0.4046421394,"QTUMUSDT":0.4039518629,"XRPPAX":0.3958842761,"NEOBTC":0.3860345956,"XRPUSDC":0.3812439381,"ETHUSDT":0.3751658394,"NASBTC":0.3748790415,"QTUMBTC":0.3660178036,"EOSUSDC":0.3606973283,"ALGOUSDC":0.3566919073,"TRXETH":0.3535881905,"ENJUSDT":0.3474672058,"RVNBTC":0.3448735548,"XLMBNB":0.3387657669,"BNBUSDC":0.32580654,"ETHTUSD":0.3130298499,"LUNBTC":0.3087607488,"GXSBTC":0.3040742559,"ANKRUSDT":0.3028679407,"STRATBTC":0.2994677746,"USDCPAX":0.2848694114,"EOSPAX":0.2795449709,"OMGBTC":0.27437399,"PAXUSDT":0.2728351446,"FUELETH":0.2714435386,"BCHABCBTC":0.2710102649,"WABIBTC":0.2668994452,"SNTETH":0.259858344,"ONTBTC":0.2438445535,"EOSBTC":0.2311291685,"MATICBNB":0.1909241652,"XEMBTC":0.1871153072,"ATOMBTC":0.1760093278,"XLMUSDT":0.1717267348,"BCHABCPAX":0.1715346159,"NANOUSDT":0.1650377668,"EOSETH":0.1586024033,"ZRXBTC":0.1441722304,"EOSUSDT":0.1436639346,"ICXBTC":0.1389080166,"ONGBTC":0.1347900406,"ADXBTC":0.1283707973,"MATICUSDT":0.1146463354,"BRDBTC":0.1015064105,"BTCPAX":0.0939124211,"XLMETH":0.0935093195,"RDNBTC":0.0908535433,"XRPBNB":0.0899704839,"TRXBNB":0.0862845165,"DUSKBTC":0.0845857358,"USDCUSDT":0.0768439933,"ATOMBNB":0.0672985167,"POLYBTC":0.0632571831,"NANOBNB":0.0496135421,"NANOETH":0.0377118994,"BCHABCUSDC":0.0297738159,"ADAUSDT":0.0260835301,"BNBTUSD":0.0207789757,"ONEUSDT":0.0175637454,"ADAUSDC":0.015763786,"ONEBNB":0.0113552562,"AEBTC":-0.0049904638,"KMDBTC":-0.0354003572,"DUSKUSDT":-0.0371225579,"XZCBTC":-0.0381832621,"ANKRBNB":-0.0697236427,"BCDBTC":-0.08573115,"ADABTC":-0.0883863407,"TUSDUSDT":-0.1096434699,"BNBPAX":-0.1133490075,"ERDUSDT":-0.11367041,"MCOBTC":-0.1508458616,"INSBTC":-0.1510508533,"ZRXUSDT":-0.2346487722,"PAXTUSD":-0.2418413933,"NEBLBTC":-0.243834579,"ADABNB":-0.2543222054,"BATUSDT":-0.2599923238,"ADAETH":-0.2656923123,"WANBTC":-0.279355091,"HCBTC":-0.310672102,"CELRUSDT":-0.322351899,"ZECUSDT":-0.3338471544,"ZECBTC":-0.3662090315,"ICXETH":-0.3738770781,"ZECETH":-0.3780570979,"EDOBTC":-0.3806358948,"IOSTUSDT":-0.3883029777,"GVTBTC":-0.4257036886,"BCHABCTUSD":-0.4505796741,"BATETH":-0.4664742771,"BTTUSDT":-0.4724902583,"VETBNB":-0.4814788999,"XLMBTC":-0.4994773113,"MDAETH":-0.5006369433,"ARNBTC":-0.501066414,"MDABTC":-0.5060181061,"MITHUSDT":-0.5249189464,"BATBTC":-0.5329195211,"RVNBNB":-0.5743224136,"BATBNB":-0.578006877,"VETUSDT":-0.5878986021,"VETETH":-0.6664615644,"HOTBNB":-0.7223404843,"HOTUSDT":-0.7555580674,"ICXUSDT":-0.7654679324},"startDate":"2019-07-30","endDate":"2019-08-06","numDays":7,