{"data":{"RDNBTC":0.9692583921,"WINGSBTC":0.9182081529,"OAXBTC":0.9148632725,"BNTBTC":0.9058169066,"PPTBTC":0.9006345669,"BNTETH":0.9000531385,"HCBTC":0.8708629846,"BRDBTC":0.8695963777,"LRCBTC":0.8669060099,"EVXBTC":0.8508305063,"GXSBTC":0.8478128897,"GVTBTC":0.8457485473,"LRCETH":0.8310951783,"MODBTC":0.8259412633,"PIVXBTC":0.8138056528,"EVXETH":0.8112108138,"NULSBTC":0.8031164287,"NULSUSDT":0.7979961595,"DGDBTC":0.7963877351,"VIABTC":0.7927018514,"RLCBTC":0.7895460453,"ADXBTC":0.7732377458,"THETABTC":0.7715553448,"ELFBTC":0.7623101641,"GVTETH":0.7401212134,"VIBEBTC":0.7330496748,"GRSBTC":0.7030510782,"WABIBTC":0.6960078791,"DLTBTC":0.6903212904,"LUNBTC":0.687978565,"ARKBTC":0.6722529815,"THETAETH":0.6549636969,"CLOAKBTC":0.6534840322,"ENGBTC":0.6453369572,"SALTBTC":0.6188449085,"EDOBTC":0.6118989135,"BQXBTC":0.6000086514,"OAXETH":0.5974102759,"NANOBTC":0.5920146033,"HOTETH":0.5831613952,"ARNBTC":0.5673476692,"MDABTC":0.5649693135,"GTOETH":0.559815503,"LUNETH":0.5589437221,"ZRXBTC":0.5574451212,"WAVESBNB":0.5567879112,"NXSBTC":0.5557235742,"WAVESBTC":0.5460029331,"AGIBTC":0.5426648569,"XZCBTC":0.5402462333,"WAVESUSDT":0.5349192941,"ONTBTC":0.5205462825,"WAVESTUSD":0.4917361281,"DLTETH":0.4856977815,"NANOETH":0.4796861099,"NASBTC":0.4716723489,"MTLBTC":0.4707430286,"NAVBTC":0.4629819019,"KMDBTC":0.4616533041,"ZILETH":0.4574193501,"WAVESETH":0.4268190406,"TUSDETH":0.3970587809,"ZRXETH":0.3799864847,"ZENBTC":0.3499642574,"TRXXRP":0.2840323333,"TRXETH":0.2784242974,"TRXUSDT":0.2764172064,"XLMTUSD":0.2731574041,"XLMETH":0.2607832307,"XMRBTC":0.259984531,"FUNETH":0.2598638662,"NEBLBTC":0.2578363273,"XLMBTC":0.255154568,"AMBBTC":0.220489641,"ONTUSDT":0.2055462619,"TRXTUSD":0.2039808458,"DASHBTC":0.1732449579,"EOSUSDC":0.1718996084,"XMRETH":0.1525630656,"WTCBTC":0.1518020611,"TUSDBTC":0.1414157364,"INSBTC":0.1395852764,"TUSDUSDT":0.1349710722,"USDCPAX":0.1110205568,"PAXUSDT":0.0915711711,"ONTETH":0.0837355422,"ARNETH":0.0810167777,"LOOMBTC":0.0745926105,"NEOBTC":0.0464896206,"GASBTC":0.0446585039,"VETUSDT":0.0357422307,"BCHABCBTC":0.0309619262,"WANBTC":0.0301969922,"STRATBTC":0.0234691637,"LSKBTC":0.0169654767,"LTCUSDT":0.0146459973,"STORJBTC":0.0131583033,"NEOETH":0.007507829,"BCHABCUSDT":0.0041679167,"NEOTUSD":-0.0150403447,"SKYBTC":-0.0231126942,"VETETH":-0.0262222934,"XLMUSDT":-0.026750399,"USDCUSDT":-0.0309006869,"PAXTUSD":-0.0322104435,"LTCETH":-0.0471813056,"ZECBTC":-0.0602037951,"EOSBTC":-0.085418992,"USDCTUSD":-0.0958947542,"BNBPAX":-0.1010744284,"LINKETH":-0.1019030835,"DCRBTC":-0.1048413654,"XLMPAX":-0.1107132209,"LTCBTC":-0.1211766623,"TRXBNB":-0.1324289374,"ADAETH":-0.1403916748,"SNTBTC":-0.1435666832,"XLMUSDC":-0.1525995593,"BTCUSDC":-0.1538550899,"QTUMBTC":-0.159125783,"BATBTC":-0.1660182461,"KNCBTC":-0.1711807135,"EOSBNB":-0.1852969827,"ETCBTC":-0.1874347282,"LINKBTC":-0.188442603,"BNBUSDC":-0.1894280593,"ICXUSDT":-0.1951454906,"TUSDBNB":-0.1968210703,"ICXETH":-0.2002420735,"REPBTC":-0.2172541665,"EOSUSDT":-0.2227208164,"XRPETH":-0.2428769653,"LINKUSDT":-0.2449561015,"XRPTUSD":-0.256463338,"REPETH":-0.2606446064,"BCDBTC":-0.2722146776,"ETCUSDT":-0.2949122961,"EOSETH":-0.2994726006,"BTCPAX":-0.2996592079,"LINKTUSD":-0.325562695,"NEOUSDT":-0.3312838002,"XRPBNB":-0.3314560908,"AIONBTC":-0.3320060842,"BCHSVBTC":-0.3526971197,"LINKUSDC":-0.3587742378,"POLYBTC":-0.3828744177,"EOSPAX":-0.385585785,"ICXBTC":-0.3910229959,"BCHSVUSDT":-0.3956144848,"BNBETH":-0.3997251914,"MCOBTC":-0.4025049704,"LTCBNB":-0.4231557715,"ADATUSD":-0.4239867637,"STEEMBTC":-0.4256345413,"BTCUSDT":-0.4284033005,"XRPPAX":-0.4286724823,"XRPBTC":-0.4337669187,"ADAUSDT":-0.4364346873,"POWRBTC":-0.4420448073,"ETHBTC":-0.4475139506,"BNBBTC":-0.4616493389,"ETHPAX":-0.4681866382,"XRPUSDC":-0.4774374309,"BNBUSDT":-0.4852424125,"AEBTC":-0.512002253,"XRPUSDT":-0.5747695265,"ETHUSDT":-0.5891208098,"QTUMUSDT":-0.6107273913,"IOTAETH":-0.6212621053,"ETHUSDC":-0.6474138121,"IOTABTC":-0.6830845726,"IOTAUSDT":-0.697671922,"OMGETH":-0.7537672665,"BTGBTC":-0.7591914499,"OMGBTC":-0.8681328184},"startDate":"2019-01-22","endDate":"2019-01-29","numDays":7,"excludedPairs":["SNGLSETH","CMTBNB","NASETH","WABIBNB","XLMBNB","MITHBTC","KNCETH","XVGETH","CVCBNB","LOOMBNB","BCPTBNB","MDAETH","DASHETH","VENUSDT","RLCETH","FUELBTC","IOSTETH","STEEMETH","ENGETH","VIBBTC","BTSETH","CHATBTC","SALTETH","SNMETH","CLOAKETH","SNGLSBTC","LSKBNB","NAVBNB","KEYBTC","RENBTC","SKYETH","GXSETH","PHXBNB","POAETH","IOSTBTC","XEMBNB","BCHSVTUSD","KEYETH","TNTETH","ETCETH","VIABNB","BCNBTC","MANABTC","RPXETH","BCCUSDT","IOTABNB","NEOBNB","APPCBTC","AMBETH","QSPBNB","QTUMBNB","ZILBNB","PHXETH","TNBBTC","BCPTBTC","BCCBTC","MTHBTC","POLYBNB","BTSBNB","WTCBNB","POEBTC","ASTBTC","BLZBNB","ARKETH","AIONETH","PAXBNB","OSTETH","VIBETH","NCASHBTC","RLCBNB","RVNBNB","MFTBTC","BCHABCUSDC","BLZBTC","LINKPAX","WANBNB","DOCKETH","ARDRBTC","VENBNB","QSPETH","MCOBNB","REQETH","TRIGBTC","THETABNB","YOYOBNB","SCBTC","VENETH","BATETH","WPRBTC","XZCETH","MODETH","TRXPAX","ASTETH","VIBEETH","GTOBTC","NULSBNB","QKCETH","GNTBNB","ZILBTC","DOCKBTC","APPCETH","YOYOBTC","USDCBTC","MCOETH","LTCTUSD","CHATETH","QLCBNB","VETBNB","YOYOETH","BRDBNB","SNMBTC","NXSBNB","ARDRETH","BLZETH","AMBBNB","AEBNB","RENBNB","CMTETH","ICXBNB","XZCXRP","AIONBNB","ADXBNB","HOTBTC","BCHSVPAX","WANETH","GNTETH","STORMBTC","SYSBTC","ENJETH","CMTBTC","XZCBNB","DLTBNB","STORMBNB","GOBNB","BCHABCTUSD","XEMETH","STORMETH","AEETH","DCRBNB","RPXBNB","SKYBNB","BCPTETH","RPXBTC","ADABTC","PHXBTC","FUNBTC","POWRETH","AGIBNB","TRXBTC","TNTBTC","POEETH","BCCETH","BRDETH","VENBTC","IOTXETH","TNBETH","ENJBTC","MTLETH","ICNBTC","PIVXETH","GTOBNB","HSRBTC","QTUMETH","TRIGETH","OSTBNB","IOTXBTC","VETBTC","BCDETH","BTGETH","NEBLETH","PAXBTC","SYSBNB","DENTBTC","QKCBTC","LTCPAX","POWRBNB","DATABTC","USDCBNB","XEMBTC","EOSTUSD","REPBNB","RCNETH","ELFETH","QLCETH","DNTBTC","WINGSETH","CVCBTC","RVNBTC","ENJBNB","MANAETH","CNDBNB","CNDBTC","ONTBNB","SCBNB","ZENETH","RDNBNB","NANOBNB","NPXSETH","BTSBTC","MTHETH","WABIETH","WPRETH","AGIETH","SNTETH","ZENBNB","LOOMETH","NAVETH","SUBETH","RCNBNB","NPXSBTC","LTCUSDC","ADXETH","CVCETH","FUELETH","BQXETH","EDOETH","GNTBTC","QSPBTC","NEBLBNB","NXSETH","BCNETH","DENTETH","ETCBNB","VIAETH","TRIGBNB","CDTBTC","OSTBTC","BCCBNB","STEEMBNB","SCETH","GOBTC","NASBNB","ADABNB","MFTETH","APPCBNB","XVGBTC","CDTETH","ZECETH","BCHABCPAX","ICNETH","POABTC","REQBTC","RDNETH","DGDETH","NCASHETH","STRATETH","NULSETH","LSKETH","QLCBTC","LENDBTC","WTCETH","MITHBNB","HSRETH","WAVESUSDC","WAVESPAX","GRSETH","PAXETH","KMDETH","BCHSVUSDC","PPTETH","DNTETH","MFTBNB","SYSETH","NCASHBNB","PIVXBNB","DATAETH","STORJETH","CNDETH","POABNB","INSETH","HCETH","TRXUSDC","SUBBTC","RCNBTC","BATBNB","BCNBNB","ARDRBNB","LENDETH"]}