{"data":{"HCBTC":0.9938037896,"ERDUSDT":0.9627018661,"EVXBTC":0.9514426537,"ERDBNB":0.9045240771,"LRCETH":0.8811211677,"COSBNB":0.8707220922,"BTGBTC":0.8657898866,"COSUSDT":0.8515619828,"LUNBTC":0.839006636,"BNBUSDT":0.8216338887,"MDABTC":0.7960359192,"XMRBNB":0.7939405676,"EVXETH":0.7817687414,"WINUSDC":0.7727338181,"GVTBTC":0.7690024595,"ONGBTC":0.7526238464,"BCDBTC":0.7519380158,"CELRUSDT":0.7394513571,"VIABTC":0.7350633266,"NULSUSDT":0.731401649,"WINUSDT":0.721532609,"ONEUSDT":0.7078326455,"STEEMBTC":0.688143056,"NAVBTC":0.6856915355,"MITHUSDT":0.683302485,"BCPTETH":0.6815557489,"CELRBNB":0.6783021489,"ICXBNB":0.6734870537,"XMRBTC":0.6732042312,"ETCUSDT":0.6424014175,"ALGOBTC":0.6385347635,"ANKRBNB":0.6152208882,"ETCBNB":0.6087812075,"NEBLBTC":0.5976367878,"WINBNB":0.5902575539,"ALGOUSDT":0.5885784714,"WANETH":0.5827530026,"DASHETH":0.5795449645,"ICXBTC":0.5753021459,"MATICUSDT":0.5707674523,"ICXUSDT":0.550528263,"ARNBTC":0.5393337789,"ALGOBNB":0.5384260419,"GTOUSDT":0.5338482796,"WANBTC":0.5284155467,"KNCBTC":0.5244302988,"KMDBTC":0.5062563444,"NXSBTC":0.5011889363,"KNCETH":0.4850261994,"TUSDUSDT":0.4723828851,"PAXUSDT":0.4715225801,"REPBTC":0.4426394032,"ENGBTC":0.4410182249,"ELFETH":0.4296247318,"QTUMUSDT":0.4118337324,"USDSUSDT":0.4023378365,"DASHUSDT":0.400345887,"THETAETH":0.3994408842,"USDCPAX":0.3984985656,"ALGOUSDC":0.3855155394,"ICXETH":0.3846149653,"GRSBTC":0.3780896607,"INSBTC":0.3763931181,"ZILUSDT":0.3702670695,"BNBBTC":0.3664807135,"VETUSDT":0.3654964331,"DUSKUSDT":0.3651218913,"TRXBNB":0.3492798539,"TRXUSDT":0.3454999143,"USDCUSDT":0.3373648411,"DUSKUSDC":0.3372443554,"HOTUSDT":0.3360494629,"DGDBTC":0.3343912866,"NULSBTC":0.3324055979,"NANOETH":0.3181111662,"ETCBTC":0.3044179405,"DASHBTC":0.3015755987,"DUSKBNB":0.2968597621,"LTCBTC":0.2962570283,"BCHABCUSDT":0.2829434526,"BRDBTC":0.2652088908,"BCHABCBTC":0.2627141401,"ADAUSDC":0.2559902097,"ANKRUSDC":0.2514764197,"FTMUSDT":0.2455564056,"GASBTC":0.2315427934,"WAVESBTC":0.2189188799,"INSETH":0.2147179008,"THETABNB":0.1961654593,"ENJBNB":0.1849558841,"MATICBNB":0.1848201434,"MTLBTC":0.1756442739,"DUSKBTC":0.1621359312,"MCOBTC":0.1571327977,"MTLETH":0.1553080103,"ENJUSDT":0.149611392,"SKYBTC":0.1491247947,"LINKBTC":0.1440524553,"TRXETH":0.1153931391,"LINKUSDT":0.1118300756,"ZECUSDT":0.1090849664,"THETABTC":0.1008487992,"LTCUSDT":0.0999664039,"ADABNB":0.0994599687,"LSKBTC":0.0972739511,"USDCTUSD":0.0885995654,"NANOUSDT":0.0721683844,"ETCETH":0.0623248238,"XMRUSDT":0.0589453638,"IOTABNB":0.0561571436,"BATUSDT":0.048883952,"BCHABCPAX":0.0042312242,"TFUELUSDT":-0.0004214336,"XZCBTC":-0.0068838985,"ZILETH":-0.0095359294,"IOSTUSDT":-0.0220054977,"PIVXBTC":-0.026258085,"ZENBTC":-0.0273308035,"WTCBTC":-0.0298459138,"LTCETH":-0.031303113,"LINKETH":-0.0529603436,"RVNBNB":-0.0536520624,"BCHABCUSDC":-0.0695042618,"ANKRPAX":-0.0967228292,"TRXUSDC":-0.0982815532,"ATOMBTC":-0.1263413987,"RENBTC":-0.1275597566,"BATETH":-0.1283828039,"EOSBNB":-0.1395128975,"BATBTC":-0.1402554532,"ENJETH":-0.1450949614,"ZECETH":-0.1476749179,"ONTUSDT":-0.1483474601,"LTCBNB":-0.1569753072,"AEBTC":-0.1668694225,"PPTBTC":-0.1719045314,"THETAUSDT":-0.174424656,"ONTBTC":-0.2061810627,"STRATBTC":-0.2093554087,"NANOBTC":-0.2238128933,"RENBNB":-0.2501985827,"BCHABCTUSD":-0.2660066644,"ONEBNB":-0.2848892913,"LTCPAX":-0.2942780844,"LINKUSDC":-0.2980957917,"NEOBNB":-0.3004488581,"ADAUSDT":-0.3022435736,"LTCUSDC":-0.3026516092,"IOTAETH":-0.3172011212,"BATBNB":-0.3177498491,"BTTUSDT":-0.3235308262,"QTUMETH":-0.3242100648,"ANKRUSDT":-0.3247511581,"LTCTUSD":-0.3289578745,"WAVESETH":-0.3305513006,"ARKBTC":-0.3323545286,"BNBTUSD":-0.3403868914,"ZRXBTC":-0.3573473565,"ZECBTC":-0.3580687658,"QTUMBTC":-0.3623497881,"DCRBTC":-0.3655689185,"GXSBTC":-0.3746862404,"PAXTUSD":-0.3755229333,"NEOETH":-0.3784298984,"RLCBTC":-0.3787602097,"EOSUSDT":-0.3799884507,"BNBUSDC":-0.3866281082,"LINKTUSD":-0.4044762125,"ADAETH":-0.4065781021,"WAVESUSDT":-0.4104904264,"IOTABTC":-0.4104991109,"DOGEUSDT":-0.4151642237,"XLMETH":-0.417871368,"BTCUSDS":-0.4204999515,"XLMUSDT":-0.4237100386,"LINKPAX":-0.4297262167,"BTCUSDT":-0.4454905603,"BNBETH":-0.4523766849,"IOTAUSDT":-0.4784725,"EOSBTC":-0.4843302845,"ZRXUSDT":-0.4855274599,"BTCPAX":-0.5017825556,"XMRETH":-0.5157417683,"ZRXETH":-0.5371178049,"ATOMUSDT":-0.5445445224,"BTCUSDC":-0.5464360809,"ETHTUSD":-0.5685980489,"NEOBTC":-0.5899008023,"TRXXRP":-0.5983218885,"BNBPAX":-0.6008369401,"BTCTUSD":-0.6040362637,"FETUSDT":-0.6235159578,"ETHBTC":-0.6518413229,"EOSUSDC":-0.6520548695,"NEOUSDT":-0.6532509069,"ETHUSDC":-0.6757834362,"XRPTUSD":-0.7109175847,"EOSETH":-0.7284865617,"XRPBNB":-0.7498951859,"ETHUSDT":-0.7567855911,"OMGBTC":-0.7680883493,"XRPUSDC":-0.7692890028,"OMGETH":-0.773311979,"XRPBTC":-0.8282672871,"ETHPAX":-0.8353286034,"XRPPAX":-0.8389664608,"XRPETH":-0.8449429264,"EOSPAX":-0.8649413387,"NASBTC":-0.8752412503,"XRPUSDT":-0.896977988,"OMGUSDT":-0.8972373391,"EOSTUSD":-0.9365042677},"startDate":"2019-08-11","endDate":"2019-08-23","numDays":7,