{"data":{"VIBEBTC":0.9718260831,"VIBEETH":0.9631685685,"VIABTC":0.9626606995,"ADXBTC":0.9559476926,"SALTBTC":0.937696707,"EVXBTC":0.9356016343,"LUNBTC":0.9333955425,"BCPTETH":0.925055184,"STORJBTC":0.9232017025,"BCPTBTC":0.9171970072,"EVXETH":0.9097208676,"ARNBTC":0.8794804856,"GXSBTC":0.8743700662,"WABIBTC":0.8567960374,"GTOETH":0.8518534257,"TRXXRP":0.8486365592,"POABTC":0.8428193811,"TNTETH":0.842675598,"NXSBTC":0.8414833906,"XZCBTC":0.8389768732,"GTOBTC":0.8383599877,"FUNETH":0.8380626567,"ELFBTC":0.8377363608,"WAVESBTC":0.8345062566,"CMTBTC":0.8259915509,"ASTBTC":0.8220427532,"SKYBTC":0.8210434037,"ARNETH":0.8202818247,"DGDBTC":0.8167601178,"WTCBTC":0.8103020562,"CLOAKBTC":0.8074316642,"WINGSETH":0.8061351835,"INSBTC":0.804811653,"MDABTC":0.8019340954,"APPCBTC":0.7975053452,"NEOTUSD":0.7959170368,"NEOBTC":0.7954170893,"VETUSDT":0.7947346053,"WINGSBTC":0.7872983709,"RLCBTC":0.7783163593,"VETETH":0.7683303845,"ZENBTC":0.767929793,"AEETH":0.7573669057,"NASBTC":0.7527907736,"QKCETH":0.7489854029,"EDOBTC":0.7438461999,"LINKBTC":0.7408101317,"BCHSVUSDT":0.7399530771,"RDNBTC":0.7266897883,"AEBTC":0.7253405641,"STRATETH":0.7159366875,"LRCBTC":0.7088980544,"MODBTC":0.7063524259,"LINKETH":0.7056655041,"ETHUSDC":0.6966671067,"STRATBTC":0.693310553,"EOSUSDC":0.6819413087,"XRPPAX":0.6800537989,"MCOBTC":0.6766076353,"OAXETH":0.6750533885,"LRCETH":0.6680913069,"ADABNB":0.6605830057,"DOCKETH":0.6462420199,"OAXBTC":0.6447939328,"NEOETH":0.642681446,"BNBBTC":0.6415709057,"BQXBTC":0.62411084,"TRXETH":0.6240785173,"TRXUSDT":0.6234533267,"DLTETH":0.6179068496,"XRPBTC":0.6151958226,"WAVESETH":0.6142249245,"OMGBTC":0.6051795663,"ARKBTC":0.5971067762,"BQXETH":0.5928715046,"NULSBTC":0.5882203305,"PIVXBTC":0.5836150836,"TUSDBTC":0.5779715343,"DLTBTC":0.5774268131,"NAVBTC":0.5746355495,"ETHBTC":0.5486374892,"ETHPAX":0.5481473172,"ZRXBTC":0.5414094258,"ZECBTC":0.5240440879,"BCHABCUSDT":0.5200874106,"AIONBTC":0.5142077128,"AMBBTC":0.5026963578,"TRXBNB":0.4966729341,"BCDBTC":0.48954951,"XLMETH":0.4884812268,"BNBUSDT":0.4816689954,"MTLBTC":0.4773438493,"WANETH":0.4731571451,"KMDBTC":0.4676870757,"XLMTUSD":0.4629281002,"XRPTUSD":0.4616627285,"REPETH":0.4465557673,"GVTBTC":0.4321363652,"TUSDETH":0.42952226,"BCHABCBTC":0.4126072761,"XLMPAX":0.4096053132,"NULSUSDT":0.4017437701,"ADAETH":0.399219033,"GASBTC":0.3910477067,"XRPUSDT":0.38428437,"XLMUSDC":0.3838525149,"TRXTUSD":0.3787050358,"WANBTC":0.3739156913,"ONTETH":0.345818728,"ETHUSDT":0.3436528204,"XMRBTC":0.3407430603,"ZILETH":0.3094513109,"ICXBTC":0.3066257398,"ONTBTC":0.3001188815,"BRDBTC":0.2974639633,"LTCBTC":0.2939361011,"CMTETH":0.2932020531,"POLYBTC":0.2843699071,"NEOUSDT":0.2706063144,"XMRETH":0.265387877,"EOSBTC":0.2643758003,"BCHSVBTC":0.2576720014,"LTCUSDT":0.2545522775,"POWRETH":0.2276412854,"BTCUSDC":0.2240953486,"ETCBTC":0.2200194425,"ADATUSD":0.2116264417,"BATBTC":0.2031340148,"XRPETH":0.1841677464,"POWRBTC":0.1513616217,"KNCBTC":0.1489994601,"HCBTC":0.14275321,"ONTUSDT":0.135954741,"STEEMBTC":0.1256998219,"REPBTC":0.1063868813,"NANOBTC":0.1061372139,"PPTBTC":0.1045190501,"LSKBTC":0.1009809416,"XRPBNB":0.0921251857,"PAXTUSD":0.0909460403,"EOSPAX":0.0892200655,"DCRBTC":0.0857343958,"ADAUSDT":0.0827973091,"XRPUSDC":0.0600945043,"LTCETH":0.0519046375,"LTCBNB":-0.0115454006,"QTUMBTC":-0.0263967697,"BTCUSDT":-0.0385680478,"BTCPAX":-0.0611844094,"EOSUSDT":-0.0663423404,"BNBPAX":-0.0883779836,"DASHBTC":-0.1245410728,"ETCUSDT":-0.144515385,"XLMUSDT":-0.1743178789,"BTGBTC":-0.2072732784,"OMGETH":-0.2184526674,"IOTAUSDT":-0.2241285443,"ENGBTC":-0.2266313666,"BNBETH":-0.2860076057,"ICXUSDT":-0.2993829859,"IOTABTC":-0.3278876969,"QTUMUSDT":-0.3592748766,"USDCTUSD":-0.3803122104,"TUSDUSDT":-0.4090411622,"IOTAETH":-0.4160373747,"SNTETH":-0.4175235237,"TUSDBNB":-0.521944369,"EOSETH":-0.5809308677,"BNBUSDC":-0.6289487356,"USDCPAX":-0.6695455469,"PAXUSDT":-0.6897284401,"USDCUSDT":-0.778774503},"startDate":"2019-01-16","endDate":"2019-01-23","numDays":7,"excludedPairs":["STEEMETH","IOSTBTC","POEETH","NPXSETH","EDOETH","BTSBTC","RDNBNB","MFTBNB","QLCBTC","AIONBNB","BLZBTC","BRDBNB","PAXBNB","ADXBNB","SYSBNB","THETABTC","GRSBTC","RCNETH","ENJBNB","ZILBNB","GTOBNB","LINKUSDC","BCHSVUSDC","QTUMETH","XLMBNB","INSETH","SYSETH","HSRBTC","QLCBNB","YOYOBTC","SALTETH","NANOETH","LENDETH","POABNB","OSTBTC","SNGLSBTC","PIVXBNB","BCDETH","FUELETH","VENBTC","GNTBNB","RCNBTC","BCCBTC","ZENBNB","ARDRETH","BCNBTC","MITHBNB","CDTETH","FUNBTC","NEOBNB","REQETH","RPXBTC","CVCBTC","DGDETH","ICXBNB","NASBNB","ZRXETH","MFTBTC","RENBNB","WTCBNB","MTHBTC","ASTETH","ADABTC","BTSETH","TNBETH","CVCBNB","AGIETH","KNCETH","ENJETH","VETBNB","ETCETH","RLCBNB","ARKETH","ENJBTC","GNTETH","MFTETH","WANBNB","MANAETH","WAVESBNB","DNTETH","DATAETH","NULSETH","SKYETH","QLCETH","NEBLETH","REQBTC","QTUMBNB","AEBNB","NAVETH","CVCETH","NEBLBNB","DASHETH","ONTBNB","BTGETH","BLZETH","LENDBTC","ZILBTC","SNGLSETH","KMDETH","ZECETH","QSPBTC","BNTETH","WPRBTC","LUNETH","GRSETH","LOOMETH","RVNBNB","XZCETH","POWRBNB","HSRETH","ELFETH","NAVBNB","SYSBTC","KEYETH","WABIBNB","AIONETH","MITHBTC","RENBTC","SNMBTC","BCNBNB","TNTBTC","VETBTC","POAETH","XEMBTC","SNTBTC","GNTBTC","TRXBTC","VENUSDT","TRIGETH","BCHSVPAX","SKYBNB","ZENETH","QKCBTC","USDCBNB","WABIETH","YOYOETH","PHXBNB","ENGETH","PAXBTC","RLCETH","OSTETH","HOTETH","VIBETH","AMBETH","BCHSVTUSD","IOTXETH","DCRBNB","ICNBTC","MCOBNB","CNDETH","BLZBNB","IOTXBTC","PHXETH","THETAETH","XEMETH","BCHABCUSDC","ETCBNB","XVGBTC","GVTETH","LOOMBTC","TRIGBNB","BCCETH","RVNBTC","VENETH","PIVXETH","CHATBTC","NXSETH","CNDBNB","EOSBNB","EOSTUSD","NPXSBTC","SCBTC","WTCETH","KEYBTC","APPCBNB","CHATETH","NCASHETH","ICNETH","LSKBNB","RCNBNB","CNDBTC","STORMBTC","ARDRBTC","CMTBNB","NANOBNB","GOBNB","LINKUSDT","CLOAKETH","WAVESTUSD","MDAETH","STEEMBNB","BATETH","NASETH","DOCKBTC","HOTBTC","NEBLBTC","OSTBNB","GOBTC","STORMETH","STORMBNB","BCHABCTUSD","QSPETH","VIBBTC","PHXBTC","MCOETH","SCBNB","NXSBNB","FUELBTC","HCETH","IOSTETH","USDCBTC","DENTETH","THETABNB","XLMBTC","TNBBTC","ADXETH","BATBNB","BNTBTC","DENTBTC","DATABTC","POEBTC","TRIGBTC","WAVESUSDC","BTSBNB","VENBNB","SUBETH","LINKTUSD","APPCETH","GXSETH","SCETH","BCHABCPAX","ICXETH","ARDRBNB","XZCBNB","SNMETH","XEMBNB","MTHETH","REPBNB","AGIBTC","NULSBNB","DNTBTC","WAVESUSDT","WPRETH","PPTETH","BRDETH","XZCXRP","WAVESPAX","NCASHBTC","SUBBTC","XVGETH","VIAETH","BCPTBNB","BCCBNB","CDTBTC","NCASHBNB","MODETH","STORJETH","AGIBNB","LINKPAX","VIABNB","MANABTC","YOYOBNB","DLTBNB","QSPBNB","PAXETH","BCCUSDT","POLYBNB","AMBBNB","IOTABNB","LSKETH","RPXBNB","LOOMBNB","RDNETH","RPXETH","MTLETH","BCNETH"]}