{"data":{"BQXETH":0.9604918106,"HCETH":0.9589067352,"OAXBTC":0.957992924,"ARNBTC":0.9542126609,"BQXBTC":0.9538614562,"HCBTC":0.9434838632,"REPBTC":0.9416614193,"REPETH":0.9361114676,"LRCETH":0.9307910614,"NAVBTC":0.9283902242,"QTUMBTC":0.92718933,"LRCBTC":0.9230738683,"WABIBTC":0.921924672,"CLOAKBTC":0.920909625,"ARNETH":0.9199211538,"POWRETH":0.9133199476,"POWRBTC":0.9129743269,"NULSBTC":0.9102635038,"BCHSVBTC":0.908131038,"QKCBTC":0.9028723419,"PPTBTC":0.9001439435,"POLYBTC":0.8956517507,"XVGETH":0.8935141351,"QKCETH":0.8890185335,"NASBTC":0.8862936182,"BCHSVUSDT":0.8843957372,"ELFBTC":0.8681796073,"WTCBTC":0.8570803513,"AEETH":0.8512691332,"BATBTC":0.8435263098,"WANBTC":0.8285969346,"AMBBTC":0.826499486,"DOCKETH":0.8242469531,"TNTETH":0.8232446275,"RDNBTC":0.819477834,"EOSUSDC":0.8132800757,"STEEMBTC":0.8112440236,"VIBEETH":0.8104785149,"AEBTC":0.8078579555,"GTOBTC":0.8000994663,"EVXBTC":0.7988461976,"WAVESBTC":0.7983876055,"RLCBTC":0.7951705176,"NULSUSDT":0.7943695414,"VIBEBTC":0.7906723341,"LUNBTC":0.7813579067,"PHXETH":0.7792433881,"GXSBTC":0.7782502407,"QTUMUSDT":0.7760109343,"STRATETH":0.7712685857,"BNBUSDT":0.7658919359,"ARKBTC":0.75738291,"DLTBTC":0.7550061188,"CVCBTC":0.7469067173,"STRATBTC":0.7390057786,"DLTETH":0.7350014592,"DLTBNB":0.7328699995,"MDABTC":0.7304717016,"BNBBTC":0.7229077843,"GTOETH":0.7181761517,"SALTBTC":0.6988685491,"MTLBTC":0.6986566348,"INSBTC":0.6900735898,"VETETH":0.6849339437,"BRDBTC":0.6836191142,"WAVESETH":0.6750267279,"ZRXBTC":0.6603959729,"ADXBTC":0.6480299752,"ETCBTC":0.6479293083,"XLMTUSD":0.6274223647,"WINGSBTC":0.5944984149,"MODBTC":0.5897770546,"BATETH":0.5897373732,"ETCUSDT":0.5796164581,"VETUSDT":0.5783003129,"SKYBTC":0.5769321599,"ZENBTC":0.5681498498,"ZECBTC":0.5539974439,"GVTBTC":0.5538022923,"AIONBTC":0.5512923692,"ZILETH":0.5391122381,"ONTBTC":0.5365934137,"BCHABCBTC":0.527343916,"PAXTUSD":0.5071855222,"ETCETH":0.4993873435,"QTUMETH":0.4792112778,"STORJBTC":0.4760589179,"XEMETH":0.4656157365,"SNTETH":0.4533124502,"XMRBTC":0.4283376754,"ADAETH":0.4244068279,"TUSDBTC":0.4226438573,"LINKBTC":0.4151968025,"ADATUSD":0.4075638111,"GASBTC":0.4031161893,"BCHABCUSDT":0.3977450545,"XZCBTC":0.3929012141,"XMRETH":0.3926320514,"LSKBTC":0.3890749377,"LTCBTC":0.3864444792,"PIVXBTC":0.3633062004,"BLZBTC":0.3449846822,"LTCUSDT":0.3390055141,"ONTUSDT":0.3342560014,"USDCPAX":0.333366228,"MCOBTC":0.3312363233,"ONTETH":0.3164807976,"ZECETH":0.3164557628,"LTCETH":0.2950265559,"ADAUSDT":0.273411488,"BTCUSDC":0.2423301359,"LINKETH":0.2200515418,"KMDBTC":0.1835730367,"XRPETH":0.1801842566,"ETHBTC":0.1474884958,"ICXBTC":0.139114914,"BNBUSDC":0.1369962901,"BNBETH":0.1368352524,"XRPTUSD":0.120794698,"TRXUSDT":0.1136594177,"TRXETH":0.0989189076,"TUSDETH":0.0960584708,"IOSTETH":0.0909691595,"EOSUSDT":0.0893677274,"TRXXRP":0.0708408604,"EOSETH":0.0629319399,"BTCUSDT":0.0563157566,"NEOETH":0.0342878925,"ETHUSDT":0.033287837,"XLMPAX":0.0315893209,"ETHPAX":-0.0271650674,"NANOBTC":-0.052476277,"BTCPAX":-0.0697399442,"NEBLBTC":-0.0866079893,"TUSDUSDT":-0.0905432282,"XRPUSDC":-0.1027486839,"TRXTUSD":-0.113973039,"ENGBTC":-0.1157887559,"XRPUSDT":-0.1300407017,"NXSBTC":-0.1362663334,"TRXBNB":-0.1869232705,"TUSDBNB":-0.2226522833,"XLMUSDT":-0.2260371008,"EOSBTC":-0.2288313859,"NEOUSDT":-0.2304303746,"XLMUSDC":-0.235911961,"XRPPAX":-0.2383300567,"IOTABTC":-0.2683997352,"USDCTUSD":-0.271827128,"DCRBTC":-0.2812724906,"NEOBTC":-0.2978067225,"XLMETH":-0.3128018978,"USDCUSDT":-0.3214713451,"ETHUSDC":-0.334117753,"IOTAETH":-0.3361496544,"ICXETH":-0.3540800679,"PAXUSDT":-0.3602062317,"IOTAUSDT":-0.3603702417,"NEOTUSD":-0.3858132241,"XRPBNB":-0.4531631202,"ICXUSDT":-0.4578159118,"DASHBTC":-0.4859126645,"BNBPAX":-0.5082638952,"LTCBNB":-0.5547787642,"BCDBTC":-0.6063828305,"EOSPAX":-0.6824717433,"KNCBTC":-0.6828669926,"BTGBTC":-0.8054429416,"OMGBTC":-0.8086907224,"OMGETH":-0.8126087687},"startDate":"2019-01-12","endDate":"2019-01-19","numDays":7,"excludedPairs":["CLOAKETH","RCNETH","SCBNB","DENTBTC","WABIBNB","AEBNB","RENBNB","RENBTC","WAVESPAX","BCNBTC","BCCBTC","CMTBTC","BTSBTC","ZRXETH","PPTETH","DATAETH","RPXBTC","APPCBTC","NCASHBNB","WAVESBNB","RDNBNB","BNTETH","PHXBTC","STORMETH","WINGSETH","CHATBTC","VENETH","GRSBTC","VIABNB","VETBTC","BTSETH","BCPTETH","NPXSETH","ADXBNB","LSKETH","BCNETH","RCNBNB","MCOBNB","POWRBNB","TRIGBTC","KEYETH","YOYOBNB","MANAETH","HSRBTC","QSPBNB","MDAETH","SKYETH","EVXETH","USDCBNB","MANABTC","DGDBTC","KEYBTC","POABNB","SYSBNB","LENDETH","AGIBTC","NEBLBNB","BCCUSDT","NEOBNB","OSTBNB","CHATETH","XZCETH","NASETH","RPXBNB","XEMBTC","NULSBNB","RLCETH","ELFETH","MITHBTC","XZCBNB","ARDRBNB","WTCETH","GOBTC","NASBNB","MODETH","OSTETH","XLMBTC","PAXBNB","QLCBTC","FUNBTC","EOSBNB","THETABTC","GOBNB","ENJBNB","ENJETH","XEMBNB","SCETH","LINKUSDT","ARDRBTC","CDTETH","GNTETH","FUNETH","BRDBNB","TRIGBNB","ZENETH","STEEMETH","GRSETH","NULSETH","BCCBNB","IOSTBTC","ETCBNB","ICXBNB","HSRETH","FUELETH","CMTETH","BLZETH","THETABNB","VETBNB","RCNBTC","VENUSDT","ARDRETH","TRIGETH","RVNBNB","DNTETH","XZCXRP","GXSETH","POEBTC","ADABTC","ARKETH","STORJETH","DNTBTC","PHXBNB","NANOETH","LOOMETH","BNTBTC","MFTBNB","SALTETH","POLYBNB","QLCBNB","YOYOBTC","VIBETH","IOTXBTC","INSETH","YOYOETH","ICNBTC","SCBTC","NXSETH","NCASHBTC","SNMETH","KNCETH","WABIETH","NAVBNB","APPCETH","BTSBNB","AIONETH","BCPTBTC","PAXBTC","MFTETH","QLCETH","VENBTC","POEETH","STORMBNB","USDCBTC","EDOETH","VIABTC","PAXETH","TRXBTC","BRDETH","SNMBTC","IOTABNB","ONTBNB","CVCETH","DOCKBTC","STORMBTC","CDTBTC","SNTBTC","EDOBTC","RLCBNB","HOTBTC","DATABTC","POAETH","RDNETH","SNGLSBTC","BCPTBNB","GTOBNB","PIVXETH","VIBBTC","MCOETH","IOTXETH","WANBNB","ICNETH","BATBNB","AIONBNB","BTGETH","TNTBTC","FUELBTC","MITHBNB","REQBTC","LENDBTC","XRPBTC","QTUMBNB","BCNBNB","VENBNB","GNTBTC","NANOBNB","MFTBTC","BCCETH","MTLETH","SYSBTC","SKYBNB","WPRETH","GNTBNB","RVNBTC","LOOMBTC","REPBNB","AMBBNB","ENGETH","WTCBNB","ZENBNB","CMTBNB","WAVESUSDC","CVCBNB","XVGBTC","LSKBNB","CNDETH","BLZBNB","AGIBNB","LINKUSDC","DASHETH","SUBETH","SYSETH","XLMBNB","POABTC","OAXETH","KMDETH","QSPETH","REQETH","NEBLETH","WAVESTUSD","ASTETH","ENJBTC","QSPBTC","ZILBTC","WANETH","NPXSBTC","NXSBNB","OSTBTC","LINKPAX","HOTETH","WPRBTC","CNDBNB","EOSTUSD","NCASHETH","ADABNB","MTHBTC","RPXETH","LUNETH","SNGLSETH","VIAETH","WAVESUSDT","CNDBTC","ASTBTC","DCRBNB","GVTETH","LOOMBNB","SUBBTC","LINKTUSD","BCDETH","AGIETH","DGDETH","THETAETH","PIVXBNB","APPCBNB","ZILBNB","TNBBTC","TNBETH","NAVETH","DENTETH","STEEMBNB","AMBETH","ADXETH","MTHETH"]}