{"data":{"RDNETH":0.9633340266,"ONTUSDT":0.9468303861,"ONTBTC":0.9425916467,"NULSBTC":0.9330294698,"NEBLBTC":0.9210015208,"BTGBTC":0.9139615294,"ARKBTC":0.9051504924,"MCOETH":0.9047319541,"ONTETH":0.8990541341,"MCOBTC":0.8953466676,"REPBTC":0.8936635267,"GRSBTC":0.8918240415,"RDNBTC":0.8902462075,"APPCBTC":0.8819791,"LUNBTC":0.8680906261,"ELFBTC":0.8665295987,"HCBTC":0.8595405809,"GXSBTC":0.853443565,"LINKUSDT":0.8529914939,"KNCBTC":0.8515329732,"ADXBTC":0.8486707014,"STRATBTC":0.8401789738,"BQXBTC":0.8244422202,"ARKETH":0.8199061682,"EVXBTC":0.8019468105,"KMDBTC":0.7953230784,"MITHBTC":0.7940048905,"ETHUSDT":0.7916085413,"ZENBTC":0.7851659861,"EDOBTC":0.784282539,"ETHBTC":0.7792387933,"STORJBTC":0.773431762,"ENJETH":0.762669021,"NULSUSDT":0.7585787635,"POWRBTC":0.7402090799,"GASBTC":0.7389628833,"PIVXBTC":0.7337539789,"BATBTC":0.7254993464,"NANOBTC":0.7234713377,"LSKBTC":0.7202443754,"AEBTC":0.7136209546,"NAVBTC":0.7097783465,"STEEMBTC":0.6872800225,"DASHBTC":0.6862171406,"OMGBTC":0.6858831664,"ETHPAX":0.6847587378,"ELFETH":0.6829587112,"MDABTC":0.6761187982,"CVCBTC":0.6753409967,"LINKBTC":0.6744920578,"STORJETH":0.6720901111,"NASBTC":0.63704855,"KNCETH":0.6309986889,"QTUMBTC":0.6234227724,"NEOBTC":0.61054013,"MTLBTC":0.6101505459,"VIABTC":0.6056691116,"NEOUSDT":0.5806452152,"WABIBTC":0.5752852496,"XLMETH":0.5714520585,"NEOETH":0.5582855961,"ENGBTC":0.5538374842,"BTTBNB":0.5492002307,"ICXUSDT":0.5400448687,"ARNBTC":0.5394306392,"XEMBTC":0.5383193663,"VETUSDT":0.5362121559,"NXSBTC":0.53193808,"BATETH":0.5079881584,"NEOTUSD":0.5049796573,"THETABTC":0.4994198976,"RLCBTC":0.4973928664,"EOSBTC":0.4969741658,"OAXBTC":0.4937373791,"GVTBTC":0.4872093738,"EOSETH":0.4856852341,"NANOETH":0.4675859275,"LTCUSDC":0.4665353295,"WAVESBTC":0.4594681615,"XRPBTC":0.4588804118,"EOSUSDT":0.4570247211,"XRPTUSD":0.428299498,"IOTAUSDT":0.4243259147,"THETABNB":0.4170485522,"THETAETH":0.416987956,"QTUMUSDT":0.4123993662,"ETHUSDC":0.4047631102,"DASHETH":0.3961065397,"BNBUSDT":0.3873514935,"VETETH":0.383871621,"OMGETH":0.3806015137,"BCHSVUSDT":0.3784470558,"XRPETH":0.37841194,"BNBBTC":0.377882477,"BCHSVBTC":0.3758285976,"WAVESETH":0.3630668663,"DCRBTC":0.3596921821,"XZCBTC":0.3468738043,"LINKETH":0.3401106585,"ETCUSDT":0.3302197389,"ETCBTC":0.3272772659,"TRXETH":0.3101834739,"EOSTUSD":0.3032881356,"XLMBNB":0.2975057664,"IOTAETH":0.2966112893,"EOSUSDC":0.2937637789,"NEOBNB":0.2899182982,"ARNETH":0.2769130946,"LINKTUSD":0.2767867273,"LTCBNB":0.2757574573,"WTCBTC":0.2733538909,"EOSBNB":0.265876408,"IOTABTC":0.2653093912,"ADAETH":0.2598949732,"BTCUSDT":0.2580606364,"XRPUSDT":0.2549620591,"TRXBNB":0.2525333986,"ADAUSDT":0.2514518448,"XMRETH":0.2452298098,"XRPPAX":0.2422826854,"XRPUSDC":0.2315370424,"LTCETH":0.2281749793,"XRPBNB":0.227423121,"USDCPAX":0.2245505039,"ADABNB":0.2188582574,"ZECBTC":0.2110694077,"PAXUSDT":0.2109378482,"ONTBNB":0.2051060704,"ICXBTC":0.199410371,"ZRXBTC":0.1970037813,"LTCBTC":0.1855662497,"BCHABCUSDT":0.1833673737,"TUSDBNB":0.1741824741,"LTCTUSD":0.174054325,"LTCUSDT":0.1653118423,"BNBETH":0.1648408889,"BTCPAX":0.1645898651,"ZILETH":0.1583665732,"WAVESUSDT":0.1481617986,"USDCUSDT":0.1405809439,"ADATUSD":0.1371797186,"BCHABCBTC":0.117144967,"TRXXRP":0.1007470393,"TUSDETH":0.1006688861,"DLTBTC":0.0961772335,"EVXETH":0.0956024217,"TUSDUSDT":0.0940258884,"BNBPAX":0.0913014109,"XMRBTC":0.0866281478,"FUELETH":0.0830230689,"PPTBTC":0.0786045269,"USDCTUSD":0.0679100808,"XLMUSDT":0.0612195145,"PAXTUSD":0.0586966257,"TRXTUSD":0.0184492704,"WAVESTUSD":0.0182141674,"BCDBTC":0.0120797663,"WANBTC":0.005622876,"TRXUSDT":0.0022229123,"ICXETH":-0.0513948368,"XLMPAX":-0.0766175065,"XLMTUSD":-0.0868609218,"BTTUSDT":-0.1183832476,"ZECETH":-0.1234524013,"SKYBTC":-0.1301678112,"TUSDBTC":-0.1519771975,"AIONBTC":-0.1522001815,"INSBTC":-0.1768222168,"EOSPAX":-0.1860322072,"MODBTC":-0.1934814755,"BCHABCTUSD":-0.2033257879,"XLMUSDC":-0.3062097225,"DGDBTC":-0.3286566126,"BTCUSDC":-0.3391614499,"CLOAKBTC":-0.3996241651,"BTCUSDS":-0.5261889001,"WINGSBTC":-0.6777302566,"BNBUSDC":-0.731131593,"SALTBTC":-0.8475301284},"startDate":"2019-02-11","endDate":"2019-02-18","numDays":7,"excludedPairs":["ONGBNB","QSPBTC","DGDETH","INSETH","CNDBNB","QLCBTC","IOSTBTC","AMBBNB","VIBEETH","VENUSDT","BNBUSDS","BRDBNB","NXSBNB","VETBTC","NXSETH","BCHABCUSDC","POWRETH","POABTC","SYSETH","QSPETH","SCBNB","TNBBTC","RENBNB","XVGBTC","ADXETH","BTTPAX","IOTXETH","EDOETH","POWRBNB","PAXETH","ONGUSDT","BCHSVPAX","QLCBNB","BNTETH","CMTBTC","AGIBNB","PIVXETH","QTUMETH","WTCETH","USDSUSDT","WTCBNB","RCNBTC","CMTBNB","SNGLSETH","ZILBTC","SYSBTC","PHXBNB","WPRETH","LRCBTC","WABIBNB","LOOMBNB","ADXBNB","POABNB","BCHABCPAX","GTOBTC","TRXBTC","USDSTUSD","CVCETH","MDAETH","LINKPAX","BCPTETH","TRIGBNB","REQETH","VIBBTC","NULSETH","QLCETH","CHATETH","DNTBTC","HSRBTC","RVNBNB","NASETH","SNGLSBTC","KEYETH","OSTBTC","GRSETH","STEEMETH","BNTBTC","STORMETH","IOTXBTC","BCNBNB","GVTETH","NCASHBTC","BTSBNB","SNTETH","USDSPAX","RCNETH","MITHBNB","XZCXRP","SNMBTC","NPXSBTC","NAVBNB","ZRXETH","BTGETH","YOYOBNB","FUELBTC","BTSBTC","USDSUSDC","BCNETH","SUBETH","GTOETH","AEBNB","ARDRBTC","WAVESUSDC","TRXUSDC","XVGETH","HSRETH","SYSBNB","WAVESBNB","POLYBTC","TRXPAX","AMBETH","SCETH","XZCBNB","ZENBNB","WANBNB","GNTBNB","SKYETH","VIBEBTC","REPBNB","DENTETH","TNBETH","ENJBTC","BLZBNB","XZCETH","ETCETH","ICXBNB","VETBNB","WANETH","GNTETH","PAXBNB","BCCETH","LOOMBTC","CVCBNB","DATABTC","MFTBNB","BCPTBNB","ARDRBNB","QKCETH","DATAETH","BTTUSDC","APPCBNB","KMDETH","BATBNB","WINGSETH","BCHSVTUSD","VIABNB","AIONETH","YOYOBTC","STEEMBNB","NANOBNB","MCOBNB","AGIETH","AGIBTC","ENJBNB","LINKUSDC","LSKETH","NEBLETH","NASBNB","LUNETH","VENBNB","LENDETH","GTOBNB","POLYBNB","LENDBTC","CMTETH","QTUMBNB","VENETH","GXSETH","SNMETH","REPETH","HOTBTC","POAETH","VIAETH","KEYBTC","TRIGETH","PAXBTC","MODETH","QKCBTC","RCNBNB","BLZBTC","GOBNB","SCBTC","BCDETH","ICNBTC","CDTBTC","PHXBTC","DOCKBTC","BCCUSDT","CLOAKETH","DLTETH","SNTBTC","BLZETH","SALTETH","HOTETH","XLMBTC","AIONBNB","POEETH","FUNETH","USDCBNB","GOBTC","USDCBTC","YOYOETH","CHATBTC","RPXBNB","SKYBNB","QSPBNB","NCASHETH","TNTETH","RVNBTC","RLCBNB","DCRBNB","DLTBNB","CNDETH","LRCETH","BTTTUSD","DENTBTC","STRATETH","BCCBNB","IOTABNB","POEBTC","BTSETH","HCETH","TNTBTC","AMBBTC","BCPTBTC","ZENETH","XEMETH","ZILBNB","RPXETH","ONGBTC","VIBETH","LOOMETH","RDNBNB","NEBLBNB","LSKBNB","ETCBNB","ENGETH","VENBTC","BCNBTC","FUNBTC","PHXETH","BTTBTC","BCHSVUSDC","ASTETH","OAXETH","MTHETH","MTHBTC","OSTBNB","RENBTC","MFTBTC","SUBBTC","STORMBTC","BCCBTC","TRIGBTC","XEMBNB","ADABTC","WABIETH","NCASHBNB","BQXETH","DNTETH","AEETH","RPXBTC","BRDETH","ARDRETH","WPRBTC","MANABTC","PPTETH","MTLETH","MANAETH","IOSTETH","ICNETH","PIVXBNB","NPXSETH","ASTBTC","STORMBNB","CDTETH","NULSBNB","NAVETH","GNTBTC","REQBTC","BRDBTC","LTCPAX","RLCETH","APPCETH","CNDBTC","MFTETH","OSTETH","DOCKETH","WAVESPAX"]}