{"data":{"STORJBTC":0.9679678383,"THETABTC":0.9617422713,"THETAETH":0.9585429389,"THETABNB":0.9413902794,"BNBBTC":0.9330930377,"QKCETH":0.930601865,"BNBUSDT":0.9170384192,"GRSBTC":0.8917638312,"SUBBTC":0.8765217911,"EOSPAX":0.8686870435,"LUNBTC":0.8636849395,"VIABTC":0.8517963861,"RLCBTC":0.8472171017,"NPXSETH":0.8348775497,"ARNBTC":0.8308755671,"STRATBTC":0.8203303779,"GXSBTC":0.8040805458,"MITHBTC":0.8007337278,"GVTBTC":0.79348972,"XRPPAX":0.792594422,"STEEMBTC":0.7901097097,"XRPUSDT":0.7844205663,"OAXBTC":0.7834861949,"EVXBTC":0.7801281151,"EDOBTC":0.7705733512,"BNBETH":0.7673548113,"XRPUSDC":0.7608159446,"XRPTUSD":0.7579854338,"XLMTUSD":0.7405809604,"XRPBTC":0.7367585722,"CLOAKBTC":0.7347978646,"TRXXRP":0.7321945147,"BTGBTC":0.7246702548,"ZILETH":0.7198208076,"ARNETH":0.7195257937,"XLMUSDC":0.7172967555,"TRXETH":0.7159839405,"WINGSBTC":0.7155272886,"MFTETH":0.7148159901,"BRDBTC":0.7028058279,"TRXTUSD":0.7016660221,"EVXETH":0.6999607373,"WAVESBTC":0.6969334898,"XRPETH":0.6946180749,"LINKBTC":0.6869016458,"LTCBTC":0.6770259093,"REPETH":0.6646109863,"WAVESETH":0.6548686867,"NEBLBTC":0.6530960559,"REPBTC":0.6523838978,"LTCTUSD":0.6471067681,"IOTABTC":0.6329264207,"RDNBTC":0.6194656807,"INSBTC":0.6150849238,"WAVESUSDT":0.613756131,"BNBUSDC":0.613605047,"TRXUSDT":0.6005004656,"BQXBTC":0.5943715558,"LSKBTC":0.591066365,"POLYBTC":0.5866468564,"DLTETH":0.5804252704,"DGDBTC":0.5612931176,"BNBPAX":0.5574369164,"LTCUSDT":0.5516096954,"EOSBNB":0.5452567572,"SKYBTC":0.5336540369,"NAVBTC":0.5136888651,"WAVESTUSD":0.5120835364,"DLTBTC":0.5102255837,"BNTBTC":0.4985693958,"XEMBTC":0.4974686861,"HCBTC":0.4876001056,"WTCBTC":0.4654589619,"EOSTUSD":0.4636725002,"IOTAUSDT":0.4609619709,"XLMBTC":0.4605362479,"IOTAETH":0.4531033298,"XLMUSDT":0.441828887,"TRXBNB":0.4263962765,"PAXTUSD":0.4262826212,"LRCBTC":0.4163856836,"ADATUSD":0.4103048949,"ICXBTC":0.4094396797,"XEMETH":0.4071748663,"MODBTC":0.405202496,"LTCBNB":0.3799820435,"LINKETH":0.3747371413,"POWRBTC":0.3512872176,"ICXUSDT":0.3369238817,"VETUSDT":0.3344519613,"NEOETH":0.3334815425,"VETETH":0.3285165385,"VIBETH":0.3158194853,"BCDBTC":0.3127448246,"XZCBTC":0.3082944078,"LINKUSDT":0.2984517966,"BATBTC":0.2915691631,"LTCETH":0.2791309963,"ONTUSDT":0.275517513,"TUSDBTC":0.2701183756,"ICXETH":0.2437756135,"XLMETH":0.2230524746,"ONTBTC":0.2159406846,"TUSDETH":0.2008571853,"NEOBTC":0.1992105861,"QTUMBTC":0.1844663041,"NULSBTC":0.1824629656,"ETHUSDC":0.1747901077,"HOTETH":0.1639855233,"BCHSVBTC":0.1632598996,"ZENBTC":0.16272281,"GASBTC":0.1597700372,"WAVESBNB":0.153732975,"PPTBTC":0.1488785885,"PAXUSDT":0.1417692076,"AEBTC":0.1362465428,"EOSUSDT":0.1283110817,"ADAUSDT":0.1252011183,"DASHBTC":0.1250878042,"BCHSVUSDT":0.1194069448,"EOSUSDC":0.1102093084,"EOSETH":0.1074026305,"ETHPAX":0.0888740905,"LTCUSDC":0.0858630403,"MDABTC":0.0832609259,"MCOBTC":0.0561311903,"XLMPAX":0.0520473731,"USDCPAX":0.0302967663,"BTCUSDC":0.0285091441,"BCHABCBTC":0.0282966556,"WABIBTC":0.0223416945,"MTLETH":0.0214515967,"NEOUSDT":0.015705989,"BCHABCTUSD":-0.0094193142,"XLMBNB":-0.0270506859,"PIVXBTC":-0.0337056887,"AGIBTC":-0.04611443,"ENGBTC":-0.0722486471,"TUSDUSDT":-0.1390120397,"ETHBTC":-0.1482598896,"DCRBTC":-0.1619204916,"BCHABCUSDT":-0.1844673879,"ARKBTC":-0.1872287108,"ZECBTC":-0.1976630153,"LINKUSDC":-0.1984882845,"ADAETH":-0.2008666415,"MTLBTC":-0.2018382842,"WANBTC":-0.2072775334,"NXSBTC":-0.2082237041,"ZRXBTC":-0.213371642,"ETCUSDT":-0.2246872389,"NULSUSDT":-0.2272714197,"GTOETH":-0.2480200722,"XMRBTC":-0.2666220653,"ETCBTC":-0.2751465554,"XMRETH":-0.2846813929,"ETHUSDT":-0.2915011654,"AIONBTC":-0.2918523983,"AMBBTC":-0.3104446235,"EOSBTC":-0.313779436,"NEOBNB":-0.3295440476,"NASBTC":-0.3303643667,"XRPBNB":-0.3410004835,"NEOTUSD":-0.3431757139,"KMDBTC":-0.3512721017,"USDCTUSD":-0.3580539653,"SALTBTC":-0.3637201958,"QTUMUSDT":-0.3852195931,"USDCUSDT":-0.422685271,"TUSDBNB":-0.4449808909,"LINKTUSD":-0.4580940569,"BTCPAX":-0.5322297181,"OMGBTC":-0.6083615231,"NANOBTC":-0.6738638735,"ZECETH":-0.6801995368,"ADABNB":-0.6863170006,"NANOETH":-0.711778548,"OMGETH":-0.7788427322,"VETBNB":-0.8070751341,"BTCUSDT":-0.8246514424},"startDate":"2019-01-31","endDate":"2019-02-07","numDays":7,"excludedPairs":["STORMBTC","POWRBNB","TNBBTC","AMBETH","RCNBTC","MODETH","KMDETH","USDCBNB","NCASHBNB","BCCETH","NCASHBTC","ENJBTC","DATABTC","FUNBTC","BCHSVTUSD","STRATETH","ZRXETH","ELFBTC","BCNBNB","GXSETH","BCCBTC","NXSETH","GOBNB","LUNETH","TRXUSDC","NASETH","HSRBTC","SCETH","AGIBNB","REQETH","ENGETH","IOSTBTC","WANETH","BRDETH","EDOETH","GRSETH","VIBBTC","ETCETH","STEEMETH","MANABTC","BQXETH","DENTBTC","SALTETH","GTOBNB","BLZETH","VENUSDT","STEEMBNB","RCNETH","VENBNB","PPTETH","REPBNB","NEBLBNB","SNGLSETH","BTSETH","WAVESPAX","ZILBNB","QSPBTC","LRCETH","PAXBNB","LENDETH","VIAETH","OSTETH","CDTBTC","STORJETH","BCPTBNB","ICNETH","ENJETH","BTTUSDT","BATBNB","QLCBTC","LSKBNB","DENTETH","SUBETH","GOBTC","BCDETH","APPCBNB","MFTBNB","TNTBTC","GNTBTC","STORMBNB","TNBETH","SNGLSBTC","NANOBNB","NAVETH","VIBEBTC","PAXETH","ASTETH","WPRBTC","POABTC","VIABNB","MITHBNB","VENETH","POWRETH","ADXBTC","MCOETH","STORMETH","BCHSVPAX","TRIGBNB","HSRETH","ADABTC","RPXETH","ELFETH","RDNBNB","YOYOBTC","KNCBTC","XVGETH","USDCBTC","SNTETH","AEBNB","NEBLETH","AGIETH","GNTETH","KEYBTC","WABIBNB","BCNETH","CVCETH","WAVESUSDC","SYSBNB","TRXBTC","WINGSETH","IOTXBTC","BLZBNB","TRIGETH","CHATETH","DGDETH","MTHETH","DATAETH","NCASHETH","WPRETH","ARDRETH","APPCBTC","ARDRBTC","XZCETH","OSTBTC","LOOMBTC","IOTXETH","GNTBNB","ARDRBNB","XVGBTC","BCCBNB","RPXBNB","MTHBTC","ICNBTC","GTOBTC","BCHABCUSDC","BCPTETH","CNDBTC","CDTETH","REQBTC","VENBTC","MFTBTC","LINKPAX","CVCBTC","VETBTC","AIONETH","NAVBNB","CNDETH","SCBNB","BATETH","LENDBTC","SNMBTC","PHXBNB","MCOBNB","GVTETH","BCHABCPAX","SKYETH","DNTBTC","ZILBTC","BTGETH","MDAETH","AMBBNB","QTUMETH","DLTBNB","WTCETH","RPXBTC","AEETH","PHXETH","LOOMETH","BTSBTC","HCETH","SKYBNB","RDNETH","NULSETH","LSKETH","AIONBNB","XEMBNB","CVCBNB","ETCBNB","ADXETH","IOSTETH","RLCETH","BTSBNB","DASHETH","ZENETH","PIVXETH","RVNBTC","CLOAKETH","KEYETH","APPCETH","RLCBNB","ONTBNB","FUNETH","WANBNB","ASTBTC","TRXPAX","LOOMBNB","BLZBTC","XZCXRP","WABIETH","ADXBNB","PIVXBNB","BCCUSDT","INSETH","SCBTC","SYSETH","PAXBTC","POAETH","ICXBNB","BTTBNB","HOTBTC","XZCBNB","FUELBTC","SYSBTC","WTCBNB","BNTETH","CMTBTC","POEBTC","QSPETH","BTCUSDS","RENBNB","KNCETH","TRIGBTC","BCNBTC","DCRBNB","OSTBNB","DOCKBTC","YOYOBNB","DNTETH","BRDBNB","RCNBNB","NPXSBTC","IOTABNB","SNMETH","VIBEETH","RENBTC","QLCBNB","ZENBNB","NXSBNB","POLYBNB","TNTETH","QSPBNB","BCHSVUSDC","ENJBNB","CMTBNB","MANAETH","QTUMBNB","NULSBNB","SNTBTC","QKCBTC","ONTETH","BTTBTC","DOCKETH","ARKETH","BCPTBTC","OAXETH","CNDBNB","POEETH","RVNBNB","CMTETH","BNBUSDS","FUELETH","PHXBTC","LTCPAX","QLCETH","NASBNB","CHATBTC","YOYOETH","POABNB"]}