{"data":{"USDSUSDT":0.9130796732,"DGDBTC":0.895039284,"USDSPAX":0.8941665682,"USDCPAX":0.8714187003,"BCPTBTC":0.8704907881,"DGDETH":0.8696058912,"PAXUSDT":0.8613017723,"APPCBTC":0.8584244517,"VIBEBTC":0.7837833253,"CVCBTC":0.7831555028,"USDCUSDT":0.7587552411,"WABIBTC":0.7173220569,"TUSDUSDT":0.7089124538,"EVXBTC":0.682938824,"NULSUSDT":0.592391449,"BATUSDT":0.5025468902,"BCDBTC":0.428461113,"ZENBTC":0.4160803822,"LUNBTC":0.411866599,"ASTBTC":0.4036258501,"BRDBTC":0.4018544304,"OAXBTC":0.3917085674,"NEOUSDT":0.3654224989,"KNCBTC":0.3650989911,"NULSBTC":0.3454240542,"ARKBTC":0.3286843562,"IOTABNB":0.3213875968,"NEOBTC":0.3192879404,"ADXBTC":0.3175283985,"INSBTC":0.3121745526,"BATBTC":0.3100273485,"BATBNB":0.3097294712,"RDNBTC":0.2919698068,"POABTC":0.2853961478,"NASBTC":0.2667983284,"ONTBNB":0.2503894045,"QTUMUSDT":0.2469924123,"AGIBTC":0.2387997244,"BATETH":0.2380842414,"RVNBNB":0.2347998332,"STEEMBTC":0.2121963381,"FUELETH":0.1965206132,"LOOMBTC":0.191825135,"ONGBTC":0.1798194555,"MITHBTC":0.1589566429,"GVTBTC":0.1517464209,"AIONBTC":0.1498708935,"NANOBNB":0.1493936185,"DLTBTC":0.148493981,"KMDBTC":0.1235919315,"MITHUSDT":0.1211711601,"DCRBTC":0.115989841,"REPBTC":0.062706483,"MITHBNB":0.0453119451,"TRXBNB":0.0422607314,"ONTBTC":0.0414340791,"ENGBTC":0.0380100439,"IOTABTC":0.0366669685,"NEOETH":0.0345299603,"BNBBTC":0.0248320691,"MCOBTC":0.020110165,"FETUSDT":0.013375621,"ADABNB":0.0044257281,"BTTUSDT":-0.0007526072,"BQXBTC":-0.006281606,"IOTAETH":-0.0121793648,"ICXBTC":-0.0130602737,"MDABTC":-0.0205099391,"ARNBTC":-0.0229782727,"RLCBTC":-0.027022843,"ONGUSDT":-0.0303378685,"POWRBTC":-0.0309542578,"MTLBTC":-0.0379946968,"GXSBTC":-0.0404101949,"XMRETH":-0.0434403062,"ONTETH":-0.0487693799,"HCBTC":-0.0519473801,"TRXETH":-0.0549388065,"AEBTC":-0.0607842275,"GNTBTC":-0.0662177893,"CELRUSDT":-0.0756167271,"ENJBTC":-0.0789926222,"LINKBTC":-0.0792429666,"XMRBTC":-0.080800417,"ONTUSDT":-0.0880603297,"NASETH":-0.0899406078,"XEMBTC":-0.0924251191,"XZCBTC":-0.0947509948,"QKCBTC":-0.0972190364,"ICXETH":-0.0998105892,"NEOBNB":-0.1043020959,"NANOBTC":-0.1064716539,"RVNBTC":-0.1073980306,"BLZBTC":-0.1171981579,"IOTAUSDT":-0.1199919782,"ADAETH":-0.1296420707,"ENJBNB":-0.1386592024,"DASHETH":-0.1411103125,"NANOUSDT":-0.1420974747,"AMBBTC":-0.1491387637,"THETABTC":-0.1635272018,"PAXTUSD":-0.1691825513,"NANOETH":-0.1721519495,"ZRXBTC":-0.1801425293,"ENJETH":-0.1862285718,"ZECETH":-0.1893411774,"IOSTETH":-0.1993428039,"CELRBNB":-0.20573736,"VETETH":-0.205737728,"ZECBTC":-0.2077361157,"ELFBTC":-0.2080735086,"BNBUSDT":-0.2081275666,"ADABTC":-0.2082038861,"LTCUSDT":-0.209981189,"VETBNB":-0.2140732311,"ENJUSDT":-0.2169251395,"IOSTUSDT":-0.2215654522,"DASHBTC":-0.2248865974,"GRSBTC":-0.2259076017,"MFTETH":-0.2310049902,"TRXUSDT":-0.2314051325,"USDCTUSD":-0.2424452734,"SKYBTC":-0.2425268354,"XMRUSDT":-0.245690417,"LSKBTC":-0.2472462961,"LTCBNB":-0.2530672877,"WAVESBTC":-0.2535907883,"BTGBTC":-0.2549755603,"ZRXUSDT":-0.2551444818,"WTCBTC":-0.2614371832,"XLMBNB":-0.2646502098,"BCHABCBTC":-0.2683325778,"BCHABCUSDT":-0.2714781192,"XLMBTC":-0.2823155401,"FETBTC":-0.2834896806,"QKCETH":-0.283709162,"WANBTC":-0.2861169888,"TRXXRP":-0.2919792332,"EOSBNB":-0.3020184887,"BTTBNB":-0.3157485934,"ICXUSDT":-0.3163238948,"FETBNB":-0.3210041809,"LTCTUSD":-0.3212024453,"HOTUSDT":-0.3264937522,"PIVXBTC":-0.3283199362,"EDOBTC":-0.3295312385,"ADAUSDT":-0.3301012609,"ZECUSDT":-0.3322679093,"LTCPAX":-0.3406325997,"BTCUSDT":-0.3499404274,"ZILETH":-0.3543348774,"EOSPAX":-0.3561091637,"DASHUSDT":-0.3618152146,"XRPBNB":-0.3740848161,"POLYBTC":-0.3834040131,"BCHABCPAX":-0.4016854789,"BNBPAX":-0.4077899857,"ETCUSDT":-0.4137631558,"BNBETH":-0.4148486266,"LTCBTC":-0.4155183936,"LINKUSDT":-0.4188733612,"NEBLBTC":-0.4321065552,"STRATBTC":-0.4462956027,"EOSBTC":-0.4584418561,"XLMETH":-0.4638771886,"OMGBTC":-0.4670007477,"THETAUSDT":-0.4672546934,"WAVESUSDT":-0.4748817379,"ETHTUSD":-0.4764713994,"LTCETH":-0.4828083073,"BTCUSDS":-0.4835505974,"ADATUSD":-0.4863558629,"ZILUSDT":-0.4864058337,"BNBTUSD":-0.4870582722,"ETCETH":-0.5047472454,"EOSUSDT":-0.5084508705,"ETHBTC":-0.5279407923,"BCHABCUSDC":-0.5385666882,"EOSETH":-0.5431109838,"ETHPAX":-0.5435731273,"XRPTUSD":-0.5615920079,"LTCUSDC":-0.5817750777,"ADAUSDC":-0.5818254025,"QTUMBTC":-0.5838242767,"VETUSDT":-0.5943672175,"XRPBTC":-0.5946874923,"BCHABCTUSD":-0.6006007757,"OMGUSDT":-0.6115726331,"XLMUSDT":-0.6165238781,"BNBUSDC":-0.6224451045,"EOSTUSD":-0.6336423636,"XRPETH":-0.6404292465,"ETCBTC":-0.6423012632,"VIABTC":-0.6436930638,"XRPPAX":-0.6504451683,"ETHUSDT":-0.6523874609,"EOSUSDC":-0.6549475046,"BTCTUSD":-0.726098981,"GASBTC":-0.7365680304,"BTCPAX":-0.7429302566,"XRPUSDT":-0.7669022356,"ETHUSDC":-0.76995409,"BTCUSDC":-0.797991736,"XRPUSDC":-0.8414661793},"startDate":"2019-04-23","endDate":"2019-04-30","numDays":7,"excludedPairs":["XVGBTC","USDSTUSD","AIONETH","ZECBNB","RCNBTC","SCETH","ARDRBTC","WANBNB","NEOTUSD","WABIBNB","HOTBTC","AIONBNB","VETBTC","DNTBTC","SYSETH","OSTBTC","MTLETH","STORMBTC","MANABTC","KNCETH","THETAETH","OMGBNB","POEBTC","SUBETH","XZCETH","LSKBNB","REPBNB","WPRETH","CELRBTC","XEMETH","ADAPAX","TNTETH","ENGETH","STEEMETH","MCOETH","CNDETH","STRATETH","ZILBTC","WAVESPAX","ADXETH","MANAETH","VENUSDT","QLCETH","NAVBNB","ICNETH","SCBTC","HSRBTC","SNTBTC","QTUMETH","SUBBTC","MDAETH","VENBNB","IOTXETH","VIBEETH","ARKETH","SNGLSBTC","GNTBNB","TRXUSDC","EVXETH","AGIBNB","TRXPAX","XEMBNB","DOCKETH","PAXBNB","PIVXBNB","BCHSVUSDC","STORMETH","NCASHETH","DATABTC","GTOBNB","AEBNB","SYSBTC","MCOBNB","LENDBTC","GTOETH","BQXETH","DENTETH","CMTBNB","GVTETH","LINKETH","SKYETH","RDNBNB","DASHBNB","POWRETH","BCHSVTUSD","SKYBNB","WINGSBTC","BCPTBNB","AEETH","AGIETH","CMTETH","VIABNB","OMGETH","QSPBNB","NULSETH","LINKTUSD","LENDETH","BCNETH","NEBLETH","THETABNB","CHATETH","INSETH","DENTBTC","APPCETH","MATICBNB","NAVETH","BCNBNB","YOYOBNB","GNTETH","OSTBNB","HOTETH","ICXBNB","ICNBTC","BTGETH","BTSETH","ARDRBNB","TUSDETH","FUELBTC","RCNBNB","MTHETH","VIAETH","NEOUSDC","TRXTUSD","RPXBNB","TRIGBNB","CVCBNB","BCHSVBTC","MFTBNB","BNTBTC","WAVESBNB","BCCUSDT","ELFETH","MODETH","VIBETH","SALTBTC","ONGBNB","QLCBNB","BTTPAX","WAVESUSDC","STORJBTC","WTCETH","XLMPAX","BCCETH","CDTETH","WAVESTUSD","BCHSVPAX","RENBNB","ZECUSDC","SNMBTC","USDCBTC","TUSDBTC","ATOMUSDT","XMRBNB","POEETH","ZENBNB","ZENETH","CLOAKETH","CNDBTC","POAETH","XLMTUSD","GXSETH","BNTETH","SYSBNB","VENETH","PPTBTC","LRCBTC","NPXSETH","POWRBNB","TRIGETH","NXSBTC","MATICBTC","LINKUSDC","YOYOBTC","BTSBNB","XZCXRP","RLCETH","USDCBNB","STORMBNB","BNBUSDS","CVCETH","BLZETH","BCHSVUSDT","POLYBNB","ZRXETH","NXSBNB","RPXBTC","GRSETH","HOTBNB","TNTBTC","SCBNB","NEOPAX","KEYBTC","REQETH","XLMUSDC","BTSBTC","WTCBNB","PHXETH","WABIETH","NXSETH","WPRBTC","BCCBTC","WANETH","PHXBTC","GOBNB","DATAETH","IOSTBNB","PHXBNB","QTUMBNB","RENBTC","WINGSETH","LOOMETH","DLTETH","ZECTUSD","CMTBTC","ETCBNB","STEEMBNB","HSRETH","IOSTBTC","CLOAKBTC","BTTUSDC","BCDETH","LRCETH","YOYOETH","MFTBTC","BCPTETH","ATOMBNB","QSPBTC","STORJETH","FUNBTC","KEYETH","SALTETH","REQBTC","POABNB","ZILBNB","ARDRETH","APPCBNB","NPXSBTC","CDTBTC","XVGETH","PAXETH","BRDETH","ARNETH","RPXETH","ZRXBNB","MTHBTC","KMDETH","BTTBTC","ATOMBTC","SNTETH","TNBBTC","RCNETH","XZCBNB","BTTTUSD","VIBBTC","EDOETH","PPTETH","AMBBNB","NASBNB","DLTBNB","PIVXETH","REPETH","DOCKBTC","WAVESETH","LSKETH","RDNETH","FUNETH","DNTETH","SNGLSETH","LUNETH","TRIGBTC","TUSDBNB","HCETH","ZECPAX","CNDBNB","MODBTC","BLZBNB","CHATBTC","NCASHBTC","MATICUSDT","DCRBNB","OSTETH","IOTXBTC","NAVBTC","TRXBTC","BCNBTC","PAXBTC","GOBTC","QSPETH","NEBLBNB","NULSBNB","USDSUSDC","SNMETH","NCASHBNB","QLCBTC","GTOBTC","ASTETH","BRDBNB","RLCBNB","ADXBNB","OAXETH","LOOMBNB","BCCBNB","LINKPAX","VENBTC","TNBETH","AMBETH"]}