{"data":{"MATICUSDT":0.9597410558,"MATICBNB":0.9530919128,"CELRBNB":0.9500008095,"XMRUSDT":0.9387293179,"DOGEUSDT":0.9307011645,"NAVBTC":0.9302251319,"CELRUSDT":0.9245857254,"ERDBNB":0.9126825393,"BNBTUSD":0.9114236047,"WINBNB":0.9105758066,"BTCUSDT":0.8957653752,"REPBTC":0.8948011087,"ETCETH":0.8859148294,"ONEUSDT":0.8823175505,"EVXBTC":0.8816001669,"ETCUSDT":0.8807322614,"ONEBNB":0.878529115,"ZENBTC":0.8725476969,"DCRBTC":0.866407376,"ETHUSDT":0.8644130105,"BTCUSDC":0.8615287703,"ARDRBTC":0.8553130411,"XMRETH":0.8429139237,"BNBUSDT":0.8418708264,"BNBBTC":0.8340639891,"ERDUSDT":0.8336854763,"IOSTUSDT":0.8307923519,"BNBPAX":0.8291449308,"XRPTUSD":0.8273544172,"ETHBTC":0.806444452,"NULSBTC":0.7955048205,"TRXUSDT":0.7938786489,"NULSUSDT":0.7905004387,"LINKBTC":0.7701617848,"XMRBNB":0.7578664713,"BTCTUSD":0.7562957794,"ETHTUSD":0.7526107932,"LINKTUSD":0.7518676075,"DGDBTC":0.7510473398,"LINKETH":0.735035622,"NANOUSDT":0.7347927761,"BNBETH":0.7331574554,"BTCPAX":0.729137251,"QKCETH":0.7238980765,"THETABTC":0.7160362672,"BTCUSDS":0.714286124,"XMRBTC":0.7142713438,"NANOBNB":0.7141126485,"USDCPAX":0.7025578656,"WTCBTC":0.6978586368,"DASHUSDT":0.6951015869,"CMTBTC":0.6912154176,"FETBNB":0.6901195395,"RENBTC":0.6899086331,"FTMBNB":0.68186074,"QTUMUSDT":0.6792312899,"KNCBTC":0.6787499893,"ETCBTC":0.6760742391,"ETHUSDC":0.6750407236,"LINKUSDC":0.6739068447,"LINKUSDT":0.6672457216,"WAVESUSDT":0.6660682529,"TRXXRP":0.6637573742,"KNCETH":0.6595245245,"NANOETH":0.6582595015,"LTCETH":0.6553162601,"DASHETH":0.6521822411,"XRPUSDT":0.6514047835,"NANOBTC":0.6409035146,"VIABTC":0.6311273099,"LTCUSDC":0.6223673192,"LTCUSDT":0.6186685028,"QTUMBTC":0.6116649984,"ETHPAX":0.5958421707,"LRCBTC":0.5953492329,"WAVESBTC":0.59429195,"THETAUSDT":0.5907398087,"USDSUSDT":0.5856270065,"LTCBTC":0.580762828,"EOSUSDC":0.5792439922,"FUELETH":0.566544266,"TRXETH":0.5641652854,"MTLBTC":0.563355157,"ALGOBTC":0.5512148325,"DASHBTC":0.5414944453,"LTCTUSD":0.5311784858,"XRPETH":0.5307981894,"TUSDUSDT":0.5036036451,"DUSKBTC":0.5029017817,"IOTABTC":0.502246787,"ANKRUSDT":0.4880291325,"THETAETH":0.4867566394,"USDCUSDT":0.4859644851,"LTCPAX":0.4765843153,"BNBUSDC":0.4628313694,"ALGOUSDT":0.4457721734,"RLCBTC":0.4444548587,"LTCBNB":0.4430384012,"ENGBTC":0.4421177532,"RENBNB":0.4287232427,"EDOBTC":0.4254709403,"NASBTC":0.4135794324,"EOSUSDT":0.4134397201,"OAXBTC":0.4097228487,"LUNBTC":0.4052259494,"SKYBTC":0.3972717638,"ICXETH":0.3971680267,"NEOUSDT":0.3874553279,"DUSKUSDT":0.3843033263,"GXSBTC":0.3372135409,"IOTAUSDT":0.3370543112,"ONTUSDT":0.3224910384,"EOSETH":0.3165886752,"BCHABCUSDC":0.3125591862,"EOSBTC":0.3120760275,"FETUSDT":0.3059123245,"WAVESETH":0.3051998568,"PPTBTC":0.2954692259,"XEMBTC":0.2813037686,"ALGOBNB":0.276712921,"AIONBTC":0.2737733451,"FTMUSDT":0.2689620547,"PAXUSDT":0.2608670485,"NXSBTC":0.236005524,"FETBTC":0.2276284473,"BTGBTC":0.2269752836,"EOSPAX":0.1994627851,"OMGBTC":0.1960965362,"ATOMBTC":0.1897820835,"BCHABCTUSD":0.1783438363,"EOSTUSD":0.1702683436,"POWRBTC":0.1528674836,"MDABTC":0.1526635726,"ONTBTC":0.151912363,"WABIBTC":0.1487439432,"STORJBTC":0.1463203076,"BCHABCBTC":0.1449418558,"STRATBTC":0.1429066892,"ALGOUSDC":0.1389516512,"TRXUSDC":0.1298031263,"BCHABCPAX":0.1255556156,"ANKRBNB":0.1161098141,"XRPBTC":0.1055212225,"ATOMUSDT":0.1037793975,"MITHUSDT":0.0746630948,"NEOBTC":0.0351684738,"USDCTUSD":0.032073646,"ADAUSDC":0.0253999426,"ELFBTC":0.0204407974,"GRSBTC":0.0176351895,"XLMBTC":0.0061674195,"USDSUSDC":-0.0029181429,"NEOETH":-0.0228455431,"BCHABCUSDT":-0.0343790259,"EOSBNB":-0.0386973529,"IOTAETH":-0.0476615189,"LOOMBTC":-0.0651616365,"ARNBTC":-0.0680948471,"WINUSDT":-0.0683826553,"TFUELUSDT":-0.0712593959,"LSKBTC":-0.0748020523,"OMGETH":-0.0807219642,"BCDBTC":-0.0840469782,"TRXBNB":-0.1004709176,"PAXTUSD":-0.1043543891,"ARKBTC":-0.1160577031,"ZECUSDT":-0.1163250235,"AEBTC":-0.120576128,"ASTBTC":-0.1239448113,"HOTBNB":-0.1263425263,"BTTUSDT":-0.1332127769,"ADXBTC":-0.1444579268,"ZRXBTC":-0.2085220188,"WANBTC":-0.2150811809,"XRPUSDC":-0.2211832415,"ZILETH":-0.2245181876,"ADABTC":-0.2329838639,"ZRXUSDT":-0.240737432,"VETBNB":-0.2458177246,"XLMUSDT":-0.2485912377,"OMGUSDT":-0.270981814,"ICXBTC":-0.2923063081,"RVNBNB":-0.303446513,"XRPBNB":-0.3059895289,"GVTBTC":-0.3188407752,"ADABNB":-0.3196222065,"WINUSDC":-0.327534553,"BRDBTC":-0.3375035621,"ENJBTC":-0.3409975874,"KMDBTC":-0.3415670724,"BRDBNB":-0.3753932419,"ADAUSDT":-0.3778879109,"XRPPAX":-0.3841300563,"ATOMBNB":-0.3921404998,"XLMETH":-0.4056765178,"ZECBTC":-0.419214432,"NEOBNB":-0.4256469422,"GASBTC":-0.4513345163,"NEBLBTC":-0.4727673407,"ICXUSDT":-0.5236401733,"INSBTC":-0.5335673984,"BATBTC":-0.5387475959,"ZECETH":-0.538845265,"XLMBNB":-0.5441008983,"RDNBTC":-0.5520449045,"STEEMBTC":-0.5574563796,"BQXBTC":-0.5651348687,"BATBNB":-0.5866585334,"ZRXETH":-0.5955475616,"ENJETH":-0.6298751897,"XZCBTC":-0.6725209672,"BATUSDT":-0.6813590717,"ZILUSDT":-0.6878322629,"VETUSDT":-0.6984232982,"VETETH":-0.7239179854,"HOTUSDT":-0.73733394,"MCOBTC":-0.7460250228,"POLYBTC":-0.7772267445,"ENJUSDT":-0.802566861,"ADAETH":-0.8048676705,"BATETH":-0.8260044546,"PIVXBTC":-0.8960961809,"HCBTC":-0.9032762107},"startDate":"2019-08-01","endDate":"2019-08-08","numDays":7,