{"data":{"ONGUSDT":0.9347117812,"NASBTC":0.9243674954,"ONGBTC":0.9212169723,"MITHBTC":0.9092150906,"STORJBTC":0.8886738038,"EDOBTC":0.8581606386,"GASBTC":0.8578717169,"MITHBNB":0.8575896798,"DGDBTC":0.8521724938,"NAVBTC":0.848822519,"ARNBTC":0.8346520956,"BTGBTC":0.8282195825,"KMDBTC":0.8095597784,"RLCBTC":0.7952828909,"BCHABCBTC":0.7762011942,"KNCBTC":0.7759009554,"HOTUSDT":0.773998082,"LTCPAX":0.7632623311,"VIABTC":0.7597512418,"ENJBTC":0.7540739088,"RDNBTC":0.7490546871,"BCHABCUSDT":0.7463543016,"MTLETH":0.744236084,"PHXBNB":0.736661417,"LUNBTC":0.7303173246,"NULSUSDT":0.7147742049,"MTLBTC":0.7106565991,"BATBTC":0.7100598892,"FETBTC":0.7098936725,"RVNBTC":0.7090999273,"GRSBTC":0.703300709,"XRPUSDC":0.6863505707,"BATUSDT":0.6861124505,"BRDBTC":0.681428974,"THETAUSDT":0.6676752289,"OAXBTC":0.6654255758,"BNTBTC":0.6573024398,"ENGBTC":0.6569970746,"XRPETH":0.65148655,"NULSBTC":0.6509129142,"HOTETH":0.6460778222,"BATETH":0.6385854915,"HOTBNB":0.6380408633,"BNBPAX":0.6332353342,"ENJBNB":0.6320936783,"THETABTC":0.6295404584,"MFTETH":0.623552734,"GTOETH":0.6219029212,"VIBETH":0.6209381865,"GVTBTC":0.618643365,"ENJETH":0.601839617,"WABIBTC":0.5928121488,"XRPUSDT":0.5904418551,"BCDBTC":0.5790920024,"REPBTC":0.5738902556,"BATBNB":0.5722609886,"EVXBTC":0.5619550843,"THETAETH":0.5592303054,"MCOBTC":0.5587261963,"AEBTC":0.5496072604,"PIVXBTC":0.5492354547,"XRPBTC":0.5457330463,"BCHABCUSDC":0.5444383912,"CELRUSDT":0.5321742008,"TRXXRP":0.528032492,"ADXBTC":0.518921643,"BQXBTC":0.5175508214,"QTUMBTC":0.5113557093,"EVXETH":0.5067421439,"EOSUSDT":0.4942885481,"QTUMUSDT":0.4755417381,"WTCBTC":0.467524239,"BNBUSDC":0.4643070246,"FETUSDT":0.4626409257,"QKCETH":0.4521166935,"ZILETH":0.4483786888,"BNBTUSD":0.4483295429,"STEEMBTC":0.4377910001,"LTCTUSD":0.4338455957,"ZILUSDT":0.4243614526,"BNBUSDT":0.4233407219,"WABIETH":0.4152179694,"ZECUSDT":0.4130755607,"BNBBTC":0.4100289439,"VETUSDT":0.4030560767,"BCHABCTUSD":0.400158117,"EOSUSDC":0.3894686502,"DASHBTC":0.3893455525,"WABIBNB":0.3881057762,"BNBETH":0.384082914,"XZCBTC":0.3769646048,"FETBNB":0.3728101079,"LTCETH":0.3617901488,"WAVESUSDT":0.3530816982,"LTCUSDC":0.3422289864,"BTTBNB":0.340102919,"LTCUSDT":0.3397988356,"MFTBNB":0.3382385391,"GNTBTC":0.3285515886,"DASHUSDT":0.3275306718,"EOSBTC":0.326412163,"YOYOETH":0.3221648618,"IOSTUSDT":0.3201474327,"LRCBTC":0.317624203,"NANOBTC":0.3141596844,"XRPBNB":0.3063786554,"XRPTUSD":0.3023352316,"BTCPAX":0.2999571927,"LTCBTC":0.2991143848,"NEBLBTC":0.2916409709,"XLMBNB":0.2700365197,"NANOETH":0.2640986241,"ICXUSDT":0.2451869768,"WANBTC":0.2315186117,"ARKBTC":0.2236003179,"IOSTETH":0.2232109027,"ICXETH":0.2216873997,"NANOUSDT":0.2160819414,"TRXBNB":0.2141013467,"TRXETH":0.2070305922,"FUELETH":0.2044592086,"BCHABCPAX":0.1939647992,"TRXUSDT":0.1913007973,"ETHPAX":0.1873542036,"ETCBTC":0.1861420184,"EOSETH":0.1830093754,"XLMUSDT":0.1785599977,"XLMBTC":0.1760563613,"DCRBTC":0.1678067531,"TUSDUSDT":0.1610824194,"ZENBTC":0.1587705432,"ONTUSDT":0.1560805557,"USDCPAX":0.154128483,"HCBTC":0.150983238,"NEOBNB":0.135058205,"ETCUSDT":0.1346534214,"ICXBTC":0.1312038871,"RVNBNB":0.1168456995,"ETHUSDT":0.1107889581,"ZRXBTC":0.1014688268,"XMRUSDT":0.0816208875,"LINKBTC":0.0791641628,"ONTETH":0.0704635947,"WAVESETH":0.0502342885,"USDCUSDT":0.0471126524,"NANOBNB":0.0455339622,"BTTUSDC":0.0387978185,"VETBNB":0.0297206699,"XMRBTC":0.0287086411,"XLMETH":0.0251028309,"BTCTUSD":0.0246946117,"STRATBTC":0.0235979954,"ETHUSDC":0.0217320365,"ONTBTC":0.019747687,"INSBTC":0.0186644106,"GXSBTC":0.0103541976,"NXSBTC":-0.0005577847,"ADAETH":-0.0036959939,"LSKBTC":-0.0212516184,"NEOETH":-0.0272671257,"BCHSVTUSD":-0.0280251522,"BTCUSDT":-0.0292219737,"EOSTUSD":-0.0294433201,"NEOUSDT":-0.0359441625,"BTTUSDT":-0.0396654496,"ZECBTC":-0.043541008,"ADAUSDT":-0.05321057,"ETHBTC":-0.0588182001,"EOSBNB":-0.075049695,"LTCBNB":-0.0806380443,"ZRXUSDT":-0.0929983572,"BTCUSDC":-0.0945074967,"PAXUSDT":-0.0968760515,"ETHTUSD":-0.101060165,"SKYBTC":-0.1073856532,"ADABTC":-0.109587056,"XMRETH":-0.1103268228,"LINKUSDT":-0.1425722814,"ELFBTC":-0.150246991,"PPTBTC":-0.1562726098,"OMGUSDT":-0.1732792617,"ADABNB":-0.2028645849,"NEOBTC":-0.2128714011,"AIONBTC":-0.2339678984,"XRPPAX":-0.272500594,"BCHSVUSDT":-0.3219462724,"WAVESBTC":-0.3717761893,"ADATUSD":-0.4465857654,"OMGBTC":-0.456669966,"MDABTC":-0.4866234466,"OMGETH":-0.5212543711,"BCHSVBTC":-0.5451999854,"IOTABTC":-0.8982503395,"IOTAUSDT":-0.8992292551,"IOTAETH":-0.9104075401},"startDate":"2019-04-14","endDate":"2019-04-21","numDays":7,"excludedPairs":["QTUMETH","RENBTC","LINKTUSD","KNCETH","NASBNB","POWRETH","CHATBTC","XLMUSDC","QKCBTC","PPTETH","USDCTUSD","POWRBTC","OSTETH","TNBBTC","PHXBTC","GNTETH","GTOBTC","RLCETH","TRIGETH","ZECUSDC","TUSDETH","WAVESTUSD","RPXBTC","EOSPAX","STORMETH","DASHBNB","RPXETH","CMTETH","QSPBTC","BCNBNB","NULSETH","AIONETH","TUSDBNB","DASHETH","USDSUSDT","VIBEBTC","MODETH","OSTBNB","SNTBTC","RENBNB","CMTBTC","NCASHBNB","ZECPAX","STRATETH","RCNETH","TRXPAX","QLCBNB","NEOPAX","YOYOBTC","XEMBTC","ZECTUSD","IOSTBTC","NXSETH","HCETH","SYSBNB","BCPTBNB","DNTETH","NPXSBTC","ARDRBNB","ELFETH","ZILBNB","SKYETH","ZECBNB","TNTETH","USDSUSDC","POEETH","VETETH","ICXBNB","CLOAKETH","AMBBTC","AMBBNB","AGIETH","STORMBNB","STEEMBNB","XVGETH","STORMBTC","ADXETH","USDCBNB","RCNBNB","ARNETH","USDSPAX","MODBTC","IOTXBTC","TRXUSDC","ADXBNB","BTSBNB","CNDETH","MCOBNB","DLTETH","GOBNB","VENUSDT","BLZETH","BCPTBTC","BTGETH","FUNBTC","LRCETH","OSTBTC","IOTABNB","BNTETH","DOCKBTC","ZRXBNB","CMTBNB","WPRETH","ARDRETH","MITHUSDT","REPBNB","KMDETH","NXSBNB","CVCETH","VENBNB","WINGSETH","BQXETH","VENBTC","SNGLSETH","RDNETH","AMBETH","SUBETH","CLOAKBTC","QSPBNB","POWRBNB","DLTBNB","XEMETH","WPRBTC","NPXSETH","BCCUSDT","POABNB","GVTETH","PIVXETH","PAXBTC","SKYBNB","POEBTC","QSPETH","APPCETH","MTHBTC","DENTBTC","REQETH","LOOMBTC","ADAPAX","CVCBTC","BRDETH","ENGETH","RLCBNB","BCNETH","BLZBTC","SALTBTC","VIBBTC","THETABNB","REQBTC","XLMPAX","TNBETH","OMGBNB","VETBTC","BTTTUSD","LSKBNB","SCBTC","VIBEETH","WAVESUSDC","ASTBTC","WTCETH","CELRBNB","BCDETH","BCHSVUSDC","NEBLBNB","WAVESBNB","DLTBTC","CHATETH","NULSBNB","LOOMBNB","PAXETH","ENJUSDT","LSKETH","KEYETH","YOYOBNB","DOCKETH","WANETH","BTCUSDS","CNDBTC","IOSTBNB","BTSBTC","GNTBNB","STORJETH","MDAETH","QLCBTC","MCOETH","XEMBNB","CVCBNB","GOBTC","ASTETH","ICNBTC","POLYBNB","SNGLSBTC","LINKETH","BCCBTC","DENTETH","SNTETH","PHXETH","WINGSBTC","TNTBTC","XMRBNB","DGDETH","XZCXRP","ADAUSDC","OAXETH","SUBBTC","AIONBNB","CDTBTC","NAVBNB","NCASHBTC","POABTC","HSRBTC","WANBNB","ICNETH","ZECETH","XZCETH","INSETH","MTHETH","WTCBNB","ONTBNB","BLZBNB","XLMTUSD","EDOETH","TRIGBTC","NCASHETH","GTOBNB","GXSETH","POAETH","BNBUSDS","BCPTETH","ZENBNB","PAXBNB","LINKUSDC","GRSETH","AGIBTC","POLYBTC","NEOUSDC","IOTXETH","FUNETH","KEYBTC","BCNBTC","STEEMETH","ETCETH","MANABTC","ARDRBTC","TRXTUSD","ARKETH","ONGBNB","XZCBNB","BTTPAX","BCCETH","SCETH","USDSTUSD","DNTBTC","SCBNB","SYSETH","PIVXBNB","LUNETH","VIABNB","NASETH","DATABTC","BTSETH","TUSDBTC","ETCBNB","HOTBTC","WAVESPAX","LENDETH","SNMETH","DCRBNB","LOOMETH","APPCBTC","ZRXETH","CNDBNB","USDCBTC","SYSBTC","VIAETH","AEBNB","TRIGBNB","AEETH","RCNBTC","XVGBTC","DATAETH","CDTETH","TRXBTC","BRDBNB","QTUMBNB","APPCBNB","SNMBTC","LENDBTC","MANAETH","VENETH","PAXTUSD","BCCBNB","FUELBTC","MFTBTC","NAVETH","NEBLETH","ZILBTC","RPXBNB","BCHSVPAX","RDNBNB","AGIBNB","NEOTUSD","BTTBTC","HSRETH","SALTETH","ZENETH","CELRBTC","QLCETH","LINKPAX","REPETH"]}