{"data":{"VIBBTC":0.9764917591,"MANABTC":0.9625280119,"VIBETH":0.9340392955,"WABIBTC":0.932073489,"NAVBTC":0.9290265178,"MANAETH":0.9254509234,"NULSUSDT":0.9154027123,"HCBTC":0.9128796324,"SKYBTC":0.9088464868,"NULSBTC":0.9059616833,"APPCBTC":0.9050503615,"VIABTC":0.901885699,"LUNBTC":0.8980457036,"BTCUSDT":0.8955660804,"GXSBTC":0.8935930433,"RCNBTC":0.8911612952,"LTCBTC":0.8854468275,"ETHBTC":0.8812467636,"REPBTC":0.8809451516,"WABIBNB":0.8793004595,"DGDBTC":0.8753231898,"BTCUSDC":0.8743599368,"EVXBTC":0.8680299188,"WABIETH":0.8638293331,"RLCBTC":0.8589949606,"POWRBTC":0.8529185348,"BTCUSDS":0.8527829244,"KNCBTC":0.8486769118,"EVXETH":0.8409367978,"QLCBTC":0.8374148837,"LINKUSDT":0.8273833737,"PIVXBTC":0.8251199708,"LTCPAX":0.8215848605,"BCPTBTC":0.8204471469,"BCHABCBTC":0.8140391646,"RDNBTC":0.8099302379,"QTUMUSDT":0.8084933724,"MTLETH":0.8068148521,"SNMBTC":0.8060884248,"BATBTC":0.8001370389,"BQXBTC":0.7998294122,"LRCBTC":0.7945099025,"LTCETH":0.7910832963,"STORJBTC":0.7895531583,"NEOUSDT":0.78023796,"EOSTUSD":0.7792442608,"BATUSDT":0.7756854933,"ARDRBTC":0.7756546674,"LTCUSDT":0.7737122865,"ASTBTC":0.7695277443,"EOSBTC":0.7688437878,"TRXUSDT":0.7604718581,"XRPUSDT":0.7531975573,"LSKBTC":0.7525704706,"ETHUSDT":0.7521411211,"BCHSVUSDT":0.7369380699,"OMGBTC":0.7367259263,"LINKBTC":0.7324893994,"BLZBTC":0.7290116154,"ETCUSDT":0.7280061253,"ARNBTC":0.7215147699,"IOSTETH":0.7210621297,"CVCBTC":0.7166330632,"QTUMBTC":0.7116555241,"AIONBTC":0.7104140376,"ADABTC":0.7084336882,"GNTBTC":0.7071784026,"ARKBTC":0.7070054124,"ENGBTC":0.7053916564,"GRSBTC":0.7034084206,"POLYBTC":0.7033482202,"ADAUSDT":0.6977355063,"NEOBTC":0.695716368,"AMBBTC":0.6923195955,"BCHSVBTC":0.6906569237,"EOSETH":0.690611134,"ENGETH":0.6890291245,"IOSTUSDT":0.6848677228,"LINKETH":0.6847175659,"BTCPAX":0.6834192303,"VETUSDT":0.6816846525,"LOOMBTC":0.6804897417,"ETCBTC":0.6803845615,"BRDBTC":0.6792800925,"TRXXRP":0.675200627,"MTLBTC":0.6732142208,"ZRXBTC":0.6699271666,"BATETH":0.6621255868,"EOSUSDC":0.6614966343,"AEBTC":0.661114079,"BNBBTC":0.6586493127,"XZCBTC":0.6584795933,"XLMBTC":0.657399675,"BCHABCUSDT":0.6571181391,"STRATBTC":0.65537814,"CELRUSDT":0.6550041619,"TRXETH":0.6542799494,"ICXBTC":0.6538194801,"XRPUSDC":0.6537169673,"BATBNB":0.6474042523,"ETHPAX":0.6471615739,"SYSBTC":0.6468174179,"OAXBTC":0.6460603588,"ETHUSDC":0.6438270573,"WANBTC":0.6424853005,"HOTUSDT":0.6372712461,"ADXBTC":0.6367554454,"INSBTC":0.6362173237,"BCDBTC":0.6324655346,"DCRBTC":0.6312099751,"STEEMBTC":0.6277489075,"NEOETH":0.6217318901,"DLTBTC":0.6214910008,"BTTUSDT":0.6180313241,"ADAETH":0.6154916641,"BNTBTC":0.6112450419,"TRXTUSD":0.6104824773,"ONTBTC":0.6097669915,"QKCBTC":0.6071029584,"RVNBTC":0.5944873407,"OMGETH":0.5940550021,"ELFBTC":0.5920695233,"ONTUSDT":0.5799123573,"BNBPAX":0.5796347481,"OAXETH":0.5743116092,"WTCBTC":0.5731655543,"PPTBTC":0.570812411,"EOSUSDT":0.5665269871,"FETBTC":0.5663785582,"BTCTUSD":0.561313096,"GASBTC":0.5597396419,"XLMUSDT":0.5584548683,"GVTBTC":0.5576893481,"LTCTUSD":0.5573557554,"NASBTC":0.554972005,"DASHETH":0.5516341326,"KMDBTC":0.5472652034,"XRPETH":0.5437869093,"ZECBTC":0.5431584391,"NEBLBTC":0.5413526446,"XRPTUSD":0.5388563985,"BNBTUSD":0.5364443048,"XRPBTC":0.5332624273,"NANOBTC":0.5306912748,"ICXUSDT":0.5276369356,"DASHBTC":0.5268488989,"ZILETH":0.5201975052,"CELRBTC":0.5121784212,"XLMETH":0.5015105646,"ENJBTC":0.4942659007,"WAVESBTC":0.4938813931,"RVNBNB":0.4843400042,"ONGBTC":0.4837196355,"XRPPAX":0.4820145052,"THETABTC":0.4724200765,"ONTETH":0.4654464089,"BNBETH":0.4597760577,"FETBNB":0.447912838,"IOTAUSDT":0.4453625884,"ICXETH":0.4328622005,"VETETH":0.4245779462,"XRPBNB":0.4149760944,"QKCETH":0.4107777778,"VETBNB":0.4050251231,"EOSBNB":0.3806152321,"MDABTC":0.3658082073,"BTGBTC":0.3615637851,"FETUSDT":0.3508956127,"ZRXUSDT":0.3452006646,"BTTBNB":0.3451029016,"ZENBTC":0.3445251127,"NEOBNB":0.3287062344,"XMRBTC":0.3280012012,"ADABNB":0.3214816152,"IOTABTC":0.3204752803,"NXSBTC":0.3041030548,"ZILUSDT":0.288918741,"BNBUSDT":0.2888664136,"TRXBNB":0.2782494206,"ENJETH":0.2654852583,"WAVESUSDT":0.2650590662,"ZECUSDT":0.2615690114,"CELRBNB":0.2565118046,"ETHTUSD":0.2524529549,"LTCBNB":0.2486625346,"ETCETH":0.2260880311,"XMRUSDT":0.2247424607,"MCOBTC":0.2038136381,"ONGUSDT":0.1269719916,"FUELETH":0.1195723591,"ENJBNB":0.119221469,"ADATUSD":0.0217067369,"BNBUSDC":-0.0091396223,"XLMBNB":-0.0648733796,"USDCPAX":-0.1776627737,"USDSTUSD":-0.2556735776,"EDOBTC":-0.2766440895,"AGIBTC":-0.4424972944,"TUSDUSDT":-0.5521774942,"USDCUSDT":-0.7486901918,"PAXUSDT":-0.8521523202},"startDate":"2019-03-27","endDate":"2019-04-03","numDays":7,"excludedPairs":["ARKETH","EOSPAX","REQBTC","ZECETH","NANOBNB","MODBTC","XVGBTC","BCHSVPAX","QLCETH","MTHETH","LRCETH","DENTETH","NEOUSDC","VENBTC","PHXBNB","BTSBTC","BCCUSDT","NXSETH","RPXBNB","SYSETH","MODETH","USDSUSDT","KMDETH","RLCETH","BCNETH","POLYBNB","SNGLSBTC","LOOMBNB","NAVBNB","YOYOBNB","BCCBNB","ELFETH","HOTBTC","RDNBNB","MCOBNB","CDTETH","XMRETH","TRXBTC","CVCETH","NULSETH","MFTETH","KEYETH","BTSBNB","GOBNB","XZCXRP","VIBEBTC","NEOPAX","ONTBNB","QTUMETH","ZECTUSD","LSKETH","IOSTBTC","SCETH","HOTETH","REQETH","FUNETH","BNBUSDS","TRIGETH","LUNETH","ADAUSDC","NCASHBTC","BCPTETH","SUBBTC","WANBNB","REPETH","LENDBTC","NCASHETH","XMRBNB","NEOTUSD","WTCETH","MTHBTC","ZRXETH","APPCBNB","MITHBTC","DATABTC","QSPBNB","RPXBTC","SALTBTC","CVCBNB","KNCETH","QSPETH","CLOAKBTC","WPRBTC","FUNBTC","DGDETH","STEEMETH","POAETH","BTTPAX","ZENETH","BTGETH","BCNBTC","MITHBNB","IOSTBNB","AIONETH","GNTETH","BCHABCTUSD","ZRXBNB","ARNETH","SCBNB","WAVESUSDC","PAXETH","CMTETH","BTSETH","THETABNB","THETAETH","IOTXBTC","SNTETH","CLOAKETH","DOCKETH","IOTXETH","NEBLBNB","RCNBNB","ASTETH","WANETH","TRXUSDC","GVTETH","RDNETH","TNBETH","XLMPAX","TNTBTC","NPXSETH","CNDBNB","ETCBNB","NAVETH","DNTBTC","CHATBTC","POEBTC","BQXETH","BLZBNB","LINKTUSD","AMBBNB","VENBNB","DENTBTC","WINGSBTC","ADAPAX","NXSBNB","IOTABNB","DLTETH","DASHUSDT","POABNB","POABTC","ZECBNB","RENBNB","NASETH","BLZETH","WAVESBNB","ICXBNB","GTOETH","HSRBTC","OSTBTC","IOTAETH","NULSBNB","AEETH","DNTETH","USDCBNB","XEMBNB","SNTBTC","ZECPAX","HCETH","VENETH","DOCKBTC","SKYETH","TRIGBTC","NPXSBTC","ADXETH","PPTETH","BCHSVTUSD","CMTBTC","SNGLSETH","TRXPAX","SALTETH","FUELBTC","POWRBNB","XLMTUSD","PHXETH","PAXTUSD","NEBLETH","TRIGBNB","STEEMBNB","BNTETH","USDSPAX","TUSDBNB","TUSDBTC","MDAETH","ARDRETH","GTOBTC","MFTBNB","SCBTC","NCASHBNB","LOOMETH","AEBNB","ZECUSDC","ZILBNB","ICNBTC","RLCBNB","BTTTUSD","GRSETH","SKYBNB","BCNBNB","TNTETH","AGIBNB","QTUMBNB","OSTETH","CMTBNB","REPBNB","MFTBTC","BCHSVUSDC","LINKUSDC","ARDRBNB","AGIETH","KEYBTC","ZENBNB","PAXBNB","BTTBTC","VIBEETH","ADXBNB","DCRBNB","STORJETH","ONGBNB","BRDETH","GOBTC","PHXBTC","PAXBTC","BCHABCPAX","BCCETH","GTOBNB","EDOETH","XEMBTC","DASHBNB","RENBTC","GNTBNB","RCNETH","VETBTC","AIONBNB","STRATETH","TUSDETH","USDCTUSD","QLCBNB","ZILBTC","SUBETH","XZCETH","STORMBTC","LINKPAX","YOYOBTC","VIAETH","LSKBNB","PIVXBNB","LTCUSDC","HSRETH","BCDETH","SYSBNB","GXSETH","XEMETH","CNDETH","MCOETH","PIVXETH","POWRETH","XVGETH","USDCBTC","WTCBNB","RPXETH","APPCETH","OSTBNB","POEETH","USDSUSDC","BCHABCUSDC","CDTBTC","HOTBNB","LENDETH","BTTUSDC","CHATETH","NANOETH","STORMBNB","BCCBTC","SNMETH","WAVESETH","WINGSETH","NASBNB","STORMETH","YOYOETH","VENUSDT","INSETH","WAVESPAX","VIABNB","XLMUSDC","XZCBNB","CNDBTC","ICNETH","AMBETH","WPRETH","DATAETH","QSPBTC","BRDBNB","WAVESTUSD","DLTBNB","TNBBTC","BCPTBNB"]}