{"data":{"HCBTC":0.9347388209,"ERDUSDT":0.921984063,"ERDBNB":0.9197409793,"LRCETH":0.9185852662,"BCPTETH":0.9013515619,"KMDBTC":0.872732467,"DUSKUSDT":0.8682694031,"MTLETH":0.8648162895,"NXSBTC":0.834382978,"IOSTUSDT":0.8287910365,"LUNBTC":0.8156607518,"WINUSDT":0.8151975765,"EVXBTC":0.8021483101,"NEBLBTC":0.7973369098,"BCDBTC":0.7692514457,"BTGBTC":0.7661153506,"RENBNB":0.7392922979,"WINBNB":0.7347236149,"THETABTC":0.7308002501,"RENBTC":0.730497319,"EOSBNB":0.7302562473,"DUSKBNB":0.7289862878,"ANKRUSDT":0.7278023964,"MTLBTC":0.725997371,"ENJUSDT":0.7192811213,"DUSKBTC":0.7103478267,"DGDBTC":0.7025751333,"ZILETH":0.6960301811,"COSBNB":0.6853845313,"THETAETH":0.6670928296,"TFUELUSDT":0.6626991859,"WTCBTC":0.6410307415,"BCHABCBTC":0.6358785334,"MATICBNB":0.6293441989,"ZILUSDT":0.6273764099,"XZCBTC":0.6267490787,"ZENBTC":0.615007451,"GTOUSDT":0.6148040702,"BNBBTC":0.6075974099,"BNBUSDT":0.6066903829,"ENJETH":0.6059216772,"THETAUSDT":0.5879952566,"COSUSDT":0.5867248533,"ZILBNB":0.5836675838,"BCHABCPAX":0.5655873386,"TRXUSDT":0.5591009519,"RVNBNB":0.5560158068,"MATICUSDT":0.5548539698,"WINUSDC":0.5442789289,"DUSKUSDC":0.5388533287,"NULSUSDT":0.5379034132,"VETUSDT":0.5326959438,"ENJBNB":0.531924775,"PPTBTC":0.514443712,"USDCPAX":0.4953671484,"ARNBTC":0.49425508,"ONTBTC":0.4928789911,"ONEUSDT":0.4902803192,"VETBNB":0.4852027307,"STEEMBTC":0.4846892726,"USDSUSDT":0.4777476275,"RDNBTC":0.4739882314,"WANBTC":0.4660040069,"MITHUSDT":0.4659995314,"BNBETH":0.4561010744,"DASHETH":0.4548407648,"HOTUSDT":0.4540059238,"ONTETH":0.44898613,"LINKBTC":0.4311818129,"BCHABCUSDT":0.4278913501,"IOSTETH":0.4200470466,"NANOUSDT":0.3966366606,"ONTUSDT":0.3908741297,"USDCUSDT":0.381706818,"VETETH":0.3814252799,"DASHBTC":0.3808453768,"LINKUSDT":0.3804053456,"VIABTC":0.3776195749,"FTMUSDT":0.3710833629,"ATOMUSDT":0.3590838667,"ANKRBNB":0.3570466001,"ZRXUSDT":0.3557106955,"ZECUSDT":0.3451875816,"HOTBNB":0.3379070187,"DASHUSDT":0.3368756733,"LTCPAX":0.3167366984,"MDABTC":0.3151184449,"ATOMBTC":0.3032066844,"ATOMBNB":0.2991582998,"LTCUSDT":0.2985213761,"XMRETH":0.2886484704,"LTCBNB":0.2725318177,"ETCUSDT":0.2714265311,"NANOBTC":0.2552044389,"TRXBNB":0.2485386568,"XMRBNB":0.2404602303,"ALGOBNB":0.2317682653,"ELFETH":0.2216104477,"LTCBTC":0.2214939974,"MCOBTC":0.2214187828,"ZRXETH":0.2201030578,"TRXETH":0.2181782716,"CELRUSDT":0.2173738448,"ICXETH":0.2153850907,"PAXUSDT":0.2135406761,"NEOBNB":0.2097810013,"ALGOUSDT":0.2021786571,"ETCBTC":0.1968959712,"USDCTUSD":0.1876646517,"BCHABCUSDC":0.1861815944,"XLMUSDT":0.1848250319,"NEOETH":0.1821546332,"XMRBTC":0.1746020115,"ADAUSDT":0.1675347487,"GVTBTC":0.1674125799,"EDOBTC":0.1667952572,"SKYBTC":0.1626143798,"ALGOUSDC":0.1614961834,"ALGOBTC":0.1486106806,"KNCBTC":0.1445659846,"DCRBTC":0.125575697,"BNBUSDC":0.1250682756,"PAXTUSD":0.1166984813,"NANOETH":0.1166804806,"FTMBNB":0.1135029398,"ENGBTC":0.1127744427,"LTCTUSD":0.1053630414,"ZECETH":0.1053283848,"GRSBTC":0.1051593005,"ANKRPAX":0.1039550398,"CELRBNB":0.0863391282,"LINKUSDC":0.064708267,"ANKRUSDC":0.0593575573,"BATUSDT":0.0498556086,"ETCETH":0.0498264585,"XLMETH":0.0435681665,"IOTAETH":0.0359145986,"NEOBTC":0.0331887727,"NULSBTC":0.0226210738,"TUSDUSDT":0.0176851469,"ICXBTC":0.0104890751,"EOSUSDT":0.0095271484,"ZECBTC":-0.0027700196,"ETHBTC":-0.0049020725,"LINKTUSD":-0.0071691416,"IOTAUSDT":-0.0073007071,"LTCETH":-0.0165489435,"BTCUSDT":-0.0187786076,"LTCUSDC":-0.0194837941,"EOSBTC":-0.0348616469,"NEOUSDT":-0.0368351111,"BTTUSDT":-0.0369801806,"TRXXRP":-0.0406592205,"BATETH":-0.0476153999,"AIONETH":-0.0627190056,"WAVESUSDT":-0.0880936618,"LINKETH":-0.0934088776,"LINKPAX":-0.0983412892,"BNBPAX":-0.1010778653,"ADAUSDC":-0.1051312027,"IOTABTC":-0.1065799562,"EOSPAX":-0.1213699816,"ONGUSDT":-0.1304683916,"ONEBNB":-0.1337674552,"ADATUSD":-0.1560090035,"ZRXBTC":-0.1561244572,"ADABNB":-0.1562330962,"EOSETH":-0.1635721579,"FETUSDT":-0.1858733986,"BATBNB":-0.1952093466,"ICXUSDT":-0.2020977893,"OMGETH":-0.2124355133,"ARKBTC":-0.2285949756,"XMRUSDT":-0.2439299255,"NASBTC":-0.2450062001,"BTCPAX":-0.2481632081,"PIVXBTC":-0.2519922376,"BNBTUSD":-0.2594590515,"BRDBTC":-0.2736673219,"QTUMBTC":-0.27917096,"STRATBTC":-0.2812253229,"BCHABCTUSD":-0.2849067292,"ONGBTC":-0.2852775098,"OMGBTC":-0.2889177269,"WAVESETH":-0.289098675,"BTCUSDS":-0.2907073634,"GASBTC":-0.3053204467,"QTUMUSDT":-0.3119779728,"ETHUSDT":-0.3140207619,"DOGEUSDT":-0.3171505824,"XRPBNB":-0.3511104342,"TRXUSDC":-0.3623017378,"RLCBTC":-0.3691026473,"OMGUSDT":-0.4001349152,"LSKBTC":-0.424430102,"WAVESBTC":-0.4362322124,"REPBTC":-0.4405429095,"ETHPAX":-0.443209902,"ADAETH":-0.4669052118,"ETHTUSD":-0.4711159391,"BTCUSDC":-0.530862776,"XRPETH":-0.6064760627,"ETHUSDC":-0.6511178721,"EOSUSDC":-0.65417756,"XRPBTC":-0.6569601184,"XRPTUSD":-0.6664521813,"XRPUSDC":-0.6771136313,"BRDBNB":-0.6928756064,"XRPUSDT":-0.6959675411,"AEBTC":-0.7068095573,"BTCTUSD":-0.7286494905,"GXSBTC":-0.7442729961,"XRPPAX":-0.751843046},"startDate":"2019-08-09","endDate":"2019-08-21","numDays":7,