{"data":{"DLTBTC":0.9076335005,"FETBNB":0.8996738217,"MITHBTC":0.894966531,"MITHUSDT":0.8846664155,"RDNBTC":0.8670559066,"CELRBNB":0.8532573365,"BNBUSDT":0.8499410377,"CELRUSDT":0.8411539697,"BCPTBTC":0.8330258896,"WABIBTC":0.8227423032,"MITHBNB":0.8206487914,"NULSUSDT":0.8191788615,"BATBTC":0.8133690462,"EVXBTC":0.8054278414,"ARKBTC":0.8050665467,"BATBNB":0.8026630117,"FETBTC":0.8026476524,"BATUSDT":0.7765575038,"BCDBTC":0.7519285748,"IOTAUSDT":0.7407831704,"BNBBTC":0.7376021058,"BATETH":0.7171110031,"ENJBTC":0.7165437154,"ASTBTC":0.7074120329,"VIABTC":0.7011453904,"WANBTC":0.6971534774,"AEBTC":0.6854149415,"IOTABTC":0.6815396691,"LINKBTC":0.6808200078,"GVTBTC":0.6770848922,"ICXETH":0.6552011903,"OAXBTC":0.6509799437,"NULSBTC":0.650706852,"KNCBTC":0.6488260114,"PIVXBTC":0.6445187082,"IOTABNB":0.6365326624,"ENJBNB":0.6329074406,"BQXBTC":0.598496968,"ICXBTC":0.5952987283,"IOTAETH":0.5884447431,"GRSBTC":0.5811515502,"DASHUSDT":0.5798440661,"ONGBTC":0.5761332649,"DGDBTC":0.5596978997,"DCRBTC":0.55668826,"MFTETH":0.553276906,"NANOBNB":0.5530575049,"ZILUSDT":0.5474912977,"ZECETH":0.5465461963,"NANOUSDT":0.5392558762,"DASHBTC":0.5390689118,"ADAUSDT":0.5375680168,"ENJUSDT":0.5191121134,"XMRUSDT":0.5156462389,"DGDETH":0.5066172752,"WAVESUSDT":0.5039519715,"ICXUSDT":0.4969591106,"RLCBTC":0.4960580372,"ADAETH":0.4930649608,"NANOBTC":0.486455195,"XMRETH":0.485259714,"XMRBTC":0.4757389945,"XLMBNB":0.468539805,"ENGBTC":0.4599870515,"ELFBTC":0.4568160055,"ONGUSDT":0.4564452778,"WTCBTC":0.453512848,"THETABTC":0.4452902632,"ADABNB":0.4366538549,"ZILETH":0.4352819908,"VETETH":0.434198957,"XLMUSDT":0.4320162734,"BCHABCUSDC":0.4319907839,"LTCBNB":0.4310226458,"ONTBNB":0.4219795765,"BTTBNB":0.4067996206,"POLYBTC":0.4016869771,"LUNBTC":0.3977036949,"XZCBTC":0.3933359229,"BNBETH":0.38432905,"USDSPAX":0.380608854,"BRDBTC":0.3764836398,"ADXBTC":0.3751756989,"QTUMBTC":0.3732084782,"TRXXRP":0.3674655232,"LSKBTC":0.3593986733,"LINKUSDT":0.3504984859,"NEOUSDT":0.3474646105,"THETAUSDT":0.3466963322,"XRPTUSD":0.3411494245,"USDCPAX":0.3364397403,"ZRXBTC":0.3311615722,"DASHETH":0.327637714,"LTCBTC":0.3235428366,"TRXBNB":0.3234325131,"TUSDUSDT":0.3112326998,"NANOETH":0.3083811362,"QTUMUSDT":0.3056457199,"VETBNB":0.292942126,"PAXUSDT":0.2850996494,"NASBTC":0.2776870359,"XRPBTC":0.2767259743,"ZECBTC":0.2721691703,"MTLBTC":0.2713046944,"MCOBTC":0.2612246797,"USDCUSDT":0.2606453097,"OMGBTC":0.2561173551,"BTCUSDT":0.2558065902,"ONTBTC":0.2513979822,"USDSUSDT":0.2503964554,"XRPUSDC":0.2490905839,"NEOBTC":0.2452806842,"INSBTC":0.2399970226,"REPBTC":0.2396701711,"ADATUSD":0.237275485,"VETUSDT":0.2347175571,"EOSBNB":0.2277748306,"ENJETH":0.2249054844,"LTCUSDT":0.2210721724,"XRPBNB":0.209117284,"XLMETH":0.2076847984,"STEEMBTC":0.197888801,"BCHABCBTC":0.1747531001,"KMDBTC":0.1710272847,"ARNBTC":0.1571219706,"TRXETH":0.15593442,"BNBPAX":0.150701056,"LTCUSDC":0.1504579691,"ZECUSDT":0.1425476932,"GXSBTC":0.1411678337,"FETUSDT":0.1407886418,"ZRXUSDT":0.1391213782,"ONTETH":0.1385695495,"PPTBTC":0.1381603873,"XRPPAX":0.1356708659,"OMGUSDT":0.1266545282,"STRATBTC":0.1228940947,"NEOETH":0.1213806002,"EOSETH":0.1184488605,"FUELETH":0.1063976822,"WAVESBTC":0.0897689305,"XRPETH":0.0880948921,"ELFETH":0.0825106977,"ZENBTC":0.0810694831,"OMGETH":0.069080461,"EOSBTC":0.0666682238,"LOOMBTC":0.0546650249,"NEOTUSD":0.0493357836,"XRPUSDT":0.0423871223,"ETHBTC":0.0372722911,"HOTUSDT":0.0257118826,"LTCPAX":0.0225988991,"NASETH":0.0175383325,"LTCTUSD":0.0135272142,"SKYBTC":0.0070761982,"ETCETH":-0.0021723231,"BCHABCPAX":-0.0151113163,"RVNBNB":-0.0200844862,"ETCBTC":-0.032642605,"HCBTC":-0.0334242341,"BTTUSDT":-0.042922515,"BNBUSDC":-0.080760923,"EOSUSDT":-0.081260599,"NEOBNB":-0.1137861372,"BCHABCTUSD":-0.12074547,"BNBTUSD":-0.1210675321,"BCHABCUSDT":-0.1223257198,"AIONBTC":-0.1279483415,"EDOBTC":-0.1520610025,"ONTUSDT":-0.1532848954,"ETCUSDT":-0.1659204714,"TRXTUSD":-0.1934041404,"ETHUSDT":-0.2158477033,"STORJBTC":-0.2615986566,"PAXTUSD":-0.2656614639,"EOSTUSD":-0.2669630662,"ETHTUSD":-0.2738686073,"LTCETH":-0.294557217,"QKCETH":-0.2976120347,"BTGBTC":-0.3101626004,"EOSUSDC":-0.3270221737,"ETHUSDC":-0.3810714145,"MDABTC":-0.389180422,"BTCTUSD":-0.4019201043,"BTCUSDC":-0.4158300615,"BTCPAX":-0.4289648608,"TRXUSDT":-0.4352683754,"BTCUSDS":-0.4371053593,"RVNBTC":-0.4495359238,"ADAUSDC":-0.5153461889,"EOSPAX":-0.5539725695,"ETHPAX":-0.5657266891,"GASBTC":-0.5727651991,"IOSTUSDT":-0.6493615936,"IOSTETH":-0.6548379328,"USDCTUSD":-0.66936774},"startDate":"2019-04-25","endDate":"2019-05-02","numDays":7,"excludedPairs":["RPXBTC","HSRBTC","APPCBNB","VENETH","QTUMBNB","BCNBNB","TNTBTC","AEETH","GOBNB","RDNBNB","GOBTC","LINKUSDC","WPRBTC","RENBNB","HSRETH","OSTBNB","NXSBTC","USDCBTC","STEEMETH","DLTETH","ENGETH","XLMBTC","QLCBTC","DLTBNB","XZCBNB","STORMBNB","GVTETH","DCRBNB","QTUMETH","AIONBNB","TRIGBTC","DENTBTC","APPCETH","MCOBNB","POWRETH","CLOAKBTC","TRIGETH","BTTTUSD","BCHSVTUSD","PAXBTC","BTSETH","MANABTC","BTGETH","AGIBNB","BCDETH","ADAPAX","XMRBNB","POABNB","WABIBNB","LINKETH","LSKBNB","IOSTBNB","STEEMBNB","SNGLSBTC","BTTPAX","QLCBNB","NPXSETH","CHATETH","OAXETH","CNDETH","THETABNB","SNTBTC","POWRBNB","VIAETH","STORMETH","MANAETH","RDNETH","GTOBTC","CNDBNB","NULSETH","RPXETH","BCPTETH","NXSBNB","SNMBTC","DNTBTC","NULSBNB","WINGSETH","BCHSVPAX","ZILBNB","MTHBTC","XZCETH","ZENETH","LSKETH","POABTC","TNTETH","RPXBNB","VIBEETH","RLCETH","LUNETH","GRSETH","WAVESTUSD","BNTBTC","GNTETH","BCHSVUSDC","MODETH","CMTBTC","WAVESETH","BLZBTC","SUBBTC","DOCKETH","PHXETH","KNCETH","LINKTUSD","ATOMBNB","KEYETH","NCASHBNB","VIBETH","GNTBNB","SKYBNB","BCCBNB","BCNETH","ETCBNB","WAVESBNB","SCETH","BCCBTC","BRDETH","HOTETH","ZRXETH","ADABTC","ASTETH","CVCBNB","SNGLSETH","ICXBNB","CNDBTC","STRATETH","QSPBTC","GNTBTC","QSPBNB","ICNETH","NEBLETH","FUELBTC","CHATBTC","DASHBNB","PAXETH","ADXBNB","XVGETH","BLZBNB","DNTETH","DATABTC","MODBTC","WAVESPAX","CMTETH","WTCBNB","XEMBNB","ADXETH","THETAETH","LINKPAX","ZILBTC","FUNETH","TRXUSDC","ZENBNB","BQXETH","TRXBTC","POAETH","ATOMUSDT","KEYBTC","NPXSBTC","QLCETH","SNMETH","GTOBNB","MCOETH","WANETH","SYSETH","PIVXETH","MATICUSDT","LRCBTC","WAVESUSDC","SUBETH","MTHETH","WINGSBTC","XZCXRP","DOCKBTC","AMBETH","BCCUSDT","VENBNB","USDSUSDC","BTSBTC","ATOMBTC","YOYOBNB","CMTBNB","LOOMBNB","VETBTC","BTSBNB","BRDBNB","GXSETH","RENBTC","NCASHBTC","CLOAKETH","POWRBTC","SKYETH","MFTBNB","WPRETH","PAXBNB","BCHSVUSDT","NEBLBTC","CELRBTC","TUSDBTC","IOTXETH","BNBUSDS","XEMETH","REPETH","NCASHETH","SCBTC","HOTBNB","AEBNB","EDOETH","DATAETH","SYSBTC","TNBETH","NEOPAX","CDTETH","XVGBTC","BTTUSDC","ZECUSDC","RCNETH","XEMBTC","XLMTUSD","NASBNB","RLCBNB","GTOETH","MATICBNB","RCNBTC","AIONETH","BCHSVBTC","CDTBTC","STORJETH","FUNBTC","WABIETH","SCBNB","NEOUSDC","OMGBNB","PHXBNB","REQETH","TUSDETH","WTCETH","NAVBNB","LENDETH","ARNETH","CVCETH","ARKETH","MFTBTC","QSPETH","YOYOETH","REPBNB","TRIGBNB","EVXETH","USDSTUSD","TRXPAX","BCCETH","POLYBNB","PPTETH","HOTBTC","YOYOBTC","OSTBTC","OSTETH","SALTBTC","ARDRETH","POEBTC","IOSTBTC","BCPTBNB","XLMPAX","SALTETH","ARDRBNB","AGIETH","VENUSDT","TNBBTC","LOOMETH","APPCBTC","LENDBTC","INSETH","SNTETH","AMBBTC","QKCBTC","ZECPAX","NEBLBNB","AMBBNB","VENBTC","ONGBNB","ARDRBTC","SYSBNB","CVCBTC","POEETH","VIBEBTC","TUSDBNB","AGIBTC","ZECTUSD","MDAETH","PIVXBNB","DENTETH","NXSETH","BTTBTC","ICNBTC","KMDETH","BLZETH","MATICBTC","ZECBNB","LRCETH","HCETH","BNTETH","VIBBTC","VIABNB","REQBTC","MTLETH","NAVETH","XLMUSDC","RCNBNB","IOTXBTC","USDCBNB","BCNBTC","PHXBTC","WANBNB","STORMBTC","NAVBTC","ZRXBNB"]}