{"data":{"ONGUSDT":0.9456891966,"ONGBTC":0.9397366569,"NEBLBTC":0.9118880565,"WABIBTC":0.8805018469,"NAVBTC":0.8628217921,"REPBTC":0.7706827761,"ENJBTC":0.755825303,"BQXBTC":0.7556616348,"PPTBTC":0.7538162111,"WAVESUSDT":0.7394119949,"ENJETH":0.7235346589,"VIABTC":0.7127857019,"ENJUSDT":0.6960946129,"BRDBTC":0.6884867509,"CMTETH":0.6809206136,"ERDUSDT":0.6766827518,"THETABTC":0.6746008866,"ALGOBTC":0.6661623144,"WTCBTC":0.661082524,"FETBTC":0.6574049791,"LSKBTC":0.6560654261,"FUELETH":0.637282201,"BQXETH":0.6361346998,"WAVESBTC":0.6147248908,"FETUSDT":0.613437597,"GTOUSDT":0.6080581351,"LUNBTC":0.5998228117,"ICXBTC":0.5927970201,"PPTETH":0.5903726941,"CMTBNB":0.5811452224,"WTCETH":0.5743973639,"WTCBNB":0.5639930256,"ICXUSDT":0.5518169615,"BATUSDT":0.5418310386,"RLCBTC":0.5352866929,"RENBTC":0.5254550816,"NULSUSDT":0.5192962192,"ICXBNB":0.5148516641,"BATBTC":0.4996978699,"WAVESETH":0.4868496074,"ALGOUSDT":0.4776859685,"ERDBNB":0.4651556553,"ADXBTC":0.4492724932,"MATICUSDT":0.446774067,"BTGBTC":0.4460380109,"ONEBNB":0.4436374534,"LINKBTC":0.4330086532,"RDNBTC":0.4175837308,"ICXETH":0.3915851841,"ONEUSDT":0.387869586,"CELRUSDT":0.3871594915,"NULSBTC":0.3726070689,"FETBNB":0.3695400462,"XLMUSDT":0.3408203445,"XLMETH":0.3343360525,"THETAUSDT":0.3338928479,"MATICBNB":0.3097068456,"BNBBTC":0.3053371365,"XMRETH":0.3040887834,"THETAETH":0.2904829809,"LINKUSDT":0.289967436,"DASHBTC":0.2634634044,"RENBNB":0.2554208252,"ENGBTC":0.244517049,"DCRBTC":0.2438510881,"BATETH":0.2418946971,"EVXBTC":0.2363767692,"MDABTC":0.2250030229,"ALGOBNB":0.2158123218,"STEEMBTC":0.2034776749,"USDCPAX":0.1956640991,"VETUSDT":0.1949200632,"PAXUSDT":0.1860017384,"XZCBTC":0.1847312904,"ZILUSDT":0.1531295006,"RVNBNB":0.1505909708,"LINKPAX":0.1424032815,"CELRBNB":0.135778961,"WAVESBNB":0.128472912,"KMDBTC":0.1256179831,"MCOBTC":0.115654177,"INSBTC":0.1054558964,"WANBTC":0.0847267401,"DLTBTC":0.0755186763,"VETETH":0.0741317243,"NANOBTC":0.0651687921,"DOGEBNB":0.0625309138,"USDCUSDT":0.0615230704,"ARNBTC":0.0514373899,"GRSBTC":0.0494976666,"LTCUSDC":0.0410112178,"OAXBTC":0.0339979803,"VETBNB":0.028762987,"LINKTUSD":0.0261465017,"SKYBTC":0.0189364488,"STORJBTC":0.0157689111,"GASBTC":0.0106146207,"IOSTETH":0.0043433527,"OMGBTC":0.0035911784,"ZRXBTC":-0.0024323963,"ZILETH":-0.0065938133,"HOTBNB":-0.0179404405,"BNBETH":-0.0265454213,"BNBUSDT":-0.0373704751,"GVTBTC":-0.0382368494,"POLYBTC":-0.0491633563,"LINKUSDC":-0.0504693619,"BTCUSDT":-0.0524159738,"LINKETH":-0.0560645817,"BTCUSDS":-0.0704497542,"OMGETH":-0.0737636264,"FTMUSDT":-0.0842375635,"XMRBTC":-0.0909863914,"DASHETH":-0.0940037815,"BATBNB":-0.0941306887,"NANOETH":-0.0943707945,"FTMBNB":-0.0946577197,"TFUELUSDT":-0.104660087,"BTCTUSD":-0.1074320524,"KMDETH":-0.1088979959,"IOSTUSDT":-0.1163674086,"ZECUSDT":-0.1221054688,"DOGEUSDT":-0.1444315256,"HOTUSDT":-0.1461876541,"EOSPAX":-0.1462671643,"XMRUSDT":-0.1503380695,"BTCUSDC":-0.1519189298,"BTCPAX":-0.1599545293,"MITHUSDT":-0.1706256459,"NANOUSDT":-0.1726604091,"ZECBTC":-0.1805354074,"POWRBTC":-0.185788998,"OMGUSDT":-0.189766601,"TUSDUSDT":-0.1898403326,"DASHUSDT":-0.1898438161,"XEMBTC":-0.1984476824,"ZECETH":-0.2040397466,"BNBPAX":-0.2079927543,"STRATBTC":-0.2102884013,"NEOBNB":-0.2229322023,"ARKBTC":-0.2310893484,"KNCBTC":-0.2324825853,"MTLBTC":-0.2385968092,"IOTABTC":-0.2442652425,"ETHTUSD":-0.2455382119,"EOSETH":-0.2614548179,"ZRXUSDT":-0.269249617,"DGDBTC":-0.2738516765,"ATOMBNB":-0.2809015765,"BTTUSDT":-0.288410363,"NEOUSDT":-0.3028211113,"ARDRBTC":-0.3041649317,"USDCTUSD":-0.3117576153,"LTCPAX":-0.311816695,"ELFBTC":-0.3139105626,"TRXTUSD":-0.3309365317,"BTTBNB":-0.3366724891,"PIVXBTC":-0.3387356462,"IOTAUSDT":-0.3511724994,"ADAETH":-0.3637735573,"HCBTC":-0.3759801674,"IOTAETH":-0.3862437518,"ADAUSDT":-0.3871556616,"NEOBTC":-0.3884916639,"AIONBTC":-0.3908457494,"BNBUSDC":-0.3968829404,"BCHABCTUSD":-0.4035430376,"ADABNB":-0.4112771493,"BNBTUSD":-0.4138062612,"TRXETH":-0.4149877209,"ADATUSD":-0.4168713512,"USDSUSDT":-0.4226656771,"ETHBTC":-0.4282838389,"TRXBNB":-0.4480889208,"BCHABCUSDC":-0.4506592065,"LTCBNB":-0.4511892714,"QTUMUSDT":-0.4612618869,"GNTBTC":-0.4665997107,"EOSBNB":-0.4670643128,"XRPPAX":-0.4732041215,"XRPBNB":-0.4782870692,"ATOMBTC":-0.4810964787,"ADAUSDC":-0.485647992,"GXSBTC":-0.4857357799,"NEOETH":-0.4889069221,"PAXTUSD":-0.4890010982,"LTCTUSD":-0.490686083,"ETCBTC":-0.4918960966,"AEBTC":-0.4940463203,"ONTBNB":-0.4957510161,"XRPBTC":-0.4963009514,"EOSBTC":-0.5257711279,"TRXXRP":-0.5277442717,"BCHABCPAX":-0.5371772113,"LTCBTC":-0.539563627,"BCDBTC":-0.5429297119,"BCHABCBTC":-0.5508271062,"QTUMBTC":-0.5546611936,"TRXUSDT":-0.5631695561,"BCHABCUSDT":-0.5633744957,"ETCUSDT":-0.5734013388,"ONTUSDT":-0.5774043827,"EOSUSDT":-0.5790325957,"XRPETH":-0.592130644,"ONTETH":-0.5947466279,"XRPUSDT":-0.6004853013,"ONTBTC":-0.6136768052,"NASBTC":-0.6212123745,"ETHUSDC":-0.6222266327,"TRXUSDC":-0.6303642848,"LTCETH":-0.6335529614,"ETHUSDT":-0.6378477297,"XRPUSDC":-0.6643963863,"EOSUSDC":-0.6734007073,"XRPTUSD":-0.6801951772,"ETHPAX":-0.6942318379,"EOSTUSD":-0.6979733336,"LTCUSDT":-0.7194184014,"ATOMUSDT":-0.7653276438},"startDate":"2019-07-08","endDate":"2019-07-15","numDays":7,