{"data":{"BRDBTC":0.9711853911,"GRSBTC":0.9577458576,"EDOBTC":0.9489613253,"PHXETH":0.9483850225,"NXSBTC":0.9452689595,"PHXBNB":0.9365774908,"PPTBTC":0.9327652735,"BCPTBTC":0.9209918342,"ASTBTC":0.9105663829,"GVTBTC":0.9102531461,"DLTBTC":0.9095768648,"PHXBTC":0.9095105005,"ENJBNB":0.9026973139,"MDABTC":0.9025946578,"BTTUSDT":0.8808146418,"POLYBTC":0.8795650931,"LTCBTC":0.8785783328,"FUELETH":0.875835836,"LTCUSDT":0.8561200799,"MDAETH":0.8435583098,"OAXBTC":0.8178889228,"KNCBTC":0.8103461415,"RVNBNB":0.7984820607,"KNCETH":0.79333225,"LTCUSDC":0.7905074191,"BNBUSDT":0.7618126975,"ONGBTC":0.7617645885,"VIABTC":0.7546357825,"BQXBTC":0.7491252994,"ONGUSDT":0.7453877537,"POWRBTC":0.7288897412,"APPCETH":0.7269319553,"BLZBTC":0.7159565089,"PIVXBTC":0.7146343712,"SKYBTC":0.6905187518,"LTCETH":0.6878813262,"HOTUSDT":0.6852166558,"BTTBNB":0.6833527939,"ENJBTC":0.6822471368,"MANAETH":0.6818857142,"BNBBTC":0.6773693515,"APPCBTC":0.6758718396,"MFTETH":0.669004872,"ARNBTC":0.6591124975,"LSKBTC":0.6557136779,"ZRXBTC":0.6528563665,"LTCTUSD":0.6485872887,"ICXUSDT":0.6432546609,"RDNBTC":0.635669794,"RVNBTC":0.624262934,"WTCBTC":0.6189449875,"ICXBTC":0.616480598,"ARKBTC":0.6140840597,"LTCBNB":0.6056909211,"LOOMETH":0.6053177185,"LOOMBTC":0.5999455903,"WABIBTC":0.5990661835,"ZRXETH":0.5963139989,"NASBTC":0.5871894814,"BCHSVBTC":0.5757685675,"USDCTUSD":0.5723918928,"BNBUSDC":0.5700838949,"XLMTUSD":0.5684122244,"PAXTUSD":0.5632829271,"MCOBTC":0.5606862893,"ENJETH":0.5586214281,"USDSUSDC":0.5527798494,"ICXETH":0.5504701509,"LUNBTC":0.5499122424,"EVXBTC":0.5361713579,"BCHSVUSDT":0.5359190609,"HOTBNB":0.5129788297,"QTUMUSDT":0.5081426967,"AEBTC":0.4883137277,"AIONBTC":0.4850642823,"XRPUSDT":0.4769245821,"AEETH":0.4754462055,"DGDBTC":0.4704357564,"REPBTC":0.4633321131,"ARNETH":0.4627467896,"NEBLBTC":0.4352910325,"STORJBTC":0.4288051597,"INSBTC":0.4252633377,"KMDBTC":0.4229381401,"QTUMBTC":0.4193735938,"ETHPAX":0.4189220308,"XLMUSDT":0.4142215873,"OMGBTC":0.4073792408,"BATBTC":0.4039665346,"ZENBTC":0.397653786,"NULSBTC":0.3970736583,"ADXBTC":0.3876556859,"STRATBTC":0.3794135738,"XRPBTC":0.3764117898,"EOSBTC":0.3705088299,"GASBTC":0.3569211286,"ETHUSDT":0.3565151706,"EOSTUSD":0.3491796595,"XRPPAX":0.3469695008,"XRPUSDC":0.3404863544,"XZCBTC":0.3238079408,"OMGETH":0.3234326708,"XLMETH":0.3216082135,"EOSUSDT":0.317175872,"ETHBTC":0.3105766167,"BNTBTC":0.306163828,"GXSBTC":0.2967343404,"EOSPAX":0.2844138795,"TNBETH":0.2824930703,"ONTBTC":0.2784970548,"CVCBTC":0.275828379,"BATETH":0.273308145,"BATBNB":0.2720446525,"BNBETH":0.23800971,"ELFBTC":0.2276257574,"XLMBNB":0.2202496393,"EOSUSDC":0.2119030551,"NEOETH":0.2115220001,"STEEMBTC":0.2053599889,"TUSDETH":0.1996331383,"NANOBTC":0.1818662714,"ETHUSDC":0.180989628,"EOSBNB":0.1792506769,"THETAETH":0.1744775183,"ENGBTC":0.172482466,"THETABTC":0.1537536161,"BCHABCUSDT":0.1516401768,"NEOUSDT":0.1219192251,"ZECBTC":0.1024666871,"ONTUSDT":0.0808400948,"THETABNB":0.0773276328,"WAVESUSDT":0.0772242839,"TUSDBNB":0.0756886529,"EOSETH":0.0722506728,"NEOBTC":0.0418260078,"BCHABCBTC":0.0388295134,"ONTETH":0.0111540887,"ZILUSDT":0.0104167531,"TUSDBTC":0.0098958379,"XRPETH":-0.0104679064,"WANBTC":-0.011297235,"XRPTUSD":-0.0150181445,"MTLBTC":-0.0203867046,"ONTBNB":-0.0280917989,"ETCUSDT":-0.0335167597,"NEOBNB":-0.0469747841,"PAXUSDT":-0.0570842967,"WAVESBTC":-0.0780072181,"BTCPAX":-0.0905811372,"TRXBNB":-0.095179634,"BCDBTC":-0.1136574985,"XRPBNB":-0.1466746562,"NEOTUSD":-0.1491157624,"IOTABTC":-0.1511320685,"USDCUSDT":-0.1680497602,"USDCPAX":-0.1718734468,"BCHABCTUSD":-0.1729872371,"RLCBTC":-0.1889353627,"ADAUSDT":-0.1912290108,"USDSPAX":-0.1977304938,"ETCETH":-0.2052383995,"ADABNB":-0.2220279323,"LINKUSDT":-0.2317873919,"BNBPAX":-0.2586179664,"BTCUSDT":-0.2610700737,"BTGBTC":-0.2613999528,"LINKBTC":-0.2754428413,"XMRBTC":-0.2844594263,"HCBTC":-0.2882543398,"ADAETH":-0.2907639471,"BTCUSDS":-0.2984428968,"IOTAETH":-0.3520516856,"TUSDUSDT":-0.378600279,"TRXUSDT":-0.3925044466,"VETUSDT":-0.4133210134,"ETCBTC":-0.414502724,"IOTAUSDT":-0.4628243491,"TRXXRP":-0.4791167274,"BTCUSDC":-0.5167160826,"LINKETH":-0.5267305578,"TRXETH":-0.5406251903,"DCRBTC":-0.5507050948,"DASHBTC":-0.5748616327,"TRXTUSD":-0.720318972,"ZECETH":-0.7264973087},"startDate":"2019-02-28","endDate":"2019-03-07","numDays":7,"excludedPairs":["MTLETH","HSRETH","VIBEETH","ARDRBNB","BCCBTC","ARDRBTC","ELFETH","IOSTBTC","REQETH","DOCKETH","SYSBTC","BCHSVUSDC","PAXETH","WABIETH","IOTXBTC","NANOETH","AIONETH","ICNBTC","CMTBNB","SCBTC","STORMETH","XLMBTC","BCHSVTUSD","OSTBTC","NULSUSDT","GTOETH","DENTBTC","POWRBNB","NCASHETH","BATUSDT","NXSBNB","FUELBTC","ARKETH","CVCETH","ZENBNB","XZCXRP","WAVESBNB","EDOETH","LRCBTC","BCCBNB","BRDETH","VENBNB","TNTBTC","WPRBTC","VETBNB","WPRETH","TRXPAX","YOYOBTC","AIONBNB","STEEMBNB","CMTBTC","GXSETH","CLOAKETH","NPXSBTC","KMDETH","BCNBNB","LTCPAX","MFTBTC","AMBETH","YOYOBNB","BTTBTC","RLCBNB","BCCUSDT","CDTBTC","CHATBTC","APPCBNB","WAVESETH","AGIBTC","VENBTC","ZRXUSDT","BCHABCPAX","WANETH","XEMBNB","DATABTC","VIABNB","POAETH","QSPBTC","SNMBTC","CNDETH","USDCBTC","FUNETH","AGIBNB","BCNBTC","CDTETH","TNBBTC","TRIGETH","BCHSVPAX","XEMETH","FETBNB","SNTETH","POEBTC","PAXBTC","BCDETH","BQXETH","SUBETH","EVXETH","TRIGBTC","POABNB","BNTETH","DLTBNB","OAXETH","SKYETH","ZENETH","SALTBTC","QTUMBNB","SNGLSETH","NAVETH","RDNBNB","BTTTUSD","ADXBNB","DATAETH","WTCETH","ETCBNB","BLZBNB","LRCETH","INSETH","VENUSDT","ADXETH","XVGETH","RCNETH","RPXBTC","QLCBTC","XLMPAX","SCETH","POWRETH","GTOBNB","RPXETH","FUNBTC","NANOBNB","LINKTUSD","DLTETH","SCBNB","BNBUSDS","ONGBNB","MCOETH","ICXBNB","VENETH","NASETH","BTTPAX","BCPTBNB","CNDBNB","VIBETH","TRIGBNB","MTHBTC","WAVESTUSD","POLYBNB","LOOMBNB","CMTETH","MFTBNB","BRDBNB","DNTBTC","REPBNB","ARDRETH","ICNETH","STORMBNB","DOCKBTC","TRXUSDC","IOSTETH","QLCBNB","ZRXBNB","QLCETH","REQBTC","SALTETH","MODBTC","USDCBNB","BCNETH","MTHETH","LINKPAX","BTTUSDC","RLCETH","STEEMETH","NULSBNB","HSRBTC","ZILBNB","HOTBTC","OSTBNB","REPETH","XEMBTC","GVTETH","SUBBTC","STORJETH","DCRBNB","STRATETH","VETETH","LSKBNB","KEYETH","NAVBNB","CLOAKBTC","NPXSETH","NULSETH","LENDBTC","AEBNB","IOTXETH","VETBTC","VIBBTC","NAVBTC","WAVESPAX","DENTETH","MCOBNB","QTUMETH","BCPTETH","QSPBNB","DASHETH","PAXBNB","RENBTC","XVGBTC","POABTC","HCETH","PIVXBNB","CHATETH","HOTETH","USDSTUSD","WINGSETH","GNTBNB","GTOBTC","GOBNB","AMBBTC","GNTETH","NXSETH","ADABTC","SYSBNB","FETUSDT","NEBLBNB","SYSETH","BLZETH","RDNETH","NCASHBNB","XZCBNB","BCHABCUSDC","RCNBNB","LENDETH","BTSBNB","DNTETH","MODETH","WTCBNB","CNDBTC","BCCETH","BTSBTC","POEETH","NASBNB","GOBTC","QKCETH","PIVXETH","ASTETH","WANBNB","CVCBNB","MITHBNB","WABIBNB","TRXBTC","WAVESUSDC","TNTETH","LINKUSDC","SKYBNB","NEBLETH","ADATUSD","MANABTC","KEYBTC","ZILBTC","YOYOETH","XZCETH","LSKETH","SNMETH","XMRETH","IOTABNB","XLMUSDC","AGIETH","VIBEBTC","ENGETH","SNGLSBTC","GNTBTC","GRSETH","PPTETH","RENBNB","LUNETH","STORMBTC","USDSUSDT","RCNBTC","DGDETH","WINGSBTC","VIAETH","OSTETH","AMBBNB","SNTBTC","FETBTC","BTGETH","MITHBTC","QSPETH","ZILETH","QKCBTC","NCASHBTC","RPXBNB","BTSETH"]}