{"data":{"POLYBTC":0.9685165691,"ADAUSDT":0.9461931805,"ADABTC":0.9416765966,"ADABNB":0.9409723061,"IOSTETH":0.9254743412,"BTTUSDT":0.91200711,"HCBTC":0.9057620556,"NULSUSDT":0.898187668,"ZILUSDT":0.8886000712,"BNTBTC":0.8827825957,"RVNBTC":0.8770585242,"AGIBTC":0.8726480035,"ZECETH":0.8675829491,"TRXUSDT":0.8648612207,"BATBTC":0.8597567073,"ZILETH":0.8525164723,"RVNBNB":0.8516032104,"ZECBTC":0.8498132305,"TRXBNB":0.8417156825,"VIABTC":0.8402417579,"NASBTC":0.8328436505,"TRXTUSD":0.8292024432,"OMGBTC":0.8275681278,"XLMBNB":0.8184646509,"OMGETH":0.8169734304,"TRXETH":0.815423647,"GRSETH":0.8125792141,"TRXXRP":0.8077946492,"XLMBTC":0.8026751143,"XLMUSDT":0.7981620879,"NULSBTC":0.7974504099,"MCOBTC":0.7916737417,"REPBTC":0.7879639834,"ZRXBTC":0.7878568656,"NAVBTC":0.7839427182,"ADAETH":0.7792535607,"ENJBTC":0.7790382088,"BRDBTC":0.7784898645,"BTTBNB":0.7781643073,"ENJBNB":0.7607343629,"LUNBTC":0.7575688134,"XLMETH":0.7492512509,"ADATUSD":0.7390793421,"LSKBTC":0.7375956976,"XLMPAX":0.7339176706,"ENJETH":0.7320098075,"DGDBTC":0.7307292434,"BCPTBTC":0.7179457934,"GRSBTC":0.7133044308,"WABIBTC":0.7115100708,"BATUSDT":0.7099219931,"NEBLBTC":0.7078813858,"LTCETH":0.707174566,"XMRUSDT":0.7001711786,"NANOBTC":0.6964156365,"STEEMBTC":0.694963363,"MFTETH":0.694418029,"INSBTC":0.6833248787,"GASBTC":0.6707655706,"BNBPAX":0.6684455984,"BNBBTC":0.6681062093,"LTCUSDT":0.6538597408,"ONTUSDT":0.6463735635,"XZCBTC":0.6375426346,"ONTBTC":0.6250136092,"GXSBTC":0.6188848262,"VETBNB":0.6146570495,"CVCBTC":0.6081514279,"BNBUSDT":0.6033554606,"LOOMBTC":0.6025594206,"GXSETH":0.60149309,"VETUSDT":0.5970445696,"ZRXUSDT":0.5954924349,"IOTABTC":0.5948358536,"IOTAUSDT":0.5739641339,"LOOMETH":0.5653507146,"NXSBTC":0.56210881,"OAXBTC":0.5614536472,"APPCBTC":0.5609468432,"RDNBTC":0.5501667759,"AIONBTC":0.5346818609,"LTCBTC":0.5211847835,"BNBETH":0.5093024419,"QTUMBTC":0.5051565924,"XLMTUSD":0.5026211642,"AEBTC":0.4988836497,"IOTAETH":0.4959695706,"ICXETH":0.4938723187,"BCHSVBTC":0.4916608711,"KMDBTC":0.4854183103,"ENGBTC":0.485312989,"ONTBNB":0.4742781808,"BCHSVUSDT":0.4300788363,"ARNBTC":0.4197672413,"ETCETH":0.4081968858,"ONTETH":0.4054798815,"ETCUSDT":0.401009175,"BNBUSDC":0.3719433551,"ETHUSDC":0.3705644805,"SKYBTC":0.3695134074,"XMRBTC":0.3688739158,"VETETH":0.3685886653,"ETCBTC":0.3685113325,"BNBTUSD":0.3648413132,"BCHABCBTC":0.360035011,"BATETH":0.3533925384,"XRPTUSD":0.3489297701,"STORJBTC":0.3314936267,"WTCBTC":0.3240388476,"ARKBTC":0.3187460166,"BTGBTC":0.312781924,"BTCPAX":0.2974098651,"BTCTUSD":0.2900553551,"EVXBTC":0.2670934454,"ICXBTC":0.2578978345,"THETABTC":0.2470060872,"BCDBTC":0.2366717403,"ZENBTC":0.227368456,"BCHABCUSDT":0.224300751,"NEOBTC":0.2234631067,"PPTBTC":0.2168337248,"EOSUSDT":0.2165016392,"FETBNB":0.2155684519,"LTCBNB":0.191004723,"FUELETH":0.1905448654,"ETHUSDT":0.1858755363,"BTCUSDT":0.1856563564,"WAVESBTC":0.180383631,"WANBTC":0.161226672,"QTUMUSDT":0.1595037387,"DLTBTC":0.1552512134,"XRPUSDT":0.139617521,"KNCBTC":0.1339561548,"XRPBTC":0.1244388788,"ETHBTC":0.1219780482,"USDSUSDC":0.1151179183,"WAVESUSDT":0.1149161276,"MDABTC":0.1019078024,"PIVXBTC":0.0862520557,"RLCBTC":0.0858068601,"EOSBTC":0.070454759,"EOSBNB":0.0587000491,"ICXUSDT":0.0457555726,"THETABNB":0.0453947408,"NEOETH":0.0186848272,"THETAETH":0.0138807295,"EOSTUSD":0.0080576401,"DASHBTC":-0.0051256412,"BCHABCPAX":-0.0145904977,"HOTUSDT":-0.0162485089,"KNCETH":-0.0311118345,"XRPETH":-0.0367601316,"MTLBTC":-0.0383194031,"ARNETH":-0.038709771,"BTCUSDC":-0.0426773593,"LINKUSDT":-0.0555833378,"LINKBTC":-0.0558234826,"BCHSVTUSD":-0.0653846213,"NEOUSDT":-0.0677472164,"XRPBNB":-0.0933727495,"MDAETH":-0.0997349397,"GVTBTC":-0.1555414315,"XRPPAX":-0.1587597971,"FETBTC":-0.1694471882,"ETHPAX":-0.2178405309,"ETHTUSD":-0.2186039257,"EOSUSDC":-0.2257502125,"STRATBTC":-0.2262166525,"LTCTUSD":-0.2416540056,"NEOTUSD":-0.2533734527,"EDOBTC":-0.272031481,"ADXBTC":-0.3581949777,"USDCUSDT":-0.3602486028,"NEOBNB":-0.3650912805,"BCHABCTUSD":-0.3743441251,"HOTBNB":-0.3804548205,"ONGUSDT":-0.388536459,"ONGBTC":-0.3902117366,"FETUSDT":-0.3996677921,"LTCUSDC":-0.414808873,"BQXBTC":-0.4226670136,"DCRBTC":-0.4664772805,"EOSETH":-0.4923687898,"USDSPAX":-0.5681280433,"TUSDUSDT":-0.6114875772,"PAXUSDT":-0.6665281772,"USDCPAX":-0.7989196597},"startDate":"2019-03-18","endDate":"2019-03-25","numDays":7,"excludedPairs":["MCOETH","PHXETH","BCNBTC","DNTBTC","KEYBTC","GTOBNB","AMBBNB","PIVXBNB","SNMBTC","BCPTETH","TRXBTC","VIBEETH","QTUMBNB","QSPBTC","NASBNB","HOTBTC","APPCETH","DENTBTC","NEBLETH","LINKPAX","WABIBNB","TRIGBTC","NEBLBNB","NASETH","OSTBTC","AMBBTC","BLZETH","CVCBNB","SCBNB","IOSTBTC","MTHETH","RPXBNB","EOSPAX","WAVESETH","NCASHETH","QLCBNB","VIBBTC","INSETH","DENTETH","MODETH","POEETH","ZECBNB","XVGETH","AGIETH","QTUMETH","FUNETH","RCNETH","VIBETH","PIVXETH","XMRETH","BCCBNB","CNDETH","CNDBTC","ZECPAX","TNTETH","EVXETH","CNDBNB","VENETH","XZCETH","WANETH","QSPBNB","VETBTC","TRXPAX","LOOMBNB","CMTBNB","XRPUSDC","QKCETH","STORMBTC","HSRBTC","ARDRETH","LUNETH","LINKETH","ZENBNB","VENBNB","GNTBNB","HOTETH","TRXUSDC","SYSBTC","RDNBNB","ENGETH","SKYBNB","CHATBTC","ARKETH","MTLETH","APPCBNB","ADXBNB","BCNBNB","BTSETH","BRDETH","USDSUSDT","LSKBNB","STORMBNB","STEEMBNB","QKCBTC","XEMBTC","LINKTUSD","AEBNB","POWRETH","LTCPAX","NANOBNB","IOTXETH","NPXSBTC","RPXETH","REPETH","KMDETH","CVCETH","ONGBNB","USDCTUSD","BLZBNB","IOTXBTC","HSRETH","WTCBNB","MITHBTC","VENUSDT","NCASHBNB","SUBETH","YOYOBNB","AEETH","GVTETH","BCHSVUSDC","BCCETH","USDCBNB","IOTABNB","VENBTC","BCHSVPAX","STORJETH","FUELBTC","BTCUSDS","QLCETH","SCETH","POABNB","BTTTUSD","IOSTBNB","ARDRBNB","ZILBTC","WINGSBTC","PAXBTC","XLMUSDC","REQBTC","BCCBTC","RENBNB","AMBETH","FUNBTC","SCBTC","TUSDBTC","BQXETH","SALTETH","BLZBTC","XZCBNB","XMRBNB","NANOETH","STORMETH","DOCKETH","MITHBNB","AGIBNB","ASTBTC","OSTBNB","USDCBTC","BRDBNB","BCNETH","EDOETH","RCNBNB","AIONETH","PAXETH","LENDETH","LRCETH","ASTETH","PPTETH","ZENETH","BTSBNB","SNGLSBTC","WANBNB","MANAETH","SNMETH","WINGSETH","TRIGETH","ICNETH","NXSETH","BATBNB","NPXSETH","XVGBTC","XEMETH","ICNBTC","XEMBNB","SYSETH","CMTETH","NXSBNB","DGDETH","BTTPAX","RDNETH","ZECTUSD","QLCBTC","RLCETH","NULSETH","NAVBNB","WAVESUSDC","REQETH","SNTBTC","NCASHBTC","BTTBTC","WABIETH","DNTETH","ZECUSDT","OAXETH","RLCBNB","DASHETH","MTHBTC","RPXBTC","YOYOETH","SUBBTC","ICXBNB","MFTBTC","CLOAKBTC","DCRBNB","GNTETH","SALTBTC","TNBETH","PAXTUSD","BTSBTC","VIAETH","MANABTC","ADXETH","ZRXBNB","VIABNB","MODBTC","WPRBTC","GNTBTC","POLYBNB","NULSBNB","GOBNB","CLOAKETH","DOCKBTC","USDSTUSD","WPRETH","BTGETH","VIBEBTC","SKYETH","CMTBTC","BCHABCUSDC","CDTETH","POWRBNB","LRCBTC","WTCETH","PHXBNB","TNTBTC","DATABTC","TNBBTC","STEEMETH","TUSDBNB","LENDBTC","DLTETH","ZECUSDC","STRATETH","BCDETH","GTOETH","DLTBNB","GTOBTC","HCETH","SNGLSETH","BCCUSDT","LSKETH","CDTBTC","WAVESPAX","POAETH","WAVESTUSD","PAXBNB","BCPTBNB","TRIGBNB","BTTUSDC","ARDRBTC","XZCXRP","QSPETH","RCNBTC","AIONBNB","GOBTC","POWRBTC","BNBUSDS","OSTETH","ZRXETH","NAVETH","ELFBTC","DATAETH","RENBTC","YOYOBTC","MFTBNB","LINKUSDC","POEBTC","TUSDETH","SYSBNB","BNTETH","POABTC","CHATETH","SNTETH","PHXBTC","MCOBNB","ELFETH","WAVESBNB","REPBNB","IOSTUSDT","KEYETH","ZILBNB","ETCBNB"]}