{"data":{"DUSKBTC":0.9669707042,"DUSKUSDT":0.9590463446,"FTMUSDT":0.9420391874,"DOCKETH":0.9358904792,"INSBTC":0.9118816706,"WABIBTC":0.9116838443,"WANETH":0.8916829012,"MDABTC":0.887278684,"TOMOUSDT":0.8616253126,"ZRXBTC":0.8580726689,"TOMOBTC":0.8471849879,"WANBTC":0.8464144723,"ICXUSDT":0.8461262022,"TOMOBNB":0.8405394461,"ZILUSDT":0.8400423414,"DUSKBNB":0.8298906828,"ERDUSDT":0.8292356116,"CELRUSDT":0.8263305486,"WAVESETH":0.8156505707,"MATICUSDT":0.8140073863,"RVNBNB":0.8073986235,"LTCPAX":0.8056369157,"EDOBTC":0.8009607094,"ERDBNB":0.7956298296,"EVXBTC":0.7953254703,"ZILETH":0.7945379498,"BNBBTC":0.793833505,"NULSBTC":0.7924793389,"MATICBNB":0.7912037392,"FUNETH":0.7904079744,"ONTBTC":0.7846719322,"FTMBNB":0.7832592667,"OMGBTC":0.7823043852,"NULSUSDT":0.779555887,"STRATBTC":0.7728220018,"HOTUSDT":0.77062776,"SKYBTC":0.7701675493,"QKCETH":0.7663612208,"ENJBNB":0.7647226456,"GXSBTC":0.75656979,"ANKRUSDT":0.7394374798,"LUNBTC":0.7346044839,"WAVESBTC":0.7316351233,"NASBTC":0.7294797393,"FETUSDT":0.7258724437,"THETAETH":0.7247366416,"ICXBTC":0.7203004133,"WINUSDC":0.7097184766,"DGDBTC":0.7075241732,"LINKBTC":0.7037304791,"TFUELUSDT":0.6843382388,"ENJUSDT":0.6776881958,"OMGETH":0.6771825684,"ZRXETH":0.6620090063,"ICXETH":0.655544439,"KMDBTC":0.654409938,"MITHUSDT":0.6501065795,"MTHETH":0.6486887052,"BRDBTC":0.6355516912,"VIABTC":0.6349876568,"XMRBTC":0.6324123584,"PPTBTC":0.6308333217,"NANOBTC":0.6221467746,"COSUSDT":0.6102932857,"BTGBTC":0.6094087519,"NEBLBTC":0.6030611536,"GVTBTC":0.5976713239,"COCOSBNB":0.595660735,"NEOBTC":0.5892464872,"HOTBNB":0.587502446,"USDCPAX":0.5855489511,"RENBTC":0.5848535339,"BCHABCTUSD":0.5824933419,"RDNBTC":0.5806021076,"INSETH":0.5777483602,"ETCBTC":0.5755395644,"BNBETH":0.5655376212,"LINKETH":0.5582088005,"ENGBTC":0.5539929484,"WTCBTC":0.5500133802,"COSBNB":0.5445822891,"ONTUSDT":0.5349432074,"PIVXBTC":0.5318514188,"THETAUSDT":0.5277399396,"ARKBTC":0.5260240749,"BCHABCPAX":0.5243770876,"NEOUSDT":0.5189044135,"TUSDUSDT":0.5186494926,"ZECUSDT":0.499994472,"GRSBTC":0.4876494374,"PAXUSDT":0.477596847,"ADAUSDT":0.4765662982,"IOTABNB":0.4715263882,"ZRXUSDT":0.4710779067,"ZECBTC":0.4626306018,"ETHTUSD":0.4605172472,"BATBTC":0.4548455636,"BTCUSDT":0.4539845682,"ONEBNB":0.4485229541,"USDCUSDT":0.4455482356,"EVXETH":0.4412390264,"ICXBNB":0.4305830405,"COCOSUSDT":0.4284790297,"BATBNB":0.4241375882,"XMRBNB":0.4219654606,"EOSPAX":0.4206863719,"HCBTC":0.4176989701,"NANOUSDT":0.4077795412,"ETHBTC":0.4057922214,"ZENBTC":0.4023519747,"ONEUSDT":0.4013140666,"BNBUSDT":0.4012402932,"LINKUSDT":0.3984693521,"WAVESUSDT":0.3974345248,"VETUSDT":0.3929125716,"MTLUSDT":0.3869941721,"BATETH":0.3865550174,"CELRBNB":0.3753245371,"AEBTC":0.3664579503,"RLCBTC":0.3634507962,"ETCETH":0.3609383526,"MCOBTC":0.3592187272,"IOTABTC":0.345285999,"XZCBTC":0.3394362015,"BTCTUSD":0.334602029,"MTLBTC":0.3261863487,"BCDBTC":0.3100202116,"MTLETH":0.3069500136,"WANBNB":0.306354723,"BNBUSDC":0.2928105132,"ONGBTC":0.2918864278,"BTCUSDC":0.2859528273,"TRXUSDC":0.274395002,"BATUSDT":0.2732868184,"LTCBNB":0.2647584176,"ARNBTC":0.260362449,"DOGEUSDT":0.2565396726,"ALGOBTC":0.2517276172,"VETBNB":0.2301651411,"LINKUSDC":0.2299320262,"BTCPAX":0.2253081503,"RENBNB":0.2240937081,"IOTAETH":0.214393323,"BTCUSDS":0.2126982581,"TRXUSDT":0.2063645295,"ALGOBNB":0.1926993719,"DCRBTC":0.1542330501,"XRPPAX":0.1509073663,"XLMUSDT":0.1468143146,"IOSTUSDT":0.1414774567,"LSKBTC":0.132786412,"ETCBNB":0.1192237424,"BCHABCBTC":0.1128295919,"ZECETH":0.107769948,"IOTAUSDT":0.10517118,"NEOBNB":0.0937587972,"BNBPAX":0.0923851855,"BATUSDC":0.0898919739,"XMRUSDT":0.0796969358,"TRXXRP":0.0779991506,"TRXETH":0.065381902,"NEOETH":0.0591781044,"XMRETH":0.0354175464,"OMGUSDT":0.0264611958,"TRXPAX":0.0158784768,"NPXSUSDT":0.0070498446,"ADAETH":0.0070151719,"ETHUSDC":0.0029233427,"LTCTUSD":-0.0246925596,"XLMETH":-0.0268987576,"ADABNB":-0.0279195027,"BCHABCUSDT":-0.0374409422,"ALGOUSDT":-0.0499057126,"LTCUSDT":-0.0644606679,"LTCBTC":-0.0713552813,"BNBTUSD":-0.0717043025,"REPBTC":-0.0769983846,"ENJETH":-0.0830650162,"ETCUSDT":-0.0929676173,"ETHUSDT":-0.0943143659,"XRPBNB":-0.1001023334,"XRPUSDT":-0.1046825222,"LTCETH":-0.1229112762,"ATOMBNB":-0.1264794531,"BTTUSDT":-0.1294608153,"XRPETH":-0.1300063932,"LINKTUSD":-0.1347875733,"TRXBNB":-0.1483038943,"WINBNB":-0.1585109751,"QTUMUSDT":-0.1849533585,"XRPUSDC":-0.1852150065,"ETCUSDC":-0.19762037,"ADAUSDC":-0.2008606817,"ETHPAX":-0.2179432243,"WINUSDT":-0.2232026821,"EOSBNB":-0.2242506647,"QTUMBTC":-0.2470037343,"LTCUSDC":-0.2592485047,"EOSUSDT":-0.2945605039,"DASHETH":-0.382972031,"EOSBTC":-0.4052371177,"EOSUSDC":-0.4261710405,"EOSETH":-0.4365865936,"USDCTUSD":-0.4565227628,"DASHUSDT":-0.4983653513,"PAXTUSD":-0.5464057131,"ATOMBTC":-0.5508254124,"ATOMUSDT":-0.5616160583,"DASHBTC":-0.5944756206,"XLMBNB":-0.6072728234,"BCHABCUSDC":-0.8136861249},"startDate":"2019-08-26","endDate":"2019-09-02","numDays":7,