{"data":{"BCHABCUSDT":0.9774401083,"KNCBTC":0.972470592,"KNCETH":0.9647256632,"BTTUSDT":0.9220837019,"HOTUSDT":0.9200395349,"THETABTC":0.9160175452,"HOTBNB":0.914204798,"THETABNB":0.9136917733,"STORJBTC":0.9064355503,"XZCBTC":0.8884309231,"THETAETH":0.8816113149,"BCHABCBTC":0.8811400706,"ENJBTC":0.8717068391,"BTTBNB":0.8646777393,"BCHSVUSDT":0.8562905165,"ENJBNB":0.8528048589,"ONGUSDT":0.8468372986,"XZCXRP":0.8324873728,"CVCBTC":0.8244841007,"ARDRBTC":0.8216358472,"VIABTC":0.814036471,"GRSETH":0.7912652941,"VIAETH":0.7907645361,"ONGBTC":0.7887059919,"ONGBNB":0.7872853627,"KMDETH":0.7863199868,"KMDBTC":0.7853422047,"RLCBTC":0.7790455604,"ENJETH":0.7745051296,"NEBLBTC":0.7722031464,"BNTBTC":0.7648643332,"ETHUSDT":0.763963322,"NAVBTC":0.7523230352,"BCHSVBTC":0.7496553086,"QTUMUSDT":0.7492146818,"CMTBTC":0.743069231,"BCDBTC":0.7286393545,"GRSBTC":0.7254373825,"QTUMETH":0.7246516903,"QTUMBTC":0.7150095185,"MDABTC":0.713138929,"MDAETH":0.7065528364,"LSKBTC":0.7041402098,"ETHPAX":0.69840794,"HCBTC":0.6880609557,"AGIETH":0.6774303011,"BCDETH":0.6674720481,"LTCBTC":0.6595718473,"LINKBTC":0.6519086961,"LTCETH":0.6502863466,"NEOUSDT":0.6376172405,"TRXUSDT":0.636101387,"ELFBTC":0.6358056356,"EOSBNB":0.6268503114,"DCRBTC":0.6248949496,"BRDBTC":0.624074796,"TUSDUSDT":0.6133788826,"EDOBTC":0.6048078595,"IOTAUSDT":0.6035034419,"AGIBTC":0.5959131528,"APPCBTC":0.5870178382,"BLZBTC":0.5814950332,"NXSBTC":0.5810308219,"STEEMBTC":0.5752270449,"FETUSDT":0.5683796809,"ETCUSDT":0.5641356632,"FETBTC":0.5468062666,"WTCBTC":0.5353045515,"GNTBTC":0.5327344707,"BCHABCTUSD":0.5287427214,"RDNBTC":0.5102437245,"TRXBNB":0.5086827329,"GASBTC":0.507948246,"PIVXBTC":0.5034974541,"ICXUSDT":0.5005243104,"BNBPAX":0.4964429512,"PPTBTC":0.4962643066,"XRPETH":0.4954540054,"AMBBTC":0.4882130006,"EVXBTC":0.4782304387,"MCOBTC":0.4777403699,"WANBTC":0.4709480661,"BCHSVTUSD":0.4682920723,"BNBUSDC":0.4627130215,"PAXUSDT":0.4380071728,"NEOTUSD":0.4358551008,"ADXBTC":0.4341312361,"FUELETH":0.4340738008,"DLTBTC":0.4320379299,"TRXETH":0.43112071,"ZENBTC":0.4299272345,"BTCPAX":0.4281088777,"ONTETH":0.4256108421,"OMGBTC":0.415183951,"LINKUSDT":0.4143738069,"ICXBTC":0.4125600191,"ONTBNB":0.4068046386,"POWRBTC":0.3970509469,"BQXBTC":0.3955196789,"ARNBTC":0.3918751744,"ETHUSDC":0.3894712835,"USDSPAX":0.3855658424,"ADABNB":0.384614822,"XRPUSDT":0.3736917163,"ZILUSDT":0.368685337,"ADAUSDT":0.3552195998,"NASBTC":0.3525519503,"LTCBNB":0.3495813674,"VETUSDT":0.3439774283,"FETBNB":0.3424173753,"ENGBTC":0.3322727122,"OMGETH":0.3233529331,"IOTABTC":0.3205194543,"GVTBTC":0.3189729252,"LINKETH":0.3081368343,"BTGBTC":0.3031932749,"TRXXRP":0.3025602149,"BNBETH":0.2901933473,"LTCUSDT":0.28744693,"WANETH":0.2865912355,"VETETH":0.2838891682,"AIONBTC":0.2834135895,"XMRBTC":0.2763412165,"NEOETH":0.255868703,"ADAETH":0.2558298116,"ETHBTC":0.2547044431,"USDCPAX":0.244975612,"EOSETH":0.2427142562,"WAVESUSDT":0.2373264287,"BNBBTC":0.2334077747,"EOSUSDT":0.228339203,"ICXETH":0.2283083252,"LOOMETH":0.2248267652,"DASHBTC":0.2223441913,"ONTUSDT":0.2043690096,"WABIBTC":0.1992878381,"ONTBTC":0.1989479416,"ARNETH":0.1974303392,"WAVESBTC":0.1891047841,"PAXTUSD":0.1807910513,"ETCBTC":0.1719036462,"USDCUSDT":0.1714003513,"NEOBTC":0.1623682852,"NULSBTC":0.1594628361,"OAXBTC":0.146495792,"ZILETH":0.1384348423,"LTCPAX":0.1250674595,"ADATUSD":0.1167661253,"POLYBTC":0.1069811053,"BATBTC":0.102357016,"MITHBTC":0.0991846021,"AEBTC":0.0750954403,"ZECBTC":0.0582612626,"EOSBTC":0.0364342739,"XRPPAX":0.0135874476,"XRPBTC":0.0129228875,"DGDBTC":-0.0082078364,"REPBTC":-0.0413605184,"XRPTUSD":-0.0687964779,"XLMTUSD":-0.0729539672,"BATUSDT":-0.0863185398,"XRPBNB":-0.08768082,"SKYBTC":-0.1110930186,"EOSUSDC":-0.1226820095,"GXSBTC":-0.1237927329,"LUNBTC":-0.1536399013,"EOSPAX":-0.1684234862,"BNBUSDT":-0.1720266431,"LINKUSDC":-0.1829376737,"ARKBTC":-0.1842377562,"LTCTUSD":-0.1986616171,"ZRXUSDT":-0.205485305,"BTCUSDC":-0.2118383175,"STRATBTC":-0.2362991503,"BTCUSDT":-0.2460926572,"ZRXBTC":-0.2465519023,"MTLBTC":-0.2476961295,"INSBTC":-0.2495624914,"LINKTUSD":-0.2713301683,"EOSTUSD":-0.3032813763,"NANOBTC":-0.3762905527,"XLMUSDC":-0.4266598437,"XLMBNB":-0.471432119,"XLMBTC":-0.4806644941,"XLMETH":-0.4891443344,"NULSUSDT":-0.4987492213,"WAVESETH":-0.5725835327,"XLMUSDT":-0.6057151947},"startDate":"2019-03-11","endDate":"2019-03-18","numDays":7,"excludedPairs":["BNBUSDS","PHXBTC","LSKBNB","PHXETH","BCPTBTC","RVNBTC","VENBNB","POABNB","VENETH","TRXBTC","NPXSBTC","CLOAKETH","AMBETH","ASTETH","SYSETH","POAETH","ARDRBNB","DATAETH","GNTETH","TNBETH","CDTBTC","DNTETH","RCNBNB","BLZETH","HSRETH","GOBTC","WABIBNB","TRXTUSD","QLCBNB","NASETH","BTTUSDC","EDOETH","XZCBNB","NASBNB","WANBNB","IOTXBTC","BCHSVPAX","WPRETH","NXSETH","BNBTUSD","VENUSDT","DOCKBTC","IOTAETH","PIVXBNB","MTLETH","LOOMBNB","ETHTUSD","BTSBTC","QSPBTC","WINGSETH","XEMETH","NANOETH","KEYBTC","MFTBNB","CHATBTC","BQXETH","ICXBNB","VIABNB","USDSTUSD","BCNETH","BTTTUSD","CLOAKBTC","BTSBNB","BCCBNB","ZECETH","QSPBNB","BTGETH","POEETH","WTCETH","DLTETH","BCCETH","GNTBNB","VENBTC","LRCBTC","ZRXBNB","RLCETH","BCHABCUSDC","MTHBTC","SUBETH","SNTETH","HSRBTC","SALTETH","PAXBNB","AIONBNB","OSTETH","ADABTC","FUNBTC","INSETH","RDNETH","PAXBTC","WAVESBNB","SKYBNB","BCHSVUSDC","BTCUSDS","QLCETH","YOYOBTC","TNTETH","CDTETH","POEBTC","MANAETH","IOSTBTC","REPETH","TUSDBNB","USDCTUSD","GTOBTC","SALTBTC","VIBEBTC","IOTXETH","SNMETH","XEMBNB","STORMETH","CMTETH","STRATETH","RPXBNB","MODETH","DCRBNB","QKCETH","RPXETH","RCNBTC","SCETH","POLYBNB","LENDBTC","SNGLSETH","BCNBNB","DENTBTC","RVNBNB","USDSUSDC","NCASHBTC","XVGETH","CHATETH","TNBBTC","LSKETH","TRIGBNB","AEETH","ICNETH","GTOETH","BTSETH","DLTBNB","TUSDBTC","WAVESPAX","QSPETH","QTUMBNB","ZILBNB","SYSBTC","MANABTC","BCCBTC","IOSTETH","SNTBTC","HOTBTC","WTCBNB","NEBLETH","WAVESUSDC","TRIGETH","AMBBNB","VETBTC","GVTETH","CVCBNB","ZILBTC","DATABTC","VIBBTC","XEMBTC","TUSDETH","CNDBNB","WPRBTC","USDCBNB","NEOBNB","BTTBTC","DNTBTC","BTTPAX","USDCBTC","ZENETH","VIBETH","ETCETH","OSTBTC","QKCBTC","PPTETH","SYSBNB","BTCTUSD","LOOMBTC","SCBNB","AEBNB","REPBNB","XMRETH","FUNETH","APPCBNB","LTCUSDC","ELFETH","ADXETH","SNGLSBTC","LINKPAX","EVXETH","BRDBNB","BATETH","KEYETH","PAXETH","GOBNB","WABIETH","CNDETH","XRPUSDC","MCOETH","CNDBTC","YOYOBNB","MCOBNB","WAVESTUSD","ARKETH","FUELBTC","GXSETH","VIBEETH","MODBTC","AIONETH","BCHABCPAX","RCNETH","RDNBNB","PHXBNB","BNTETH","MFTBTC","XLMPAX","NANOBNB","LRCETH","VETBNB","STORMBNB","NAVBNB","STEEMBNB","POWRETH","NCASHBNB","TNTBTC","ENGETH","ZENBNB","REQETH","TRXUSDC","POABTC","XZCETH","LUNETH","XMRBNB","DGDETH","LENDETH","NPXSETH","CVCETH","SCBTC","QLCBTC","BATBNB","ETCBNB","DASHETH","REQBTC","NULSBNB","NEBLBNB","SKYETH","CMTBNB","SNMBTC","GTOBNB","PIVXETH","WINGSBTC","RLCBNB","IOTABNB","BCNBTC","STORJETH","TRXPAX","RENBTC","ARDRETH","OAXETH","STORMBTC","TRIGBTC","AGIBNB","ASTBTC","ADXBNB","HCETH","XVGBTC","NCASHETH","NAVETH","USDSUSDT","BCPTBNB","ICNBTC","YOYOETH","NXSBNB","HOTETH","MFTETH","ZRXETH","STEEMETH","DENTETH","RPXBTC","APPCETH","MTHETH","NULSETH","RENBNB","BCPTETH","SUBBTC","POWRBNB","MITHBNB","DOCKETH","XMRUSDT","BLZBNB","BCCUSDT","OSTBNB","BRDETH"]}