{"data":{"XZCBTC":0.9829734262,"WANBTC":0.9515140964,"XZCXRP":0.9455134415,"RLCBTC":0.9401545191,"BTTBNB":0.930943688,"WANETH":0.9286776512,"BTTUSDT":0.9175056738,"VIABTC":0.8798656586,"KMDETH":0.879730672,"HOTBNB":0.878037446,"GRSETH":0.8728362936,"CVCBTC":0.8708481463,"ONGUSDT":0.8690279811,"ENJBTC":0.8680835743,"BCHABCUSDT":0.8607315706,"ONGBTC":0.8560135116,"THETABTC":0.8527945755,"GRSBTC":0.8345427532,"BCHSVUSDT":0.8333499524,"ONGBNB":0.8332348975,"THETAETH":0.8331537816,"BNTBTC":0.8283067173,"KNCBTC":0.8236881362,"POLYBTC":0.8222265817,"KMDBTC":0.818669837,"RVNBNB":0.8179364795,"AIONBTC":0.816128027,"ENJBNB":0.8131747555,"THETABNB":0.7961158283,"POWRBTC":0.7928077082,"GASBTC":0.779663986,"NAVBTC":0.7744411448,"HOTUSDT":0.7651423621,"KNCETH":0.7500323279,"ENJETH":0.734073611,"PIVXBTC":0.7278607279,"DCRBTC":0.723684895,"ELFBTC":0.7210103022,"ENGBTC":0.7202009708,"QTUMBNB":0.7162878188,"BCDBTC":0.715453592,"BCHABCBTC":0.7083501462,"BCHSVBTC":0.7077424284,"XLMBNB":0.693376585,"HCBTC":0.6933344275,"BCPTBTC":0.6865732763,"LINKBTC":0.6739379731,"ZRXUSDT":0.6733863324,"RVNBTC":0.6707809544,"APPCBTC":0.6583373567,"BCDETH":0.6538887167,"QTUMUSDT":0.632509496,"QTUMBTC":0.6281629161,"XRPUSDC":0.6274443026,"MITHBTC":0.6263229509,"ADXBTC":0.6185375614,"QTUMETH":0.6128643058,"XLMETH":0.6094288947,"ICXUSDT":0.6007937082,"MDABTC":0.5914543996,"ETHUSDT":0.5901781662,"EDOBTC":0.587293296,"TRXUSDT":0.5849954066,"ZRXBTC":0.5783698564,"TUSDUSDT":0.5707979469,"FETBNB":0.5695229813,"BNBUSDC":0.564439549,"MDAETH":0.5425626092,"ETHPAX":0.5396309765,"LUNBTC":0.5356059534,"STORJBTC":0.5184196549,"BCHABCPAX":0.5110780285,"PAXUSDT":0.5042875337,"ADABNB":0.5039123605,"ETCUSDT":0.4992023346,"DLTBTC":0.489613577,"FETBTC":0.4888337187,"XLMPAX":0.4754867572,"LTCBTC":0.4723633854,"LINKUSDT":0.4715306551,"BCHABCTUSD":0.4684334071,"LTCUSDC":0.4682544267,"AMBBTC":0.46431455,"LSKBTC":0.4583587653,"MCOBTC":0.4577369115,"MTLBTC":0.4498667376,"XLMBTC":0.430111375,"EOSBNB":0.4286071675,"EOSETH":0.4276947737,"ICXBTC":0.4258972833,"FETUSDT":0.408069594,"TRXBNB":0.4016420791,"XLMUSDT":0.3857383899,"XRPETH":0.3849863404,"AGIETH":0.380727063,"NEOBNB":0.3782370992,"LTCETH":0.376030534,"ARNETH":0.366361653,"WAVESUSDT":0.3593331782,"NEBLBTC":0.3584767329,"WABIBTC":0.3579633268,"ETHUSDC":0.3551166449,"ONTBNB":0.3497921674,"STEEMBTC":0.3227983444,"ADAUSDT":0.3223846963,"BCHSVTUSD":0.3170385467,"OMGBTC":0.3082242693,"XLMTUSD":0.30791279,"NEOUSDT":0.3059476069,"ARKBTC":0.2936050177,"EVXBTC":0.286997464,"ZILUSDT":0.2832241201,"AGIBTC":0.2828118602,"ARNBTC":0.2736559349,"WTCBTC":0.2719745068,"LINKUSDC":0.2611480972,"LTCBNB":0.2584782842,"GVTBTC":0.2495179794,"IOTAUSDT":0.2366494515,"BNBETH":0.2353029869,"ADAETH":0.2318557118,"RDNBTC":0.2285344009,"XRPUSDT":0.2240711964,"LINKTUSD":0.2200164274,"ICXETH":0.2139240803,"XLMUSDC":0.2068669854,"ZILETH":0.1964984683,"OMGETH":0.1901664461,"LTCUSDT":0.1856786168,"BNBPAX":0.184126915,"DGDBTC":0.1789272687,"NASBTC":0.1758153427,"BTCPAX":0.1709218545,"EOSUSDT":0.1699379626,"NEOTUSD":0.1583439889,"TRXETH":0.1453225886,"BTCUSDC":0.1097729935,"ONTETH":0.1082061672,"FUELETH":0.0998356179,"USDCUSDT":0.0968210086,"TRXXRP":0.0435589829,"VETETH":0.0372748766,"XRPPAX":-0.0033004128,"ETCBTC":-0.033964301,"ADATUSD":-0.0340575104,"ZECBTC":-0.0537713267,"GXSBTC":-0.0584046586,"ETHBTC":-0.0658395383,"BNBUSDT":-0.0716817125,"PPTBTC":-0.0947644233,"XRPBTC":-0.1000802696,"NXSBTC":-0.1129692893,"STRATBTC":-0.1267009643,"BNBBTC":-0.1415770024,"VETUSDT":-0.1501537144,"IOTABTC":-0.1534060692,"EOSBTC":-0.165413561,"XRPTUSD":-0.1661406134,"ONTBTC":-0.1688680242,"LTCPAX":-0.1728671708,"ONTUSDT":-0.178337794,"BQXBTC":-0.1803560503,"XRPBNB":-0.1851943189,"EOSPAX":-0.2007877534,"WAVESBTC":-0.2112854875,"NANOBTC":-0.2263628913,"NEOBTC":-0.2354115227,"AEBTC":-0.2389168322,"NULSBTC":-0.2517891457,"SKYBTC":-0.2736620887,"NEOETH":-0.2822282773,"BTGBTC":-0.2882486558,"EOSUSDC":-0.2910371434,"BTCUSDT":-0.3038643776,"BATUSDT":-0.3339598784,"OAXBTC":-0.3350132935,"ZENBTC":-0.3368108369,"INSBTC":-0.3448360427,"BATBTC":-0.3819538391,"REPBTC":-0.3926022968,"XMRBTC":-0.415674449,"DASHBTC":-0.4279490902,"LTCTUSD":-0.4634513595,"EOSTUSD":-0.4800513647,"WAVESETH":-0.5010781075,"BRDBTC":-0.5237396893,"NULSUSDT":-0.7603014461},"startDate":"2019-03-12","endDate":"2019-03-20","numDays":7,"excludedPairs":["IOTAETH","SUBBTC","HSRBTC","QKCBTC","NULSBNB","GNTBNB","BCHSVUSDC","ASTBTC","DNTBTC","XZCBNB","BTGETH","SKYETH","POEBTC","QLCBNB","TRIGETH","ARKETH","WAVESPAX","AEBNB","SNGLSBTC","ADXBNB","BTCUSDS","NPXSETH","SUBETH","IOTXETH","NAVBNB","SNMBTC","FUNETH","RDNETH","ETCETH","OSTBTC","RLCETH","BNBTUSD","IOTABNB","SNGLSETH","QKCETH","VENBTC","MTHBTC","USDCTUSD","NANOBNB","HCETH","BNTETH","NCASHBTC","LINKETH","GOBNB","NEBLBNB","CNDETH","APPCBNB","PPTETH","AEETH","KEYETH","TUSDBNB","PAXBNB","DENTBTC","YOYOBTC","DATABTC","ASTETH","NULSETH","LSKBNB","GTOBTC","WANBNB","USDSTUSD","BQXETH","STEEMETH","BCPTBNB","VIBETH","NASBNB","TNBBTC","WAVESBNB","USDSPAX","BRDETH","LINKPAX","SCBNB","RLCBNB","GTOBNB","PHXETH","ARDRBNB","HOTETH","OSTETH","BTTTUSD","YOYOBNB","STORMBTC","XVGBTC","PAXTUSD","DLTBNB","CHATETH","SCETH","VIBBTC","LSKETH","GXSETH","TUSDETH","BCHSVPAX","MFTBTC","ZRXETH","ADXETH","RCNETH","XVGETH","POWRETH","DENTETH","DLTETH","CDTETH","GNTBTC","BCHABCUSDC","DOCKBTC","LOOMETH","GTOETH","XMRUSDT","BRDBNB","CLOAKETH","MANABTC","AIONETH","DNTETH","NASETH","ZRXBNB","ETHTUSD","GVTETH","LOOMBTC","XEMBTC","INSETH","MFTETH","BLZETH","NCASHBNB","HSRETH","XEMETH","LOOMBNB","QLCBTC","SYSETH","TRIGBTC","REQBTC","BTSBNB","KEYBTC","STORMBNB","CMTBNB","BCNETH","WPRETH","FUNBTC","BATETH","BNBUSDS","FUELBTC","BCCBTC","CDTBTC","XMRBNB","STRATETH","VIABNB","RPXBNB","WAVESUSDC","TNTETH","GOBTC","SKYBNB","AMBBNB","CVCBNB","BTSETH","PAXBTC","LRCETH","GNTETH","VETBNB","WTCBNB","VIBEBTC","NPXSBTC","OSTBNB","POABNB","ZILBNB","TRXUSDC","SNTETH","PIVXETH","TNTBTC","PHXBTC","TUSDBTC","TRXTUSD","REPBNB","BLZBNB","USDCBNB","BCCETH","EDOETH","ZECETH","XEMBNB","RDNBNB","CHATBTC","WPRBTC","LENDBTC","ENGETH","CMTBTC","AGIBNB","OAXETH","MCOBNB","XMRETH","VIBEETH","LENDETH","QSPBNB","ZENETH","QSPBTC","LUNETH","WABIETH","ADABTC","TRXPAX","IOSTBTC","SYSBNB","REPETH","CLOAKBTC","DCRBNB","USDSUSDC","MCOETH","QSPETH","HOTBTC","CNDBTC","MTLETH","VENBNB","STORMETH","PIVXBNB","SALTETH","ICXBNB","BCCUSDT","VIAETH","NANOETH","BTCTUSD","MFTBNB","DGDETH","DATAETH","USDCPAX","RENBTC","QLCETH","CMTETH","EVXETH","APPCETH","WINGSBTC","WTCETH","CNDBNB","USDSUSDT","YOYOETH","BTTBTC","MANAETH","IOSTETH","ELFETH","NXSETH","ARDRBTC","RCNBNB","MTHETH","BCPTETH","VENETH","VETBTC","ARDRETH","TNBETH","BCNBNB","POABTC","RENBNB","SCBTC","POAETH","BTTPAX","BTSBTC","BCNBTC","MODETH","RPXBTC","ZILBTC","SNTBTC","TRIGBNB","SALTBTC","TRXBTC","STORJETH","ZENBNB","BCCBNB","NEBLETH","RCNBTC","ICNBTC","CVCETH","PHXBNB","POWRBNB","WINGSETH","REQETH","BATBNB","NXSBNB","SNMETH","IOTXBTC","PAXETH","WABIBNB","MITHBNB","BTTUSDC","MODBTC","VENUSDT","LRCBTC","SYSBTC","DASHETH","POLYBNB","RPXETH","WAVESTUSD","STEEMBNB","ICNETH","NCASHETH","AIONBNB","USDCBTC","POEETH","DOCKETH","BLZBTC","AMBETH","XZCETH","NAVETH","ETCBNB"]}