{"data":{"XRPBTC":0.9798811777,"ETCUSDT":0.9798189586,"ETCBTC":0.9781181422,"ADAUSDT":0.9756068961,"EOSUSDT":0.9713351231,"IOTABTC":0.9702918628,"EOSPAX":0.9647692355,"MITHBTC":0.9637586607,"XRPPAX":0.9546569914,"EOSBNB":0.9543931321,"IOTAUSDT":0.952815339,"XRPUSDT":0.9521012725,"XZCBTC":0.9479462954,"QTUMBTC":0.9466256013,"TRXUSDT":0.9447349678,"VETUSDT":0.9426572339,"IOSTETH":0.9369391018,"WTCBTC":0.9363518733,"ARNBTC":0.9353098104,"ARNETH":0.9342985662,"NEBLBTC":0.9332970069,"ZRXETH":0.933200357,"ICXBTC":0.9309379737,"GASBTC":0.9277087144,"EOSBTC":0.9274806547,"BCHABCBTC":0.9262690774,"QTUMUSDT":0.9258365708,"ETHUSDT":0.9186345243,"EOSUSDC":0.9176920514,"ADABNB":0.9169472968,"XLMUSDT":0.9159004992,"EOSETH":0.9065464683,"EOSTUSD":0.9051657769,"ICXUSDT":0.905072266,"DCRBTC":0.9038784228,"BTCUSDT":0.8986757664,"LSKBTC":0.8970549396,"LTCBNB":0.8950301807,"NEOUSDT":0.885008253,"ARKETH":0.883936645,"BCHABCUSDT":0.8762928854,"BCDBTC":0.8753913,"BCHSVUSDT":0.868055134,"XRPUSDC":0.8662533719,"TRXXRP":0.8656231888,"ENGBTC":0.8646581313,"ETHBTC":0.8628028474,"TRXETH":0.8620352323,"ZILETH":0.8588926058,"VETETH":0.851053382,"BNBPAX":0.8437044942,"ARKBTC":0.8419389096,"XRPETH":0.8413955606,"XLMETH":0.8401238596,"REPBTC":0.8386311275,"BCHSVBTC":0.8340596183,"BTGBTC":0.8324160516,"ICXETH":0.8298313662,"ETHPAX":0.8225683974,"DASHBTC":0.8221381324,"XRPTUSD":0.8204778698,"APPCBTC":0.8190057486,"BTTBNB":0.8178028568,"LINKUSDT":0.8161930712,"BTCPAX":0.8083616417,"SKYBTC":0.8064496416,"ETHUSDC":0.8059267417,"IOTAETH":0.7987462142,"ADAETH":0.7978874211,"KMDETH":0.7976653099,"PIVXBTC":0.7915768993,"KMDBTC":0.790521831,"GXSBTC":0.7896792642,"KNCBTC":0.7883102013,"ENJETH":0.7825402208,"POWRBTC":0.7815385793,"XRPBNB":0.7815268135,"STORJETH":0.7805807538,"LINKBTC":0.7789008927,"FUELETH":0.7758031676,"STORJBTC":0.7702468493,"WAVESBTC":0.763890532,"LTCBTC":0.7597188551,"BNBETH":0.7560017802,"TRXTUSD":0.7538343517,"XLMBNB":0.7534278364,"AEBTC":0.746560363,"LRCBTC":0.7446202977,"BTCUSDC":0.7386682577,"OMGBTC":0.7374612766,"RDNBTC":0.7358202975,"ELFBTC":0.7353742454,"LUNBTC":0.7352364069,"ZRXBTC":0.7343852448,"EVXBTC":0.734242454,"ADXBTC":0.7339756527,"LTCUSDT":0.733532089,"USDCTUSD":0.7322342642,"NULSUSDT":0.7285251161,"VIABTC":0.7256403263,"ELFETH":0.7188785294,"THETAETH":0.7087543737,"OMGETH":0.7078125466,"EDOBTC":0.7036828449,"BCHABCUSDC":0.7031779416,"ONTUSDT":0.6936602929,"MDABTC":0.6911942454,"GRSBTC":0.6889555138,"WAVESUSDT":0.6874587978,"RDNETH":0.6834962138,"LTCETH":0.6758262579,"POLYBTC":0.6725674711,"CVCBTC":0.6719992181,"GVTBTC":0.6515303782,"ZECETH":0.6483810853,"ADATUSD":0.6449263572,"NEOETH":0.6406643014,"XEMBTC":0.6274490651,"BCHSVTUSD":0.6181444003,"BATBTC":0.6181298985,"NASBTC":0.6113116248,"ZECBTC":0.6101178935,"BNBUSDC":0.6088235425,"WABIBTC":0.608529732,"XLMPAX":0.6036092799,"LTCUSDC":0.6010803852,"BATETH":0.5773519554,"MCOBTC":0.5696337593,"AIONBTC":0.5596811225,"WANBTC":0.553408938,"MCOETH":0.5476881626,"TRXBNB":0.524094381,"TUSDBTC":0.5168263051,"XMRETH":0.5146296908,"LTCTUSD":0.4969674769,"ONTETH":0.4957939109,"NEOBTC":0.4937469426,"BCHABCTUSD":0.4897802029,"WAVESETH":0.4843014031,"THETABNB":0.4736343397,"NULSBTC":0.472560813,"BNBUSDT":0.470215422,"DLTBTC":0.4613930867,"ONTBTC":0.4506929845,"LINKETH":0.4382137711,"STRATBTC":0.4357042115,"INSBTC":0.4260950739,"NEOBNB":0.4226758204,"PPTBTC":0.4217964103,"NAVBTC":0.4157096515,"THETABTC":0.4128338409,"ZENBTC":0.4049656662,"STEEMBTC":0.3934109399,"NANOBTC":0.3901764127,"BQXBTC":0.3744121423,"NANOETH":0.3605541405,"ONTBNB":0.3555984392,"BTCUSDS":0.3104543456,"HCBTC":0.2863529319,"OAXBTC":0.2360571614,"NEOTUSD":0.1779320692,"TUSDBNB":0.1438014683,"XMRBTC":0.1269180693,"NXSBTC":0.1040290917,"MTLBTC":0.0933331095,"BNBBTC":0.0665226071,"USDCPAX":0.0350390696,"EVXETH":-0.0955615028,"PAXTUSD":-0.1976749718,"MODBTC":-0.2218226803,"TUSDETH":-0.2422139011,"XLMTUSD":-0.264385808,"BTTUSDT":-0.2845869552,"XLMUSDC":-0.3422355601,"USDCUSDT":-0.3519964234,"MODETH":-0.3881463184,"WINGSBTC":-0.4000416716,"SALTBTC":-0.4102376137,"CLOAKBTC":-0.4352941987,"TUSDUSDT":-0.4577436403,"SUBBTC":-0.4691832224,"PAXUSDT":-0.5481276439,"DGDBTC":-0.6806661124},"startDate":"2019-02-13","endDate":"2019-02-20","numDays":7,"excludedPairs":["ASTBTC","MANABTC","TRXUSDC","DATAETH","BCPTETH","GNTBNB","GNTETH","APPCETH","BCNBTC","RLCETH","QSPBTC","AGIETH","DATABTC","ASTETH","WAVESBNB","SNGLSETH","BTGETH","AIONETH","EDOETH","QKCETH","NXSETH","BCPTBNB","RLCBTC","PIVXBNB","MTLETH","AGIBNB","MFTBTC","QLCBTC","CLOAKETH","OSTBNB","CDTBTC","NPXSBTC","WANETH","BTTUSDC","TRIGETH","CMTBNB","NXSBNB","WABIETH","VENETH","POEBTC","ICNBTC","SYSBTC","ZILUSDT","NCASHBTC","BCPTBTC","CVCBNB","DLTBNB","ONGBNB","AIONBNB","VIBBTC","REPBNB","DCRBNB","XEMETH","DNTETH","GTOBTC","FUNBTC","ONGBTC","SALTETH","AMBETH","NAVETH","BTTBTC","TNTBTC","SNTBTC","ICXBNB","TRXBTC","SYSBNB","BNBUSDS","ENJBNB","PIVXETH","CNDETH","USDSUSDT","POWRETH","VIBEETH","LTCPAX","PAXBNB","RPXBTC","RLCBNB","XZCBNB","POLYBNB","LRCETH","USDSPAX","STEEMETH","CMTETH","REQETH","NASBNB","STEEMBNB","PAXETH","WPRBTC","LINKPAX","USDCBTC","PHXBNB","XZCETH","NCASHETH","GOBNB","DGDETH","IOTXBTC","KEYBTC","ETCBNB","GOBTC","CMTBTC","XZCXRP","SKYETH","USDSUSDC","BNTETH","BCCBTC","OAXETH","GRSETH","YOYOBTC","POABNB","IOSTBTC","DOCKETH","XVGBTC","NEBLETH","DENTETH","XVGETH","RPXETH","BCDETH","TRIGBTC","SNGLSBTC","WAVESPAX","RVNBTC","PAXBTC","TNBETH","MFTETH","NAVBNB","SNMBTC","VETBNB","INSETH","VENBTC","SCBNB","ICNETH","CNDBTC","POEETH","RDNBNB","IOTABNB","AMBBTC","ADXETH","VENUSDT","ZENETH","GVTETH","MTHETH","BLZETH","SUBETH","BCNETH","STORMETH","NANOBNB","QKCBTC","YOYOBNB","XLMBTC","SNMETH","NPXSETH","MCOBNB","QLCETH","AMBBNB","NULSBNB","LSKBNB","ADXBNB","WPRETH","DNTBTC","BLZBTC","RCNBNB","DLTETH","LOOMBTC","VETBTC","CHATBTC","SKYBNB","TNBBTC","RENBNB","BCCBNB","LENDBTC","ONGUSDT","ENGETH","HOTETH","MTHBTC","POAETH","AEETH","LOOMBNB","BCHABCPAX","VIBEBTC","WANBNB","KEYETH","ADABTC","BTTPAX","BCCETH","BNTBTC","HOTBNB","WTCBNB","ZILBNB","WINGSETH","BRDBNB","HOTBTC","NASETH","BCCUSDT","MFTBNB","MITHBNB","VIBETH","BRDETH","ARDRBTC","CNDBNB","IOTXETH","GNTBTC","BLZBNB","ENJBTC","GTOBNB","NEBLBNB","QLCBNB","BCHSVUSDC","YOYOETH","BTTTUSD","BTSETH","KNCETH","BTSBTC","QTUMBNB","GXSETH","HOTUSDT","DENTBTC","TRIGBNB","HCETH","RPXBNB","REQBTC","BCNBNB","MDAETH","MANAETH","STRATETH","PHXBTC","LOOMETH","POWRBNB","USDSTUSD","OSTETH","LENDETH","ZILBTC","WTCETH","DASHETH","RCNBTC","RENBTC","LINKUSDC","WAVESTUSD","ETCETH","VIAETH","QSPETH","SCBTC","QTUMETH","FUELBTC","LUNETH","VIABNB","WABIBNB","AEBNB","USDCBNB","REPETH","SNTETH","HSRBTC","TRXPAX","RVNBNB","CHATETH","PPTETH","RCNETH","WAVESUSDC","BRDBTC","ARDRETH","ARDRBNB","OSTBTC","XEMBNB","APPCBNB","CDTETH","NCASHBNB","BATBNB","SYSETH","STORMBNB","POABTC","SCETH","LSKETH","LINKTUSD","GTOETH","FUNETH","PHXETH","QSPBNB","CVCETH","DOCKBTC","TNTETH","ZENBNB","BTSBNB","BCHSVPAX","HSRETH","BQXETH","NULSETH","AGIBTC","VENBNB","STORMBTC"]}