{"data":{"ASTBTC":0.9671333873,"BATUSDT":0.9620511703,"HOTUSDT":0.9577814549,"POWRBTC":0.9517888604,"KMDBTC":0.9466687997,"BTTUSDT":0.9460126513,"BATBTC":0.9459934593,"VETUSDT":0.9441460822,"WTCBTC":0.9431451819,"FETUSDT":0.9416441669,"KMDETH":0.9415253682,"FETBTC":0.9385915366,"PPTBTC":0.9368173656,"HOTBNB":0.9326081836,"NANOUSDT":0.9323801168,"GXSBTC":0.929427714,"ZILUSDT":0.9249299883,"LTCETH":0.9224982149,"TFUELUSDT":0.9199690682,"MATICBNB":0.9167669331,"STORJBTC":0.9149593193,"WTCBNB":0.9138874126,"ENJUSDT":0.9120594017,"VETBNB":0.9111914554,"EVXBTC":0.9100058191,"ZRXUSDT":0.8975350036,"ZILBNB":0.8936108276,"WTCETH":0.8888728331,"BATBNB":0.8828119766,"MATICUSDT":0.8820723195,"XLMUSDT":0.8749576316,"TFUELBNB":0.8747468799,"ARKBTC":0.8687835539,"NANOBTC":0.8662289127,"BTTBNB":0.8610710576,"ONEUSDT":0.859640086,"XZCBTC":0.8557670234,"TNTETH":0.8434618025,"DGDBTC":0.8417037715,"LTCBTC":0.8401413036,"GVTBTC":0.8393440198,"VETETH":0.8390111633,"GRSBTC":0.8353747847,"ENJBTC":0.8340796694,"ONTUSDT":0.8291729738,"BATETH":0.8284752824,"ONGUSDT":0.8270869426,"QKCETH":0.8258819819,"CELRUSDT":0.821671857,"ZILETH":0.8194814452,"ONGBTC":0.8142780574,"ENJETH":0.8139400596,"TNTBTC":0.8093110973,"RLCBTC":0.8051540226,"ZRXBTC":0.7973348716,"ONTBTC":0.7936565821,"BQXBTC":0.7869804844,"ADXBTC":0.7837383089,"XLMETH":0.7829617987,"CMTBTC":0.7716553799,"WAVESUSDT":0.7713709304,"LTCTUSD":0.7700772147,"LTCUSDT":0.7666671635,"SKYBTC":0.7557673298,"MANAETH":0.7402797227,"RDNBTC":0.739436371,"ARNBTC":0.7391185496,"ZENBTC":0.7383565814,"IOTAUSDT":0.7314360401,"XRPUSDT":0.730178345,"TRXETH":0.7191014417,"CMTETH":0.7143713377,"ONEBNB":0.7132854245,"RENBTC":0.7101010749,"OMGUSDT":0.707964749,"FETBNB":0.7077202644,"CMTBNB":0.7000978445,"PIVXBTC":0.6987521844,"LTCBNB":0.6977660326,"NEBLBTC":0.68515407,"NASBTC":0.6849463916,"LINKETH":0.6796236123,"THETAUSDT":0.678292791,"LINKBTC":0.6590145094,"TUSDUSDT":0.65154457,"MITHUSDT":0.650420934,"BNBUSDT":0.6432752069,"ADAETH":0.6323997977,"XRPBTC":0.6289836549,"CELRBNB":0.6285251159,"LINKUSDT":0.6043603816,"TRXUSDT":0.6019450653,"WAVESETH":0.5925682984,"ZECETH":0.5917799279,"OAXBTC":0.5912185767,"STRATBTC":0.5910113526,"ADAUSDT":0.5827244943,"ETHPAX":0.5814087552,"FTMUSDT":0.5803688566,"WAVESBTC":0.5792315623,"FTMBNB":0.5784716136,"RENBNB":0.5764796907,"OMGBTC":0.5756382716,"VIABTC":0.5647992024,"EDOBTC":0.5585239656,"LINKPAX":0.5451274839,"XRPETH":0.5280578161,"LINKUSDC":0.5149117999,"BCDBTC":0.5028831831,"IOTAETH":0.4934788288,"CDTETH":0.4855258667,"XRPUSDC":0.4775826002,"LINKTUSD":0.4758534719,"TRXXRP":0.475349084,"XLMBNB":0.4371776767,"NULSUSDT":0.4354270979,"BRDBTC":0.4346341401,"MTLBTC":0.4295102909,"XRPTUSD":0.4284898538,"MCOBTC":0.4271160262,"ATOMUSDT":0.4177496735,"XLMBTC":0.398968065,"ELFBTC":0.3977538547,"USDSUSDT":0.3970530511,"XRPBNB":0.3968469087,"ADABTC":0.3709425938,"USDCUSDT":0.3596332645,"ADABNB":0.3429640406,"QTUMBTC":0.3400979064,"IOSTUSDT":0.3358979629,"GASBTC":0.3356110615,"ETCUSDT":0.3312579051,"ADAUSDC":0.3106145239,"USDCPAX":0.2983490479,"XEMBTC":0.2651549884,"ATOMBTC":0.2633964426,"LTCUSDC":0.26031986,"ICXUSDT":0.2117469885,"ETHUSDT":0.2091016253,"LTCPAX":0.208810531,"OMGETH":0.2008390859,"USDCTUSD":0.1929686059,"QTUMUSDT":0.1867945058,"ETCBTC":0.1631375689,"WANBTC":0.1453726649,"NXSBTC":0.1378626512,"RVNBNB":0.1366869979,"NULSBTC":0.1217742375,"ALGOUSDT":0.1204148425,"ETHBTC":0.1195904013,"AIONBTC":0.1195556567,"NAVBTC":0.1148025173,"BCHABCUSDT":0.1142563248,"PAXTUSD":0.107825587,"ADATUSD":0.1039875462,"ZECBTC":0.1033218336,"ZECUSDT":0.1013769429,"MDABTC":0.1010837433,"AEBTC":0.0983259689,"TRXBNB":0.0735908507,"BCHABCBTC":0.0664884843,"IOTABTC":0.0579638502,"STEEMBTC":0.0486323179,"HCBTC":0.0485936843,"NEOETH":0.0452096619,"DLTBTC":0.042855591,"APPCBTC":0.0217194661,"WABIBTC":0.0062486209,"WAVESTUSD":0.0052738923,"EOSUSDC":0.0003807632,"BNBBTC":-0.0002217738,"INSBTC":-0.0057691041,"NEOBNB":-0.0116342999,"EOSUSDT":-0.0118200282,"EOSBTC":-0.032128639,"PAXUSDT":-0.0359864668,"EOSPAX":-0.0830748332,"ATOMBNB":-0.0879663778,"BTGBTC":-0.0990950334,"ALGOBTC":-0.1393638003,"NCASHETH":-0.1428233301,"ETHUSDC":-0.1445040643,"THETABTC":-0.1641017943,"DASHBTC":-0.177653672,"NEOUSDT":-0.1790276372,"ICXETH":-0.1889495403,"EOSTUSD":-0.2076314529,"XMRUSDT":-0.2078839508,"ICXBTC":-0.2106688607,"DASHUSDT":-0.2178579883,"NEOBTC":-0.2258795483,"EOSETH":-0.2259370747,"ETHTUSD":-0.2299285316,"ENGBTC":-0.2384689464,"EOSBNB":-0.2432651467,"LUNBTC":-0.2619246234,"REPBTC":-0.2648280617,"BCHABCUSDC":-0.2727081523,"BNBETH":-0.2902929361,"DCRBTC":-0.2984066394,"XRPPAX":-0.3188816864,"BTCPAX":-0.33798184,"BTCUSDS":-0.3411688956,"BCHABCTUSD":-0.3872346483,"XMRETH":-0.3885035258,"KNCBTC":-0.4093350199,"XMRBTC":-0.4460839382,"BCHABCPAX":-0.4494347427,"LSKBTC":-0.4527417942,"ALGOBNB":-0.4962733873,"BNBTUSD":-0.5063501403,"BNBPAX":-0.5276515103,"BTCUSDT":-0.581011034,"BNBUSDC":-0.6141701006,"BTCUSDC":-0.6572080532,"NEOTUSD":-0.6687602652,"BTCTUSD":-0.6893218538},"startDate":"2019-06-30","endDate":"2019-07-07","numDays":7,