{"data":{"LINKUSDT":0.9839459423,"LINKBTC":0.983821562,"LINKETH":0.9827398888,"LINKTUSD":0.9777981737,"LINKUSDC":0.9745935491,"MTHETH":0.9736027391,"NAVBTC":0.959618218,"MTHBTC":0.9565873253,"EDOBTC":0.9500037263,"LSKBTC":0.9472229338,"STORJBTC":0.943134726,"STRATBTC":0.9308799361,"BRDBTC":0.9245454101,"NEBLBTC":0.9173052701,"QTUMUSDT":0.8939712624,"QTUMBTC":0.8863121781,"MITHUSDT":0.8844519359,"CMTETH":0.8657834115,"ENGBTC":0.8647476295,"ARKBTC":0.8539057196,"XZCBTC":0.8425083121,"IOSTUSDT":0.8338859384,"QTUMETH":0.8324249381,"MITHBNB":0.8146998505,"NXSBTC":0.801337343,"NULSUSDT":0.7853147222,"BCDBTC":0.7832773324,"VIABTC":0.77471192,"HCBTC":0.7744188098,"EVXBTC":0.7717033666,"RLCBTC":0.7635671506,"ELFBTC":0.745187341,"ENGETH":0.740525317,"BCPTBTC":0.7403626033,"GXSBTC":0.733575528,"ONTUSDT":0.7243035824,"DLTBTC":0.7189517062,"VIBEBTC":0.6929214923,"LUNBTC":0.684704767,"OAXBTC":0.6686142523,"ONTBTC":0.6626307968,"NASETH":0.6609612256,"RDNBTC":0.660211649,"NASBTC":0.6456028621,"GASBTC":0.6282750286,"LOOMBTC":0.6272654461,"TRXUSDC":0.6219629411,"GNTBTC":0.6146991926,"GXSETH":0.6087199798,"ZECBTC":0.6038445829,"NEOBTC":0.5998119462,"LTCUSDT":0.5925242413,"PPTBTC":0.5872576833,"ZECUSDT":0.585835995,"ZRXUSDT":0.5789967181,"LTCETH":0.5685740838,"NEOETH":0.5617481847,"LTCBTC":0.5384973912,"ZECTUSD":0.5257926513,"ATOMBTC":0.5219040253,"WABIBTC":0.5208725845,"NEOUSDT":0.5205646916,"BTCPAX":0.514237406,"AEBTC":0.5073521649,"MCOBTC":0.5064631701,"APPCBTC":0.5026463037,"LTCPAX":0.4979874376,"BTTUSDT":0.4740648731,"DASHUSDT":0.4739644671,"KNCBTC":0.4731523506,"DASHBTC":0.4598765243,"BCHABCUSDT":0.4547267666,"PIVXBTC":0.4506228405,"NULSBNB":0.4413180288,"ZRXBTC":0.4409778655,"BTCUSDT":0.4363381655,"BCHABCBTC":0.4322936399,"NULSBTC":0.4236897499,"ARNBTC":0.419815143,"LTCBNB":0.4099817387,"STEEMBTC":0.4033409014,"ATOMUSDT":0.3994030785,"GVTBTC":0.3969617022,"FETBTC":0.396649954,"BTCTUSD":0.3928361477,"NANOBTC":0.3923585124,"NEOTUSD":0.3879283752,"BTCUSDC":0.3854515701,"INSBTC":0.3847014125,"BNTBTC":0.3816692782,"MDABTC":0.3772154724,"ARDRBTC":0.3668639511,"XRPETH":0.3665693512,"GRSBTC":0.3649528736,"REPBTC":0.3605243396,"BTCUSDS":0.3587809484,"MATICUSDT":0.3581405406,"MTLBTC":0.33704091,"ZILUSDT":0.3315312791,"CELRUSDT":0.3283476766,"EOSUSDT":0.3259125778,"ETHBTC":0.3246309217,"BTGBTC":0.3196358923,"FETUSDT":0.3135703152,"POWRBTC":0.3116487853,"ADAUSDC":0.310658047,"ADABNB":0.3010566575,"ETCBTC":0.2950636515,"ETCUSDT":0.2918379421,"ADAUSDT":0.2873289328,"LTCUSDC":0.2869134157,"EOSUSDC":0.2822725367,"EOSBTC":0.2815174053,"ENJUSDT":0.2765100843,"XLMUSDT":0.2733400729,"ZECETH":0.271144578,"FETBNB":0.2680943971,"ADXBTC":0.2638785568,"ZENBTC":0.2628965249,"BCHABCTUSD":0.2545534854,"XRPUSDT":0.2537514556,"RENBTC":0.2495439949,"ZILETH":0.2464291604,"XRPTUSD":0.2457497918,"ICXETH":0.2445877145,"SYSBTC":0.2394803243,"ENJBTC":0.2390829316,"BCHABCUSDC":0.2343903117,"BCHABCPAX":0.2324434424,"ONEUSDT":0.2290259025,"LTCTUSD":0.2285441858,"IOTAUSDT":0.2278484624,"OMGBTC":0.2248826635,"EOSPAX":0.2224522423,"USDCTUSD":0.2199334718,"WAVESBTC":0.2162684734,"ADAETH":0.2081636837,"ONGBTC":0.207393933,"ETHTUSD":0.201803899,"ADABTC":0.1965246507,"NANOUSDT":0.1897497326,"ETHUSDT":0.1863748698,"OMGUSDT":0.1781139544,"BQXBTC":0.1773168042,"FUELETH":0.176927277,"NEOBNB":0.1672327424,"WTCBTC":0.1664235524,"XRPBTC":0.1602509025,"THETABTC":0.1576704309,"WAVESUSDT":0.1503119531,"POLYBTC":0.1494472222,"XRPUSDC":0.1386553169,"EOSETH":0.1354185929,"ICXBTC":0.1291817637,"TRXUSDT":0.1268744584,"TRXTUSD":0.1197252354,"BATBTC":0.1162332846,"THETAETH":0.1029247985,"RVNBTC":0.1002905127,"WAVESETH":0.0893277501,"ZILBNB":0.0714258216,"XMRBTC":0.0704597639,"ADATUSD":0.0596864267,"THETAUSDT":0.0589214483,"BTTBNB":0.0562345563,"IOTABTC":0.0541706473,"ETHUSDC":0.0472880041,"MATICBNB":0.0438720657,"USDCPAX":0.0237758836,"CELRBNB":0.0195668202,"TRXXRP":0.0188622957,"XMRUSDT":0.0166481419,"ATOMBNB":0.0113149945,"HOTUSDT":0.0106628851,"IOTABNB":-0.0003577229,"KMDBTC":-0.0263445434,"XRPPAX":-0.0278658162,"ETHPAX":-0.0355809753,"HOTETH":-0.0536798269,"WANBTC":-0.0600746289,"MFTETH":-0.0683064666,"PAXTUSD":-0.0788157872,"TRXETH":-0.0850417749,"ONEBNB":-0.0957437714,"HOTBNB":-0.0973393837,"XRPBNB":-0.1156889345,"BATUSDT":-0.118117877,"EOSTUSD":-0.1241502509,"VETUSDT":-0.1248590006,"USDSUSDC":-0.1358826619,"OMGETH":-0.1396107831,"ICXUSDT":-0.1528033056,"VETETH":-0.1611870904,"EOSBNB":-0.1797396282,"BNBBTC":-0.2031282355,"TRXBNB":-0.2056781797,"AIONBTC":-0.216804629,"VETBNB":-0.235114498,"DGDBTC":-0.243746416,"SKYBTC":-0.2780701008,"RVNBNB":-0.294910094,"WAVESTUSD":-0.2970388485,"BNBUSDC":-0.3070608538,"BNBTUSD":-0.3111302387,"USDCUSDT":-0.3177302345,"TFUELUSDT":-0.3204550577,"BATETH":-0.3237500758,"BNBUSDT":-0.3359235705,"TUSDUSDT":-0.3742131089,"PAXUSDT":-0.4057113051,"BNBPAX":-0.4190465139,"BNBETH":-0.4845898632,"DCRBTC":-0.9071486158},"startDate":"2019-06-10","endDate":"2019-06-17","numDays":7,