{"data":{"PHXETH":0.8838246088,"BNBUSDT":0.8800002786,"RLCBTC":0.8768749888,"TRXBTC":0.8710830214,"PPTBTC":0.859475207,"REPBTC":0.8582222487,"LINKBTC":0.857507082,"TRXUSDT":0.8414816188,"QTUMBTC":0.8385231085,"TRXXRP":0.8361797156,"TRXBNB":0.8301710035,"APPCBTC":0.8287465952,"DLTBTC":0.8232283298,"DLTETH":0.8164506673,"SYSBTC":0.8061659395,"BNBBTC":0.8054454339,"TRXETH":0.803910943,"PIVXBTC":0.7881928524,"QTUMUSDT":0.7821567689,"HCBTC":0.7461643496,"VIBEETH":0.7429344483,"AEBTC":0.7364053076,"BNBUSDC":0.7335722951,"WABIBTC":0.7244960383,"REPETH":0.7242813876,"NEOETH":0.72365154,"INSBTC":0.7043976732,"HCETH":0.6878166667,"TRXTUSD":0.6811101635,"ZILETH":0.6784662666,"NEOBNB":0.6528380154,"NEOBTC":0.6482924639,"OAXBTC":0.6461457064,"NEOTUSD":0.6406537437,"WINGSBTC":0.6374713103,"ZENBTC":0.6320975794,"LINKETH":0.631393024,"QKCETH":0.6248549926,"VIBEBTC":0.6199659383,"NEOUSDT":0.6168472099,"POLYBTC":0.6004479216,"WTCBTC":0.5954489291,"QKCBTC":0.5871887119,"GASBTC":0.5765774477,"STEEMBTC":0.5675471706,"EOSUSDC":0.5625530766,"MDABTC":0.5608903745,"XZCBTC":0.5495044682,"SALTBTC":0.5298162178,"ONTBTC":0.5139805432,"BCHSVBTC":0.4986719407,"RDNBTC":0.4821609445,"BQXBTC":0.4796674666,"STORJBTC":0.4640783293,"LTCBNB":0.4450305841,"BCHSVUSDT":0.4433035028,"BNBPAX":0.432397518,"ENGBTC":0.4144813518,"ONTUSDT":0.4122426869,"STRATBTC":0.4115982606,"AEETH":0.4077559832,"XVGETH":0.4050595003,"ARNBTC":0.3959497222,"VETETH":0.388176596,"DOCKETH":0.3864505079,"POWRBTC":0.3800089116,"NXSBTC":0.3778898391,"XEMETH":0.3684431833,"BNBETH":0.3601730088,"ADABNB":0.3579802605,"CLOAKBTC":0.3462914679,"TUSDUSDT":0.3459866917,"EOSBNB":0.3410538026,"QTUMETH":0.3234755446,"GTOETH":0.321130116,"AMBBTC":0.3138973589,"ONTETH":0.3097617726,"ZECBTC":0.3091419139,"MTLBTC":0.3018973846,"NASBTC":0.3005745598,"GVTBTC":0.2979739625,"BTGBTC":0.292032446,"MODBTC":0.2787236201,"VETUSDT":0.271543076,"XLMTUSD":0.2694261752,"ZECETH":0.2568882916,"EVXBTC":0.2269147177,"SNTETH":0.2231775972,"ADXBTC":0.2195307126,"NANOBTC":0.208353917,"ARNETH":0.1826899224,"NULSBTC":0.1777604387,"TUSDBTC":0.1623068291,"EVXETH":0.1527848789,"XLMBTC":0.1387302851,"XMRBTC":0.1341552348,"XRPBNB":0.1242658871,"EOSTUSD":0.123059761,"KNCBTC":0.1189501884,"XLMUSDC":0.1114913564,"WAVESBTC":0.1022431211,"DASHBTC":0.0821458047,"TUSDETH":0.0789862956,"USDCUSDT":0.0784894859,"EOSPAX":0.0719165315,"XRPPAX":0.0712818067,"LUNBTC":0.0666861324,"ELFBTC":0.0499928532,"SKYBTC":0.0470807017,"STRATETH":0.042379662,"WAVESETH":0.0193183593,"XLMUSDT":0.0133061793,"XRPTUSD":0.0033632073,"NANOETH":-0.00839645,"LTCETH":-0.0180448727,"ETCBTC":-0.0206831347,"PAXUSDT":-0.0270860806,"XLMETH":-0.0393100379,"BCDBTC":-0.0401501707,"MCOBTC":-0.0605592339,"BATBTC":-0.0768660435,"TUSDBNB":-0.0774665486,"ADABTC":-0.078463951,"LTCUSDT":-0.0802341929,"EOSETH":-0.0849501397,"NULSUSDT":-0.0986109313,"ETCUSDT":-0.1038499603,"ICXUSDT":-0.1070669195,"ADAETH":-0.117946103,"DASHETH":-0.1199443353,"EOSBTC":-0.1301574851,"LTCBTC":-0.1365282027,"XMRETH":-0.1546013623,"BATETH":-0.1608246829,"ETCETH":-0.1674842764,"ZRXETH":-0.1687189001,"ICXETH":-0.1772607223,"EOSUSDT":-0.1825585479,"OMGETH":-0.1906619802,"BCHABCBTC":-0.1942999886,"XRPETH":-0.2007395547,"ICXBTC":-0.2022145256,"XRPUSDC":-0.2050874518,"XRPUSDT":-0.2059233455,"IOSTETH":-0.2090836005,"XRPBTC":-0.2100633414,"XLMPAX":-0.2248900131,"BTCPAX":-0.2333190391,"AIONBTC":-0.2485297074,"BCHABCUSDT":-0.2688371869,"ADAUSDT":-0.280173095,"ADATUSD":-0.3455295265,"BTCUSDT":-0.3573738306,"OMGBTC":-0.3581446843,"BTCUSDC":-0.3657558827,"NEBLBTC":-0.3675851088,"DCRBTC":-0.3683606175,"KMDBTC":-0.3908768879,"ZRXBTC":-0.3985172461,"ETHBTC":-0.4060357594,"LSKBTC":-0.4431649742,"IOTABTC":-0.5213977694,"IOTAETH":-0.5309784719,"ARKBTC":-0.5325133385,"ETHUSDT":-0.5676500688,"WANBTC":-0.5999786362,"ETHPAX":-0.6089188209,"IOTAUSDT":-0.6325836042,"ETHUSDC":-0.6416663025},"startDate":"2019-01-07","endDate":"2019-01-16","numDays":7,"excludedPairs":["FUELBTC","XEMBTC","NCASHBNB","BLZBTC","NASBNB","CHATETH","RLCETH","MTHETH","REQBTC","BTGETH","POEETH","PAXTUSD","VIBETH","MITHBNB","POLYBNB","XVGBTC","BATBNB","VIABTC","BTSBTC","DENTETH","DNTETH","TRIGETH","HSRBTC","SNTBTC","PIVXBNB","VIABNB","BLZBNB","LSKBNB","MTHBTC","SNGLSETH","KNCETH","MDAETH","VENETH","PHXBNB","BRDBTC","MANAETH","NPXSBTC","BTSETH","DOCKBTC","BCNBTC","QLCBTC","RCNBNB","APPCBNB","AIONETH","IOTXETH","USDCBNB","MFTETH","PAXBTC","SCETH","BRDBNB","BCNBNB","RPXBNB","ASTETH","QSPETH","THETAETH","ZILBNB","VENBNB","IOTXBTC","SALTETH","STEEMBNB","MTLETH","CDTETH","ZENETH","ENJBNB","RCNBTC","GNTBTC","ARKETH","CNDBNB","ELFETH","POABTC","USDCBTC","SKYETH","ICNBTC","YOYOETH","CMTETH","STORMETH","ICXBNB","NASETH","FUELETH","QLCBNB","PHXBTC","CDTBTC","TNBETH","WABIBNB","OSTBNB","XLMBNB","QSPBNB","WTCBNB","BLZETH","CVCBNB","PPTETH","WTCETH","ENGETH","MCOETH","STORJETH","AIONBNB","PAXBNB","CNDBTC","SUBETH","WABIETH","BCPTBNB","MCOBNB","LSKETH","GTOBTC","RDNETH","WANBNB","DCRBNB","POABNB","LRCETH","EDOETH","ARDRBNB","MANABTC","NCASHBTC","USDCTUSD","ENJBTC","SCBNB","ONTBNB","XZCETH","BCCBTC","RPXETH","BCNETH","SNMBTC","BCCBNB","HOTETH","TNBBTC","QLCETH","ICNETH","MITHBTC","LRCBTC","CMTBTC","BNTBTC","RVNBNB","ZENBNB","RENBNB","CHATBTC","OSTETH","RENBTC","ZILBTC","BQXETH","YOYOBNB","CVCETH","FUNETH","RVNBTC","STORMBTC","INSETH","NEBLETH","SNGLSBTC","SUBBTC","RPXBTC","APPCETH","VETBNB","AMBBNB","CNDETH","MODETH","NCASHETH","SNMETH","BCCETH","GVTETH","IOTABNB","GXSETH","FUNBTC","LENDBTC","GRSETH","RDNBNB","LOOMETH","WPRBTC","VIAETH","WANETH","NAVETH","CVCBTC","GOBNB","MFTBTC","RCNETH","CLOAKETH","ADXETH","XZCXRP","OSTBTC","GRSBTC","LOOMBTC","USDCPAX","XZCBNB","CMTBNB","NPXSETH","STORMBNB","WINGSETH","NXSBNB","DGDETH","BCDETH","NULSETH","VENUSDT","POWRETH","RLCBNB","VIBBTC","STEEMETH","POAETH","GNTETH","BTSBNB","NULSBNB","TRIGBNB","POWRBNB","SCBTC","IOSTBTC","TNTETH","ENJETH","ADXBNB","GXSBTC","POEBTC","LUNETH","NEBLBNB","WPRETH","AEBNB","KEYETH","SKYBNB","AGIETH","QTUMBNB","ETCBNB","DNTBTC","TNTBTC","THETABTC","BRDETH","DATAETH","YOYOBTC","AMBETH","AGIBTC","KEYBTC","DLTBNB","LENDETH","REPBNB","GOBTC","XEMBNB","QSPBTC","GTOBNB","VETBTC","VENBTC","HOTBTC","BCCUSDT","NXSETH","PIVXETH","ARDRETH","NAVBTC","ARDRBTC","NANOBNB","PAXETH","REQETH","HSRETH","BCPTBTC","THETABNB","AGIBNB","SYSETH","NAVBNB","SYSBNB","WAVESBNB","OAXETH","DENTBTC","TRIGBTC","BNTETH","DGDBTC","EDOBTC","GNTBNB","MFTBNB","BCPTETH","DATABTC","LOOMBNB","KMDETH","ASTBTC"]}