{"data":{"OAXBTC":0.9600153699,"LRCBTC":0.9407261408,"NEBLBTC":0.9187003224,"NANOUSDT":0.8735397092,"NANOBTC":0.8696618418,"NANOETH":0.8383000818,"TNBETH":0.8323280201,"REPBTC":0.8148285894,"VIBBTC":0.802676688,"XVGETH":0.8015986939,"STRATBTC":0.7190597076,"ICXBTC":0.7061367221,"ENJBNB":0.7035613579,"AEBTC":0.7030711246,"ICXETH":0.6707464256,"ETCUSDT":0.6537874686,"TRXTUSD":0.6509525866,"TRXBNB":0.6480061686,"EOSBNB":0.6383294812,"ZENBTC":0.637243184,"TRXUSDT":0.6337029198,"ENJETH":0.6318090544,"ENJBTC":0.6276454807,"VIABTC":0.627408084,"QLCBTC":0.6256105597,"EOSETH":0.6137856242,"ZILBTC":0.6057479262,"ETHTUSD":0.6042699638,"ETCBNB":0.6030523341,"GRSBTC":0.6012966958,"ETCBTC":0.5916510712,"TRXETH":0.5803362038,"THETAETH":0.5780212569,"RLCBTC":0.5766108716,"THETABTC":0.5751323632,"MITHBTC":0.5686480252,"CMTBTC":0.5597554314,"EOSPAX":0.5586433194,"EOSBTC":0.5582193274,"WTCBTC":0.5575360645,"ETHPAX":0.5533541688,"BCHABCTUSD":0.5488071677,"BNBUSDT":0.5448512561,"ETHBTC":0.5392935505,"BLZBTC":0.5375100988,"ETCETH":0.5297064987,"EOSUSDT":0.5231943405,"LUNBTC":0.514498116,"GOBTC":0.5138015057,"LINKETH":0.5132088161,"LSKBTC":0.5095691341,"LTCETH":0.4978756257,"QTUMBTC":0.4810519249,"MCOBTC":0.4748546847,"ZILETH":0.4710054146,"ARNBTC":0.4654773082,"IOSTBNB":0.458972719,"ICXUSDT":0.4527953672,"INSBTC":0.448348481,"APPCBTC":0.4408791906,"BCHSVBTC":0.4311948513,"ETHUSDC":0.4191913983,"BTGBTC":0.4184763116,"VETETH":0.4156407188,"EOSTUSD":0.3941636626,"LTCUSDC":0.3899869986,"IOSTUSDT":0.3866546888,"QTUMUSDT":0.3846686214,"EVXBTC":0.3820735995,"ZILUSDT":0.369586228,"VETBNB":0.3570543706,"BNBBTC":0.3553650851,"BTCPAX":0.3491212894,"HOTUSDT":0.3397986475,"ETHUSDT":0.3372166664,"EOSUSDC":0.3313511994,"BNTBTC":0.327944978,"MANABTC":0.3234244338,"USDCTUSD":0.3230249575,"FUELETH":0.3229155101,"XRPBNB":0.3211775169,"STEEMBTC":0.3200657244,"RVNBNB":0.3069113614,"GASBTC":0.3001839089,"ZECUSDT":0.2990536424,"ELFBTC":0.296763405,"FETBNB":0.2947707622,"BCDBTC":0.2937847426,"ADXBTC":0.2928792707,"XRPUSDT":0.287144615,"BATBTC":0.2751736351,"LTCUSDT":0.2641969124,"NEOUSDT":0.2607778686,"WABIBTC":0.2600219797,"FETUSDT":0.2475269794,"BCHSVUSDT":0.2468497786,"BCHABCUSDT":0.2457811798,"LTCBNB":0.2407479322,"EVXETH":0.2400639614,"RVNBTC":0.2338935807,"XLMBNB":0.2284277345,"BTCTUSD":0.2259591207,"XLMUSDT":0.2205820158,"IOTAETH":0.2179596499,"IOTAUSDT":0.2131716026,"POLYBTC":0.2081122037,"EDOBTC":0.1989633305,"LOOMBTC":0.1965717526,"HCBTC":0.1963252191,"ONTBNB":0.1943146628,"XLMETH":0.1902350645,"PIVXBTC":0.1895987424,"XRPETH":0.1820830772,"XZCBTC":0.1755694223,"NEOBTC":0.1667050836,"NEOETH":0.1571362865,"XRPBTC":0.1569384378,"LTCBTC":0.1441118769,"XLMBTC":0.1419165016,"LTCTUSD":0.1412838172,"BATUSDT":0.1356242108,"BCHABCBTC":0.1337930319,"NASBTC":0.1099849792,"OMGBTC":0.0966792548,"NEOBNB":0.0862529014,"IOTABTC":0.0749878258,"ENGBTC":0.0654941539,"ONTBTC":0.0585346381,"XRPPAX":0.0536679944,"MTLBTC":0.0511839105,"TRXXRP":0.0369135003,"BCHABCPAX":0.036761971,"BTCUSDT":0.0345269322,"XRPTUSD":0.0287738943,"AIONBTC":0.0255352566,"ARKBTC":0.0227089664,"OMGUSDT":0.0163859066,"TUSDUSDT":0.0118825882,"ONGBTC":0.0031547978,"ONTUSDT":0.0009876244,"USDCUSDT":-0.0010124716,"ADABNB":-0.0055849151,"CVCBTC":-0.0150396784,"BRDBTC":-0.0389496723,"IOSTETH":-0.052908884,"CELRUSDT":-0.0547564662,"ONTETH":-0.0562435192,"STORJBTC":-0.0598616182,"NULSBTC":-0.0617368652,"FETBTC":-0.0622996708,"XRPUSDC":-0.06659395,"VETUSDT":-0.0766055586,"LINKBTC":-0.0967652973,"BTCUSDC":-0.1103796835,"SYSBTC":-0.1165296488,"OMGETH":-0.1167400761,"BTTBNB":-0.1175058256,"ADAETH":-0.134495811,"DCRBTC":-0.1538230469,"XMRUSDT":-0.1610024196,"RDNBTC":-0.1685300113,"ADATUSD":-0.1814106578,"CELRBNB":-0.1829063064,"BNBETH":-0.1849896192,"GXSBTC":-0.201741269,"ZRXBTC":-0.212192379,"BCHABCUSDC":-0.2260772628,"BTSBTC":-0.2539670475,"USDCPAX":-0.2631332275,"DLTBTC":-0.2700757916,"PPTBTC":-0.2743333578,"GNTBTC":-0.2867712388,"ADAUSDT":-0.2894037943,"ONGUSDT":-0.2895237137,"ASTBTC":-0.294401955,"KNCBTC":-0.298849775,"PAXUSDT":-0.3113332983,"DGDBTC":-0.3119733818,"BCHSVTUSD":-0.3394544662,"BNBUSDC":-0.3583783445,"USDSPAX":-0.3723721793,"ZRXUSDT":-0.3799239473,"LINKUSDT":-0.3805755342,"AMBBTC":-0.4223078718,"ADABTC":-0.4366993228,"ZECBTC":-0.4648750058,"DASHUSDT":-0.4685115364,"MDABTC":-0.4711518298,"WAVESBTC":-0.4822122071,"SKYBTC":-0.548310793,"WAVESUSDT":-0.5521913701,"GVTBTC":-0.5547982493,"DASHBTC":-0.5603884813,"WANBTC":-0.589839645,"LTCPAX":-0.5970388995,"QKCETH":-0.6017615664,"BQXBTC":-0.610527488,"XMRBTC":-0.6107877136,"AGIBTC":-0.6329500005,"POWRBTC":-0.637105567,"NXSBTC":-0.644695033,"NULSUSDT":-0.6700133302,"KMDBTC":-0.6879715861,"WAVESETH":-0.6999634279,"BTTUSDT":-0.7002147061,"BNBTUSD":-0.7253037561,"VIBEBTC":-0.8039045739,"QKCBTC":-0.841945201},"startDate":"2019-04-05","endDate":"2019-04-12","numDays":7,"excludedPairs":["BCPTETH","CHATBTC","REQETH","REPETH","RDNETH","STEEMETH","ARDRBNB","DNTBTC","HSRBTC","OSTBTC","WAVESUSDC","DLTETH","BCDETH","QSPETH","DASHETH","VIAETH","MDAETH","SALTETH","VIBETH","TNBBTC","BTTPAX","NAVETH","MTHBTC","IOTXETH","ICNBTC","LRCETH","ADAPAX","RLCBNB","LSKETH","CVCETH","ICXBNB","RCNBTC","PAXETH","TRIGBTC","BCNETH","CELRBTC","WANBNB","DASHBNB","NAVBTC","APPCBNB","POWRETH","ARDRBTC","BQXETH","FUNBTC","WTCBNB","XZCXRP","NASETH","BNBUSDS","POABTC","MFTBNB","TNTBTC","ZECUSDC","WANETH","ELFETH","STORMBTC","THETAUSDT","YOYOBTC","BCNBTC","USDSUSDT","SUBBTC","USDCBTC","XLMTUSD","QTUMETH","MANAETH","POAETH","CMTBNB","MCOETH","NXSETH","HSRETH","IOSTBTC","BATETH","SNGLSETH","PHXBNB","BCCBTC","YOYOETH","CLOAKBTC","SNGLSBTC","RENBNB","PAXBTC","SNTETH","XVGBTC","LOOMETH","LOOMBNB","AMBBNB","ZRXBNB","BRDETH","CHATETH","WINGSBTC","XLMPAX","GTOETH","ZRXETH","ADAUSDC","DGDETH","ZECETH","LINKUSDC","KEYETH","ZILBNB","OMGBNB","NULSBNB","SCETH","POEETH","ARNETH","DOCKBTC","MTLETH","RDNBNB","GNTBNB","NXSBNB","TUSDBTC","CDTBTC","VENETH","XZCBNB","MFTETH","ARDRETH","BCCETH","MCOBNB","CLOAKETH","CDTETH","NEOTUSD","BCPTBNB","POLYBNB","BCHSVUSDC","NCASHBTC","AIONETH","XLMUSDC","KNCETH","QLCBNB","THETABNB","TRIGETH","SNTBTC","VETBTC","ZECPAX","VENBTC","LSKBNB","VENUSDT","HOTBNB","NULSETH","WAVESTUSD","NEBLETH","GNTETH","BTTTUSD","AEBNB","USDSTUSD","NCASHETH","POWRBNB","NASBNB","RLCETH","SYSBNB","PPTETH","NEOUSDC","OAXETH","WAVESPAX","OSTETH","BTTBTC","POEBTC","CNDETH","BATBNB","REPBNB","MODETH","ENGETH","SKYETH","DENTBTC","CMTETH","STORMETH","RCNBNB","BNTETH","NCASHBNB","BTGETH","VIABNB","TRIGBNB","XMRETH","APPCETH","SALTBTC","BLZBNB","DOCKETH","BCPTBTC","SNMBTC","TRXUSDC","TRXPAX","SCBTC","SCBNB","RPXETH","WAVESBNB","TNTETH","BCHSVPAX","BTSETH","AEETH","WPRETH","QTUMBNB","STORMBNB","XEMETH","QLCETH","AGIETH","SYSETH","CNDBNB","POABNB","RPXBNB","NPXSBTC","LINKPAX","HOTBTC","ADXETH","ICNETH","BLZETH","HOTETH","PHXBTC","OSTBNB","STORJETH","TUSDBNB","YOYOBNB","PAXTUSD","CNDBTC","MITHBNB","LUNETH","RENBTC","ASTETH","ZECBNB","WPRBTC","VENBNB","PIVXBNB","IOTXBTC","USDSUSDC","BCNBNB","BTCUSDS","SKYBNB","XEMBTC","DATABTC","QSPBNB","DATAETH","NPXSETH","NEOPAX","GTOBTC","STRATETH","HCETH","ONGBNB","PAXBNB","DNTETH","ZENETH","BCCBNB","BTSBNB","XZCETH","ADXBNB","NAVBNB","BTTUSDC","MFTBTC","QSPBTC","CVCBNB","BNBPAX","DLTBNB","PIVXETH","LENDETH","LENDBTC","DCRBNB","BCCUSDT","DENTETH","GRSETH","MTHETH","WABIBNB","TUSDETH","AIONBNB","NEBLBNB","INSETH","VIBEETH","WABIETH","RPXBTC","FUELBTC","FUNETH","WINGSETH","LINKTUSD","WTCETH","PHXETH","STEEMBNB","RCNETH","KEYBTC","SNMETH","TRXBTC","IOTABNB","NANOBNB","XEMBNB","XMRBNB","ZENBNB","GXSETH","GOBNB","GTOBNB","EDOETH","USDCBNB","REQBTC","GVTETH","MODBTC","SUBETH","KMDETH","ZECTUSD","BRDBNB","AGIBNB","ARKETH","AMBETH"]}