{"data":{"SKYBNB":0.9723849925,"ZRXUSDT":0.9624006562,"NAVBTC":0.9605209633,"XLMUSDC":0.9558976651,"XLMBTC":0.9532534463,"XVGETH":0.9520014821,"SKYBTC":0.9510927938,"ZRXBTC":0.9507435496,"XLMUSDT":0.9465832552,"RVNBTC":0.9377992364,"XLMTUSD":0.9337275304,"IOTABTC":0.9332638595,"OMGBTC":0.9319251867,"XEMBTC":0.9305679798,"XLMETH":0.9260471975,"LOOMBTC":0.9247252363,"OMGUSDT":0.9244776582,"LSKBTC":0.9237990637,"BNBETH":0.9231615871,"HOTUSDT":0.9224430154,"OAXBTC":0.9215904698,"GNTBTC":0.918975037,"BTTBNB":0.9188234512,"FUELETH":0.9180968949,"ZILUSDT":0.9175356208,"DASHETH":0.9154286395,"VETBNB":0.9130436073,"VETUSDT":0.9073000735,"XRPETH":0.9045934452,"POLYBTC":0.9042611667,"NEOBTC":0.9036866291,"ETHBTC":0.9031447439,"ONGUSDT":0.902270415,"BLZBTC":0.9011365598,"IOTAUSDT":0.9010515275,"NEOBNB":0.9001735662,"ETCBTC":0.8992935464,"BTTUSDT":0.8964776196,"MATICUSDT":0.8956689856,"NEOUSDT":0.8942289709,"RVNBNB":0.8941322845,"ZILETH":0.8941133198,"XLMBNB":0.8936603853,"ONGBTC":0.8936296064,"QTUMBTC":0.8918941156,"XZCBTC":0.8914184859,"XLMPAX":0.8910287455,"QTUMUSDT":0.8900126613,"DASHUSDT":0.8894014194,"ICXBTC":0.8887483138,"THETAUSDT":0.8879693281,"POWRBTC":0.8859081119,"ENGBTC":0.8856044473,"ICXETH":0.8840955546,"NEOETH":0.8836508783,"ZECBTC":0.8832615543,"THETABTC":0.8826981234,"LTCPAX":0.8813201198,"NASBTC":0.8706296934,"ZECUSDT":0.8701431569,"OMGETH":0.868555147,"ETHUSDT":0.8663626435,"VETETH":0.8662535456,"LINKETH":0.8644454695,"BNBUSDC":0.8633448584,"DASHBTC":0.8615172618,"TRXBNB":0.8607554839,"EOSUSDC":0.8580948526,"XRPBTC":0.8552913306,"ONTBNB":0.8548210032,"STEEMBTC":0.8528963292,"GRSBTC":0.8528762349,"ELFBTC":0.8519108243,"TRXTUSD":0.8516930369,"ONTBTC":0.8515942439,"ADABNB":0.8509218177,"ICXUSDT":0.847058805,"BNBUSDT":0.8460266863,"NANOETH":0.8456188763,"GASBTC":0.845056002,"XRPPAX":0.8448489739,"LINKUSDT":0.8432932351,"IOTABNB":0.8421369452,"FETBTC":0.8420279479,"MTLBTC":0.8407591159,"XRPTUSD":0.8345733417,"XRPUSDT":0.8339684568,"ETHTUSD":0.8336589688,"APPCBTC":0.8334774568,"LTCETH":0.8332138979,"REPBTC":0.8313487629,"ADAETH":0.830551446,"HCBTC":0.8301605771,"WANBTC":0.8281670244,"TRXUSDC":0.8264686008,"ETCUSDT":0.8213935777,"NANOBTC":0.8209065919,"ADABTC":0.8198743368,"ONTETH":0.8192992012,"IOTAETH":0.8191453499,"WAVESUSDT":0.8186905939,"LUNBTC":0.8183518645,"LINKBTC":0.8150994667,"ADAUSDT":0.8130102559,"EOSETH":0.8108958257,"LTCBTC":0.8070233993,"XMRBTC":0.8046431403,"ETHPAX":0.8036248017,"ETHUSDC":0.8032692444,"KNCBTC":0.8014312517,"LTCUSDC":0.8005736901,"BNBPAX":0.7974962163,"CVCBTC":0.7969007351,"ADXBTC":0.794539909,"ATOMUSDT":0.7941442068,"TRXUSDT":0.7934452759,"TRXXRP":0.7933958964,"NULSUSDT":0.7913058109,"XRPUSDC":0.791277566,"XRPBNB":0.790474833,"MATICBNB":0.7866300662,"MCOBTC":0.7847569662,"LRCBTC":0.7802982259,"NANOUSDT":0.7779576555,"MITHUSDT":0.7746336121,"ADAUSDC":0.7705188442,"EOSBNB":0.7696099412,"BNBTUSD":0.7671940589,"TRXETH":0.7607357684,"DCRBTC":0.759229309,"BTGBTC":0.756595996,"LTCUSDT":0.7520870888,"NANOBNB":0.7519882943,"GXSBTC":0.744944469,"ARKBTC":0.743512122,"EOSBTC":0.7395759134,"GVTBTC":0.7368675688,"CELRBNB":0.7338757668,"XMRUSDT":0.7193945892,"BCDBTC":0.7159638692,"BCHABCUSDC":0.7128006907,"ADAPAX":0.7103882919,"WAVESETH":0.7096828284,"BNBBTC":0.7070664642,"KMDBTC":0.702136923,"NULSBTC":0.6831193268,"EOSUSDT":0.675420464,"NEOTUSD":0.668926204,"NXSBTC":0.6664703066,"LTCBNB":0.6654511379,"BRDBTC":0.6518825683,"ONTUSDT":0.6506651982,"MDABTC":0.6431422562,"RLCBTC":0.6429352974,"BCHABCUSDT":0.6371665655,"STRATBTC":0.6355287477,"LTCTUSD":0.6318187421,"BCHABCBTC":0.6280214768,"AIONBTC":0.615069212,"INSBTC":0.6121350956,"ARNBTC":0.6109987963,"ENJBTC":0.5943348506,"EVXBTC":0.593579524,"EOSPAX":0.5899361853,"STORJBTC":0.5784091766,"BCHABCTUSD":0.5782689058,"PPTBTC":0.57275983,"IOSTETH":0.568207096,"BTCPAX":0.5603245906,"ADATUSD":0.5590674998,"ATOMBTC":0.5575231407,"RDNBTC":0.5565796632,"AEBTC":0.5555517474,"BQXBTC":0.5518029509,"BCPTBTC":0.5418011642,"BTCTUSD":0.5244351776,"ENJUSDT":0.5160162703,"BTCUSDT":0.5109351928,"WTCBTC":0.5085191996,"BTCUSDC":0.499539859,"EOSTUSD":0.4895831183,"WABIBTC":0.4692097884,"FETUSDT":0.454850717,"BCHABCPAX":0.4540424651,"CELRUSDT":0.4520587811,"USDSPAX":0.4148714776,"ENJETH":0.3269742768,"ENJBNB":0.2743076843,"SYSBTC":0.2603299679,"IOSTUSDT":0.2306601925,"VIABTC":0.0782441291,"BATUSDT":0.0700036949,"WAVESBTC":0.0145145233,"BTCUSDS":-0.0531398474,"DLTBTC":-0.1473035377,"PAXTUSD":-0.1611550509,"PAXUSDT":-0.1645536136,"ATOMBNB":-0.1710024669,"BATBTC":-0.171148753,"USDCTUSD":-0.1783915219,"DGDBTC":-0.2054876553,"BATETH":-0.2057306799,"USDCPAX":-0.2938590658,"TUSDUSDT":-0.2940230539,"USDSUSDT":-0.3044179696,"USDCUSDT":-0.3712779551,"ZENBTC":-0.3777163817,"BATBNB":-0.3918685534},"startDate":"2019-05-10","endDate":"2019-05-17","numDays":7,"excludedPairs":["POEETH","QSPETH","KMDETH","PIVXBTC","ZRXETH","BCCBTC","RPXBTC","NASETH","HSRBTC","MTHBTC","PAXBNB","BNBUSDS","ZECPAX","ETCUSDC","BTSBNB","SUBBTC","NAVBNB","USDCBTC","SYSETH","QSPBNB","BRDBNB","NEBLBNB","ATOMPAX","WINGSBTC","OAXETH","RCNBTC","MODETH","SNMETH","SCBTC","GNTBNB","RDNETH","HSRETH","YOYOBTC","KEYETH","RLCETH","AIONBNB","IOTXETH","PAXETH","WAVESBNB","VENUSDT","NPXSETH","SNGLSETH","ZECUSDC","BLZETH","CLOAKBTC","BCHSVUSDC","BCPTETH","SNMBTC","ETCETH","BATUSDC","AMBBNB","HOTBTC","NAVETH","BNTETH","DNTETH","DGDETH","ZENBNB","ATOMTUSD","LRCETH","BQXETH","NPXSBTC","GRSETH","STORMETH","IOSTBTC","AMBBTC","LOOMBNB","VIBEBTC","DATABTC","ADXBNB","APPCETH","ETCTUSD","GOBNB","FUELBTC","BTSETH","REPBNB","HOTETH","BCNBNB","BCCUSDT","ICXBNB","PHXBTC","XZCBNB","RCNETH","MFTETH","CMTBTC","ASTBTC","FETBNB","NCASHETH","YOYOETH","BTGETH","NEBLETH","EDOETH","STORMBNB","CMTETH","POAETH","THETABNB","MITHBNB","BATPAX","CNDBNB","APPCBNB","USDSTUSD","RCNBNB","CVCETH","WAVESTUSD","QKCETH","SKYETH","CVCBNB","DENTBTC","POWRETH","REQBTC","SNGLSBTC","BNTBTC","TRXPAX","BTTBTC","NEOUSDC","LUNETH","TNBETH","OSTBTC","EVXETH","POWRBNB","RENBNB","AEETH","ENGETH","AGIETH","KEYBTC","QLCETH","CDTETH","BCCBNB","PHXETH","EDOBTC","PAXBTC","GXSETH","DASHBNB","BLZBNB","POABNB","XEMBNB","AEBNB","BCHSVUSDT","REQETH","SNTBTC","STEEMETH","LENDBTC","POEBTC","ETCPAX","IOTXBTC","FUNETH","RLCBNB","MTHETH","VIBETH","ZILBNB","WAVESPAX","SUBETH","PHXBNB","AIONETH","GTOBTC","LINKTUSD","ASTETH","ARDRETH","CDTBTC","STRATETH","ETCBNB","WINGSETH","WTCETH","STEEMBNB","XEMETH","VENBNB","SALTBTC","VIAETH","DATAETH","GNTETH","ARKETH","OMGBNB","XMRBNB","QLCBNB","NCASHBNB","POABTC","POLYBNB","QTUMETH","TRIGBTC","LSKETH","WAVESUSDC","DNTBTC","MODBTC","VENETH","GOBTC","REPETH","DCRBNB","GVTETH","TNBBTC","WANBNB","SYSBNB","MANABTC","USDSUSDC","YOYOBNB","NCASHBTC","NEOPAX","NXSBNB","GTOETH","WPRBTC","PIVXETH","WABIBNB","USDCBNB","BTTTUSD","TRIGBNB","HCETH","DLTBNB","BCHSVPAX","DOCKETH","ZECETH","VIBBTC","TNTETH","BTTPAX","TUSDBTC","CLOAKETH","BTTUSDC","XZCXRP","MDAETH","STORJETH","LOOMETH","ZECTUSD","TNTBTC","MCOETH","VENBTC","BTSBTC","NULSETH","PPTETH","ZENETH","MATICBTC","STORMBTC","KNCETH","ADXETH","VIBEETH","INSETH","QSPBTC","AMBETH","BCNETH","MANAETH","CHATBTC","WPRETH","TUSDBNB","CELRBTC","BCPTBNB","BCHSVBTC","SCBNB","LSKBNB","SALTETH","ARDRBTC","CMTBNB","WANETH","FUNBTC","CHATETH","XMRETH","HOTBNB","MFTBNB","TRIGETH","RDNBNB","BCHSVTUSD","SNTETH","XZCETH","BCCETH","NXSETH","RENBTC","LINKUSDC","XVGBTC","NULSBNB","DOCKBTC","CNDETH","QTUMBNB","GTOBNB","ELFETH","ARDRBNB","ZILBTC","BCNBTC","THETAETH","DENTETH","RPXETH","TRXBTC","MTLETH","SCETH","LENDETH","VETBTC","QLCBTC","DLTETH","QKCBTC","WTCBNB","MFTBTC","ATOMUSDC","VIABNB","ICNETH","MITHBTC","IOSTBNB","RPXBNB","BRDETH","AGIBTC","ICNBTC","NASBNB","NEBLBTC","WABIETH","ONGBNB","OSTBNB","ARNETH","BCDETH","LINKPAX","ZRXBNB","BATTUSD","AGIBNB","MCOBNB","CNDBTC","TUSDETH","OSTETH","PIVXBNB","ZECBNB"]}