{"data":{"BRDBTC":0.9908859092,"NAVBTC":0.9861438954,"VIABTC":0.9692934225,"GASBTC":0.9207369684,"LOOMBTC":0.9188512771,"DLTBTC":0.9007807479,"STORJBTC":0.9000990923,"NULSBTC":0.8840053206,"ARNBTC":0.882324939,"NASBTC":0.8812695211,"THETABTC":0.8780505983,"APPCBTC":0.864214062,"MCOBTC":0.8597157609,"BCHSVBTC":0.8555395044,"ARKBTC":0.8527897885,"NXSBTC":0.849380225,"LOOMETH":0.8405018466,"GRSBTC":0.8331963647,"ENJBNB":0.8288495458,"ENJBTC":0.828705666,"RDNBTC":0.8281162971,"BTTUSDT":0.8212150249,"ADXBTC":0.8165064242,"ENGBTC":0.8162832935,"BCHSVUSDT":0.8074843792,"LTCBTC":0.8057273331,"LTCUSDT":0.7990832506,"GXSBTC":0.7976813841,"GNTBTC":0.7935721772,"NEBLBTC":0.7913955409,"POWRBTC":0.7909761123,"ADAUSDT":0.7732849914,"LTCTUSD":0.7686270752,"THETAETH":0.7679458638,"ENJETH":0.764711943,"KNCBTC":0.761179495,"ARNETH":0.759554797,"ADATUSD":0.7591398778,"WABIBTC":0.7580068094,"LINKBTC":0.7478950393,"BATBTC":0.7359491486,"NULSUSDT":0.7353911714,"THETABNB":0.7253108116,"REPBTC":0.7189440252,"WANBTC":0.7161073812,"BATETH":0.7078731036,"XLMUSDT":0.7020113943,"BLZBTC":0.694214579,"STEEMBTC":0.6914920356,"ICXBTC":0.6899258681,"XLMBTC":0.6852235161,"LINKETH":0.6848428544,"LINKUSDT":0.678785765,"LTCPAX":0.6767160686,"LTCETH":0.6702461499,"MITHBTC":0.6549248711,"WANETH":0.6520340502,"PHXETH":0.6502658377,"LSKBTC":0.6484198337,"LRCBTC":0.6460660063,"LUNBTC":0.6458922837,"KNCETH":0.6441397403,"ONGBTC":0.6395580025,"MDABTC":0.6325368135,"ICXETH":0.6307574915,"OAXBTC":0.6297420451,"BCHABCUSDT":0.6295604717,"FETUSDT":0.6260880496,"BNTBTC":0.6259152644,"ONTBTC":0.6215126738,"EVXBTC":0.6189449715,"HCBTC":0.6154086085,"XLMUSDC":0.599876581,"PPTBTC":0.5781381963,"ICXUSDT":0.5753340841,"BNBBTC":0.574684754,"RVNBTC":0.5627652841,"BQXBTC":0.5522050242,"BATBNB":0.5501033886,"RVNBNB":0.5474322399,"AIONBTC":0.5443639417,"FETBTC":0.5393855857,"BNBUSDT":0.5337580062,"XRPTUSD":0.5316008808,"QTUMUSDT":0.5273960463,"BNBETH":0.5269455697,"XLMETH":0.522972489,"POLYBTC":0.5170844316,"MDAETH":0.5149852782,"WAVESBTC":0.5108215615,"WAVESUSDT":0.5076738349,"NANOBTC":0.5064485261,"ONGUSDT":0.4840312716,"ONTETH":0.4754640207,"VETUSDT":0.4703768676,"BCDBTC":0.4659002141,"ADAETH":0.4627995379,"ONTUSDT":0.4586791374,"NEOUSDT":0.4549877401,"ZILUSDT":0.4409690787,"DGDBTC":0.440287456,"BCPTBTC":0.4369335327,"BTCPAX":0.4320122714,"WTCBTC":0.430630403,"MFTETH":0.4268370558,"HOTUSDT":0.4264547601,"XRPUSDT":0.4196413644,"BTTBNB":0.4157531255,"VETETH":0.4055713346,"ELFBTC":0.395476983,"QTUMBTC":0.3931404403,"XLMBNB":0.3887932178,"BCHABCTUSD":0.3885287414,"BATUSDT":0.3852704054,"BNTETH":0.3824649435,"ZRXBTC":0.3767041604,"LINKUSDC":0.3668016064,"NEOTUSD":0.3606134231,"BNBUSDC":0.3540034857,"OMGBTC":0.3467202488,"TNBETH":0.3457893368,"BTGBTC":0.3398690085,"ETHUSDT":0.3383983981,"ZILETH":0.3371299069,"NEOBTC":0.3314823799,"BNBPAX":0.3163191545,"NEOETH":0.3133525144,"BCHABCBTC":0.3123395272,"STRATBTC":0.3092624995,"ZRXUSDT":0.304245045,"XLMTUSD":0.297068169,"XRPBTC":0.2944946592,"OMGETH":0.2775489633,"FETBNB":0.2774493092,"NEOBNB":0.2695117304,"ETHPAX":0.2540732439,"AEBTC":0.2517639695,"PIVXBTC":0.2489110343,"ETHBTC":0.2482086497,"LINKTUSD":0.246487724,"EOSBTC":0.229389763,"EOSUSDT":0.2288181297,"XZCBTC":0.2263381906,"ZECBTC":0.1963149795,"ETCUSDT":0.1586303216,"EOSPAX":0.1455617339,"ADABNB":0.1321865217,"USDCUSDT":0.1320438505,"ICXBNB":0.1315238773,"BTCUSDT":0.1281436317,"DASHBTC":0.1185325318,"INSBTC":0.0921620277,"XMRBTC":0.0916684767,"XRPBNB":0.0634921104,"EOSTUSD":0.0583593439,"USDCTUSD":0.058127787,"RLCBTC":0.0554536644,"BTCUSDC":0.0404757508,"FUELETH":0.0384902855,"ETCBTC":0.0357548403,"EOSBNB":0.0312809749,"LTCBNB":0.0292186203,"PAXUSDT":0.0069316925,"TUSDBNB":0.0047516283,"KMDBTC":-0.0108046621,"TRXBNB":-0.0114893927,"ETHUSDC":-0.0145868586,"TRXUSDT":-0.0166660528,"USDSPAX":-0.057742733,"MTLBTC":-0.0685033005,"LTCUSDC":-0.0777550785,"ONTBNB":-0.0932334371,"XRPETH":-0.095046846,"USDCPAX":-0.1007588592,"GVTBTC":-0.1347786541,"TUSDUSDT":-0.1395319641,"TUSDBTC":-0.1408979156,"EOSETH":-0.1517821863,"TRXXRP":-0.1646276619,"TRXETH":-0.187853984,"SKYBTC":-0.2214064141,"HOTBNB":-0.2393988713,"DCRBTC":-0.24577536,"TRXTUSD":-0.2970460688,"IOTABTC":-0.3089931431,"IOTAUSDT":-0.3129026624,"EOSUSDC":-0.3380586512,"PAXTUSD":-0.3473700251,"XRPPAX":-0.4823700152,"TUSDETH":-0.4964907871},"startDate":"2019-03-05","endDate":"2019-03-12","numDays":7,"excludedPairs":["AIONETH","RCNBNB","ETCETH","CDTETH","AGIBNB","MODBTC","ELFETH","AGIBTC","VENBNB","WANBNB","NXSBNB","TRIGBNB","LSKBNB","RPXETH","XVGETH","HSRETH","XZCXRP","LSKETH","AMBETH","PHXBNB","LENDBTC","DGDETH","ARKETH","YOYOBNB","KEYBTC","LUNETH","NPXSETH","BCHSVPAX","BTCUSDS","ARDRBNB","GXSETH","TNTETH","SYSETH","LOOMBNB","ASTETH","BCNBNB","ETCBNB","ASTBTC","GTOBNB","WPRBTC","XZCBNB","BLZBNB","STRATETH","QSPBNB","GTOETH","SNGLSETH","BTGETH","BCPTETH","BCDETH","DENTETH","MCOBNB","DNTBTC","QLCBNB","VENETH","QKCBTC","NULSETH","WTCETH","RPXBTC","XEMBTC","BRDETH","BTSETH","RENBNB","ADXBNB","DNTETH","POWRETH","XEMETH","RDNETH","XEMBNB","TNBBTC","POEBTC","EDOETH","REQETH","QTUMBNB","VETBTC","POAETH","CNDBTC","ZENETH","BTTPAX","FUNETH","BTTUSDC","SYSBNB","NAVBNB","VENUSDT","NANOBNB","SKYBNB","YOYOBTC","QTUMETH","SALTBTC","IOTABNB","BCNETH","SYSBTC","ZRXETH","GNTBNB","RCNETH","WABIBNB","MTLETH","BTSBTC","BCHSVTUSD","SUBBTC","GRSETH","STORMETH","IOTAETH","MTHETH","QSPBTC","CVCETH","USDCBNB","USDCBTC","POLYBNB","AGIETH","USDSUSDC","INSETH","CLOAKETH","PPTETH","OSTBTC","WPRETH","PAXETH","RENBTC","CNDBNB","BNBUSDS","OSTBNB","SNMBTC","BCNBTC","BLZETH","LINKPAX","GVTETH","XRPUSDC","WAVESPAX","TNTBTC","HOTETH","TRIGBTC","BTSBNB","FUNBTC","NPXSBTC","IOTXBTC","PIVXETH","BCCUSDT","DATAETH","POWRBNB","STORJETH","MFTBTC","RPXBNB","LRCETH","TRXBTC","BCHABCPAX","EVXETH","REQBTC","BCCBNB","CHATETH","IOSTETH","STORMBNB","ARDRBTC","BCCBTC","POEETH","SCETH","SCBNB","XVGBTC","XMRETH","GOBNB","WAVESETH","PAXBTC","ZILBTC","MTHBTC","AEETH","SNTETH","NULSBNB","STORMBTC","CVCBTC","MANABTC","VIBEBTC","SUBETH","RCNBTC","RDNBNB","NASBNB","NXSETH","NEBLBNB","KMDETH","VETBNB","ZENBTC","BQXETH","USDSTUSD","DATABTC","WTCBNB","POABTC","WINGSBTC","NASETH","QLCETH","CVCBNB","MITHBNB","GNTETH","TRXPAX","QLCBTC","ZECETH","KEYETH","DOCKBTC","HSRBTC","ZILBNB","IOTXETH","XLMPAX","POABNB","SCBTC","APPCETH","ICNBTC","MANAETH","BTTBTC","AIONBNB","GTOBTC","BTTTUSD","QSPETH","RLCETH","REPETH","WAVESTUSD","NCASHBTC","MCOETH","ADABTC","WAVESBNB","SNTBTC","AMBBTC","USDSUSDT","CMTBNB","ICNETH","VIBEETH","LENDETH","DLTBNB","BCHSVUSDC","NCASHBNB","EDOBTC","BRDBNB","BCHABCUSDC","NEBLETH","OSTETH","PAXBNB","ADXETH","SNGLSBTC","VIABNB","REPBNB","VIAETH","CMTBTC","WINGSETH","VENBTC","XZCETH","GOBTC","NAVETH","DLTETH","QKCETH","BCCETH","TRIGETH","WAVESUSDC","STEEMETH","DASHETH","SKYETH","TRXUSDC","CDTBTC","VIBETH","SNMETH","RLCBNB","AMBBNB","FUELBTC","CLOAKBTC","NANOETH","CMTETH","CNDETH","AEBNB","ZENBNB","DENTBTC","YOYOETH","DCRBNB","CHATBTC","VIBBTC","MODETH","ZRXBNB","HOTBTC","IOSTBTC","MFTBNB","ARDRETH","STEEMBNB","PIVXBNB","HCETH","ONGBNB","APPCBNB","SALTETH","BCPTBNB","WABIETH","ENGETH","PHXBTC","NCASHETH","OAXETH","DOCKETH"]}