{"data":{"IOTAUSDT":0.9723264985,"IOTABTC":0.9699146474,"IOTAETH":0.9580694215,"IOTABNB":0.9531357828,"TRXTUSD":0.9401500548,"XRPBTC":0.9271696218,"TRXUSDT":0.9228431737,"XLMUSDT":0.9195400946,"XRPBNB":0.912627516,"XRPTUSD":0.9096611216,"CELRUSDT":0.9035528302,"EOSUSDC":0.9032871481,"AMBBTC":0.9030725809,"ZECUSDT":0.8949550924,"XRPUSDC":0.8941623635,"CELRBNB":0.893983488,"XRPUSDT":0.8891559804,"ZILUSDT":0.8680101563,"ZECBTC":0.8671477121,"TRXXRP":0.8660529214,"ARKBTC":0.8645499407,"NEOBTC":0.8610894461,"NEOUSDT":0.8604428684,"EOSBNB":0.8491534196,"WABIBTC":0.847796462,"NEOETH":0.8476221914,"EVXBTC":0.8417238632,"LUNBTC":0.8340227228,"GVTBTC":0.8310061299,"EOSUSDT":0.8307080874,"PPTBTC":0.8236955528,"MATICBNB":0.8207493313,"HOTBNB":0.8203996886,"EOSBTC":0.8168424945,"BCDBTC":0.8156628094,"TRXETH":0.8085850115,"APPCBTC":0.8084887438,"TRXUSDC":0.8075454807,"ADAUSDT":0.8072315787,"HOTUSDT":0.8046270277,"TNTETH":0.8044681355,"TNTBTC":0.8038555753,"OMGUSDT":0.7997457973,"ELFBTC":0.7807067393,"XLMETH":0.7697034707,"EOSETH":0.767742079,"MATICUSDT":0.7593463957,"ETCBTC":0.7579715079,"WAVESBNB":0.755148888,"VETETH":0.7528143972,"VETUSDT":0.7456090691,"VIBEBTC":0.7455984789,"ETCUSDT":0.7435977258,"BTTBNB":0.7415556245,"BTTTUSD":0.7389864063,"TRXBNB":0.7323815242,"XRPETH":0.7317793494,"ASTBTC":0.7256320597,"BCPTBNB":0.7227979059,"BCPTBTC":0.7208575043,"VETBNB":0.719248437,"BQXBTC":0.7184750935,"NEOBNB":0.7164089093,"ELFETH":0.7110123348,"MITHUSDT":0.7103858768,"ONTBTC":0.7091973774,"AEBTC":0.7061583789,"RVNBNB":0.7061298425,"BCPTETH":0.7059447869,"HOTETH":0.7051964597,"BATBNB":0.7007219891,"ADAUSDC":0.7005257997,"SKYBTC":0.6946232108,"MCOBTC":0.6923725364,"KMDBTC":0.6872514692,"NANOUSDT":0.6869681682,"XLMBNB":0.6843709374,"ASTETH":0.6817145963,"ZILBNB":0.6752772793,"IOSTUSDT":0.6733460422,"EOSTUSD":0.6719604453,"EDOBTC":0.6713640671,"ONTUSDT":0.6692429739,"XRPPAX":0.6628910042,"BNBUSDT":0.6562166958,"ZILETH":0.6552253693,"ADABNB":0.6485314206,"ADAETH":0.6479877159,"FETUSDT":0.6289617108,"BTGBTC":0.625211711,"DLTBTC":0.6189082501,"BTTUSDC":0.61039666,"LINKUSDC":0.5878708232,"WAVESUSDT":0.5874486894,"FETBNB":0.5827613462,"THETAUSDT":0.5815607604,"XMRBTC":0.5675806603,"OMGBTC":0.5658499498,"BLZBTC":0.5632575525,"LTCBNB":0.5631749905,"BNBBTC":0.5580611627,"LTCBTC":0.5561050934,"STRATBTC":0.5558773996,"RLCBTC":0.552139291,"NAVBTC":0.5514730759,"LTCUSDT":0.548891678,"OAXBTC":0.5379052164,"FETBTC":0.5330953572,"ARNBTC":0.5329816511,"MTLBTC":0.5315378823,"LTCUSDC":0.5296704457,"ICXUSDT":0.5216583263,"THETABTC":0.5184811635,"MDABTC":0.5163377432,"ONGBTC":0.5149407258,"ENGBTC":0.5070935046,"KNCBTC":0.5022106235,"BTCUSDS":0.4961010221,"BTTUSDT":0.4937926689,"STORJBTC":0.4858319616,"WANBTC":0.4761229787,"THETAETH":0.471846699,"AIONBTC":0.4667810949,"NASBTC":0.4633911848,"WAVESBTC":0.4598192275,"NANOBTC":0.448580592,"LTCETH":0.4481978876,"WTCBTC":0.446124454,"BATUSDT":0.435865704,"FUELETH":0.4275024761,"LINKUSDT":0.4211070054,"QTUMUSDT":0.4049751989,"LINKBTC":0.4048715691,"EOSPAX":0.4033892879,"NEBLBTC":0.4018577215,"RDNBTC":0.3967418395,"POLYBTC":0.3920529251,"NULSUSDT":0.3792314646,"BTCUSDC":0.3710799771,"PIVXBTC":0.360371348,"THETABNB":0.3551957911,"LINKTUSD":0.3538650414,"NULSBTC":0.351282033,"GRSBTC":0.3436059444,"VIABTC":0.3347982731,"BATETH":0.3247119065,"ENJUSDT":0.317020772,"BCHABCUSDC":0.3143712235,"XMRUSDT":0.3127484326,"XZCBTC":0.3099720438,"BCHABCBTC":0.2909671521,"LTCPAX":0.2825708234,"ICXBTC":0.2721658237,"ETHTUSD":0.2521729715,"ONGUSDT":0.2504241265,"DASHUSDT":0.2502111717,"ETHUSDC":0.2372842242,"LINKETH":0.2364178483,"ZRXUSDT":0.2347018091,"ENJETH":0.2282137883,"BCHABCPAX":0.2237037793,"ENJBTC":0.2180436827,"WAVESTUSD":0.187006538,"DASHBTC":0.1839196749,"BNBPAX":0.159593628,"ATOMBTC":0.1546412698,"BATBTC":0.1519145215,"ETHUSDT":0.1490848536,"QTUMBTC":0.1484157992,"BTCTUSD":0.137989414,"BCHABCUSDT":0.1352296501,"QKCETH":0.0987998242,"WAVESETH":0.0978597629,"BTCUSDT":0.0872154607,"ATOMBNB":0.0420926057,"ADATUSD":0.0420393124,"ETHBTC":0.0322333516,"ATOMUSDT":0.0284362708,"LTCTUSD":0.0236175488,"POWRBTC":0.0081912979,"DGDBTC":0.0023408641,"DENTETH":-0.0170745169,"STEEMBTC":-0.0419778394,"BNBETH":-0.0525052192,"ETHPAX":-0.0577276689,"USDCTUSD":-0.0728333878,"ZRXBTC":-0.0772210468,"USDCPAX":-0.099541431,"DCRBTC":-0.1059022608,"REPBTC":-0.140829545,"GASBTC":-0.1450249333,"INSBTC":-0.1474666971,"LSKBTC":-0.1528601119,"BTCPAX":-0.1768702323,"PAXTUSD":-0.1929949827,"ADXBTC":-0.1951007176,"BRDBTC":-0.2122147777,"USDCUSDT":-0.2321100475,"PAXUSDT":-0.2593381203,"BNBUSDC":-0.2777753462,"BNBTUSD":-0.4839276069,"BCHABCTUSD":-0.5138592778,"TUSDUSDT":-0.5410441604},"startDate":"2019-05-23","endDate":"2019-05-30","numDays":7,"excludedPairs":["GOBNB","YOYOETH","POAETH","NASETH","POEBTC","ZILBTC","STORJETH","QLCBNB","XVGBTC","DCRBNB","ADABTC","SALTETH","ETCUSDC","YOYOBTC","ZRXETH","APPCETH","ICXBNB","BQXETH","CHATETH","BCHSVTUSD","GNTBTC","TFUELUSDC","TFUELPAX","XLMBTC","POABNB","WINGSETH","WABIETH","BRDBNB","POEETH","BNTETH","VENBTC","ONTBNB","VETBTC","TFUELTUSD","PHXETH","MATICBTC","SNMETH","NEOTUSD","PHBPAX","SCBTC","BCHSVUSDC","NULSBNB","LSKBNB","RPXBTC","GVTETH","CHATBTC","XMRETH","BCHSVPAX","MFTETH","WPRETH","BTGETH","MTHETH","REPBNB","SNTBTC","GTOETH","TUSDBNB","TNBBTC","GNTETH","MFTBTC","ARNETH","LUNETH","BCCBTC","BATPAX","BCDETH","NPXSBTC","MCOETH","AMBETH","AGIBTC","AGIETH","FUELBTC","USDSPAX","ZECUSDC","SUBBTC","PAXBTC","DOCKBTC","RCNETH","DLTBNB","LINKPAX","DLTETH","CNDETH","ETCBNB","ZENBTC","IOTXETH","WABIBNB","MTLETH","PPTETH","WAVESPAX","BCNETH","NXSETH","SKYETH","ADAPAX","BNBUSDS","OMGBNB","NPXSETH","USDCBNB","QSPBTC","ENGETH","REPETH","DNTETH","ZECETH","PIVXBNB","BTSETH","PHBUSDC","TFUELBNB","TRIGETH","AIONETH","POABTC","XZCETH","ETCPAX","BNTBTC","EDOETH","GTOBNB","DATAETH","XEMBTC","POWRETH","TNBETH","QLCETH","STORMETH","TRXBTC","PHBTUSD","BLZBNB","POWRBNB","ICXETH","ETCTUSD","ARDRETH","SNGLSETH","WTCETH","LRCETH","DGDETH","BATUSDC","TFUELBTC","ARDRBTC","RCNBNB","VENETH","CDTETH","MODBTC","APPCBNB","BCCETH","CELRBTC","OAXETH","ADXETH","AIONBNB","SNTETH","ETCETH","CVCBTC","STORMBTC","SYSBTC","ATOMPAX","ZECBNB","RDNETH","ZENETH","VENBNB","HCBTC","SKYBNB","WAVESUSDC","PAXBNB","CDTBTC","XLMPAX","KEYBTC","TUSDBTC","IOSTETH","BCCBNB","LRCBTC","RPXETH","VIAETH","MODETH","CNDBTC","STORMBNB","LENDBTC","QSPBNB","ZRXBNB","BCCUSDT","NXSBNB","SYSETH","HOTBTC","XEMBNB","ARKETH","NULSETH","CLOAKBTC","XZCBNB","CLOAKETH","RLCETH","DATABTC","XZCXRP","IOSTBNB","SYSBNB","USDSUSDC","RENBTC","OSTETH","INSETH","KMDETH","FUNBTC","HSRETH","DNTBTC","BTSBTC","USDSTUSD","STEEMETH","USDCBTC","REQBTC","DOCKETH","ZENBNB","DASHETH","MDAETH","STRATETH","CMTETH","NXSBTC","XVGETH","USDSUSDT","ICNBTC","OSTBTC","LOOMETH","VIBEETH","SCBNB","HCETH","SNMBTC","CNDBNB","AMBBNB","WINGSBTC","TUSDETH","PIVXETH","MCOBNB","PHBBNB","IOSTBTC","XLMUSDC","PHBBTC","NEBLBNB","NCASHBTC","RDNBNB","RPXBNB","SCETH","QSPETH","RENBNB","VENUSDT","NAVBNB","BTSBNB","ONGBNB","LSKETH","BTTPAX","HSRBTC","GNTBNB","POLYBNB","NEBLETH","STEEMBNB","PHXBNB","BLZETH","NCASHBNB","ENJBNB","NANOBNB","NASBNB","LOOMBNB","RCNBTC","NEOUSDC","NAVETH","NCASHETH","VIBBTC","XLMTUSD","AEETH","CVCETH","BTTBTC","LENDETH","OMGETH","XMRBNB","OSTBNB","GTOBTC","REQETH","MITHBTC","XEMETH","BCHSVUSDT","LOOMBTC","MITHBNB","KNCETH","ICNETH","FUNETH","GRSETH","ARDRBNB","BRDETH","MTHBTC","VIABNB","KEYETH","MANABTC","TRXPAX","BCNBNB","QKCBTC","ADXBNB","PAXETH","ATOMTUSD","WPRBTC","MANAETH","QTUMBNB","AGIBNB","GOBTC","RLCBNB","DENTBTC","NANOETH","CVCBNB","TRIGBTC","GXSBTC","ZECTUSD","TFUELUSDT","QTUMETH","VIBETH","MFTBNB","GXSETH","CMTBTC","BATTUSD","AEBNB","ONTETH","ATOMUSDC","DASHBNB","CMTBNB","RVNBTC","WANBNB","WTCBNB","NEOPAX","SALTBTC","ZECPAX","IOTXBTC","PHXBTC","QLCBTC","BCNBTC","BCHSVBTC","SUBETH","SNGLSBTC","EVXETH","WANETH","TRIGBNB","YOYOBNB"]}