{"data":{"RCNBTC":0.9954549983,"CVCBTC":0.9720266459,"VIABTC":0.9019785036,"APPCBTC":0.89553434,"BQXBTC":0.8572348008,"DLTBTC":0.8545994975,"DLTBNB":0.8302181473,"LRCBTC":0.8296850023,"DLTETH":0.8128627642,"DGDBTC":0.8065417079,"EVXBTC":0.7954307074,"MFTETH":0.7880732542,"ENJUSDT":0.7731244211,"ENJBTC":0.7458326767,"DGDETH":0.7320080938,"EVXETH":0.7310321195,"GNTBTC":0.7279113713,"ZENBTC":0.7183532639,"BCPTBTC":0.6877606669,"ARKBTC":0.6728142135,"AEBTC":0.6642188851,"ETHUSDT":0.6578157584,"ETHPAX":0.6319404355,"RDNBTC":0.6113216595,"NASBTC":0.6045737978,"LINKUSDT":0.5997930188,"LINKETH":0.597445263,"ETHUSDC":0.5970861356,"LINKBTC":0.5906161939,"OAXBTC":0.5691704825,"ETHTUSD":0.546408764,"WABIBTC":0.5395340656,"SYSBTC":0.5366967415,"ETHBTC":0.5283656178,"ARNBTC":0.5230879984,"RLCBTC":0.5192585045,"STORJBTC":0.5178800552,"WAVESETH":0.5176251147,"WAVESUSDT":0.5043753911,"MCOBTC":0.479900568,"ENGBTC":0.4794688126,"MDABTC":0.472457589,"KMDBTC":0.4620455734,"ENJETH":0.4578174548,"NULSBTC":0.4027741856,"HCBTC":0.3693812574,"ADXBTC":0.3573012155,"MITHUSDT":0.3463699929,"BATUSDT":0.3406342375,"LOOMBTC":0.3184807502,"WAVESBTC":0.3149380317,"NANOUSDT":0.3112288553,"BTCUSDC":0.3105431642,"NANOBTC":0.3075824301,"ELFBTC":0.2923354927,"XMRUSDT":0.2917982593,"BTGBTC":0.2905366179,"BATBTC":0.2876807255,"TRXUSDC":0.2833748446,"LUNBTC":0.2738750227,"ZECUSDT":0.2720604321,"NULSUSDT":0.270947667,"FETUSDT":0.2674940664,"PPTBTC":0.2652312015,"PIVXBTC":0.2646904989,"MATICUSDT":0.2620215825,"TRXETH":0.2616614644,"CELRUSDT":0.2563185846,"IOSTUSDT":0.2498524361,"INSBTC":0.2346352479,"BTCUSDT":0.2316281379,"POWRBTC":0.230306738,"LTCUSDT":0.2203505019,"MITHBTC":0.2105694419,"LINKUSDC":0.2028071671,"LTCPAX":0.1988861777,"XRPUSDT":0.1954005809,"XRPETH":0.188557345,"LTCETH":0.1853957627,"QKCBTC":0.1795783487,"XMRETH":0.1750146279,"ENJBNB":0.1702850387,"LTCTUSD":0.1675799579,"NAVBTC":0.1591846705,"VIBETH":0.1510486683,"RVNBTC":0.1425492998,"ETCUSDT":0.1401168016,"ZECBTC":0.1359974866,"BTCUSDS":0.1347577126,"BTCPAX":0.1315047965,"BTCTUSD":0.1276988044,"NANOBNB":0.1135996362,"FUELETH":0.105589494,"BRDBTC":0.1021298056,"ETCBTC":0.0992513378,"VETETH":0.08651528,"XRPBTC":0.0851301573,"ZRXBTC":0.0837741165,"POLYBTC":0.0824455184,"BCHABCTUSD":0.076537114,"BTTUSDT":0.0752901791,"IOSTETH":0.065641366,"XRPTUSD":0.0578584332,"MATICBNB":0.0497322572,"BNTBTC":0.0456632325,"MTLBTC":0.0436480889,"DASHBTC":0.0420512106,"STEEMBTC":0.0408746638,"PAXTUSD":0.0325810915,"BATETH":0.0275440388,"WTCBTC":0.0213810823,"NEOUSDT":0.0075821823,"ADAETH":0.0059531442,"AGIBTC":0.0059118556,"LTCBTC":0.0030204058,"LTCUSDC":-0.0002393145,"EOSETH":-0.0012647291,"LSKBTC":-0.0045896384,"BCHABCUSDT":-0.0067665475,"ZILETH":-0.010503142,"XMRBTC":-0.0157227296,"DCRBTC":-0.0211015081,"GVTBTC":-0.0222529448,"EOSTUSD":-0.0291594138,"BATBNB":-0.0314004073,"GRSBTC":-0.0346761636,"KNCBTC":-0.0433460968,"BCHABCBTC":-0.0516098287,"XLMETH":-0.060678656,"GTOBTC":-0.0680429407,"QKCETH":-0.0760679921,"BCHABCUSDC":-0.0861640346,"XRPPAX":-0.0919103948,"TRXBNB":-0.0968094064,"XLMBNB":-0.1019929301,"XLMBTC":-0.1051710919,"NXSBTC":-0.1100294392,"DASHUSDT":-0.1112982964,"ICXBTC":-0.1139465987,"BCDBTC":-0.1174468287,"USDCTUSD":-0.1244354753,"ZILUSDT":-0.1315478123,"TUSDUSDT":-0.1409252328,"XZCBTC":-0.143475782,"EOSBNB":-0.1464387283,"ZRXUSDT":-0.1496218571,"EOSBTC":-0.1507214778,"IOTAETH":-0.1533120367,"XEMBTC":-0.1576129916,"XRPUSDC":-0.1638604639,"RVNBNB":-0.1649334612,"ADABNB":-0.1658205198,"ADAUSDT":-0.1692743755,"ICXUSDT":-0.173235523,"FETBTC":-0.1829382969,"TRXUSDT":-0.1897379462,"ADABTC":-0.1987949015,"TRXXRP":-0.203837944,"ATOMBNB":-0.2040872136,"USDSPAX":-0.2083727874,"OMGBTC":-0.2215272265,"USDCPAX":-0.2233169365,"XRPBNB":-0.2284788693,"IOTAUSDT":-0.2445441544,"BCHABCPAX":-0.2465356782,"NEOBTC":-0.2473203362,"ADATUSD":-0.2506687719,"NEOETH":-0.2533669393,"AIONBTC":-0.2537051687,"EOSUSDT":-0.2555724076,"HOTUSDT":-0.2582814404,"IOTABNB":-0.2592897478,"LTCBNB":-0.2593332496,"QTUMETH":-0.2686100492,"STRATBTC":-0.2698122586,"SKYBTC":-0.2698561504,"EOSPAX":-0.2869223118,"IOTABTC":-0.2872166291,"XLMUSDT":-0.2879170418,"THETABTC":-0.3020656792,"PAXUSDT":-0.3121004268,"ATOMBTC":-0.3152798563,"MANABTC":-0.3179475703,"ADAUSDC":-0.3271625682,"VETBNB":-0.3335618348,"QTUMUSDT":-0.344104993,"BTTBNB":-0.3543400308,"BNBETH":-0.3599326196,"ONTUSDT":-0.3603126206,"NEOBNB":-0.3719817834,"WANBTC":-0.3752246887,"OMGUSDT":-0.3825107742,"THETAUSDT":-0.3828776294,"ATOMUSDT":-0.3908573037,"REPBTC":-0.3979613359,"QTUMBTC":-0.4195588288,"USDCUSDT":-0.4231051392,"VETUSDT":-0.4592501708,"ONTBTC":-0.4701447661,"GASBTC":-0.4741788152,"EOSUSDC":-0.5601821039,"BNBTUSD":-0.5839137209,"BNBBTC":-0.6657765377,"BNBPAX":-0.7055679623,"BNBUSDT":-0.7303528872,"BNBUSDC":-0.7673009923},"startDate":"2019-05-04","endDate":"2019-05-11","numDays":7,"excludedPairs":["BTTPAX","BCHSVUSDC","KNCETH","ICNETH","SNTETH","PHXBNB","REPETH","OSTETH","RDNBNB","DENTBTC","CMTBNB","NEOPAX","ATOMUSDC","NXSETH","IOSTBTC","VIBEETH","GTOBNB","SUBBTC","BCHSVTUSD","DOCKETH","STORJETH","DASHBNB","NULSETH","DATAETH","YOYOBTC","GTOETH","EDOBTC","VENBTC","THETABNB","BTSBTC","ADAPAX","USDSTUSD","PHXBTC","ZILBNB","ZILBTC","NEBLBTC","VENBNB","WANBNB","WAVESBNB","QSPETH","NPXSETH","GXSETH","HSRBTC","ETCETH","NCASHBTC","ARDRETH","SYSETH","BCHSVUSDT","NCASHBNB","CNDBNB","CMTBTC","GNTETH","NPXSBTC","CLOAKETH","BTTUSDC","USDSUSDT","GRSETH","MTLETH","BLZBNB","CLOAKBTC","BLZETH","YOYOBNB","DNTBTC","RPXETH","DATABTC","AEETH","LINKTUSD","TRIGBNB","IOTXBTC","SUBETH","PAXETH","XMRBNB","REQETH","ENGETH","MTHBTC","SKYBNB","WTCBNB","HOTBNB","CELRBNB","ARDRBNB","BNBUSDS","NCASHETH","NEBLETH","ONGUSDT","SNTBTC","BCPTETH","RDNETH","ICXBNB","DCRBNB","AMBBTC","IOSTBNB","MANAETH","USDCBNB","MITHBNB","BCCETH","POEETH","RENBTC","EDOETH","BCNBTC","ETCPAX","ZENBNB","IOTXETH","BCHSVBTC","CNDETH","TNTETH","DENTETH","POABNB","TNBETH","HOTETH","SNMETH","ONTBNB","XVGBTC","STORMBNB","NEOTUSD","OMGBNB","KEYETH","MFTBTC","BQXETH","VIABNB","STORMBTC","ICXETH","ZECTUSD","ADXETH","XZCBNB","DOCKBTC","YOYOETH","CVCETH","XLMUSDC","CVCBNB","BCNBNB","RPXBNB","WINGSETH","ELFETH","CNDBTC","BRDBNB","XZCETH","BCCUSDT","PAXBNB","SYSBNB","TRIGETH","BCDETH","CHATBTC","QLCETH","ETCUSDC","ZENETH","BLZBTC","ADXBNB","MCOETH","MDAETH","RENBNB","PPTETH","STORMETH","TRXTUSD","SCETH","LUNETH","BATPAX","THETAETH","RLCBNB","SCBTC","BCHSVPAX","ONTETH","QLCBTC","FUELBTC","TRIGBTC","ZRXBNB","ONGBTC","PIVXBNB","AGIBNB","CELRBTC","AEBNB","CMTETH","XLMTUSD","ASTETH","MFTBNB","VENUSDT","PHXETH","WABIETH","AMBETH","BTTBTC","ZECPAX","REPBNB","VENETH","XLMPAX","TUSDBTC","NASBNB","POAETH","DASHETH","XVGETH","ZRXETH","ATOMPAX","MATICBTC","MCOBNB","AGIETH","TUSDBNB","KMDETH","TRXBTC","POLYBNB","ARNETH","AIONETH","NEOUSDC","LSKETH","NAVETH","ETCBNB","BATUSDC","PIVXETH","LRCETH","SKYETH","STEEMETH","OSTBTC","LENDETH","LOOMETH","BCNETH","VETBTC","SCBNB","DNTETH","ZECBNB","QSPBTC","TRXPAX","MTHETH","OAXETH","REQBTC","QTUMBNB","WAVESPAX","BTSBNB","ZECETH","QSPBNB","GNTBNB","WAVESTUSD","LOOMBNB","TNTBTC","USDSUSDC","FUNBTC","RCNBNB","BTGETH","NXSBNB","SNGLSBTC","WINGSBTC","POWRETH","CDTBTC","MODETH","LINKPAX","ZECUSDC","PAXBTC","RCNETH","MODBTC","FUNETH","POABTC","QLCBNB","NEBLBNB","CHATETH","ARKETH","APPCBNB","ASTBTC","HCETH","VIBEBTC","GXSBTC","USDCBTC","ICNBTC","LSKBNB","NASETH","BRDETH","ONGBNB","WABIBNB","BCCBTC","BATTUSD","NAVBNB","RPXBTC","POWRBNB","NANOETH","KEYBTC","XEMETH","BCPTBNB","LENDBTC","GOBTC","FETBNB","SALTBTC","WANETH","GVTETH","NULSBNB","POEBTC","XEMBNB","AMBBNB","WAVESUSDC","ATOMTUSD","WPRETH","HOTBTC","TUSDETH","BCCBNB","APPCETH","XZCXRP","RLCETH","SALTETH","BNTETH","AIONBNB","OMGETH","ETCTUSD","ARDRBTC","WTCETH","TNBBTC","OSTBNB","WPRBTC","VIAETH","BTTTUSD","INSETH","SNMBTC","BTSETH","CDTETH","VIBBTC","GOBNB","STEEMBNB","STRATETH","HSRETH","SNGLSETH"]}