{"data":{"BNTBTC":0.9253830823,"GXSBTC":0.8845137222,"PPTBTC":0.8819337235,"EDOBTC":0.8749128852,"OAXBTC":0.8663367802,"EVXBTC":0.8578178044,"WINGSBTC":0.8475798959,"RLCBTC":0.832275372,"NULSBTC":0.8266571489,"BNTETH":0.8005038918,"HCBTC":0.7989979906,"VIABTC":0.7866432576,"NULSUSDT":0.7813695367,"MODBTC":0.7770568372,"PIVXBTC":0.7516597328,"EVXETH":0.7460863031,"ELFBTC":0.7424994044,"XRPBTC":0.7197547988,"BRDBTC":0.7110428261,"NPXSETH":0.7079225626,"ADXBTC":0.6961558071,"VIBEBTC":0.6860594899,"THETABTC":0.68582902,"GRSBTC":0.6656500268,"BQXBTC":0.6607962576,"DGDBTC":0.6521638158,"DLTBTC":0.6510271542,"MDABTC":0.6401876805,"CLOAKBTC":0.6373209846,"LUNBTC":0.6288776275,"ARKBTC":0.6116741877,"NXSBTC":0.5882022511,"ARNBTC":0.5878034929,"GTOBTC":0.5877745786,"XRPETH":0.5857739558,"XZCBTC":0.5546216994,"XRPUSDT":0.5522567519,"LUNETH":0.5515987965,"NASBTC":0.534559989,"SALTBTC":0.5326316763,"ONTBTC":0.529339024,"PHXETH":0.5282058362,"THETAETH":0.5180137477,"AGIBTC":0.5128640879,"OAXETH":0.50830025,"HOTETH":0.503635008,"RDNBTC":0.4828697067,"XRPTUSD":0.4598717504,"ENGBTC":0.4524711881,"DLTETH":0.4340745921,"ZRXBTC":0.4256119152,"INSBTC":0.4186303798,"XRPPAX":0.4131402197,"ZENBTC":0.3955889936,"MANABTC":0.3950256311,"KMDBTC":0.3796295404,"MTLBTC":0.3587112887,"XLMTUSD":0.3575093966,"ZRXETH":0.3543009169,"GVTBTC":0.3492160099,"WABIBTC":0.3381182284,"ONTUSDT":0.3210696944,"NANOBTC":0.3201961229,"XLMETH":0.3080335322,"WAVESBNB":0.2961304251,"XLMBTC":0.2926729976,"AMBBTC":0.2688923246,"ASTBTC":0.2556638819,"ONTETH":0.2202861593,"TUSDETH":0.2200750522,"NANOETH":0.2099674513,"ARNETH":0.1977058086,"WAVESTUSD":0.1883984436,"XLMUSDT":0.1875273079,"LTCUSDT":0.1749975558,"ADATUSD":0.1737679764,"BCDBTC":0.1699419156,"TRXETH":0.1692482068,"XLMPAX":0.169065329,"TUSDUSDT":0.166766489,"XMRBTC":0.1656692214,"WTCBTC":0.1626907251,"XRPUSDC":0.1576127753,"ZECBTC":0.1574783489,"BCHABCTUSD":0.1573419783,"TUSDBTC":0.1381643868,"WAVESUSDT":0.1380549419,"WAVESBTC":0.134819841,"LRCBTC":0.1289927742,"LTCETH":0.1204442656,"BNBPAX":0.1157154333,"ZILETH":0.1118938968,"NEOTUSD":0.1117136036,"LTCBTC":0.1009898196,"NAVBTC":0.0993145446,"BNBETH":0.0972981251,"TRXUSDT":0.0929170928,"USDCUSDT":0.0846910525,"BCHABCBTC":0.0845622525,"APPCBTC":0.0716966481,"WANBTC":0.0695426624,"EOSUSDC":0.0618088844,"NEBLBTC":0.0597756745,"TRXTUSD":0.0526354052,"BCHABCUSDT":0.0509959155,"WAVESETH":0.0439816521,"DASHBTC":0.0429925254,"SKYBTC":0.0386126115,"REPBTC":0.038046225,"XLMUSDC":0.0364057531,"GVTETH":0.0333528543,"LSKBTC":0.0312903575,"XRPBNB":0.0301443383,"USDCPAX":0.0281672142,"NEOBTC":0.0137303785,"TRXXRP":0.0128307474,"GASBTC":-0.0040811274,"PAXUSDT":-0.0143226857,"BNBUSDC":-0.0198413085,"ADAETH":-0.0394663444,"BTCPAX":-0.0451866266,"XLMBNB":-0.0626924706,"MITHBTC":-0.0654812076,"ETHPAX":-0.0753650349,"NEOETH":-0.0776396946,"REPETH":-0.0857934609,"LRCETH":-0.0919534237,"EOSETH":-0.0928075254,"KNCBTC":-0.1083117066,"TRXBNB":-0.1149995097,"LINKETH":-0.1163617651,"BNBBTC":-0.1198197764,"BATBTC":-0.1216915888,"BNBUSDT":-0.1220807644,"USDCTUSD":-0.1228198728,"ICXETH":-0.124190319,"LOOMBTC":-0.1376376027,"ETCUSDT":-0.1523286515,"DCRBTC":-0.1539790423,"QTUMBTC":-0.182169198,"TUSDBNB":-0.1883101978,"BTGBTC":-0.1894486942,"ICXUSDT":-0.1977854946,"LINKBTC":-0.2023348927,"BCHSVBTC":-0.2109907944,"BTCUSDC":-0.2125756379,"NEOUSDT":-0.2130907094,"POWRBTC":-0.2216042992,"BTCUSDT":-0.2248683627,"ADAUSDT":-0.2277891663,"MCOBTC":-0.2330468633,"LTCBNB":-0.2385142975,"QTUMUSDT":-0.242214778,"ICXBTC":-0.2467053877,"BCHSVUSDT":-0.2475721501,"ETHUSDC":-0.2478749042,"ETHBTC":-0.2507952388,"LINKUSDT":-0.2577365083,"ETHUSDT":-0.268375687,"ETCBTC":-0.2846483858,"EOSBNB":-0.2846669405,"VETUSDT":-0.2889086698,"AEBTC":-0.2976964944,"STRATBTC":-0.2992528291,"LINKTUSD":-0.3090217334,"LINKUSDC":-0.3173241367,"PAXTUSD":-0.3199835726,"EOSBTC":-0.3298218677,"EOSPAX":-0.3700272357,"EOSUSDT":-0.3833762955,"POLYBTC":-0.398758731,"XEMBTC":-0.4057795383,"IOTAETH":-0.413297965,"STEEMBTC":-0.4635237347,"FUNETH":-0.4790195426,"AIONBTC":-0.4900516838,"GNTBTC":-0.5069769594,"IOTABTC":-0.6035818472,"IOTAUSDT":-0.6553665693,"OMGETH":-0.6581490276,"OMGBTC":-0.7389861481},"startDate":"2019-01-24","endDate":"2019-01-31","numDays":7,"excludedPairs":["DLTBNB","VETETH","MTLETH","WINGSETH","ETCETH","ETCBNB","USDCBNB","HSRBTC","NULSBNB","POWRETH","SKYETH","BLZETH","WANETH","SALTETH","RENBNB","PPTETH","VETBTC","VENBTC","ICNBTC","BCCUSDT","SNTETH","TRIGBTC","HCETH","WANBNB","ONTBNB","WAVESPAX","BLZBNB","ZECETH","RPXETH","ICXBNB","PAXBTC","LINKPAX","RCNBTC","CVCETH","POABTC","STORMBNB","GNTETH","AEETH","RCNBNB","ENJETH","SNGLSBTC","DNTBTC","PIVXBNB","POWRBNB","PAXETH","WAVESUSDC","ZILBTC","NULSETH","NAVETH","DCRBNB","PIVXETH","NPXSBTC","AIONETH","FUELBTC","SUBBTC","BCHSVPAX","XVGBTC","BLZBTC","TNBBTC","CMTETH","TNTETH","XEMETH","LSKETH","INSETH","KMDETH","GTOETH","TRXUSDC","XZCBNB","BCHABCUSDC","ICNETH","BRDETH","NEBLBNB","PAXBNB","RDNBNB","ADABTC","BQXETH","THETABNB","QLCBNB","YOYOETH","ADXBNB","GNTBNB","DOCKETH","ASTETH","ENJBNB","CMTBTC","YOYOBNB","NXSETH","MODETH","EOSTUSD","LTCPAX","BTSBNB","LENDETH","POABNB","GXSETH","XMRETH","XEMBNB","VIBBTC","BRDBNB","OSTETH","SYSBTC","DGDETH","STORJETH","QLCBTC","DNTETH","NCASHBTC","RPXBNB","AGIETH","VENUSDT","ADABNB","APPCETH","MFTETH","TNTBTC","HOTBTC","BCCBTC","CNDBNB","CMTBNB","POLYBNB","ELFETH","STORMBTC","LENDBTC","RLCETH","VIABNB","IOSTETH","REQETH","AEBNB","RVNBTC","APPCBNB","POAETH","DATAETH","DOCKBTC","MTHBTC","ADXETH","STORJBTC","NCASHBNB","RENBTC","MDAETH","DASHETH","QKCETH","MFTBNB","MANAETH","STEEMBNB","REQBTC","SYSBNB","BATBNB","NANOBNB","CVCBNB","QSPBTC","SNMETH","BCNBTC","BATETH","SCBNB","SNGLSETH","LTCUSDC","RDNETH","DATABTC","TRIGETH","NASETH","NCASHETH","AIONBNB","BCPTETH","XZCETH","QKCBTC","YOYOBTC","ENGETH","MTHETH","SCETH","CDTBTC","SNMBTC","FUNBTC","POEBTC","BTGETH","WPRBTC","WTCBNB","BCPTBTC","BTSBTC","NEOBNB","FUELETH","BCCBNB","BCHSVTUSD","LTCTUSD","HSRETH","ZENETH","KEYETH","WABIBNB","CHATETH","TRXPAX","VETBNB","GOBNB","DENTETH","VIBEETH","ZENBNB","ARDRBTC","STRATETH","ZILBNB","KNCETH","AGIBNB","BCNETH","XZCXRP","RVNBNB","XVGETH","DENTBTC","PHXBTC","MITHBNB","AMBETH","BCHABCPAX","NEBLETH","STORMETH","NXSBNB","MFTBTC","SCBTC","TNBETH","LOOMETH","TRXBTC","NAVBNB","WABIETH","IOTABNB","LOOMBNB","GOBTC","RCNETH","RLCBNB","GRSETH","ARDRETH","QTUMBNB","SNTBTC","WPRETH","IOTXBTC","WTCETH","MCOETH","CVCBTC","QTUMETH","BCPTBNB","OSTBTC","ENJBTC","QLCETH","QSPBNB","RPXBTC","REPBNB","BCCETH","VENBNB","CHATBTC","SYSETH","EDOETH","BCDETH","BTSETH","BCNBNB","PHXBNB","SKYBNB","CNDETH","CNDBTC","AMBBNB","CDTETH","LSKBNB","VIAETH","GTOBNB","STEEMETH","TRIGBNB","IOTXETH","USDCBTC","CLOAKETH","IOSTBTC","VIBETH","OSTBNB","KEYBTC","ARDRBNB","QSPETH","POEETH","NASBNB","VENETH","ARKETH","SUBETH","MCOBNB","BCHSVUSDC"]}