{"data":{"DUSKBTC":0.9448396578,"EVXBTC":0.9346048723,"DUSKUSDT":0.9283774946,"COSBTC":0.9074562991,"ARDRBTC":0.8687944529,"COSUSDT":0.8601962604,"OAXBTC":0.8598989813,"NULSUSDT":0.8554514001,"LUNBTC":0.829096398,"NXSBTC":0.8238575644,"DUSKBNB":0.8233241988,"COSBNB":0.7928263546,"VIABTC":0.7920715189,"ANKRBNB":0.7901959826,"ANKRUSDT":0.7673485844,"EDOBTC":0.7638938588,"FUELETH":0.7565933835,"MITHUSDT":0.7371659622,"IOSTUSDT":0.736462837,"HOTUSDT":0.7299910985,"DCRBTC":0.7272230379,"NAVBTC":0.7215903883,"IOSTETH":0.718857245,"LTCUSDC":0.6963982297,"HOTBNB":0.6796131046,"NULSBTC":0.6760844246,"MATICUSDT":0.6708090557,"RDNBTC":0.6671995017,"RENBTC":0.6643762974,"STORJBTC":0.66034751,"ERDBNB":0.6555402618,"USDCPAX":0.6546769998,"ALGOBTC":0.6533967114,"TFUELUSDT":0.6493764248,"ALGOUSDT":0.6340253791,"NANOUSDT":0.6300040782,"ZECUSDT":0.6286731686,"MATICBNB":0.6261395528,"ADXBTC":0.6235596002,"RVNBNB":0.6195671508,"ETCBTC":0.6164931476,"DGDBTC":0.6154142874,"WANBTC":0.6122921296,"ERDUSDT":0.60948848,"CELRUSDT":0.600759924,"ZENBTC":0.599261198,"VETBNB":0.5834340134,"ETCUSDT":0.57422755,"NANOETH":0.5723868916,"CELRBNB":0.5533668766,"ALGOBNB":0.5508495241,"LTCUSDT":0.5451977182,"WINUSDT":0.5428677296,"LTCBNB":0.5425474481,"WABIBTC":0.5343678761,"FETUSDT":0.5212323856,"LTCTUSD":0.5177427205,"RENBNB":0.5129770807,"PPTBTC":0.511530896,"LTCPAX":0.5048950892,"GASBTC":0.5035763589,"ONEUSDT":0.494335221,"NANOBTC":0.4915017422,"BNBUSDT":0.4885861675,"WTCBTC":0.4881243865,"VETUSDT":0.4849392866,"LTCBTC":0.4826385082,"MDABTC":0.4768998769,"ETCETH":0.47394137,"REPBTC":0.473627272,"LINKUSDT":0.4721564228,"WINBNB":0.4637086289,"LTCETH":0.4503336485,"ETHUSDC":0.4458386002,"LINKBTC":0.4404586289,"XMRBNB":0.4325678106,"STEEMBTC":0.4266348535,"BNBUSDC":0.4198944653,"WAVESUSDT":0.4171377283,"ZECBTC":0.4153988689,"QKCETH":0.4134812851,"THETABTC":0.4058187896,"QTUMBTC":0.4039369164,"BNBETH":0.3974862608,"ALGOUSDC":0.3838434825,"VETETH":0.3828354852,"DOGEUSDT":0.3791351177,"BATBNB":0.3711669793,"ONEBNB":0.370209768,"FETBTC":0.3675644,"RLCBTC":0.3663824709,"USDCUSDT":0.3579596202,"GXSBTC":0.3577079915,"NEOUSDT":0.352648237,"FTMBNB":0.3428398614,"FETBNB":0.3296958977,"ETHUSDT":0.3247714535,"BRDBTC":0.307241216,"NEOBNB":0.304855987,"ENGBTC":0.3032536141,"BNBTUSD":0.2925398489,"BNBBTC":0.2906489383,"BQXBTC":0.2905353546,"LINKETH":0.2768579382,"TRXUSDT":0.273163423,"ZRXETH":0.2730345248,"ZECETH":0.2721236589,"ZRXUSDT":0.2661378645,"XZCBTC":0.2634492314,"XRPUSDT":0.2565568642,"QTUMUSDT":0.2562163056,"WAVESBTC":0.2521313273,"BRDBNB":0.2513360785,"XMRETH":0.2378891571,"BATUSDT":0.2222617527,"XRPBNB":0.2221597824,"TUSDUSDT":0.2208777363,"KNCBTC":0.2169357503,"BATETH":0.2160520066,"NEOETH":0.2087572402,"BATBTC":0.2058920007,"BNBPAX":0.200798642,"BTGBTC":0.1998535624,"ZRXBTC":0.1975578925,"BTCPAX":0.1959972183,"BTTBNB":0.1944778147,"ONTBTC":0.1887138404,"ONTETH":0.1879687998,"KNCETH":0.1816035005,"XMRBTC":0.1781156416,"THETAUSDT":0.172346909,"XMRUSDT":0.1714646405,"EOSBNB":0.1614094341,"WAVESETH":0.1607594083,"LINKUSDC":0.1564733111,"SKYBTC":0.1559522189,"BTCUSDT":0.1519670512,"XLMETH":0.1509950496,"XRPTUSD":0.1377413124,"XRPETH":0.1343472058,"ETHPAX":0.1276571405,"ONTUSDT":0.1241580488,"ETHBTC":0.1236376402,"GRSBTC":0.1154562362,"XLMBNB":0.1141090495,"BCHABCBTC":0.1133910639,"ATOMBNB":0.1093814507,"IOTAETH":0.104695787,"DASHBTC":0.0915761354,"TRXETH":0.0888839148,"ADABNB":0.0865566052,"ADAUSDT":0.07267649,"PIVXBTC":0.0670069168,"TRXUSDC":0.0624558322,"FTMUSDT":0.0621357207,"TRXXRP":0.0567036743,"OMGUSDT":0.0533436998,"BTTUSDT":0.0530365883,"MTLBTC":0.0483961816,"POLYBTC":0.0465565108,"XLMUSDT":0.04559395,"ICXBTC":0.0396570193,"BCHABCUSDT":0.037586094,"BCHABCUSDC":0.0310417915,"TRXBNB":0.0164683579,"WINUSDC":0.0124623955,"PAXUSDT":0.0031046837,"AIONBTC":-0.0016248839,"DASHETH":-0.0028121825,"KMDBTC":-0.0031429024,"ICXUSDT":-0.0103553108,"XRPUSDC":-0.0148642048,"XRPBTC":-0.014872391,"INSBTC":-0.0245686829,"IOTAUSDT":-0.0268893395,"BTCTUSD":-0.0281983496,"HCBTC":-0.0333799455,"OMGBTC":-0.0366499331,"ADABTC":-0.0486601085,"ATOMBTC":-0.056054056,"ENJBTC":-0.0629667825,"NEOBTC":-0.0642075101,"LSKBTC":-0.0683018943,"BCHABCPAX":-0.0697023776,"IOTABTC":-0.0769955817,"LINKTUSD":-0.0775033656,"OMGETH":-0.0910157258,"BTCUSDS":-0.1012906453,"ETHTUSD":-0.1019371819,"ICXETH":-0.1105223964,"ARNBTC":-0.1193995623,"ADAUSDC":-0.1294083464,"ENJUSDT":-0.1357445143,"EOSPAX":-0.1358655033,"XLMBTC":-0.1456907594,"USDCTUSD":-0.1572706627,"DASHUSDT":-0.1652699061,"BTCUSDC":-0.1674956471,"ZILUSDT":-0.1692843003,"LINKPAX":-0.1803060871,"ENJETH":-0.1886457835,"EOSBTC":-0.201626944,"ADAETH":-0.2021623157,"NEBLBTC":-0.2073762778,"ELFBTC":-0.2077866572,"ARKBTC":-0.2245522408,"GVTBTC":-0.2328184181,"USDSUSDT":-0.2358013462,"XRPPAX":-0.2653588975,"PAXTUSD":-0.3221616758,"ATOMUSDT":-0.3424038391,"ZILETH":-0.348415118,"ZECBNB":-0.3530479435,"EOSUSDC":-0.3606765807,"AEBTC":-0.3882184183,"EOSUSDT":-0.3929214954,"EOSETH":-0.4011027627,"BCHABCTUSD":-0.4147385355,"STRATBTC":-0.4536527603,"BCDBTC":-0.6088207585,"MCOBTC":-0.6252957764,"NASBTC":-0.7945109085},"startDate":"2019-08-03","endDate":"2019-08-10","numDays":7,