{"data":{"EVXBTC":0.9437162639,"VIABTC":0.9348158223,"NAVBTC":0.9148284641,"WINGSBTC":0.9092659761,"DGDBTC":0.9081593788,"WABIBTC":0.9019416749,"RDNBTC":0.8918579115,"STORJBTC":0.8900336935,"WINGSETH":0.8835175071,"BQXBTC":0.8675899758,"MODBTC":0.8483197123,"LRCBTC":0.8437862536,"ADXBTC":0.8356301009,"LRCETH":0.834271251,"BCPTBTC":0.8333787046,"LUNBTC":0.8240063707,"EVXETH":0.822742445,"BQXETH":0.8182199769,"GXSBTC":0.8140784535,"EDOBTC":0.8131232716,"GVTBTC":0.8114070663,"DLTBTC":0.8044579448,"CLOAKBTC":0.7921580709,"LUNETH":0.7738526615,"OAXBTC":0.7612270261,"DOCKETH":0.7598149249,"ZENBTC":0.758469627,"RLCBTC":0.7458952155,"DLTETH":0.7246096927,"HCBTC":0.7019099108,"PIVXBTC":0.697347828,"CMTBTC":0.6917432719,"GRSBTC":0.6916647113,"SALTBTC":0.6835161141,"XZCBTC":0.6753558129,"MDABTC":0.6658033037,"WAVESBTC":0.6648533244,"OAXETH":0.664818827,"NANOBTC":0.6519324075,"WAVESETH":0.6460738289,"FUNETH":0.6422244521,"NEOTUSD":0.641866653,"NULSBTC":0.6362344421,"ARNBTC":0.6226002357,"ARNETH":0.622119823,"STEEMBTC":0.6172421071,"BRDBTC":0.605560438,"VIBEETH":0.6000335129,"BCPTETH":0.5968035612,"TNTETH":0.5924755752,"NXSBTC":0.5759253702,"LINKBTC":0.4973951482,"GASBTC":0.4934160261,"STRATBTC":0.4924292178,"KMDBTC":0.49137906,"BNBPAX":0.48949374,"STRATETH":0.4785656775,"CMTETH":0.4715951218,"NULSUSDT":0.4690234919,"ZRXBTC":0.452190482,"VETUSDT":0.4514849046,"NEBLBTC":0.4479403101,"NEOBTC":0.4402972754,"REPBTC":0.4355715973,"ELFBTC":0.4294949243,"MTLBTC":0.4265161192,"TRXXRP":0.4099878945,"SNTETH":0.4025084932,"TRXETH":0.3888957907,"LINKETH":0.3789905431,"GTOETH":0.3723494993,"XLMTUSD":0.3613264303,"BCDBTC":0.3539693045,"ETCBTC":0.337242999,"NEOETH":0.3305930129,"LINKUSDC":0.3137675642,"ARKBTC":0.3074321968,"AIONBTC":0.3064391098,"VETETH":0.2999787927,"LINKUSDT":0.2899187656,"PPTBTC":0.2852737607,"XLMUSDC":0.2807850137,"INSBTC":0.2655767039,"SKYBTC":0.2534241135,"EOSUSDC":0.2489679316,"POWRBTC":0.2469342072,"BCHABCUSDT":0.2466880755,"NEOUSDT":0.2352140479,"DCRBTC":0.2312788228,"BNBUSDT":0.2249294303,"POLYBTC":0.2054126347,"ETCUSDT":0.1934754831,"ZILETH":0.1916817426,"XLMETH":0.190049504,"POWRETH":0.1868516101,"MCOBTC":0.1854380309,"XMRBTC":0.1670526627,"USDCPAX":0.1627288131,"BNBBTC":0.149155196,"BCHABCBTC":0.1421340072,"REPETH":0.1341151481,"USDCTUSD":0.1243565867,"NASBTC":0.1228469504,"TRXUSDT":0.1144905903,"TUSDUSDT":0.1143033166,"WANETH":0.1121176436,"OMGBTC":0.1073518152,"ETHUSDC":0.1050927726,"ONTETH":0.0939373576,"WTCBTC":0.0912533201,"PAXUSDT":0.0834921538,"BNBETH":0.0777763556,"LSKBTC":0.0551924314,"XMRETH":0.0455849189,"DASHBTC":0.0427413183,"BATBTC":0.0391746479,"KNCBTC":0.0376622638,"XLMUSDT":0.0297542643,"BCHSVUSDT":0.0253612515,"ONTBTC":0.0201707177,"ONTUSDT":0.0162292163,"ADABNB":0.0161403293,"BCHSVBTC":0.009671965,"WANBTC":0.0026147094,"ETHUSDT":0.0022401053,"LTCETH":-0.016669698,"EOSBTC":-0.0217812631,"LTCUSDT":-0.0237338832,"XLMPAX":-0.0379357597,"PAXTUSD":-0.0432793834,"TUSDETH":-0.0448345158,"AEBTC":-0.0478998127,"ETHPAX":-0.049601734,"TRXBNB":-0.0617125287,"LTCBTC":-0.0627369494,"XRPETH":-0.0756665735,"BTCPAX":-0.0775543296,"QTUMBTC":-0.0924904193,"XRPUSDT":-0.0940025572,"AEETH":-0.1265022009,"XRPBNB":-0.128309271,"EOSUSDT":-0.1401955918,"TUSDBTC":-0.1459991633,"ICXUSDT":-0.1562793002,"LINKTUSD":-0.1586048395,"ADAETH":-0.1601003195,"EOSPAX":-0.1640048775,"ICXBTC":-0.1748333914,"BTCUSDC":-0.1778094402,"XRPUSDC":-0.185173163,"BNBUSDC":-0.1852208019,"TUSDBNB":-0.1950912145,"ETHBTC":-0.2253043525,"IOTABTC":-0.2297987556,"XRPBTC":-0.2350983553,"ZECBTC":-0.2482735281,"IOTAETH":-0.2483219048,"BTCUSDT":-0.2634022017,"EOSETH":-0.271262032,"TRXTUSD":-0.2772886074,"XRPTUSD":-0.2989717774,"ADATUSD":-0.3054595116,"QTUMUSDT":-0.3263956872,"XRPPAX":-0.3500998085,"IOTAUSDT":-0.35621343,"LTCBNB":-0.3647509465,"USDCUSDT":-0.3704145163,"ADAUSDT":-0.3804309572,"BTGBTC":-0.4180876855,"BNTBTC":-0.4780593916,"ENGBTC":-0.5417564828},"startDate":"2019-01-17","endDate":"2019-01-24","numDays":7,"excludedPairs":["LINKPAX","YOYOETH","LOOMETH","BATBNB","ELFETH","NEOBNB","XVGBTC","RENBNB","BCCBNB","DNTBTC","PHXBNB","VIBEBTC","QSPBNB","NPXSBTC","XLMBNB","ADXBNB","MFTETH","VIAETH","BTGETH","ARDRBTC","IOSTBTC","HOTETH","SNGLSETH","SNGLSBTC","CDTETH","VENETH","NULSETH","POEBTC","POABTC","BCPTBNB","TRXBTC","MCOETH","MODETH","WTCBNB","MITHBTC","MANAETH","QSPETH","IOTXETH","CNDBTC","NAVETH","APPCETH","BCCUSDT","NXSBNB","CVCBTC","XZCETH","SUBBTC","IOTXBTC","THETAETH","GRSETH","NCASHETH","RPXBNB","TRIGBNB","INSETH","ZENETH","LOOMBTC","STEEMETH","BCHSVPAX","PHXETH","BTSBNB","WAVESPAX","PPTETH","GOBNB","ARDRBNB","NXSETH","GNTBNB","RDNETH","OSTETH","STORJETH","THETABTC","DENTETH","BCHABCTUSD","POWRBNB","AMBBNB","POEETH","XEMETH","RCNETH","QLCBNB","MTHETH","NEBLETH","PHXBTC","IOTABNB","MTHBTC","BCHABCPAX","BCNBTC","SNMETH","NEBLBNB","ARDRETH","MITHBNB","LENDBTC","LSKETH","NASBNB","REPBNB","HSRBTC","SKYBNB","CHATETH","ONTBNB","BCHSVUSDC","MDAETH","BCCBTC","WANBNB","GNTETH","SALTETH","RVNBNB","DATABTC","XZCBNB","ENJBTC","KMDETH","APPCBNB","WAVESBNB","PAXBTC","POABNB","WTCETH","NULSBNB","CDTBTC","VETBTC","BCHABCUSDC","AIONBNB","BLZETH","CVCBNB","BRDBNB","WPRBTC","MANABTC","NAVBNB","AGIBTC","RPXETH","VENBTC","QSPBTC","VETBNB","DOCKBTC","XZCXRP","CHATBTC","PAXETH","SYSBTC","DGDETH","FUELETH","USDCBTC","QTUMETH","VIBETH","QKCBTC","VENBNB","GNTBTC","NCASHBNB","POAETH","ZILBTC","DCRBNB","REQBTC","ZILBNB","STORMBNB","QLCBTC","GTOBTC","DLTBNB","GOBTC","BCNETH","CVCETH","LOOMBNB","ETCBNB","KEYBTC","IOSTETH","ADABTC","BCDETH","RDNBNB","BRDETH","MTLETH","AMBBTC","SCETH","NPXSETH","ICNETH","CNDETH","NANOETH","ICXETH","SNMBTC","SYSBNB","ASTETH","WAVESTUSD","QKCETH","MCOBNB","AGIETH","SCBNB","HCETH","ICNBTC","GXSETH","ADXETH","EOSTUSD","XVGETH","STEEMBNB","RVNBTC","BCCETH","ZECETH","GVTETH","ZRXETH","REQETH","NASETH","TNTBTC","DASHETH","SUBETH","BTSBTC","FUELBTC","RCNBNB","RCNBTC","WABIETH","HOTBTC","ETCETH","XEMBTC","YOYOBTC","KNCETH","WAVESUSDT","EDOETH","QLCETH","DNTETH","VIBBTC","KEYETH","APPCBTC","XLMBTC","TNBBTC","BLZBTC","ASTBTC","BNTETH","OSTBTC","DATAETH","WABIBNB","TRIGBTC","ZENBNB","TNBETH","AIONETH","BCNBNB","STORMETH","OMGETH","SNTBTC","MFTBNB","LENDETH","WAVESUSDC","RLCBNB","BATETH","WPRETH","PAXBNB","ICXBNB","AMBETH","YOYOBNB","HSRETH","CMTBNB","SCBTC","CLOAKETH","PIVXETH","VIABNB","NCASHBTC","TRIGETH","OSTBNB","SYSETH","FUNBTC","RLCETH","EOSBNB","THETABNB","GTOBNB","ARKETH","AGIBNB","XEMBNB","DENTBTC","RENBTC","USDCBNB","LSKBNB","AEBNB","RPXBTC","BLZBNB","CNDBNB","SKYETH","STORMBTC","ENJETH","PIVXBNB","NANOBNB","BTSETH","ENJBNB","MFTBTC","ENGETH","BCHSVTUSD","VENUSDT","POLYBNB","QTUMBNB"]}