{"data":{"PHXETH":0.9765249964,"PPTBTC":0.9576283116,"EDOBTC":0.9539877113,"BRDBTC":0.9479814267,"BTTUSDT":0.9357977913,"MANABTC":0.9289139364,"NXSBTC":0.9283991276,"MANAETH":0.9216764556,"POLYBTC":0.9214722138,"RVNBNB":0.920102542,"ASTBTC":0.9147853576,"GRSBTC":0.9096243951,"MDABTC":0.9010991553,"LUNBTC":0.8984106476,"GVTBTC":0.8936805728,"FUELETH":0.8929683266,"OAXBTC":0.8692102302,"LOOMBNB":0.8680544159,"BCHSVBTC":0.8592181758,"BCHSVUSDT":0.8589051948,"BLZBTC":0.8503514525,"RVNBTC":0.8434269861,"MDAETH":0.8282779626,"BTTBNB":0.8228252094,"PIVXBTC":0.8131586683,"KNCBTC":0.8074773612,"BNBUSDC":0.7988862929,"ENJBNB":0.7964246881,"LOOMETH":0.7962582094,"KNCETH":0.7823742186,"MCOBTC":0.7658723002,"DLTBTC":0.7647785415,"APPCBTC":0.762581932,"APPCETH":0.7600960376,"VIABTC":0.75921595,"BQXBTC":0.758129088,"ZRXBTC":0.7530853392,"RDNBTC":0.7504890481,"LTCUSDT":0.7464578442,"ARKBTC":0.7428779283,"LOOMBTC":0.7391418993,"LTCBTC":0.7348803537,"ZRXETH":0.714846542,"SKYBTC":0.7041068718,"BCPTBTC":0.7016418107,"ENJETH":0.6946127276,"POWRBTC":0.6899941982,"ENJBTC":0.681087757,"EVXBTC":0.6680092913,"BNBUSDT":0.6632076553,"MFTETH":0.6612455231,"ARNBTC":0.6305058722,"DGDBTC":0.6266916994,"STORJBTC":0.6173163016,"OMGETH":0.6025320117,"ONGBTC":0.5813840719,"ICXBNB":0.5809788107,"AIONBTC":0.580542247,"XLMTUSD":0.5787497262,"LTCETH":0.5743520013,"BNBBTC":0.5707188446,"XRPUSDT":0.5677677631,"XRPPAX":0.5482065451,"OMGBTC":0.5325922182,"NASBTC":0.5286488962,"PAXTUSD":0.5228916941,"ARNETH":0.5215562924,"LTCTUSD":0.5102144552,"NEBLBTC":0.5048844616,"LTCUSDC":0.5044573286,"XRPBTC":0.5019849815,"XZCBTC":0.4965341033,"QTUMUSDT":0.4938693164,"INSETH":0.4918474055,"WTCBTC":0.4910599074,"HOTBNB":0.4896846567,"NULSBTC":0.4765996754,"ICXUSDT":0.4711805219,"AEBTC":0.4659642289,"KMDBTC":0.4607840205,"INSBTC":0.4541347964,"ELFETH":0.4460664268,"AEETH":0.4390908045,"XRPUSDC":0.4371825192,"ELFBTC":0.4360143675,"ZENBTC":0.4342542099,"STRATBTC":0.4219919674,"ONGUSDT":0.4196632147,"QTUMBTC":0.414535131,"ADXBTC":0.4141207549,"HOTUSDT":0.4133345792,"XLMUSDT":0.4060735837,"USDSUSDC":0.3829910562,"BATBNB":0.3798224053,"GASBTC":0.3770095951,"LTCBNB":0.3715105793,"EOSPAX":0.3650432465,"ONTBTC":0.3649609198,"ETHPAX":0.3612500554,"GXSBTC":0.3408424917,"NANOBTC":0.3365738651,"ETHBTC":0.3291174624,"STEEMBTC":0.3266721249,"REPBTC":0.3226029533,"ICXETH":0.3201397674,"XLMETH":0.3158006102,"ETHUSDT":0.3156304829,"BNBETH":0.3090009285,"USDCTUSD":0.2809124306,"TUSDETH":0.2726770519,"ENGBTC":0.2724596642,"TUSDBNB":0.2630401838,"NEOUSDT":0.2629726323,"IOTABTC":0.2551873201,"ICXBTC":0.2333466322,"CVCBTC":0.2275217043,"BATBTC":0.2239764915,"XLMBNB":0.2236020443,"BCHABCUSDT":0.2179564049,"ZILUSDT":0.2082848027,"BNTBTC":0.2001013266,"LSKBTC":0.1967080659,"NEOBTC":0.1963203874,"ONTETH":0.1878303434,"TUSDBTC":0.182014077,"ONTUSDT":0.1773243983,"ZECBTC":0.175123322,"NEOETH":0.1745523114,"BATETH":0.1370298438,"BCHABCBTC":0.1353891351,"XRPTUSD":0.1171184063,"WAVESUSDT":0.094110542,"ONTBNB":0.0787126638,"HCBTC":0.072852757,"BTGBTC":0.0630658166,"LINKUSDT":0.047789198,"XRPETH":0.040024844,"WANBTC":0.0347069303,"WABIBTC":0.033417148,"PAXUSDT":0.0307427644,"VETUSDT":0.0019520924,"LINKBTC":-0.0288070106,"ETHUSDC":-0.0312215439,"USDCPAX":-0.0434888593,"EOSTUSD":-0.0436733744,"EOSUSDC":-0.0490997217,"EOSBNB":-0.066075316,"USDSPAX":-0.0667259767,"USDCUSDT":-0.0766083268,"ZILETH":-0.0908399342,"XRPBNB":-0.1041305772,"ETCUSDT":-0.1086894698,"THETAETH":-0.1127645611,"WAVESBTC":-0.1171763117,"TUSDUSDT":-0.1205159586,"TRXBNB":-0.1324483633,"RLCBTC":-0.1494592697,"BTCPAX":-0.1497773205,"THETABTC":-0.1743251015,"ADAUSDT":-0.1880353966,"IOTAUSDT":-0.1954141364,"NEOTUSD":-0.1957970515,"BCHABCTUSD":-0.204850727,"ADABNB":-0.2054390734,"EOSUSDT":-0.2092813795,"EOSETH":-0.2107950211,"NEOBNB":-0.212921061,"EOSBTC":-0.2250700818,"BTCUSDS":-0.2360361531,"THETABNB":-0.2495580359,"BNBPAX":-0.2520327917,"BCDBTC":-0.2912866127,"ADAETH":-0.2943737756,"XMRBTC":-0.3220804646,"MTLBTC":-0.3241554105,"BTCUSDT":-0.3346446251,"ETCETH":-0.3567485053,"ETCBTC":-0.4636245872,"TRXETH":-0.4651257836,"TRXUSDT":-0.5051117305,"TRXXRP":-0.5070403551,"DCRBTC":-0.5386338538,"BTCUSDC":-0.5804375506,"DASHBTC":-0.69846911,"TRXTUSD":-0.7483497455},"startDate":"2019-02-27","endDate":"2019-03-06","numDays":7,"excludedPairs":["PHXBTC","BTTBTC","CVCETH","BTTPAX","BCHABCUSDC","ZENETH","ADXBNB","MFTBNB","ARDRBNB","SCBNB","AGIBTC","USDCBNB","XMRETH","POLYBNB","POABTC","BRDETH","ETCBNB","ZRXBNB","MTHETH","KEYETH","NCASHBTC","SKYETH","XLMPAX","VETETH","BNTETH","XZCXRP","SUBETH","CNDBTC","QSPBTC","STORMBTC","BCCBNB","XZCETH","XLMBTC","BTSBTC","WINGSBTC","CHATETH","STRATETH","LRCBTC","CVCBNB","TRIGBNB","OSTBTC","TNBETH","WAVESUSDC","DATABTC","WABIETH","CDTETH","TRXUSDC","SYSETH","MCOETH","REPBNB","NASETH","FUNETH","REQBTC","SNGLSETH","ZRXUSDT","VIBEETH","LRCETH","VENUSDT","KMDETH","XEMBTC","QLCBNB","POWRETH","TRIGETH","HSRETH","CLOAKBTC","BTSBNB","OSTETH","POWRBNB","XEMETH","MTLETH","NULSETH","XVGBTC","BLZBNB","POABNB","LSKBNB","FETBNB","CNDETH","CMTETH","RENBNB","BTSETH","PAXBTC","QSPBNB","RPXETH","QSPETH","BCNBNB","RCNETH","LENDBTC","LSKETH","GNTBTC","LINKETH","SCBTC","LENDETH","SALTBTC","REQETH","BCPTBNB","FUELBTC","DCRBNB","GVTETH","CMTBNB","VENBTC","PHXBNB","DENTETH","VENBNB","LINKUSDC","WAVESPAX","VETBTC","VIBEBTC","PIVXETH","VENETH","GNTBNB","TRXPAX","WANETH","NAVBTC","SYSBTC","DNTBTC","QKCETH","BTTUSDC","DENTBTC","ICNETH","BCCUSDT","AMBBTC","BCCBTC","HOTBTC","NCASHETH","WPRETH","ADATUSD","GTOBNB","RCNBTC","CDTBTC","WABIBNB","NANOETH","NULSUSDT","QLCETH","BTTTUSD","EVXETH","WPRBTC","RPXBNB","APPCBNB","BCHSVTUSD","XEMBNB","SALTETH","CHATBTC","WAVESBNB","FETUSDT","ICNBTC","HSRBTC","MFTBTC","ARDRETH","LTCPAX","RDNETH","CLOAKETH","QTUMBNB","STEEMBNB","QKCBTC","GOBNB","NANOBNB","GTOETH","MODBTC","NPXSETH","SKYBNB","VETBNB","USDSUSDT","MCOBNB","SNMETH","NEBLBNB","USDSTUSD","GRSETH","DOCKETH","ASTETH","ONGBNB","RPXBTC","DLTETH","RLCBNB","HOTETH","GOBTC","IOTXBTC","BCHSVUSDC","TNBBTC","BTGETH","NAVETH","POEBTC","HCETH","ZECETH","NASBNB","NCASHBNB","DNTETH","MTHBTC","QLCBTC","MITHBNB","NAVBNB","TNTETH","GTOBTC","GNTETH","STORMETH","SYSBNB","IOSTBTC","STEEMETH","ZENBNB","BCPTETH","SUBBTC","AMBETH","VIBETH","FETBTC","PPTETH","IOTXETH","WTCBNB","QTUMETH","ADXETH","AIONBNB","BATUSDT","ENGETH","SCETH","BCHABCPAX","POEETH","PIVXBNB","STORMBNB","IOTAETH","ZILBTC","VIBBTC","YOYOBNB","DASHETH","AMBBNB","WTCETH","VIABNB","TRXBTC","POAETH","SNTBTC","TRIGBTC","BCDETH","AGIETH","AGIBNB","AIONETH","ARKETH","USDCBTC","BCHSVPAX","OSTBNB","WAVESETH","NULSBNB","EDOETH","XZCBNB","TNTBTC","OAXETH","RLCETH","XVGETH","STORJETH","MITHBTC","IOSTETH","DOCKBTC","NEBLETH","SNMBTC","WINGSETH","DLTBNB","BNBUSDS","DGDETH","ARDRBTC","XLMUSDC","ADABTC","LINKPAX","LUNETH","BCNETH","RENBTC","BLZETH","DATAETH","NXSBNB","FUNBTC","PAXBNB","CMTBTC","BRDBNB","LINKTUSD","CNDBNB","YOYOBTC","GXSETH","ZILBNB","REPETH","KEYBTC","BCCETH","MODETH","WANBNB","RCNBNB","YOYOETH","IOTABNB","NPXSBTC","BQXETH","WAVESTUSD","NXSETH","SNGLSBTC","VIAETH","BCNBTC","RDNBNB","PAXETH","SNTETH","AEBNB"]}