{"data":{"ADXBTC":0.9938602685,"BTSBTC":0.983509789,"DLTBTC":0.9786994516,"VIBBTC":0.9781243802,"MANABTC":0.9485662132,"RLCBTC":0.9453701276,"NAVBTC":0.9437457625,"VIBETH":0.9383932384,"NULSBTC":0.93688931,"VIABTC":0.9329440331,"REPBTC":0.9290063339,"KNCBTC":0.9288407724,"NULSUSDT":0.9285053293,"QLCETH":0.9260462417,"XZCBTC":0.9244077434,"QLCBTC":0.9222634389,"POWRBTC":0.9172216954,"MANAETH":0.9171930925,"BQXBTC":0.9159630876,"APPCBTC":0.9092781633,"RDNBTC":0.9084088794,"LUNBTC":0.9048683101,"SKYBTC":0.899942122,"OAXBTC":0.8978011692,"WABIBTC":0.895513981,"NEBLBTC":0.8897972179,"BRDBTC":0.8852028512,"DGDBTC":0.8826108292,"AMBBTC":0.8818946251,"WABIBNB":0.8706750368,"GNTBTC":0.8678869084,"EVXETH":0.8669000721,"GXSBTC":0.8537469701,"ARDRBTC":0.8448133294,"LINKBTC":0.8437611455,"LSKBTC":0.8428563013,"PIVXBTC":0.8331744254,"WABIETH":0.8324581858,"POLYBTC":0.8189226466,"GXSETH":0.803195407,"EOSTUSD":0.7991427876,"BATBTC":0.7981884191,"POLYBNB":0.7951092371,"DCRBTC":0.7848154498,"BLZBTC":0.7759129925,"ZRXBTC":0.7758139741,"BNBETH":0.7695584839,"BNBTUSD":0.7683915591,"ASTBTC":0.7638446467,"STORJBTC":0.761966962,"ARNBTC":0.760090687,"QTUMUSDT":0.754610467,"OAXETH":0.7525847093,"KNCETH":0.7493955671,"BNTBTC":0.7481265148,"SYSBTC":0.7389034275,"LINKUSDT":0.728215194,"ZRXETH":0.7230083838,"RVNBTC":0.7126312084,"ICXBTC":0.6997024446,"LINKETH":0.6974629238,"EOSUSDC":0.6934887604,"RVNBNB":0.6919437415,"GVTBTC":0.6817932622,"BNBUSDC":0.672984528,"BATUSDT":0.6722916724,"BATBNB":0.6706648995,"ENGETH":0.6701197867,"QTUMBTC":0.667706031,"ZENBTC":0.6638537416,"ELFBTC":0.6580616462,"BATETH":0.6521594961,"DASHBTC":0.649152797,"ENGBTC":0.6389906243,"OMGBTC":0.6300263047,"ZRXUSDT":0.6232248092,"PPTBTC":0.621750082,"ARNETH":0.6211232162,"FETBTC":0.6201092455,"EOSBTC":0.6192133912,"INSBTC":0.6110710511,"EVXBTC":0.6037628351,"IOSTUSDT":0.5990786533,"WTCBTC":0.5843505328,"BNBBTC":0.5826813199,"AEBTC":0.5597193055,"FETBNB":0.5483733203,"STRATBTC":0.5458385573,"ICXETH":0.540146824,"ICXUSDT":0.5380884129,"AIONBTC":0.5246473924,"KMDBTC":0.5159389154,"ETCUSDT":0.5034949809,"ADABTC":0.4825659579,"OMGETH":0.4821635842,"EOSETH":0.4777139755,"GASBTC":0.4740582028,"EOSUSDT":0.4703568635,"MCOBTC":0.4650786443,"BNBUSDT":0.4606163706,"FETUSDT":0.4588554622,"ADAUSDT":0.4503024417,"BNBPAX":0.446481798,"NEOUSDT":0.4441705207,"ETCBTC":0.4434587508,"MDAETH":0.4424352719,"NEOBTC":0.4250971324,"ETHUSDT":0.4220268581,"ADABNB":0.4163343053,"MDABTC":0.4063093197,"LTCPAX":0.4030219129,"NEOETH":0.4010093757,"BCHSVUSDT":0.3951995648,"LTCTUSD":0.3924734565,"ARKBTC":0.3920119902,"BTTBNB":0.371976139,"IOSTETH":0.362586137,"ONTBNB":0.3599912551,"NXSBTC":0.3597842803,"XRPBNB":0.3396434732,"TRXUSDT":0.3109213191,"ZECBTC":0.2865639763,"ADAETH":0.2852397722,"VETUSDT":0.2837806357,"WANBTC":0.2782718578,"EOSBNB":0.2655793426,"NASBTC":0.2654864579,"TRXBNB":0.2533253152,"ETCETH":0.2443406086,"IOSTBNB":0.2385583701,"XRPUSDT":0.2355691665,"NEOBNB":0.2313285248,"GRSBTC":0.2181133107,"LTCUSDT":0.214535896,"HCBTC":0.2072628946,"ONTUSDT":0.2067266122,"BTTUSDT":0.2063800578,"FUELETH":0.1982083929,"VETBNB":0.1971367392,"BTCTUSD":0.1920951722,"ETHPAX":0.1896420741,"ONTBTC":0.1878363289,"WAVESBTC":0.1676680689,"ETHBTC":0.1661577672,"EDOBTC":0.1600963122,"LTCBTC":0.1378292042,"IOTABTC":0.1311115295,"ZECUSDT":0.1174075573,"TRXXRP":0.1125350928,"TRXETH":0.1124177171,"ZILETH":0.1002028236,"BCHABCBTC":0.0997403004,"BCHABCUSDT":0.0955000795,"MTLBTC":0.0883915915,"BCDBTC":0.0879387521,"ONGBTC":0.087224841,"HOTUSDT":0.0825898446,"XLMETH":0.0800749053,"ONGUSDT":0.0779743048,"LTCBNB":0.0595684935,"BCHSVBTC":0.0565564785,"VETETH":0.0560613747,"WAVESUSDT":0.0469743815,"XLMBTC":0.0410003708,"LTCETH":0.0383039422,"TUSDUSDT":0.0242115529,"XRPPAX":0.0112448857,"BTCUSDT":0.0045935633,"ENJBNB":0.0006590959,"XRPETH":-0.0001484756,"ADATUSD":-0.0021365525,"IOTAUSDT":-0.0343159844,"USDSTUSD":-0.0428692841,"BTCPAX":-0.0532298987,"THETABTC":-0.0672188543,"BTGBTC":-0.0703622861,"XLMUSDT":-0.0843234002,"STEEMBTC":-0.0915098462,"ONTETH":-0.0949722792,"USDCPAX":-0.0979722487,"ETHTUSD":-0.1159592192,"BTCUSDC":-0.1374434194,"PAXUSDT":-0.1551728478,"USDCUSDT":-0.1949465088,"ZILUSDT":-0.2165988816,"THETAETH":-0.2182917262,"ETHUSDC":-0.2186531233,"BCHABCTUSD":-0.2229503321,"NANOBTC":-0.2230536754,"XMRBTC":-0.2468242853,"ENJETH":-0.2832190968,"XMRUSDT":-0.2863436208,"XLMBNB":-0.2953728931,"ENJBTC":-0.306403131,"XRPTUSD":-0.3353052422,"XRPBTC":-0.3927942914},"startDate":"2019-03-24","endDate":"2019-03-31","numDays":7,"excludedPairs":["VIABNB","STORMETH","WANETH","ADXBNB","CELRBNB","QLCBNB","BLZBNB","SNGLSETH","WINGSETH","AMBBNB","XRPUSDC","DATABTC","BNBUSDS","SKYETH","NANOETH","SALTETH","XMRETH","TNBBTC","STEEMBNB","BCHSVUSDC","BTSETH","LOOMETH","MTHETH","WPRBTC","XLMPAX","CVCBTC","NULSETH","CNDBNB","SNMETH","STORMBNB","WPRETH","OSTETH","PIVXETH","GOBNB","TRXBTC","VIAETH","ZILBTC","ZECTUSD","ZECBNB","NXSBNB","TRXTUSD","PAXBNB","LSKETH","OSTBNB","REQETH","PHXETH","MCOBNB","ZECPAX","BCNETH","QKCETH","MFTBNB","RCNBTC","XVGETH","VIBEBTC","NEOPAX","TUSDBNB","MTHBTC","MODETH","STORJETH","XZCBNB","QSPETH","RPXBTC","POABNB","SKYBNB","OSTBTC","LINKPAX","ASTETH","IOTABNB","YOYOBTC","BCCUSDT","THETABNB","TRIGBTC","NCASHETH","RLCETH","DNTETH","APPCETH","XLMUSDC","CMTBTC","NXSETH","BQXETH","XLMTUSD","CLOAKETH","WANBNB","AMBETH","QTUMETH","NEBLBNB","ADAPAX","CMTETH","CVCBNB","CELRBTC","ICNBTC","SUBETH","POABTC","AIONBNB","USDSPAX","TUSDETH","HOTBTC","RENBNB","VENETH","DOCKBTC","BCNBTC","SALTBTC","XEMETH","ZRXBNB","RDNETH","GTOBTC","WAVESUSDC","PHXBNB","BCPTBNB","USDCTUSD","BRDETH","INSETH","HSRETH","ARKETH","MODBTC","XZCETH","AIONETH","DNTBTC","TNTBTC","NASBNB","DOCKETH","BTCUSDS","VENBNB","ADAUSDC","RENBTC","RDNBNB","SUBBTC","WTCBNB","XVGBTC","VIBEETH","ARDRBNB","PAXETH","SCBTC","SNMBTC","BTSBNB","GRSETH","TRIGBNB","POEBTC","SNTBTC","NANOBNB","MITHBNB","LINKUSDC","RCNETH","BCDETH","TNTETH","GTOETH","IOTXBTC","ZECUSDC","AGIETH","VENUSDT","WAVESETH","FUNETH","BTTTUSD","SNTETH","DASHBNB","GNTETH","AEBNB","ADXETH","GOBTC","YOYOETH","USDSUSDT","ONGBNB","HOTETH","QTUMBNB","BTGETH","BCNBNB","KMDETH","BCCBTC","BCHABCPAX","LTCUSDC","SNGLSBTC","KEYBTC","APPCBNB","YOYOBNB","BTTPAX","DLTETH","FUNBTC","BLZETH","TUSDBTC","POWRETH","BCHSVPAX","NCASHBNB","TRXUSDC","SYSBNB","BRDBNB","CELRUSDT","DENTETH","RCNBNB","MFTETH","MITHBTC","DATAETH","REPETH","NAVBNB","PAXTUSD","RLCBNB","MTLETH","CDTBTC","USDSUSDC","BCPTBTC","ELFETH","CHATBTC","BTTBTC","POWRBNB","VENBTC","QSPBNB","CHATETH","REPBNB","NULSBNB","BCHABCUSDC","XEMBNB","BCHSVTUSD","SCBNB","FUELBTC","XEMBTC","ZILBNB","ICXBNB","POEETH","DLTBNB","XMRBNB","STORMBTC","SCETH","ZECETH","ZENBNB","LSKBNB","SYSETH","NAVETH","EDOETH","ICNETH","LOOMBTC","REQBTC","WTCETH","LENDETH","KEYETH","NEOUSDC","IOSTBTC","LOOMBNB","NASETH","IOTAETH","RPXBNB","NPXSETH","CMTBNB","CNDBTC","HSRBTC","DCRBNB","PHXBTC","NEBLETH","GNTBNB","GVTETH","ARDRETH","BCPTETH","VETBTC","HOTBNB","BTTUSDC","POAETH","EOSPAX","DASHUSDT","MFTBTC","WAVESBNB","IOTXETH","ZENETH","HCETH","BCCBNB","TRIGETH","AGIBTC","TNBETH","DASHETH","BCCETH","USDCBNB","USDCBTC","CDTETH","DGDETH","LINKTUSD","NEOTUSD","CVCETH","GTOBNB","XZCXRP","AEETH","ETCBNB","NCASHBTC","QKCBTC","STRATETH","TRXPAX","WAVESPAX","LUNETH","LRCBTC","NPXSBTC","PAXBTC","WAVESTUSD","CNDETH","WINGSBTC","STEEMETH","DENTBTC","CLOAKBTC","PIVXBNB","RPXETH","AGIBNB","PPTETH","BNTETH","LENDBTC","LRCETH","MCOETH","QSPBTC"]}