{"data":{"DGDBTC":0.9381491706,"USDSUSDT":0.9180777459,"DGDETH":0.9031867261,"USDSPAX":0.8936014276,"PAXUSDT":0.8808543229,"BCPTBTC":0.8733582906,"USDCPAX":0.8653335374,"APPCBTC":0.8520740857,"USDCUSDT":0.7783003044,"VIBEBTC":0.7774657389,"CVCBTC":0.7696414288,"REPBTC":0.7584816666,"TUSDUSDT":0.7138616691,"WABIBTC":0.7061398205,"EVXBTC":0.7010296035,"LUNBTC":0.6867986638,"NULSUSDT":0.5885415538,"ICXBTC":0.5524393928,"DLTBTC":0.5365234713,"BATUSDT":0.5283507399,"ICXUSDT":0.4812878683,"ICXETH":0.4812468307,"KNCBTC":0.4511720648,"ASTBTC":0.4474312736,"ZENBTC":0.4374022505,"BCDBTC":0.4127384107,"RVNBNB":0.4117226004,"ADXBTC":0.3935047848,"OAXBTC":0.3847400886,"GVTBTC":0.3736323635,"BATBNB":0.364686817,"POABTC":0.3554535031,"ARKBTC":0.3544136257,"BATBTC":0.3408460269,"NULSBTC":0.335544212,"BRDBTC":0.3140748769,"BATETH":0.3108381896,"RDNBTC":0.3014493174,"MITHBTC":0.2852568118,"INSBTC":0.267548809,"NASBTC":0.2640443317,"ONTBNB":0.255020554,"FUELETH":0.2517039087,"QTUMUSDT":0.237619405,"AGIBTC":0.2296671436,"BQXBTC":0.2273610466,"AIONBTC":0.2101345528,"MITHUSDT":0.2052520873,"ADABNB":0.2010900872,"LOOMBTC":0.1735404219,"STEEMBTC":0.1507356183,"NEBLBTC":0.1358314401,"KMDBTC":0.1337515524,"DCRBTC":0.1015875031,"TRXBNB":0.0901622374,"NANOBNB":0.0768165764,"ONTBTC":0.0713443315,"ELFBTC":0.06681937,"ARNBTC":0.0474433007,"ONGBTC":0.0424286202,"GNTBTC":0.0422357385,"RVNBTC":0.0281718758,"ONGUSDT":0.0248225924,"ENGBTC":0.0230517938,"MCOBTC":0.0205298908,"ONTETH":0.011710857,"BNBBTC":0.0088542439,"ENJBTC":0.008384653,"BTTUSDT":0.004057114,"ADAETH":0.0022998344,"TRXETH":-0.0063601871,"LINKBTC":-0.0069518824,"IOTABTC":-0.0102643495,"MITHBNB":-0.0164684597,"FETUSDT":-0.02008717,"IOTAETH":-0.0221969017,"ONTUSDT":-0.0245872263,"NANOUSDT":-0.0292047104,"ADABTC":-0.0346931815,"XZCBTC":-0.0375082737,"RLCBTC":-0.0386943416,"MDABTC":-0.0426862083,"BLZBTC":-0.0438124726,"HCBTC":-0.0440076867,"ENJBNB":-0.0512626245,"GXSBTC":-0.0539294212,"VETBNB":-0.056560075,"NANOBTC":-0.0567250455,"MTLBTC":-0.0571119502,"NANOETH":-0.0718459759,"XMRBTC":-0.0735900171,"TRXUSDT":-0.0747658462,"XEMBTC":-0.0790674052,"POWRBTC":-0.0794453746,"ADAUSDT":-0.0910787846,"CMTBTC":-0.1029580798,"AEBTC":-0.1059004867,"EOSPAX":-0.112082875,"GRSBTC":-0.1156259992,"ENJETH":-0.1267288957,"QKCBTC":-0.1306963542,"XMRETH":-0.1335415139,"LRCBTC":-0.1400379913,"NEOBTC":-0.1401335157,"NASETH":-0.1438581596,"ZECBTC":-0.1441869023,"BCHABCUSDT":-0.1513598647,"XLMBNB":-0.1523093076,"THETABTC":-0.1570666231,"PAXTUSD":-0.1620640852,"IOTAUSDT":-0.1625382488,"VETETH":-0.1640827204,"DASHETH":-0.1647485823,"ZECETH":-0.1653714276,"ZRXBTC":-0.1661135255,"CELRUSDT":-0.1744570316,"MTHBTC":-0.1787499891,"FETBTC":-0.1840164919,"ENJUSDT":-0.1902260718,"XMRUSDT":-0.1936451031,"CELRBNB":-0.1998931688,"WTCBTC":-0.2041977258,"DASHBTC":-0.2052701236,"BCHABCBTC":-0.2066721594,"MFTETH":-0.2149133963,"LTCUSDT":-0.2194064274,"ZECUSDT":-0.2261717279,"EOSBNB":-0.2356043103,"USDCTUSD":-0.2364900534,"LSKBTC":-0.2427702553,"SKYBTC":-0.2445026658,"AMBBTC":-0.2453114599,"ZRXUSDT":-0.2487316461,"IOSTETH":-0.2501364548,"FETBNB":-0.250822163,"NEOUSDT":-0.2535565124,"BTCUSDT":-0.2640254243,"BTTBNB":-0.2666385665,"TRXXRP":-0.2675431265,"BTGBTC":-0.2677814057,"WANBTC":-0.2712241951,"NEOETH":-0.2748876672,"LTCBNB":-0.2819031636,"WAVESBTC":-0.2876655553,"BNBUSDT":-0.2890514337,"ZILETH":-0.2953982734,"HOTUSDT":-0.2988839371,"PIVXBTC":-0.3008753542,"IOSTUSDT":-0.3020293551,"QKCETH":-0.3189203418,"EDOBTC":-0.320548887,"DASHUSDT":-0.3332820497,"POLYBTC":-0.3421417204,"LTCTUSD":-0.3447612505,"XRPBNB":-0.3462840697,"BNBPAX":-0.3477621338,"LTCPAX":-0.3603040716,"BCHABCPAX":-0.3674439797,"BNBUSDC":-0.3682397314,"THETAUSDT":-0.3701486317,"ETCUSDT":-0.384433708,"BNBTUSD":-0.387855345,"LINKUSDT":-0.3893971661,"EOSBTC":-0.4054285918,"LTCBTC":-0.4117533738,"BNBETH":-0.4264615523,"XLMETH":-0.4302143631,"STRATBTC":-0.4322879583,"ADATUSD":-0.4372594036,"EOSUSDT":-0.4377863931,"OMGBTC":-0.441372282,"ZILUSDT":-0.4468251576,"BCHABCUSDC":-0.4499085937,"EOSETH":-0.4621014991,"ETHTUSD":-0.4658770449,"BTCUSDS":-0.4691465298,"BCHABCTUSD":-0.4799403526,"ADAUSDC":-0.4848440733,"ETHBTC":-0.5053081517,"LTCUSDC":-0.5055476784,"NEOBNB":-0.5165491258,"XRPBTC":-0.516612099,"ETHPAX":-0.5245276761,"XRPTUSD":-0.533647625,"EOSTUSD":-0.5347068721,"VETUSDT":-0.5381570208,"LTCETH":-0.547343699,"WAVESUSDT":-0.5527804357,"XRPETH":-0.5586720437,"XLMUSDT":-0.5736515404,"EOSUSDC":-0.5745669723,"QTUMBTC":-0.5770928645,"WAVESETH":-0.6017872062,"ETHUSDT":-0.6102149888,"XRPPAX":-0.6139373414,"ETCBTC":-0.6215539701,"OMGUSDT":-0.6265653475,"BTCTUSD":-0.6667271468,"VIABTC":-0.6701529216,"ETHUSDC":-0.7028317092,"XRPUSDT":-0.7030758751,"BTCPAX":-0.7038101928,"GASBTC":-0.7617520166,"BTCUSDC":-0.7714762127,"XRPUSDC":-0.8148067942},"startDate":"2019-04-22","endDate":"2019-04-29","numDays":7,"excludedPairs":["TRIGETH","BQXETH","NULSBNB","RCNBTC","RENBTC","GOBTC","POABNB","MANABTC","QSPBTC","XLMPAX","POLYBNB","USDCBNB","CVCBNB","RDNETH","AIONBNB","SALTBTC","QLCBTC","VIBBTC","NEOPAX","PAXETH","OSTBTC","VIBEETH","DCRBNB","APPCETH","WPRBTC","BCHSVUSDT","XMRBNB","YOYOBNB","WTCBNB","QTUMBNB","SNTBTC","SNMBTC","OMGETH","REQBTC","TNTBTC","CLOAKETH","RENBNB","OAXETH","MATICBTC","TRIGBNB","NULSETH","BRDETH","STORMETH","MODETH","AMBBNB","ARDRBNB","NXSBNB","RCNBNB","DOCKETH","LUNETH","GTOBNB","QLCETH","OMGBNB","LENDETH","RPXBNB","VIAETH","POEETH","ZECBNB","STEEMBNB","CHATBTC","EDOETH","ARDRBTC","TRXUSDC","VENETH","DATABTC","SKYBNB","HSRBTC","ARDRETH","GTOBTC","QSPETH","USDSUSDC","NPXSETH","LINKETH","DASHBNB","ZECTUSD","XZCETH","WAVESTUSD","TUSDBNB","PPTBTC","ZILBNB","LRCETH","REQETH","TRXTUSD","SNGLSETH","ICNBTC","CNDBNB","BCNBTC","ONGBNB","IOTXETH","GTOETH","TNBBTC","XZCBNB","PAXBNB","PHXBTC","SKYETH","HSRETH","GNTETH","CLOAKBTC","BCCBNB","BRDBNB","HOTETH","CNDBTC","XEMETH","ARNETH","XVGBTC","HOTBTC","IOTXBTC","BNTETH","ZRXETH","THETAETH","HOTBNB","ADXBNB","BTTPAX","NXSETH","REPBNB","POWRETH","XLMUSDC","CELRBTC","MFTBTC","FUNBTC","ADAPAX","BCHSVTUSD","CDTETH","SCBTC","QSPBNB","CMTBNB","VETBTC","BCHSVUSDC","PPTETH","LOOMETH","DLTETH","WINGSBTC","KEYETH","ZECPAX","CHATETH","DNTBTC","AEETH","XLMTUSD","REPETH","WAVESPAX","STORMBTC","ICNETH","STORJETH","XLMBTC","DENTETH","LOOMBNB","ETCETH","MTHETH","INSETH","STRATETH","OSTETH","MATICBNB","BLZBNB","BCCUSDT","CDTBTC","WABIBNB","VENBTC","WAVESUSDC","YOYOETH","SUBETH","RLCBNB","PIVXETH","MATICUSDT","SNMETH","BCHSVPAX","BLZETH","ETCBNB","SCBNB","TUSDETH","BCNBNB","VENUSDT","DATAETH","CNDETH","MODBTC","BNBUSDS","PAXBTC","SUBBTC","WAVESBNB","SYSBTC","ELFETH","BCNETH","LINKPAX","GVTETH","STORJBTC","VENBNB","POWRBNB","WINGSETH","AGIETH","TNTETH","GXSETH","TNBETH","GNTBNB","SNTETH","VIBETH","BCCETH","XZCXRP","ZILBTC","BTTUSDC","NAVETH","HCETH","ZECUSDC","PHXETH","BTSETH","POEBTC","AGIBNB","ICXBNB","DENTBTC","ADXETH","BTGETH","TRIGBTC","NCASHETH","BTTTUSD","KNCETH","ASTETH","BCPTETH","WTCETH","THETABNB","NAVBTC","NXSBTC","YOYOBTC","TRXPAX","SALTETH","NASBNB","WANBNB","BTSBTC","MDAETH","POAETH","SCETH","MCOBNB","WANETH","FUELBTC","RPXBTC","LINKTUSD","RPXETH","SNGLSBTC","KEYBTC","SYSBNB","MCOETH","NEOTUSD","SYSETH","XEMBNB","NEOUSDC","ZENBNB","PIVXBNB","DOCKBTC","EVXETH","ENGETH","NEBLETH","WPRETH","QTUMETH","CVCETH","GOBNB","BCDETH","VIABNB","LSKETH","IOTABNB","ZENETH","RCNETH","LSKBNB","APPCBNB","RDNBNB","PHXBNB","AMBETH","XVGETH","STEEMETH","QLCBNB","DLTBNB","DNTETH","LENDBTC","TRXBTC","BCPTBNB","BNTBTC","FUNETH","BCHSVBTC","NCASHBTC","USDSTUSD","IOSTBTC","NAVBNB","WABIETH","LINKUSDC","USDCBTC","AEBNB","RLCETH","OSTBNB","NCASHBNB","ARKETH","AIONETH","TUSDBTC","IOSTBNB","BCCBTC","BTSBNB","ZRXBNB","NPXSBTC","KMDETH","STORMBNB","CMTETH","MTLETH","GRSETH","MANAETH","MFTBNB","BTTBTC","NEBLBNB"]}