{"data":{"FETBNB":0.9608638031,"FETBTC":0.9157231365,"ICXBTC":0.9037176046,"ENJBTC":0.8991329339,"BATBNB":0.8929767076,"BATBTC":0.8913774418,"FETUSDT":0.8796443483,"DGDBTC":0.8795526922,"DGDETH":0.8794246966,"ASTBTC":0.8788403782,"NASBTC":0.8771650885,"ICXUSDT":0.8768368331,"BATUSDT":0.8756176622,"BCPTBTC":0.8679659174,"ELFBTC":0.8510377644,"BATETH":0.8494016208,"GNTBTC":0.8240162896,"KNCBTC":0.8226797195,"WABIBTC":0.8163519916,"REPBTC":0.7989661799,"POLYBTC":0.7988582078,"DLTBTC":0.7949447981,"AMBBTC":0.7897560177,"LUNBTC":0.7853805563,"AIONBTC":0.782828288,"CVCBTC":0.7812030775,"ADXBTC":0.7750565889,"ADABTC":0.7708353405,"ICXETH":0.7571544056,"BNBBTC":0.7534544472,"BCHABCTUSD":0.7533774018,"ADABNB":0.751084415,"POABTC":0.7455579176,"ENJETH":0.7382476938,"BCHABCBTC":0.7332761302,"RVNBTC":0.7321340833,"GVTBTC":0.7193908753,"NEBLBTC":0.7017700275,"NANOBTC":0.6948460497,"BQXBTC":0.6913178129,"WAVESUSDT":0.680067405,"ENJUSDT":0.6753557803,"WAVESBTC":0.6741362799,"BLZBTC":0.6696457854,"MITHBTC":0.6625649552,"ADAETH":0.650526733,"MITHUSDT":0.6497206243,"NANOETH":0.6463159548,"STEEMBTC":0.6367075597,"BCHABCUSDT":0.6310752112,"ADAUSDT":0.628232942,"MTHBTC":0.626365076,"NANOUSDT":0.6219123506,"EOSBNB":0.6199932351,"GXSBTC":0.617138314,"RVNBNB":0.601829473,"ENGBTC":0.5981249472,"POWRBTC":0.5868008424,"ARNBTC":0.5807442687,"PAXUSDT":0.578086161,"QTUMUSDT":0.5749902813,"ONGBTC":0.5657864715,"USDCPAX":0.5604078896,"DCRBTC":0.5579319299,"NANOBNB":0.5542382412,"KMDBTC":0.5507214759,"GRSBTC":0.5396595083,"WTCBTC":0.5376863928,"BTTBNB":0.5325565749,"MCOBTC":0.53004149,"WAVESETH":0.5201387115,"USDSPAX":0.5184373206,"USDCUSDT":0.5180304097,"ONGUSDT":0.5078600971,"FUELETH":0.4937649666,"XLMBNB":0.4873623922,"TUSDUSDT":0.4812584004,"ENJBNB":0.4675013965,"NULSUSDT":0.4661717379,"QKCBTC":0.4341529563,"NASETH":0.4336380328,"USDSUSDT":0.4243366268,"WANBTC":0.4185907925,"LTCBTC":0.399351135,"BTCUSDT":0.3929081229,"LTCUSDT":0.3916659917,"LTCBNB":0.3876088373,"ZENBTC":0.38570197,"CMTBTC":0.3845494992,"XMRUSDT":0.3706107925,"ZRXBTC":0.3649836564,"RDNBTC":0.360653925,"AEBTC":0.3548637185,"LINKBTC":0.3536702303,"VETETH":0.3454936811,"XRPBNB":0.3418044144,"LSKBTC":0.3225472913,"BNBETH":0.3169758271,"THETABTC":0.3117082419,"HCBTC":0.3108694168,"QKCETH":0.2999914231,"VIBEBTC":0.2961857855,"ARKBTC":0.2884855278,"QTUMBTC":0.2861702092,"DASHBTC":0.2861671644,"XMRBTC":0.284652439,"LRCBTC":0.2841465968,"HOTUSDT":0.2627347703,"NULSBTC":0.2523586793,"MITHBNB":0.248388959,"GASBTC":0.2433908358,"EDOBTC":0.2407055502,"NEOUSDT":0.2209869766,"XLMETH":0.2197431545,"OAXBTC":0.2116960539,"RLCBTC":0.2000605532,"ETHBTC":0.1970271176,"DASHETH":0.189602434,"MFTETH":0.1874418981,"STRATBTC":0.1733226567,"ZILETH":0.1550623705,"TRXBNB":0.1546765513,"IOSTUSDT":0.1470725713,"TRXETH":0.1274057194,"XMRETH":0.1112294021,"ZILUSDT":0.1097344651,"AGIBTC":0.1089420932,"ONTETH":0.1001649483,"LINKUSDT":0.0907215625,"APPCBTC":0.090690471,"VETUSDT":0.0889067131,"EVXBTC":0.0885762733,"ADATUSD":0.0631477489,"XRPBTC":0.0483697461,"XEMBTC":0.0309517411,"ETCUSDT":0.0300625418,"BCHABCPAX":0.0274078896,"DASHUSDT":0.023907229,"VETBNB":0.0228092381,"MTLBTC":0.0189234532,"BCDBTC":0.0104456853,"NEOBTC":0.005052666,"BCHABCUSDC":-0.0083089722,"ZRXUSDT":-0.0123619135,"BTTUSDT":-0.0167522274,"EOSBTC":-0.0177390167,"SKYBTC":-0.0286009552,"ZECBTC":-0.0367346111,"XLMUSDT":-0.0426777139,"CELRUSDT":-0.0500164315,"ETHUSDT":-0.061349274,"BNBUSDT":-0.0641975546,"NEOBNB":-0.0732883891,"INSBTC":-0.0834365232,"TRXUSDT":-0.0878996587,"XRPUSDT":-0.0892947665,"ONTBTC":-0.0909514182,"TRXXRP":-0.110657722,"ONTBNB":-0.111461593,"XZCBTC":-0.1144269696,"ZECETH":-0.1157585546,"EOSUSDT":-0.1234602242,"ZECUSDT":-0.1247549574,"OMGBTC":-0.1383445068,"CELRBNB":-0.1401943379,"NEOETH":-0.1454505594,"ONTUSDT":-0.1456073803,"XRPTUSD":-0.1562974497,"LTCPAX":-0.1610905343,"LOOMBTC":-0.1627086493,"ETCBTC":-0.1774241777,"BNBPAX":-0.1856356077,"MDABTC":-0.2139406614,"OMGUSDT":-0.2256443695,"EOSTUSD":-0.2342910381,"XRPETH":-0.237223959,"EOSETH":-0.2474939034,"PAXTUSD":-0.2501060325,"LTCTUSD":-0.2813146578,"BTCPAX":-0.2881816616,"THETAUSDT":-0.3085766716,"BNBTUSD":-0.3482072757,"IOTABTC":-0.3514083338,"PIVXBTC":-0.3671203541,"BTCTUSD":-0.3802005512,"IOTAETH":-0.4145713724,"BTCUSDS":-0.4187993641,"EOSPAX":-0.4305524095,"LTCUSDC":-0.4328827123,"LTCETH":-0.448606295,"XRPUSDC":-0.4574572101,"BRDBTC":-0.468388874,"ETHTUSD":-0.4810015157,"IOTAUSDT":-0.486092453,"BTCUSDC":-0.5083756556,"IOSTETH":-0.5192781828,"VIABTC":-0.5394808882,"BTGBTC":-0.5505845741,"ETHUSDC":-0.5928460702,"EOSUSDC":-0.618643225,"BNBUSDC":-0.6388649684,"ETHPAX":-0.6528475194,"XRPPAX":-0.6632304158,"USDCTUSD":-0.6968259493,"ADAUSDC":-0.7809040112},"startDate":"2019-04-22","endDate":"2019-04-29","numDays":7,"excludedPairs":["TRIGETH","BQXETH","NULSBNB","RCNBTC","RENBTC","GOBTC","POABNB","MANABTC","QSPBTC","XLMPAX","POLYBNB","USDCBNB","CVCBNB","RDNETH","AIONBNB","SALTBTC","QLCBTC","VIBBTC","NEOPAX","PAXETH","OSTBTC","VIBEETH","DCRBNB","APPCETH","WPRBTC","BCHSVUSDT","XMRBNB","YOYOBNB","WTCBNB","QTUMBNB","SNTBTC","SNMBTC","OMGETH","REQBTC","TNTBTC","CLOAKETH","RENBNB","OAXETH","MATICBTC","TRIGBNB","NULSETH","BRDETH","STORMETH","MODETH","AMBBNB","ARDRBNB","NXSBNB","RCNBNB","DOCKETH","LUNETH","GTOBNB","QLCETH","OMGBNB","LENDETH","RPXBNB","VIAETH","POEETH","ZECBNB","STEEMBNB","CHATBTC","EDOETH","ARDRBTC","TRXUSDC","VENETH","DATABTC","SKYBNB","HSRBTC","ARDRETH","GTOBTC","QSPETH","USDSUSDC","NPXSETH","LINKETH","DASHBNB","ZECTUSD","XZCETH","WAVESTUSD","TUSDBNB","PPTBTC","ZILBNB","LRCETH","REQETH","TRXTUSD","SNGLSETH","ICNBTC","CNDBNB","BCNBTC","ONGBNB","IOTXETH","GTOETH","TNBBTC","XZCBNB","PAXBNB","PHXBTC","SKYETH","HSRETH","GNTETH","CLOAKBTC","BCCBNB","BRDBNB","HOTETH","CNDBTC","XEMETH","ARNETH","XVGBTC","HOTBTC","IOTXBTC","BNTETH","ZRXETH","THETAETH","HOTBNB","ADXBNB","BTTPAX","NXSETH","REPBNB","POWRETH","XLMUSDC","CELRBTC","MFTBTC","FUNBTC","ADAPAX","BCHSVTUSD","CDTETH","SCBTC","QSPBNB","CMTBNB","VETBTC","BCHSVUSDC","PPTETH","LOOMETH","DLTETH","WINGSBTC","KEYETH","ZECPAX","CHATETH","DNTBTC","AEETH","XLMTUSD","REPETH","WAVESPAX","STORMBTC","ICNETH","STORJETH","XLMBTC","DENTETH","LOOMBNB","ETCETH","MTHETH","INSETH","STRATETH","OSTETH","MATICBNB","BLZBNB","BCCUSDT","CDTBTC","WABIBNB","VENBTC","WAVESUSDC","YOYOETH","SUBETH","RLCBNB","PIVXETH","MATICUSDT","SNMETH","BCHSVPAX","BLZETH","ETCBNB","SCBNB","TUSDETH","BCNBNB","VENUSDT","DATAETH","CNDETH","MODBTC","BNBUSDS","PAXBTC","SUBBTC","WAVESBNB","SYSBTC","ELFETH","BCNETH","LINKPAX","GVTETH","STORJBTC","VENBNB","POWRBNB","WINGSETH","AGIETH","TNTETH","GXSETH","TNBETH","GNTBNB","SNTETH","VIBETH","BCCETH","XZCXRP","ZILBTC","BTTUSDC","NAVETH","HCETH","ZECUSDC","PHXETH","BTSETH","POEBTC","AGIBNB","ICXBNB","DENTBTC","ADXETH","BTGETH","TRIGBTC","NCASHETH","BTTTUSD","KNCETH","ASTETH","BCPTETH","WTCETH","THETABNB","NAVBTC","NXSBTC","YOYOBTC","TRXPAX","SALTETH","NASBNB","WANBNB","BTSBTC","MDAETH","POAETH","SCETH","MCOBNB","WANETH","FUELBTC","RPXBTC","LINKTUSD","RPXETH","SNGLSBTC","KEYBTC","SYSBNB","MCOETH","NEOTUSD","SYSETH","XEMBNB","NEOUSDC","ZENBNB","PIVXBNB","DOCKBTC","EVXETH","ENGETH","NEBLETH","WPRETH","QTUMETH","CVCETH","GOBNB","BCDETH","VIABNB","LSKETH","IOTABNB","ZENETH","RCNETH","LSKBNB","APPCBNB","RDNBNB","PHXBNB","AMBETH","XVGETH","STEEMETH","QLCBNB","DLTBNB","DNTETH","LENDBTC","TRXBTC","BCPTBNB","BNTBTC","FUNETH","BCHSVBTC","NCASHBTC","USDSTUSD","IOSTBTC","NAVBNB","WABIETH","LINKUSDC","USDCBTC","AEBNB","RLCETH","OSTBNB","NCASHBNB","ARKETH","AIONETH","TUSDBTC","IOSTBNB","BCCBTC","BTSBNB","ZRXBNB","NPXSBTC","KMDETH","STORMBNB","CMTETH","MTLETH","GRSETH","MANAETH","MFTBNB","BTTBTC","NEBLBNB"]}