{"data":{"MITHBNB":0.9682319498,"MITHUSDT":0.9319491888,"NASBTC":0.925143056,"PPTBTC":0.9226362126,"LOOMBTC":0.9196807525,"NULSBTC":0.9194323975,"MCOBTC":0.8905827518,"PIVXBTC":0.8893886825,"NULSUSDT":0.8873918412,"PAXUSDT":0.8769483261,"POWRBTC":0.8764463769,"NASETH":0.8756146267,"BQXBTC":0.8720082509,"ZRXUSDT":0.8608727048,"LOOMETH":0.8544560383,"GASBTC":0.8501824927,"WABIBTC":0.8431097587,"NEBLBTC":0.8427859416,"TUSDUSDT":0.8400641689,"USDCUSDT":0.839402156,"LTCBTC":0.8334129873,"NASBNB":0.8327548593,"MTLBTC":0.8323219702,"HCETH":0.8297457461,"OAXBTC":0.8222905533,"STORJBTC":0.8164965776,"ZRXBTC":0.8135143473,"MDABTC":0.8061891426,"MFTETH":0.7964590961,"LTCETH":0.7963044403,"GXSBTC":0.7908110892,"LTCBNB":0.7886193453,"ONTBTC":0.7838417481,"GXSETH":0.7777880193,"USDCPAX":0.7765745253,"ONTETH":0.7749715853,"POLYBTC":0.76808918,"LTCUSDT":0.7598060231,"STEEMBTC":0.7564492742,"DLTBTC":0.7510544464,"ONTUSDT":0.7472535421,"IOTABTC":0.7459567891,"EVXBTC":0.738508373,"APPCBTC":0.7284273,"EVXETH":0.7260976339,"QTUMBTC":0.7121235813,"ENGBTC":0.7076526415,"GVTBTC":0.7044289737,"QTUMUSDT":0.7042987153,"SKYBTC":0.6853444842,"WTCBTC":0.6794354459,"IOSTUSDT":0.6634405668,"LTCUSDC":0.6582255279,"HCBTC":0.6512758565,"XZCBTC":0.6360601383,"STRATBTC":0.6165371181,"IOTAUSDT":0.6157552614,"NANOBTC":0.6055690668,"GRSBTC":0.6018210671,"ONGUSDT":0.5951571786,"TRXUSDT":0.5918998455,"REPBTC":0.5867507321,"ELFETH":0.5833399107,"LTCPAX":0.5802162593,"BTTUSDT":0.5668755138,"QTUMETH":0.5654718895,"NXSBTC":0.5559845993,"TRXTUSD":0.5412237507,"LTCTUSD":0.5215618238,"THETABTC":0.5185174541,"QKCETH":0.5166137872,"RLCBTC":0.5076973361,"BRDBTC":0.4878170771,"BCDBTC":0.481116284,"RVNBNB":0.4777346376,"THETAETH":0.4737725276,"TRXETH":0.4652865558,"IOSTETH":0.4572855685,"ELFBTC":0.4568625809,"ATOMBTC":0.4549519496,"THETAUSDT":0.4537796346,"ARKBTC":0.4523511947,"FETUSDT":0.4432342246,"WANBTC":0.4412838605,"ZENBTC":0.4390591873,"TRXBNB":0.4299333253,"DASHUSDT":0.4231102421,"ONEUSDT":0.4191621264,"BATETH":0.4135581135,"ATOMUSDT":0.4091268917,"RDNBTC":0.4081653384,"BNBUSDT":0.3959254226,"XRPPAX":0.3776895091,"FETBTC":0.3737035008,"BATUSDT":0.3640549054,"ATOMBNB":0.3592267197,"ZECTUSD":0.3388349352,"ONETUSD":0.3369896033,"NANOUSDT":0.3279366768,"BTTBNB":0.3164797533,"OMGBTC":0.3132384603,"ADAETH":0.3016716571,"IOTABNB":0.2936418751,"ENJETH":0.2924582451,"NEOTUSD":0.2818357142,"BNBBTC":0.2786900617,"ONGBTC":0.2698386464,"WAVESUSDT":0.2641929218,"NEOETH":0.2621071714,"VIABTC":0.2618770409,"BATBTC":0.261214097,"KNCBTC":0.247396052,"DGDBTC":0.2313609839,"LINKUSDC":0.2223086762,"ONEBNB":0.2171302172,"ARNBTC":0.2159712868,"DASHBTC":0.2132272778,"OMGUSDT":0.2044602284,"AEBTC":0.2043050075,"ZECUSDT":0.1924413555,"TFUELBNB":0.1872086309,"XRPBTC":0.185797329,"XRPUSDT":0.1834247672,"LUNBTC":0.1784140315,"MFTBNB":0.1690276894,"EOSETH":0.1633281911,"VETUSDT":0.1565720261,"EOSBTC":0.1533205576,"FETBNB":0.1492319388,"IOTAETH":0.1477320243,"HOTBNB":0.1470846398,"EOSUSDT":0.1470372428,"BCHABCBTC":0.1371564856,"BTCUSDS":0.1338183078,"DCRBTC":0.1323851913,"ADAUSDT":0.1163321911,"TFUELUSDT":0.1101705613,"ZILETH":0.1072635426,"ZILUSDT":0.1025805077,"EOSBNB":0.0884917608,"LSKBTC":0.0842460297,"XRPBNB":0.0769824061,"NEOUSDT":0.0715760637,"BCHABCUSDT":0.0676524362,"BTGBTC":0.0592814955,"EOSTUSD":0.0570490231,"ETCBTC":0.0467086966,"VETETH":0.0432109836,"NEOBTC":0.0368078626,"ICXBTC":0.0346228876,"EOSPAX":0.0236845717,"LINKBTC":-0.0119842641,"LINKUSDT":-0.0167541617,"ZILBNB":-0.019046965,"ETCUSDT":-0.0523859266,"HOTUSDT":-0.054379213,"WAVESBTC":-0.0564293836,"XMRBTC":-0.0577151772,"BCHABCPAX":-0.0610689676,"ETHBTC":-0.0736464055,"XRPUSDC":-0.0794813479,"WAVESETH":-0.0867937974,"BTCPAX":-0.0945186265,"ETCETH":-0.0951627834,"TRXXRP":-0.1006302651,"ETHUSDT":-0.1020983909,"ZECBTC":-0.1069750115,"BCHABCUSDC":-0.1138708367,"ADABNB":-0.1152707471,"XRPETH":-0.1205904611,"INSBTC":-0.1350087299,"EOSUSDC":-0.1403220401,"VETBNB":-0.1445847644,"ENJUSDT":-0.1469730389,"NEOBNB":-0.1612194917,"ICXUSDT":-0.1630656649,"XLMUSDT":-0.1665149308,"ONEUSDC":-0.1683973924,"ETHUSDC":-0.1716054586,"ADATUSD":-0.1929477295,"ETHTUSD":-0.2148246734,"XMRUSDT":-0.218911003,"ADAUSDC":-0.2638853182,"CELRBNB":-0.2663207288,"BCHABCTUSD":-0.2744488445,"CELRUSDT":-0.3121312492,"LINKETH":-0.3260206465,"BTCUSDC":-0.3320364399,"XLMETH":-0.3384933334,"XLMBNB":-0.3428378224,"BTCTUSD":-0.3475385544,"XRPTUSD":-0.3583073989,"BTCUSDT":-0.3765905472,"MATICUSDT":-0.4415331503,"KMDBTC":-0.4555876362,"USDCTUSD":-0.4698760901,"TRXUSDC":-0.4967048215,"BNBETH":-0.5494645775,"MATICBNB":-0.5837779171,"WAVESTUSD":-0.6212260253,"ETHPAX":-0.674607764,"PAXTUSD":-0.686426832,"BNBUSDC":-0.7526868368,"BNBPAX":-0.8433766654,"BNBTUSD":-0.8777126369},"startDate":"2019-06-04","endDate":"2019-06-12","numDays":7,"excludedPairs":["LRCETH","BCPTBNB","LSKETH","XLMBTC","ICNBTC","REQBTC","CLOAKETH","BTSBTC","QLCBNB","RVNBTC","SUBBTC","BCCUSDT","XMRBNB","SYSBTC","ICXETH","ADABTC","DGDETH","BCHSVUSDT","CNDETH","NEBLETH","ASTBTC","GRSETH","SUBETH","DCRBNB","TRXPAX","GNTBTC","GTOETH","INSETH","GOBTC","ATOMPAX","POEETH","PHBBNB","ENGETH","CDTETH","SNMETH","VIBEETH","ONEBTC","XVGBTC","ZRXETH","RPXETH","QSPBNB","ARKETH","SKYETH","BQXETH","ADXETH","GOBNB","POLYBNB","SALTBTC","QLCBTC","NEOUSDC","LENDBTC","PIVXETH","ADXBNB","SKYBNB","WAVESPAX","MTLETH","SCBNB","PHBUSDC","FUNETH","ETCTUSD","DENTETH","ZECPAX","AIONBNB","MDAETH","PAXBNB","STEEMBNB","ADAPAX","ZECUSDC","GTOBTC","ZENETH","LENDETH","OAXETH","GNTETH","BTTBTC","BNTETH","SNGLSETH","BTSETH","BNTBTC","CVCETH","VIBBTC","ONEPAX","SALTETH","POWRBNB","TRIGETH","NANOBNB","PAXETH","BCNETH","BCHSVUSDC","ZILBTC","KMDETH","REPETH","KNCETH","AIONETH","STORMETH","ZECBNB","ASTETH","SNTBTC","WAVESUSDC","RENBTC","VIBEBTC","BCCETH","MTHETH","CMTETH","ETCBNB","NEBLBNB","DENTBTC","WTCETH","MFTBTC","USDSTUSD","MATICBTC","BATPAX","HSRBTC","AMBBNB","XZCBNB","PPTETH","BTTPAX","MTHBTC","HOTETH","BCHSVBTC","DASHETH","BRDBNB","PHXETH","PHXBNB","EDOETH","CELRBTC","XEMETH","NCASHBNB","VIBETH","NPXSETH","PHBBTC","XLMUSDC","ATOMUSDC","PHXBTC","NULSETH","NAVBTC","XVGETH","IOSTBTC","SCETH","PHBPAX","RDNBNB","EDOBTC","SNMBTC","ZECETH","XZCXRP","TNBBTC","CDTBTC","BCHSVPAX","USDSUSDC","FTMUSDC","MANAETH","BTTTUSD","TUSDETH","DOCKBTC","APPCETH","GVTETH","RPXBTC","CNDBTC","IOTXETH","ICNETH","AMBBTC","FTMBNB","LRCBTC","GTOBNB","MANABTC","TRIGBTC","AGIETH","ONTBNB","USDSPAX","WANETH","DNTBTC","HSRETH","ETCPAX","STORMBTC","SCBTC","CMTBTC","SYSETH","OMGBNB","BLZBTC","TUSDBNB","NXSETH","QSPBTC","ZENBNB","PIVXBNB","POWRETH","WPRETH","RCNETH","BTTUSDC","VENETH","FTMTUSD","MITHBTC","AMBETH","CMTBNB","VENBTC","XEMBTC","HOTBTC","SYSBNB","AGIBNB","MCOBNB","ZRXBNB","WPRBTC","USDCBTC","POABNB","VETBTC","CHATETH","ETCUSDC","FUELBTC","PAXBTC","TRIGBNB","CLOAKBTC","STORMBNB","POAETH","MCOETH","NULSBNB","WAVESBNB","VENBNB","POEBTC","TFUELPAX","DLTBNB","QLCETH","ADXBTC","FUNBTC","DATABTC","BATTUSD","NEOPAX","RDNETH","GNTBNB","ARNETH","SNGLSBTC","CVCBTC","RLCBNB","THETABNB","ENJBNB","ENJBTC","OSTBNB","NANOETH","BCNBNB","BCPTETH","WINGSBTC","BCCBTC","ARDRBNB","BCPTBTC","WTCBNB","TFUELUSDC","ARDRETH","XZCETH","BLZBNB","QSPETH","STORJETH","RCNBTC","LSKBNB","TNTETH","KEYBTC","RLCETH","LINKPAX","USDSUSDT","NCASHBTC","LUNETH","AEETH","BRDETH","XMRETH","DNTETH","TRXBTC","LOOMBNB","VIABNB","BATBNB","OSTETH","YOYOBTC","OMGETH","BLZETH","BCDETH","FTMPAX","YOYOBNB","BCNBTC","MODBTC","DOCKETH","BTSBNB","AGIBTC","VIAETH","VENUSDT","AEBNB","NPXSBTC","XEMBNB","XLMTUSD","KEYETH","RENBNB","OSTBTC","ONGBNB","LINKTUSD","RPXBNB","CVCBNB","BCCBNB","WABIETH","BNBUSDS","ARDRBTC","BATUSDC","FTMBTC","NXSBNB","MODETH","CHATBTC","QKCBTC","ICXBNB","POABTC","IOSTBNB","REQETH","YOYOETH","APPCBNB","QTUMBNB","RCNBNB","NCASHETH","SNTETH","WINGSETH","USDCBNB","NAVETH","DLTETH","WABIBNB","TNBETH","TNTBTC","STRATETH","FTMUSDT","CNDBNB","TUSDBTC","PHBTUSD","WANBNB","IOTXBTC","BCHSVTUSD","DASHBNB","BTGETH","DATAETH","ATOMTUSD","AIONBTC","STEEMETH","NAVBNB","TFUELBTC","REPBNB","TFUELTUSD","FUELETH","XLMPAX"]}