{"data":{"KNCBTC":0.977982242,"NEBLBTC":0.9542602672,"ONTUSDT":0.9511809734,"KNCETH":0.9373334191,"NULSBTC":0.9361899977,"ONTBTC":0.9355083527,"ARKBTC":0.9207671336,"GXSBTC":0.9138083265,"MCOBTC":0.8908272609,"LSKBTC":0.8820127848,"ARKETH":0.8761738231,"NASBTC":0.8758178068,"PIVXBTC":0.8693605618,"CVCBTC":0.8647148002,"ENGBTC":0.8512935619,"EDOBTC":0.8386936879,"APPCBTC":0.828178952,"LUNBTC":0.8267760279,"THETABTC":0.8181565033,"BQXBTC":0.7973558348,"WABIBTC":0.7946033027,"BNTBTC":0.7880829139,"HCBTC":0.7800922902,"ETHUSDT":0.7456862702,"HCETH":0.7446535116,"EOSUSDT":0.7376908598,"REPBTC":0.7273149633,"ETHBTC":0.7260448727,"BATBTC":0.7195545861,"NEOTUSD":0.7190415621,"EOSBTC":0.7173920695,"VETUSDT":0.7062271129,"BCDBTC":0.7040041566,"VIABTC":0.6961252367,"THETAETH":0.6883668437,"EOSUSDC":0.6860249505,"EOSTUSD":0.6814493546,"KMDBTC":0.6762837728,"POWRBTC":0.6736284943,"DASHBTC":0.6628446379,"STRATBTC":0.6611743017,"NEOUSDT":0.6603702656,"OAXBTC":0.6355758913,"GRSBTC":0.6312777195,"WAVESBTC":0.6301015807,"USDCTUSD":0.6283035022,"BTCUSDT":0.6255998894,"RLCBTC":0.6249589551,"NEOBTC":0.6237438469,"NANOBTC":0.6049715942,"MDABTC":0.5949674756,"GASBTC":0.5937616067,"ETHPAX":0.5934726696,"XRPUSDT":0.5883627969,"EVXBTC":0.5834445819,"BCHSVTUSD":0.5816601,"ADXBTC":0.5780241227,"WAVESUSDT":0.5702088158,"ADAUSDT":0.5643468535,"XZCBTC":0.5571616883,"STEEMBTC":0.5561520892,"BCHABCBTC":0.5527039083,"ADXETH":0.549558807,"XRPTUSD":0.5415794368,"EOSETH":0.5390542974,"MTLBTC":0.5384399922,"LTCBTC":0.5377963261,"XRPBTC":0.5316250635,"NEOETH":0.5315036846,"NULSUSDT":0.5290497372,"STORJBTC":0.5287383667,"LTCUSDT":0.5199343814,"BATETH":0.5184380943,"DGDBTC":0.5183193725,"XLMETH":0.517991978,"POLYBTC":0.5090467065,"BNBBTC":0.5004017412,"PPTBTC":0.4990563933,"BTGBTC":0.4961694459,"BTTBNB":0.4953464584,"AIONBTC":0.4906064549,"AEBTC":0.4900794351,"BCHSVUSDT":0.4777972456,"BTCPAX":0.4751512079,"BNBUSDT":0.4687119415,"LTCPAX":0.4573791119,"ZECBTC":0.4508402067,"XLMPAX":0.4501672201,"ETCUSDT":0.4494021774,"XLMUSDC":0.4446565077,"GVTBTC":0.4402325474,"ADATUSD":0.4401780703,"BCHSVBTC":0.4382765398,"WAVESTUSD":0.4186554424,"BTCUSDC":0.4142775177,"TRXTUSD":0.4139058085,"LTCETH":0.4126929218,"ARNBTC":0.4100720379,"THETABNB":0.4089920672,"LTCTUSD":0.4069140573,"LINKBTC":0.4066340691,"WTCBTC":0.4047204235,"BCHABCUSDT":0.4024849675,"QTUMUSDT":0.4002385442,"NANOETH":0.3978852013,"VETETH":0.3910916944,"RDNBTC":0.3904697381,"NXSBTC":0.3838790594,"DLTBTC":0.3820244512,"ETCBTC":0.3787289663,"WAVESETH":0.3684607584,"LTCBNB":0.3625639647,"XLMUSDT":0.361952395,"XRPETH":0.3605267062,"IOTABTC":0.3367842038,"IOTAUSDT":0.3354572202,"ZILETH":0.3315241707,"ARNETH":0.3311652709,"XLMBNB":0.326394838,"TRXUSDT":0.3108067916,"ADAETH":0.3089838566,"TRXUSDC":0.3083810349,"XLMTUSD":0.3083463793,"INSBTC":0.3082259828,"XMRETH":0.2988832442,"PAXTUSD":0.2934914763,"EOSBNB":0.2909281556,"ZENBTC":0.2848815794,"ENJETH":0.279812696,"NEOBNB":0.2769623222,"LTCUSDC":0.2680777204,"XMRBTC":0.2647241544,"ADABNB":0.2612881619,"IOTAETH":0.2606185596,"ICXUSDT":0.259471722,"XRPBNB":0.2549673867,"DCRBTC":0.2539281075,"OMGETH":0.2385771034,"OMGBTC":0.2316501144,"XRPPAX":0.2276262174,"BNBETH":0.2255500995,"TRXBNB":0.2241215916,"LINKUSDT":0.2126350017,"WANBTC":0.2031529243,"NAVBTC":0.1995379714,"QTUMBTC":0.1701569937,"ZRXETH":0.1682411768,"ICXBTC":0.1641944987,"ETCETH":0.1491241494,"BNBPAX":0.1433972151,"USDCPAX":0.1425784683,"GTOETH":0.1279812838,"SKYBTC":0.1219088751,"TUSDBTC":0.1172952528,"ZRXBTC":0.1166876444,"TRXETH":0.1134684301,"ETHUSDC":0.1128229538,"USDCUSDT":0.106563948,"XRPUSDC":0.1042892692,"BCHABCTUSD":0.0893519948,"LINKETH":0.0853511756,"TRXXRP":0.0807340965,"TUSDBNB":0.0704594152,"LINKTUSD":0.0660834996,"ZECETH":0.0598445391,"DASHETH":0.0541898524,"FUELETH":-0.0017941441,"EOSPAX":-0.0071036259,"LINKUSDC":-0.0797381266,"BTTUSDT":-0.0802740049,"MODBTC":-0.0938748454,"ICXETH":-0.1520332584,"PAXUSDT":-0.2431874521,"TUSDUSDT":-0.2951396508,"TUSDETH":-0.4839518154,"CLOAKBTC":-0.5163011726,"BNBUSDC":-0.7114953643,"SALTBTC":-0.8391964229},"startDate":"2019-02-08","endDate":"2019-02-15","numDays":7,"excludedPairs":["QTUMBNB","NAVETH","BRDBTC","BCCBNB","BTSBNB","POWRBNB","GNTBTC","TRIGBNB","CLOAKETH","GNTBNB","DOCKETH","BCPTETH","NASETH","XVGBTC","AIONBNB","IOSTETH","BTSETH","VENUSDT","DATABTC","MCOETH","LOOMBTC","BCCETH","LOOMBNB","MITHBNB","AMBBTC","WABIETH","BCHABCPAX","ADABTC","SCETH","BCPTBNB","BRDBNB","GTOBTC","EVXETH","RCNBNB","MFTETH","POEBTC","AIONETH","SNMETH","WPRETH","USDSTUSD","TNBETH","STORMBTC","BATBNB","XEMBTC","PIVXBNB","NCASHBTC","WPRBTC","KMDETH","SYSETH","NASBNB","PAXETH","KEYETH","POWRETH","XVGETH","KEYBTC","TNTETH","TRIGETH","SALTETH","BCNBNB","VIBETH","NCASHETH","BTTUSDC","QLCBNB","BQXETH","XEMETH","GRSETH","IOTABNB","HSRBTC","BNBUSDS","YOYOETH","PHXBTC","LINKPAX","USDCBTC","RCNETH","NXSBNB","ELFBTC","MTHETH","VETBNB","BTTPAX","QTUMETH","VENBNB","ZENBNB","RCNBTC","BTGETH","MITHBTC","USDCBNB","APPCBNB","RVNBNB","REQBTC","TRIGBTC","SNGLSBTC","HOTETH","CNDBNB","BTSBTC","SUBETH","DLTETH","ZILBNB","QLCETH","DENTBTC","VIBEETH","OAXETH","SNTETH","BCDETH","YOYOBTC","SYSBNB","PHXETH","SUBBTC","VIBEBTC","IOTXETH","BTTTUSD","WANBNB","MODETH","ARDRBTC","LOOMETH","CMTETH","NAVBNB","OSTBTC","GTOBNB","LSKETH","POLYBNB","CVCBNB","ZENETH","MFTBNB","QSPBNB","PAXBNB","GNTETH","PAXBTC","HSRETH","BCNETH","XZCETH","QSPBTC","BCCBTC","REPETH","ICNBTC","DNTBTC","WINGSBTC","AGIETH","ONTBNB","REQETH","VETBTC","SNGLSETH","IOSTBTC","VIAETH","MDAETH","CHATBTC","LUNETH","SCBNB","RPXBTC","PPTETH","TRXPAX","CHATETH","QKCBTC","NULSETH","RDNBNB","LRCETH","TRXBTC","MTHBTC","STRATETH","RENBNB","ARDRBNB","SCBTC","BCHSVUSDC","ADXBNB","DGDETH","WANETH","BCPTBTC","XLMBTC","MCOBNB","DENTETH","VENETH","BLZBNB","BTCUSDS","VIBBTC","BCNBTC","RPXETH","WAVESPAX","ELFETH","USDSPAX","FUNBTC","OSTBNB","QLCBTC","VENBTC","BNTETH","QSPETH","LSKBNB","FUELBTC","CNDETH","ENJBNB","NCASHBNB","MFTBTC","SYSBTC","LENDBTC","NEBLETH","TNTBTC","NANOBNB","NXSETH","BRDETH","PIVXETH","MANAETH","RLCETH","CMTBTC","ENGETH","CNDBTC","AGIBNB","NEBLBNB","ZILBTC","STEEMETH","POAETH","WINGSETH","BCHABCUSDC","BTTBTC","CMTBNB","CDTBTC","ICNETH","WAVESUSDC","DCRBNB","GOBNB","RDNETH","GOBTC","POEETH","XZCBNB","DOCKBTC","SKYBNB","REPBNB","SNMBTC","YOYOBNB","GXSETH","AMBETH","EDOETH","ASTETH","PHXBNB","DNTETH","AEETH","MTLETH","SKYETH","POABTC","USDSUSDT","CVCETH","ASTBTC","MANABTC","XZCXRP","QKCETH","WABIBNB","AMBBNB","USDSUSDC","DATAETH","STORMBNB","BCCUSDT","NULSBNB","BLZETH","LENDETH","INSETH","ETCBNB","CDTETH","STEEMBNB","ICXBNB","RLCBNB","AGIBTC","VIABNB","POABNB","WTCETH","HOTBTC","WTCBNB","OSTETH","TNBBTC","ENJBTC","GVTETH","ONTETH","RPXBNB","NPXSBTC","STORJETH","IOTXBTC","ARDRETH","BLZBTC","AEBNB","NPXSETH","XEMBNB","BCHSVPAX","LRCBTC","SNTBTC","DLTBNB","RVNBTC","STORMETH","FUNETH","APPCETH","WAVESBNB","RENBTC"]}