{"data":{"FETBNB":0.9574924955,"ASTBTC":0.9309112454,"FETBTC":0.926104614,"NASBTC":0.9187836151,"ENJBTC":0.9003602388,"KNCBTC":0.9002647028,"BCPTBTC":0.8884643036,"POLYBTC":0.8837064838,"ICXBTC":0.8747278634,"BATBNB":0.8734316638,"BQXBTC":0.861141593,"GVTBTC":0.8606060877,"BATBTC":0.8576804308,"DGDBTC":0.8566851908,"ELFBTC":0.8545346072,"WABIBTC":0.8529373615,"CVCBTC":0.849508095,"DGDETH":0.8471884692,"DLTBTC":0.8456326217,"FETUSDT":0.8355208564,"AIONBTC":0.8344942133,"WAVESBTC":0.8335691506,"ENGBTC":0.8333993524,"POABTC":0.8310348023,"GNTBTC":0.8309353275,"ADABNB":0.8291185815,"ICXUSDT":0.8287459953,"AMBBTC":0.8203953758,"BATETH":0.814489754,"ADABTC":0.8074260068,"BATUSDT":0.7943116087,"WAVESUSDT":0.7935262674,"LUNBTC":0.7836137556,"ADXBTC":0.7805199846,"QKCBTC":0.7759698558,"KMDBTC":0.7665005379,"QTUMUSDT":0.766067898,"OAXBTC":0.7636426186,"ICXETH":0.7537802321,"BNBBTC":0.752933119,"MITHUSDT":0.7491396792,"MITHBTC":0.7463962843,"NANOBTC":0.7457914076,"ENJETH":0.738119868,"BCHABCBTC":0.7193279915,"STEEMBTC":0.7133005487,"ADAUSDT":0.7112657221,"NEBLBTC":0.708037234,"XLMBTC":0.7078479166,"LINKBTC":0.7057919782,"REPBTC":0.7046802438,"ADAETH":0.7029211646,"ENJBNB":0.6896523722,"NANOUSDT":0.6885598327,"FUELETH":0.6827489998,"ENJUSDT":0.6820191942,"NANOBNB":0.6814307419,"NANOETH":0.6810761909,"DCRBTC":0.6736888351,"XMRUSDT":0.6703046815,"GRSBTC":0.6692929519,"ONGBTC":0.6691186403,"QKCETH":0.6690482137,"LSKBTC":0.6674959574,"BTTBNB":0.6665215139,"EOSBNB":0.6600194099,"RVNBNB":0.6509699077,"WTCBTC":0.6489540348,"ARKBTC":0.6180466303,"NULSUSDT":0.6137683292,"ONGUSDT":0.6085152134,"GXSBTC":0.6075042822,"BLZBTC":0.6044821666,"WANBTC":0.6036337864,"ARNBTC":0.6024359166,"POWRBTC":0.5941482912,"EDOBTC":0.5802127934,"BCHABCUSDT":0.5759940015,"VETETH":0.5654541814,"XLMBNB":0.5536737013,"LTCBNB":0.5440637191,"XMRBTC":0.5260357117,"RDNBTC":0.5202778337,"RVNBTC":0.5194382098,"LTCBTC":0.5170158532,"VIBEBTC":0.516676102,"DASHBTC":0.5156370982,"MITHBNB":0.5068258082,"DASHETH":0.5049971881,"LTCUSDT":0.5041599741,"IOTAUSDT":0.5028177641,"BCHABCTUSD":0.4945074897,"ZRXBTC":0.4900149346,"THETABTC":0.4709207259,"STRATBTC":0.4695173263,"MCOBTC":0.4662291996,"XMRETH":0.4496830579,"QTUMBTC":0.4432519439,"ZILETH":0.4390555621,"PAXUSDT":0.4384830764,"XRPBNB":0.4269385549,"TRXETH":0.4192045974,"ETHBTC":0.4180211897,"MFTETH":0.4150279586,"USDCUSDT":0.4125373278,"BNBETH":0.4117357467,"USDCPAX":0.4103947394,"BTCUSDT":0.4063377649,"NULSBTC":0.4045348909,"IOTABTC":0.4033706736,"EVXBTC":0.4008230973,"TRXBNB":0.3989748785,"XLMETH":0.3944983674,"NEOUSDT":0.3928272072,"LINKUSDT":0.3856369339,"IOTAETH":0.3851477963,"AEBTC":0.3767737677,"MTLBTC":0.3745569299,"IOTABNB":0.3715839915,"USDSPAX":0.3698659468,"VETBNB":0.3582345364,"ZILUSDT":0.3531823594,"TUSDUSDT":0.3508468263,"RLCBTC":0.3494264849,"ONTETH":0.3448021114,"VETUSDT":0.3329964071,"APPCBTC":0.3073025358,"ZENBTC":0.2904449774,"USDSUSDT":0.2881856959,"SKYBTC":0.2784785246,"ZECBTC":0.2639394681,"BCHABCUSDC":0.2634495393,"ZRXUSDT":0.2626555376,"HOTUSDT":0.2608640383,"ZECETH":0.2583148031,"LOOMBTC":0.2562344735,"XRPBTC":0.244570385,"BCDBTC":0.2367910034,"BCHABCPAX":0.2313102729,"BNBUSDT":0.2184663353,"AGIBTC":0.2152398709,"CELRUSDT":0.2137979452,"ADATUSD":0.2077690403,"ONTBNB":0.2003162929,"DASHUSDT":0.1800789583,"XLMUSDT":0.1701450821,"ETHUSDT":0.166608302,"ETCUSDT":0.1441632903,"OMGBTC":0.1427134999,"HCBTC":0.1417080604,"ZECUSDT":0.1311881933,"CELRBNB":0.1255567948,"EOSBTC":0.1226211969,"XZCBTC":0.1173529156,"ONTBTC":0.1169223297,"INSBTC":0.0952857395,"NEOBTC":0.0950907373,"XEMBTC":0.0687110411,"THETAUSDT":0.0587805184,"GASBTC":0.0586615493,"ONTUSDT":0.0485010632,"XRPTUSD":0.0337114223,"XRPETH":0.0269350946,"XRPUSDT":0.0254324508,"EOSUSDT":0.0254176968,"BTTUSDT":0.0234235465,"IOSTUSDT":0.0054150213,"NASETH":0.0042043803,"PIVXBTC":0.0035619775,"TRXXRP":0.0035294825,"OMGUSDT":-0.0081312793,"EOSETH":-0.0114044871,"NEOETH":-0.0114079199,"LTCTUSD":-0.0412804893,"ETCBTC":-0.0491703037,"NEOBNB":-0.0640428312,"MDABTC":-0.0758652775,"EOSTUSD":-0.1122595174,"LTCPAX":-0.126107459,"BRDBTC":-0.1739358465,"BNBPAX":-0.1927023267,"PAXTUSD":-0.2298438061,"TRXUSDT":-0.2385452927,"BNBTUSD":-0.2559413496,"ETCETH":-0.259178258,"LTCUSDC":-0.3043713699,"BTCTUSD":-0.3100797112,"XRPUSDC":-0.3448952957,"ETHTUSD":-0.3655839619,"VIABTC":-0.3788347611,"BTCUSDS":-0.40499387,"ETHUSDC":-0.420659876,"XRPPAX":-0.4326507826,"EOSPAX":-0.4333384069,"BTGBTC":-0.4371329801,"LTCETH":-0.4386377106,"BTCUSDC":-0.4509261185,"BTCPAX":-0.4551889938,"BNBUSDC":-0.4815302162,"IOSTETH":-0.4932260986,"EOSUSDC":-0.5057043804,"ETHPAX":-0.5596573241,"USDCTUSD":-0.6830238803,"ADAUSDC":-0.7620840448},"startDate":"2019-04-23","endDate":"2019-04-30","numDays":7,"excludedPairs":["XVGBTC","USDSTUSD","AIONETH","ZECBNB","RCNBTC","SCETH","ARDRBTC","WANBNB","NEOTUSD","WABIBNB","HOTBTC","AIONBNB","VETBTC","DNTBTC","SYSETH","OSTBTC","MTLETH","STORMBTC","MANABTC","KNCETH","THETAETH","OMGBNB","POEBTC","SUBETH","XZCETH","LSKBNB","REPBNB","WPRETH","CELRBTC","XEMETH","ADAPAX","TNTETH","ENGETH","STEEMETH","MCOETH","CNDETH","STRATETH","ZILBTC","WAVESPAX","ADXETH","MANAETH","VENUSDT","QLCETH","NAVBNB","ICNETH","SCBTC","HSRBTC","SNTBTC","QTUMETH","SUBBTC","MDAETH","VENBNB","IOTXETH","VIBEETH","ARKETH","SNGLSBTC","GNTBNB","TRXUSDC","EVXETH","AGIBNB","TRXPAX","XEMBNB","DOCKETH","PAXBNB","PIVXBNB","BCHSVUSDC","STORMETH","NCASHETH","DATABTC","GTOBNB","AEBNB","SYSBTC","MCOBNB","LENDBTC","GTOETH","BQXETH","DENTETH","CMTBNB","GVTETH","LINKETH","SKYETH","RDNBNB","DASHBNB","POWRETH","BCHSVTUSD","SKYBNB","WINGSBTC","BCPTBNB","AEETH","AGIETH","CMTETH","VIABNB","OMGETH","QSPBNB","NULSETH","LINKTUSD","LENDETH","BCNETH","NEBLETH","THETABNB","CHATETH","INSETH","DENTBTC","APPCETH","MATICBNB","NAVETH","BCNBNB","YOYOBNB","GNTETH","OSTBNB","HOTETH","ICXBNB","ICNBTC","BTGETH","BTSETH","ARDRBNB","TUSDETH","FUELBTC","RCNBNB","MTHETH","VIAETH","NEOUSDC","TRXTUSD","RPXBNB","TRIGBNB","CVCBNB","BCHSVBTC","MFTBNB","BNTBTC","WAVESBNB","BCCUSDT","ELFETH","MODETH","VIBETH","SALTBTC","ONGBNB","QLCBNB","BTTPAX","WAVESUSDC","STORJBTC","WTCETH","XLMPAX","BCCETH","CDTETH","WAVESTUSD","BCHSVPAX","RENBNB","ZECUSDC","SNMBTC","USDCBTC","TUSDBTC","ATOMUSDT","XMRBNB","POEETH","ZENBNB","ZENETH","CLOAKETH","CNDBTC","POAETH","XLMTUSD","GXSETH","BNTETH","SYSBNB","VENETH","PPTBTC","LRCBTC","NPXSETH","POWRBNB","TRIGETH","NXSBTC","MATICBTC","LINKUSDC","YOYOBTC","BTSBNB","XZCXRP","RLCETH","USDCBNB","STORMBNB","BNBUSDS","CVCETH","BLZETH","BCHSVUSDT","POLYBNB","ZRXETH","NXSBNB","RPXBTC","GRSETH","HOTBNB","TNTBTC","SCBNB","NEOPAX","KEYBTC","REQETH","XLMUSDC","BTSBTC","WTCBNB","PHXETH","WABIETH","NXSETH","WPRBTC","BCCBTC","WANETH","PHXBTC","GOBNB","DATAETH","IOSTBNB","PHXBNB","QTUMBNB","RENBTC","WINGSETH","LOOMETH","DLTETH","ZECTUSD","CMTBTC","ETCBNB","STEEMBNB","HSRETH","IOSTBTC","CLOAKBTC","BTTUSDC","BCDETH","LRCETH","YOYOETH","MFTBTC","BCPTETH","ATOMBNB","QSPBTC","STORJETH","FUNBTC","KEYETH","SALTETH","REQBTC","POABNB","ZILBNB","ARDRETH","APPCBNB","NPXSBTC","CDTBTC","XVGETH","PAXETH","BRDETH","ARNETH","RPXETH","ZRXBNB","MTHBTC","KMDETH","BTTBTC","ATOMBTC","SNTETH","TNBBTC","RCNETH","XZCBNB","BTTTUSD","VIBBTC","EDOETH","PPTETH","AMBBNB","NASBNB","DLTBNB","PIVXETH","REPETH","DOCKBTC","WAVESETH","LSKETH","RDNETH","FUNETH","DNTETH","SNGLSETH","LUNETH","TRIGBTC","TUSDBNB","HCETH","ZECPAX","CNDBNB","MODBTC","BLZBNB","CHATBTC","NCASHBTC","MATICUSDT","DCRBNB","OSTETH","IOTXBTC","NAVBTC","TRXBTC","BCNBTC","PAXBTC","GOBTC","QSPETH","NEBLBNB","NULSBNB","USDSUSDC","SNMETH","NCASHBNB","QLCBTC","GTOBTC","ASTETH","BRDBNB","RLCBNB","ADXBNB","OAXETH","LOOMBNB","BCCBNB","LINKPAX","VENBTC","TNBETH","AMBETH"]}