{"data":{"PHXBNB":0.9807427538,"BNBPAX":0.9517546019,"BNBUSDC":0.9439440069,"GVTBTC":0.9148759038,"BRDBTC":0.9131239114,"HOTBNB":0.9111642422,"BNBUSDT":0.8994671632,"MFTBNB":0.8988369962,"BNBBTC":0.8963402354,"MCOBTC":0.89166659,"ENJBNB":0.8868531862,"KNCBTC":0.88249464,"AEBTC":0.8771889891,"BATBNB":0.8735780175,"BNBTUSD":0.8728718698,"VETBNB":0.8630833223,"GTOETH":0.8541809734,"VIBETH":0.8538445632,"MITHBNB":0.8508358593,"MITHBTC":0.8472935908,"BATBTC":0.8438403216,"WTCBTC":0.8434865276,"BNBETH":0.8362729129,"ENGBTC":0.8263070709,"VETUSDT":0.8246424464,"BATUSDT":0.8191818818,"THETAUSDT":0.8151475042,"OAXBTC":0.8151381105,"FETBTC":0.8082870488,"YOYOETH":0.8074039765,"FETUSDT":0.802311735,"WAVESUSDT":0.7850357471,"MFTETH":0.784925735,"WABIBTC":0.7798550685,"ENJBTC":0.7708635358,"ONGUSDT":0.7504060134,"LINKBTC":0.7494135154,"NANOBTC":0.7489978503,"HOTUSDT":0.7482216194,"LUNBTC":0.7443989879,"BATETH":0.7355791437,"BCDBTC":0.7327271278,"GASBTC":0.7282854734,"VIABTC":0.727204948,"RDNBTC":0.7208516286,"BCHABCPAX":0.7199481511,"ONGBTC":0.7155017841,"DGDBTC":0.7119543586,"HOTETH":0.7061325317,"WANBTC":0.6916010548,"ICXETH":0.6884202217,"FETBNB":0.6876771064,"TUSDUSDT":0.6824269875,"RVNBTC":0.6818884742,"BTTUSDC":0.6817879639,"INSBTC":0.6777642814,"XRPUSDT":0.6691011921,"EOSETH":0.660851204,"XRPBTC":0.6586694486,"EDOBTC":0.6582617223,"ADXBTC":0.6573959185,"THETABTC":0.6573697197,"BTGBTC":0.65696419,"NANOBNB":0.6555477891,"TRXXRP":0.6534625828,"QTUMBTC":0.6289235001,"KMDBTC":0.6279085969,"XRPTUSD":0.6146933458,"CELRUSDT":0.6082710777,"USDCUSDT":0.6007392846,"EOSUSDC":0.600318326,"XZCBTC":0.5997885254,"LTCETH":0.5989551766,"WABIETH":0.5988905285,"TRXUSDT":0.5811083625,"WABIBNB":0.5804721568,"REPBTC":0.5713480594,"AIONBTC":0.5647959283,"XLMBNB":0.5633678442,"PAXUSDT":0.5592937376,"BQXBTC":0.5546617882,"XRPBNB":0.5521042268,"BCHABCUSDT":0.5502686621,"BCHABCUSDC":0.547842516,"BTCPAX":0.54682744,"LTCTUSD":0.5453686649,"NEBLBTC":0.539867231,"LTCBNB":0.5350722406,"BCHABCBTC":0.531620629,"THETAETH":0.5225757365,"NULSUSDT":0.5183992852,"GNTBTC":0.5143527219,"NAVBTC":0.5095648673,"ETHUSDT":0.5066700563,"QTUMUSDT":0.5064313697,"ETHTUSD":0.5062612201,"BCHABCTUSD":0.5033008784,"MTLBTC":0.4980201518,"XRPETH":0.4931597246,"MTLETH":0.4841975012,"NASBTC":0.4838344023,"EVXETH":0.4825703123,"BTTBNB":0.4767837003,"XMRETH":0.4730061576,"ICXBTC":0.4717979658,"RVNBNB":0.4575934476,"XRPPAX":0.4534904123,"IOSTUSDT":0.4477411592,"PIVXBTC":0.4333374442,"LTCBTC":0.4330036178,"ELFBTC":0.4257913232,"ARNBTC":0.4165947664,"ZILETH":0.4122094957,"XRPUSDC":0.405134526,"BTCUSDC":0.4035268874,"ENJETH":0.4029117882,"NEOBNB":0.4019044514,"IOSTETH":0.3755086062,"HCBTC":0.3722035728,"DCRBTC":0.3588625432,"RLCBTC":0.3323954701,"ZILUSDT":0.3232265665,"LTCPAX":0.3232180801,"ZECUSDT":0.3176444804,"STEEMBTC":0.3151167657,"ICXUSDT":0.313397011,"DASHBTC":0.3089438153,"DASHUSDT":0.3019021402,"XLMUSDT":0.2982605076,"TRXETH":0.2954854112,"EOSUSDT":0.2949837665,"NANOETH":0.2921401169,"ETHBTC":0.290662194,"ARKBTC":0.2867918636,"LTCUSDC":0.2479736179,"STORJBTC":0.2349051604,"EOSBNB":0.2309504363,"GRSBTC":0.2296595715,"ETCBTC":0.2033230762,"LTCUSDT":0.1975524616,"BTCTUSD":0.1898841297,"USDCPAX":0.1769846353,"ZENBTC":0.1762851954,"NULSBTC":0.1681317743,"XLMBTC":0.1660150376,"XMRBTC":0.1630905049,"EVXBTC":0.1377146254,"ONTETH":0.1331396249,"BTCUSDT":0.1325838366,"ETHUSDC":0.1285596388,"XMRUSDT":0.0989514111,"XLMETH":0.0713979957,"EOSBTC":0.0576382173,"ZRXUSDT":0.0410074659,"ETHPAX":0.0129449866,"FUELETH":0.0086290069,"BCHSVTUSD":-0.0081566258,"BCHSVUSDT":-0.026424081,"SKYBTC":-0.0307534371,"WAVESETH":-0.0426743203,"QKCETH":-0.0740346339,"WAVESBTC":-0.0742333327,"LRCBTC":-0.0766767709,"ONTUSDT":-0.0885664221,"LINKUSDT":-0.0937319506,"NANOUSDT":-0.0972610733,"PPTBTC":-0.1011882454,"NEOUSDT":-0.1098822512,"ZECBTC":-0.1168868364,"OMGETH":-0.1391936058,"NEOBTC":-0.1551408052,"ONTBTC":-0.1904591256,"LSKBTC":-0.1950260501,"BCHSVBTC":-0.2065712677,"BNTBTC":-0.2854015996,"ZRXBTC":-0.2970074934,"IOTABTC":-0.3414825815,"NEOETH":-0.3573367063,"BTTUSDT":-0.3580329679,"NXSBTC":-0.3642933875,"GXSBTC":-0.3696167103,"ETCUSDT":-0.3742208826,"EOSTUSD":-0.3794476193,"IOTAETH":-0.4192820365,"OMGBTC":-0.4656029319,"ADAUSDT":-0.4829039871,"TRXBNB":-0.4994892548,"IOTAUSDT":-0.5791525251,"STRATBTC":-0.5861961089,"MDABTC":-0.6205502682,"OMGUSDT":-0.6667538921,"ADABTC":-0.7088677252,"ADATUSD":-0.7176299089,"ADAETH":-0.8205184398,"ADABNB":-0.8335480226},"startDate":"2019-04-14","endDate":"2019-04-21","numDays":7,"excludedPairs":["QTUMETH","RENBTC","LINKTUSD","KNCETH","NASBNB","POWRETH","CHATBTC","XLMUSDC","QKCBTC","PPTETH","USDCTUSD","POWRBTC","OSTETH","TNBBTC","PHXBTC","GNTETH","GTOBTC","RLCETH","TRIGETH","ZECUSDC","TUSDETH","WAVESTUSD","RPXBTC","EOSPAX","STORMETH","DASHBNB","RPXETH","CMTETH","QSPBTC","BCNBNB","NULSETH","AIONETH","TUSDBNB","DASHETH","USDSUSDT","VIBEBTC","MODETH","OSTBNB","SNTBTC","RENBNB","CMTBTC","NCASHBNB","ZECPAX","STRATETH","RCNETH","TRXPAX","QLCBNB","NEOPAX","YOYOBTC","XEMBTC","ZECTUSD","IOSTBTC","NXSETH","HCETH","SYSBNB","BCPTBNB","DNTETH","NPXSBTC","ARDRBNB","ELFETH","ZILBNB","SKYETH","ZECBNB","TNTETH","USDSUSDC","POEETH","VETETH","ICXBNB","CLOAKETH","AMBBTC","AMBBNB","AGIETH","STORMBNB","STEEMBNB","XVGETH","STORMBTC","ADXETH","USDCBNB","RCNBNB","ARNETH","USDSPAX","MODBTC","IOTXBTC","TRXUSDC","ADXBNB","BTSBNB","CNDETH","MCOBNB","DLTETH","GOBNB","VENUSDT","BLZETH","BCPTBTC","BTGETH","FUNBTC","LRCETH","OSTBTC","IOTABNB","BNTETH","DOCKBTC","ZRXBNB","CMTBNB","WPRETH","ARDRETH","MITHUSDT","REPBNB","KMDETH","NXSBNB","CVCETH","VENBNB","WINGSETH","BQXETH","VENBTC","SNGLSETH","RDNETH","AMBETH","SUBETH","CLOAKBTC","QSPBNB","POWRBNB","DLTBNB","XEMETH","WPRBTC","NPXSETH","BCCUSDT","POABNB","GVTETH","PIVXETH","PAXBTC","SKYBNB","POEBTC","QSPETH","APPCETH","MTHBTC","DENTBTC","REQETH","LOOMBTC","ADAPAX","CVCBTC","BRDETH","ENGETH","RLCBNB","BCNETH","BLZBTC","SALTBTC","VIBBTC","THETABNB","REQBTC","XLMPAX","TNBETH","OMGBNB","VETBTC","BTTTUSD","LSKBNB","SCBTC","VIBEETH","WAVESUSDC","ASTBTC","WTCETH","CELRBNB","BCDETH","BCHSVUSDC","NEBLBNB","WAVESBNB","DLTBTC","CHATETH","NULSBNB","LOOMBNB","PAXETH","ENJUSDT","LSKETH","KEYETH","YOYOBNB","DOCKETH","WANETH","BTCUSDS","CNDBTC","IOSTBNB","BTSBTC","GNTBNB","STORJETH","MDAETH","QLCBTC","MCOETH","XEMBNB","CVCBNB","GOBTC","ASTETH","ICNBTC","POLYBNB","SNGLSBTC","LINKETH","BCCBTC","DENTETH","SNTETH","PHXETH","WINGSBTC","TNTBTC","XMRBNB","DGDETH","XZCXRP","ADAUSDC","OAXETH","SUBBTC","AIONBNB","CDTBTC","NAVBNB","NCASHBTC","POABTC","HSRBTC","WANBNB","ICNETH","ZECETH","XZCETH","INSETH","MTHETH","WTCBNB","ONTBNB","BLZBNB","XLMTUSD","EDOETH","TRIGBTC","NCASHETH","GTOBNB","GXSETH","POAETH","BNBUSDS","BCPTETH","ZENBNB","PAXBNB","LINKUSDC","GRSETH","AGIBTC","POLYBTC","NEOUSDC","IOTXETH","FUNETH","KEYBTC","BCNBTC","STEEMETH","ETCETH","MANABTC","ARDRBTC","TRXTUSD","ARKETH","ONGBNB","XZCBNB","BTTPAX","BCCETH","SCETH","USDSTUSD","DNTBTC","SCBNB","SYSETH","PIVXBNB","LUNETH","VIABNB","NASETH","DATABTC","BTSETH","TUSDBTC","ETCBNB","HOTBTC","WAVESPAX","LENDETH","SNMETH","DCRBNB","LOOMETH","APPCBTC","ZRXETH","CNDBNB","USDCBTC","SYSBTC","VIAETH","AEBNB","TRIGBNB","AEETH","RCNBTC","XVGBTC","DATAETH","CDTETH","TRXBTC","BRDBNB","QTUMBNB","APPCBNB","SNMBTC","LENDBTC","MANAETH","VENETH","PAXTUSD","BCCBNB","FUELBTC","MFTBTC","NAVETH","NEBLETH","ZILBTC","RPXBNB","BCHSVPAX","RDNBNB","AGIBNB","NEOTUSD","BTTBTC","HSRETH","SALTETH","ZENETH","CELRBTC","QLCETH","LINKPAX","REPETH"]}