{"data":{"APPCBTC":0.9675366732,"ELFBTC":0.9674909348,"THETAUSDT":0.9621817329,"THETABTC":0.9609373676,"EDOBTC":0.9568364981,"ELFETH":0.9560853547,"GASBTC":0.9340804903,"THETAETH":0.929539769,"BCDBTC":0.9285888013,"THETABNB":0.9050956893,"ASTBTC":0.8696463427,"MCOBTC":0.865412741,"PIVXBTC":0.8628494068,"ARNBTC":0.8438804396,"WAVESBNB":0.8405920825,"KMDBTC":0.8160273816,"WAVESUSDT":0.8126897736,"RDNBTC":0.7968036157,"BCPTBTC":0.7891169435,"BTGBTC":0.7867943551,"WAVESBTC":0.7794041951,"ASTETH":0.7785254394,"KNCBTC":0.7781918615,"TNTBTC":0.7768410138,"STORJBTC":0.7638856229,"VIBEBTC":0.7594539677,"STRATBTC":0.7549891131,"TNTETH":0.7548992617,"BCPTBNB":0.7503992198,"MITHUSDT":0.7430183717,"DGDBTC":0.7199712428,"NASBTC":0.7150007114,"LSKBTC":0.7106806372,"HOTBNB":0.7090709026,"SKYBTC":0.6965919282,"NEOBTC":0.6950721445,"ADXBTC":0.6935353373,"ONGBTC":0.6932999983,"ZECUSDT":0.692469251,"EOSBTC":0.6867805508,"AMBBTC":0.68612381,"EOSUSDT":0.6811352779,"HOTUSDT":0.6801884206,"POLYBTC":0.6772213998,"BCPTETH":0.6756219452,"XRPUSDT":0.671815974,"BTTBNB":0.6694928214,"LTCUSDT":0.6665693699,"INSBTC":0.6652906528,"WABIBTC":0.6594270523,"LTCETH":0.6577389529,"XRPBTC":0.6555545681,"TRXUSDT":0.6554955388,"GRSBTC":0.6549467127,"TRXETH":0.652774692,"LTCBTC":0.6521872406,"ONTBTC":0.6519622416,"XRPETH":0.6509010304,"ONGUSDT":0.6470759611,"ARKBTC":0.642192495,"DENTETH":0.6421417279,"LTCPAX":0.6386743271,"ZECBTC":0.6377863515,"IOTABNB":0.6364839933,"IOTABTC":0.6318329177,"ONTUSDT":0.6309072423,"EOSUSDC":0.6274846099,"POWRBTC":0.6260883872,"NEOUSDT":0.6258177111,"ADAUSDT":0.6221464854,"CELRUSDT":0.6212103338,"XLMUSDT":0.6207083009,"EVXBTC":0.6085673162,"RVNBNB":0.6080324149,"EOSETH":0.6074538583,"NAVBTC":0.6018873136,"FETUSDT":0.6003182532,"LTCTUSD":0.5995230591,"QTUMUSDT":0.599253462,"BTTUSDT":0.5965949708,"ATOMBTC":0.5945540867,"FETBTC":0.5927867915,"ATOMUSDT":0.5913689083,"FETBNB":0.5852137274,"ZRXBTC":0.5839342355,"BQXBTC":0.5820870805,"ETCBTC":0.5817450254,"NULSUSDT":0.5779351899,"ADAETH":0.5760322278,"QTUMBTC":0.5755349334,"MATICUSDT":0.5666030281,"TRXUSDC":0.5649507939,"TRXBNB":0.5628162972,"XRPUSDC":0.5613021034,"STEEMBTC":0.5609207617,"BTCUSDC":0.5607264459,"TRXTUSD":0.5596875197,"LTCUSDC":0.5587295267,"MTLBTC":0.5562130609,"CELRBNB":0.5521936233,"BCHABCBTC":0.5517921532,"IOTAETH":0.5508437364,"BCHABCPAX":0.5507023107,"ADABNB":0.5468311327,"EOSTUSD":0.5413685103,"HOTETH":0.5383001097,"EOSBNB":0.5364005889,"BTTUSDC":0.5357995053,"ETHTUSD":0.5345132681,"XLMETH":0.5317804994,"LTCBNB":0.5316071063,"MATICBNB":0.5261876511,"GVTBTC":0.5239707534,"BTCUSDT":0.5230585985,"ETCUSDT":0.5158203526,"ETHBTC":0.5081517949,"NEOBNB":0.5067947039,"BRDBTC":0.495438913,"BCHABCUSDT":0.4953028083,"AEBTC":0.4860417719,"ETHUSDT":0.4838318713,"BTCPAX":0.4837235199,"ETHUSDC":0.4811316001,"ZRXUSDT":0.4773743131,"ETHPAX":0.468714789,"OMGBTC":0.468213913,"XRPTUSD":0.4667432534,"IOTAUSDT":0.4630490048,"IOSTUSDT":0.4504699013,"LUNBTC":0.4499014707,"BCHABCUSDC":0.43756572,"TRXXRP":0.4344445232,"NEOETH":0.4339485093,"ZILBNB":0.4292433277,"PPTBTC":0.4269710328,"DASHUSDT":0.4231606988,"REPBTC":0.4218868557,"ADAUSDC":0.4144512595,"OMGUSDT":0.4104231436,"XRPBNB":0.4034834378,"NEBLBTC":0.3951849642,"NULSBTC":0.3935041923,"ENGBTC":0.383654513,"MDABTC":0.3765542036,"NANOBTC":0.3764886885,"ADATUSD":0.3744658606,"BATBTC":0.3738057527,"NANOUSDT":0.3656965837,"WTCBTC":0.350528355,"BLZBTC":0.3436715378,"WAVESETH":0.3314857359,"XMRUSDT":0.3289427333,"ZILUSDT":0.3264029527,"XRPPAX":0.3219217872,"BTCTUSD":0.3115628286,"BATUSDT":0.3061713696,"XMRBTC":0.303645663,"ENJBTC":0.3008511921,"BTTTUSD":0.3008136653,"USDCTUSD":0.2943493775,"BNBBTC":0.2903720633,"VETBNB":0.272827396,"BCHABCTUSD":0.2668799201,"BTCUSDS":0.2627907012,"LINKUSDT":0.2574818388,"BATETH":0.238289474,"OAXBTC":0.2309812278,"ENJETH":0.2242943346,"BNBUSDT":0.2218307806,"VETUSDT":0.2209177889,"ENJUSDT":0.2096787666,"BNBETH":0.2088614164,"XZCBTC":0.2075534944,"VETETH":0.206644743,"ICXUSDT":0.2035485626,"LINKBTC":0.2004937498,"WAVESTUSD":0.1979474486,"LINKUSDC":0.1652185076,"ICXBTC":0.1564359958,"ATOMBNB":0.1507793565,"DLTBTC":0.1295054503,"LINKETH":0.0972100446,"BATBNB":0.0618803551,"EOSPAX":0.0580634425,"RLCBTC":0.0461701994,"DASHBTC":0.0310280952,"WANBTC":0.0185442775,"VIABTC":0.0116328805,"PAXTUSD":0.0082796712,"XLMBNB":0.0043107147,"AIONBTC":0.0012364558,"BNBPAX":-0.024087097,"ZILETH":-0.0301537648,"LINKTUSD":-0.0755357121,"DCRBTC":-0.0877643509,"FUELETH":-0.1946122709,"BNBUSDC":-0.2102213032,"BNBTUSD":-0.2542642016,"QKCETH":-0.3304689779,"USDCPAX":-0.4742753,"USDCUSDT":-0.48954017,"TUSDUSDT":-0.6142235754,"PAXUSDT":-0.6379440543},"startDate":"2019-05-23","endDate":"2019-05-30","numDays":7,"excludedPairs":["GOBNB","YOYOETH","POAETH","NASETH","POEBTC","ZILBTC","STORJETH","QLCBNB","XVGBTC","DCRBNB","ADABTC","SALTETH","ETCUSDC","YOYOBTC","ZRXETH","APPCETH","ICXBNB","BQXETH","CHATETH","BCHSVTUSD","GNTBTC","TFUELUSDC","TFUELPAX","XLMBTC","POABNB","WINGSETH","WABIETH","BRDBNB","POEETH","BNTETH","VENBTC","ONTBNB","VETBTC","TFUELTUSD","PHXETH","MATICBTC","SNMETH","NEOTUSD","PHBPAX","SCBTC","BCHSVUSDC","NULSBNB","LSKBNB","RPXBTC","GVTETH","CHATBTC","XMRETH","BCHSVPAX","MFTETH","WPRETH","BTGETH","MTHETH","REPBNB","SNTBTC","GTOETH","TUSDBNB","TNBBTC","GNTETH","MFTBTC","ARNETH","LUNETH","BCCBTC","BATPAX","BCDETH","NPXSBTC","MCOETH","AMBETH","AGIBTC","AGIETH","FUELBTC","USDSPAX","ZECUSDC","SUBBTC","PAXBTC","DOCKBTC","RCNETH","DLTBNB","LINKPAX","DLTETH","CNDETH","ETCBNB","ZENBTC","IOTXETH","WABIBNB","MTLETH","PPTETH","WAVESPAX","BCNETH","NXSETH","SKYETH","ADAPAX","BNBUSDS","OMGBNB","NPXSETH","USDCBNB","QSPBTC","ENGETH","REPETH","DNTETH","ZECETH","PIVXBNB","BTSETH","PHBUSDC","TFUELBNB","TRIGETH","AIONETH","POABTC","XZCETH","ETCPAX","BNTBTC","EDOETH","GTOBNB","DATAETH","XEMBTC","POWRETH","TNBETH","QLCETH","STORMETH","TRXBTC","PHBTUSD","BLZBNB","POWRBNB","ICXETH","ETCTUSD","ARDRETH","SNGLSETH","WTCETH","LRCETH","DGDETH","BATUSDC","TFUELBTC","ARDRBTC","RCNBNB","VENETH","CDTETH","MODBTC","APPCBNB","BCCETH","CELRBTC","OAXETH","ADXETH","AIONBNB","SNTETH","ETCETH","CVCBTC","STORMBTC","SYSBTC","ATOMPAX","ZECBNB","RDNETH","ZENETH","VENBNB","HCBTC","SKYBNB","WAVESUSDC","PAXBNB","CDTBTC","XLMPAX","KEYBTC","TUSDBTC","IOSTETH","BCCBNB","LRCBTC","RPXETH","VIAETH","MODETH","CNDBTC","STORMBNB","LENDBTC","QSPBNB","ZRXBNB","BCCUSDT","NXSBNB","SYSETH","HOTBTC","XEMBNB","ARKETH","NULSETH","CLOAKBTC","XZCBNB","CLOAKETH","RLCETH","DATABTC","XZCXRP","IOSTBNB","SYSBNB","USDSUSDC","RENBTC","OSTETH","INSETH","KMDETH","FUNBTC","HSRETH","DNTBTC","BTSBTC","USDSTUSD","STEEMETH","USDCBTC","REQBTC","DOCKETH","ZENBNB","DASHETH","MDAETH","STRATETH","CMTETH","NXSBTC","XVGETH","USDSUSDT","ICNBTC","OSTBTC","LOOMETH","VIBEETH","SCBNB","HCETH","SNMBTC","CNDBNB","AMBBNB","WINGSBTC","TUSDETH","PIVXETH","MCOBNB","PHBBNB","IOSTBTC","XLMUSDC","PHBBTC","NEBLBNB","NCASHBTC","RDNBNB","RPXBNB","SCETH","QSPETH","RENBNB","VENUSDT","NAVBNB","BTSBNB","ONGBNB","LSKETH","BTTPAX","HSRBTC","GNTBNB","POLYBNB","NEBLETH","STEEMBNB","PHXBNB","BLZETH","NCASHBNB","ENJBNB","NANOBNB","NASBNB","LOOMBNB","RCNBTC","NEOUSDC","NAVETH","NCASHETH","VIBBTC","XLMTUSD","AEETH","CVCETH","BTTBTC","LENDETH","OMGETH","XMRBNB","OSTBNB","GTOBTC","REQETH","MITHBTC","XEMETH","BCHSVUSDT","LOOMBTC","MITHBNB","KNCETH","ICNETH","FUNETH","GRSETH","ARDRBNB","BRDETH","MTHBTC","VIABNB","KEYETH","MANABTC","TRXPAX","BCNBNB","QKCBTC","ADXBNB","PAXETH","ATOMTUSD","WPRBTC","MANAETH","QTUMBNB","AGIBNB","GOBTC","RLCBNB","DENTBTC","NANOETH","CVCBNB","TRIGBTC","GXSBTC","ZECTUSD","TFUELUSDT","QTUMETH","VIBETH","MFTBNB","GXSETH","CMTBTC","BATTUSD","AEBNB","ONTETH","ATOMUSDC","DASHBNB","CMTBNB","RVNBTC","WANBNB","WTCBNB","NEOPAX","SALTBTC","ZECPAX","IOTXBTC","PHXBTC","QLCBTC","BCNBTC","BCHSVBTC","SUBETH","SNGLSBTC","EVXETH","WANETH","TRIGBNB","YOYOBNB"]}