{"data":{"HCBTC":0.9326184617,"ERDUSDT":0.9279028976,"ERDBNB":0.9251403395,"LRCETH":0.9189852153,"BCPTETH":0.9016843627,"DUSKUSDT":0.8751969452,"MTLETH":0.8742166554,"KMDBTC":0.8727167372,"NXSBTC":0.8321216119,"IOSTUSDT":0.8249826266,"LUNBTC":0.816024443,"WINUSDT":0.8146718369,"NEBLBTC":0.808631282,"EVXBTC":0.8029987895,"BCDBTC":0.7741606889,"BTGBTC":0.7665545282,"DUSKBNB":0.7397152291,"EOSBNB":0.738943997,"RENBNB":0.7360391489,"WINBNB":0.7352015932,"MTLBTC":0.733647163,"THETABTC":0.731999909,"RENBTC":0.727536625,"ANKRUSDT":0.7219488824,"ENJUSDT":0.7209667916,"DUSKBTC":0.7144517848,"ZILETH":0.6984969517,"DGDBTC":0.6973731151,"COSBNB":0.6910934517,"THETAETH":0.6678216271,"TFUELUSDT":0.6670961006,"WTCBTC":0.648463907,"BCHABCBTC":0.6396550013,"MATICBNB":0.6299137106,"ZILUSDT":0.6288119802,"GTOUSDT":0.6234089464,"ZENBTC":0.6218011137,"XZCBTC":0.6209687563,"ENJETH":0.6140854973,"BNBBTC":0.6010544177,"BNBUSDT":0.5965552576,"COSUSDT":0.5890994844,"ZILBNB":0.5890072248,"THETAUSDT":0.5871819532,"TRXUSDT":0.5750093285,"BCHABCPAX":0.5656605443,"RVNBNB":0.5539067483,"MATICUSDT":0.5519611412,"WINUSDC":0.5475774519,"VETUSDT":0.5428185814,"ENJBNB":0.534221705,"NULSUSDT":0.5306514325,"ARNBTC":0.5292798762,"DUSKUSDC":0.5273989108,"PPTBTC":0.5249853888,"ONTBTC":0.4981646933,"USDCPAX":0.4981620127,"VETBNB":0.4953959871,"ONEUSDT":0.4915986276,"STEEMBTC":0.4873414383,"USDSUSDT":0.486026565,"RDNBTC":0.4795772229,"DASHETH":0.4656273878,"MITHUSDT":0.4654122211,"HOTUSDT":0.4563110547,"WANBTC":0.4559093513,"ONTETH":0.4478858891,"BNBETH":0.4456720738,"BCHABCUSDT":0.4310346267,"LINKBTC":0.4280500202,"IOSTETH":0.4082296512,"NANOUSDT":0.4049836066,"ONTUSDT":0.4024494338,"DASHBTC":0.397308089,"VETETH":0.3896282576,"ANKRBNB":0.3875884524,"ATOMUSDT":0.3783456787,"LINKUSDT":0.3768313044,"USDCUSDT":0.3766986912,"VIABTC":0.3697616634,"ZRXUSDT":0.3649267557,"FTMUSDT":0.3616830457,"DASHUSDT":0.3479364018,"HOTBNB":0.3407825519,"LTCPAX":0.3330431872,"MDABTC":0.3270900237,"ZECUSDT":0.3186957584,"ETCUSDT":0.3185540275,"LTCUSDT":0.3130298454,"ATOMBTC":0.3110344412,"ATOMBNB":0.3054587524,"XMRETH":0.2811193857,"LTCBNB":0.2754396035,"NANOBTC":0.2658525222,"TRXBNB":0.2597117089,"LTCBTC":0.243753505,"ALGOBNB":0.238363034,"ETCBTC":0.2346226154,"XMRBNB":0.2330061392,"TRXETH":0.2301899765,"ZRXETH":0.2273341526,"MCOBTC":0.2265049535,"CELRUSDT":0.2225133923,"PAXUSDT":0.2193117271,"ELFETH":0.2184473253,"NEOBNB":0.2091059781,"ALGOUSDT":0.2064357437,"XLMUSDT":0.1977315042,"BCHABCUSDC":0.1927508468,"NEOETH":0.1890151601,"ICXETH":0.1882748883,"USDCTUSD":0.1882480651,"GVTBTC":0.1825603395,"ADAUSDT":0.1763446474,"SKYBTC":0.1757353021,"KNCBTC":0.1649547626,"ALGOUSDC":0.1615820593,"XMRBTC":0.1568277473,"ALGOBTC":0.1530280337,"ANKRPAX":0.136779634,"BNBUSDC":0.1311166002,"NANOETH":0.1269898035,"PAXTUSD":0.1205815717,"GRSBTC":0.1199900002,"EDOBTC":0.1156806949,"LTCTUSD":0.1144956,"DCRBTC":0.1119040023,"ETCETH":0.0999020637,"FTMBNB":0.0958944695,"CELRBNB":0.0878858372,"ZECETH":0.0792373028,"ENGBTC":0.0769058351,"ANKRUSDC":0.0766092926,"ANKRTUSD":0.0744295876,"BATUSDT":0.0667523963,"LINKUSDC":0.0594233883,"XLMETH":0.0536885561,"NEOBTC":0.0399943774,"IOTAETH":0.037177345,"EOSUSDT":0.0293488896,"TUSDUSDT":0.019392032,"NULSBTC":0.0164099866,"IOTAUSDT":0.0078760292,"LTCUSDC":0.004728519,"ETHBTC":-0.0065637,"LTCETH":-0.0076854267,"ICXBTC":-0.00814083,"LINKTUSD":-0.0134098873,"BTTUSDT":-0.0136728405,"EOSBTC":-0.0175728559,"NEOUSDT":-0.0252318199,"TRXXRP":-0.0299865079,"BTCUSDT":-0.0341108459,"BATETH":-0.0359597801,"ZECBTC":-0.0518809842,"AIONETH":-0.0544829924,"ADAUSDC":-0.086543365,"WAVESUSDT":-0.0872383647,"IOTABTC":-0.0910309647,"LINKETH":-0.0978641481,"LINKPAX":-0.1010508234,"EOSPAX":-0.1058634306,"ONGUSDT":-0.1061882983,"BNBPAX":-0.1136884768,"ONEBNB":-0.1343496049,"ZRXBTC":-0.1399446415,"ADATUSD":-0.1403803494,"EOSETH":-0.1520789668,"ADABNB":-0.1555042907,"BATBNB":-0.1930770805,"OMGETH":-0.1990440647,"ICXUSDT":-0.202253835,"ARKBTC":-0.2157434208,"FETUSDT":-0.2316741682,"NASBTC":-0.2455623944,"XMRUSDT":-0.2503782727,"BTCPAX":-0.2660584495,"PIVXBTC":-0.270133493,"OMGBTC":-0.2711213368,"STRATBTC":-0.2716368631,"ONGBTC":-0.2717090476,"BCHABCTUSD":-0.2765152801,"BRDBTC":-0.2825519938,"BTCUSDS":-0.2859013875,"BNBTUSD":-0.2878684889,"WAVESETH":-0.2995965464,"DOGEUSDT":-0.3031570112,"QTUMBTC":-0.3038140182,"GASBTC":-0.3244042386,"ETHUSDT":-0.3302939842,"QTUMUSDT":-0.3359113282,"TRXUSDC":-0.3447532275,"XRPBNB":-0.3517650338,"RLCBTC":-0.3527226896,"OMGUSDT":-0.3860711069,"LSKBTC":-0.4348205101,"WAVESBTC":-0.440096615,"REPBTC":-0.4542467593,"ETHPAX":-0.4547334329,"ADAETH":-0.4566691558,"ETHTUSD":-0.4865042639,"BTCUSDC":-0.541432289,"XRPETH":-0.5966699534,"EOSUSDC":-0.6299285521,"ETHUSDC":-0.6451814823,"XRPBTC":-0.646553143,"XRPTUSD":-0.6585317195,"XRPUSDC":-0.667218146,"AEBTC":-0.6857427317,"XRPUSDT":-0.6902778343,"BTCTUSD":-0.7304538447,"XRPPAX":-0.7446845898,"GXSBTC":-0.744837815},"startDate":"2019-08-09","endDate":"2019-08-21","numDays":7,