{"data":{"VIABTC":0.9583417836,"BCPTETH":0.9504195054,"SALTBTC":0.9455316006,"ADXBTC":0.9358799821,"BCPTBTC":0.9289522866,"EVXBTC":0.9134979137,"HCETH":0.9112031382,"QKCBTC":0.9110680206,"WAVESBTC":0.9069058571,"LUNBTC":0.9054822734,"STORJBTC":0.9021805443,"XZCBTC":0.9019141708,"GXSBTC":0.9016551647,"QKCETH":0.8995506218,"NXSBTC":0.8878106104,"BCHSVUSDT":0.8714192,"ARNBTC":0.8711832773,"VIBEETH":0.8699418888,"WINGSETH":0.8699003751,"WABIBTC":0.8689947669,"ELFBTC":0.8676138535,"POABTC":0.8672202181,"WINGSBTC":0.8575702436,"EVXETH":0.8545605095,"CMTBTC":0.8517468095,"CLOAKBTC":0.8459623454,"ASTBTC":0.8444131303,"OAXBTC":0.8343402293,"OAXETH":0.8336084373,"INSBTC":0.8264780498,"SKYBTC":0.8177300857,"WTCBTC":0.8167783929,"VIBEBTC":0.8028820785,"ARNETH":0.79496259,"NASBTC":0.7906773064,"ZENBTC":0.7902052491,"XRPUSDC":0.7808851219,"MDABTC":0.7699975432,"RLCBTC":0.7686448567,"WAVESETH":0.767561199,"NEOBTC":0.7663232874,"NAVBTC":0.7632024809,"TNTETH":0.7619267011,"HCBTC":0.753686584,"NEOTUSD":0.7479793702,"GTOBTC":0.7470713663,"LINKETH":0.728679989,"EOSBNB":0.7255862404,"RDNBTC":0.7238796086,"LINKBTC":0.7161267831,"XRPBTC":0.7115997418,"BQXBTC":0.7099272332,"GTOETH":0.6985894813,"AEETH":0.6954960574,"XRPTUSD":0.6887897621,"XRPUSDT":0.687016391,"BQXETH":0.6822265383,"ETHUSDC":0.6737746702,"ARKBTC":0.6695201123,"MODBTC":0.6658278602,"NULSBTC":0.6640659284,"ETHBTC":0.6574886876,"BCHSVBTC":0.653226703,"ETCETH":0.6460216957,"AEBTC":0.6455534274,"MCOBTC":0.6439526549,"EOSUSDC":0.6416953214,"BCHABCBTC":0.6374411789,"NEOETH":0.6334624248,"AMBBTC":0.6334316824,"REPETH":0.6261300568,"VETUSDT":0.6254511376,"TRXXRP":0.6203091833,"BCHABCUSDT":0.6171006606,"OMGBTC":0.6095014183,"VETETH":0.5880455376,"PIVXBTC":0.5855283339,"ADABNB":0.563846095,"AIONBTC":0.5627519757,"STRATETH":0.5596016851,"STRATBTC":0.554182373,"PPTBTC":0.5459567007,"DOCKETH":0.5457907087,"TUSDBTC":0.5405872861,"XRPPAX":0.5382101008,"TRXETH":0.5231044488,"DLTBNB":0.5209300314,"WANBTC":0.5079099682,"DLTETH":0.5056298607,"BNBBTC":0.4966017316,"DLTBTC":0.4943465198,"LRCBTC":0.4764902175,"ZRXBTC":0.4698734581,"CMTETH":0.469425596,"LRCETH":0.4559643093,"NULSUSDT":0.4464952321,"BNBUSDT":0.4407181639,"BRDBTC":0.4406514128,"XLMUSDC":0.4328900076,"ETHPAX":0.4316781471,"POWRETH":0.4283765624,"XMRBTC":0.4262335253,"XLMTUSD":0.4122647919,"ETHUSDT":0.4092198771,"XLMETH":0.3995565317,"MTLBTC":0.3915292454,"TUSDETH":0.3810618049,"STEEMBTC":0.3738498283,"GASBTC":0.3653038596,"KMDBTC":0.3588388023,"QTUMBTC":0.3585174744,"TRXUSDT":0.3533683112,"POWRBTC":0.3518407208,"XRPETH":0.3453611745,"GVTBTC":0.3360267513,"TRXTUSD":0.3345124502,"ZECBTC":0.3232269152,"REPBTC":0.3164810922,"ICXBTC":0.313400623,"LTCBTC":0.309358412,"ADAETH":0.2945285801,"XMRETH":0.2879250447,"LTCUSDT":0.2851543813,"POLYBTC":0.2802844169,"BCDBTC":0.2608068334,"TRXBNB":0.2475523595,"BLZBTC":0.2422866729,"ZILETH":0.2410788725,"XLMPAX":0.2228664089,"ONTETH":0.2140662211,"BTCUSDC":0.2076395658,"NEOUSDT":0.2039966616,"LSKBTC":0.1849477597,"PAXTUSD":0.1800846288,"EOSBTC":0.1368168466,"ONTBTC":0.1349632904,"NANOBTC":0.0535759148,"DASHBTC":0.0317411538,"ETCBTC":0.0087985186,"KNCBTC":-0.0193274309,"BTCUSDT":-0.0272226605,"BATBTC":-0.0387892221,"ADATUSD":-0.0652723302,"DCRBTC":-0.0762506036,"SNTETH":-0.1073789949,"LTCETH":-0.1140788093,"XLMUSDT":-0.1331136762,"BNBETH":-0.1337051824,"ADAUSDT":-0.1342911126,"QTUMUSDT":-0.141594852,"TUSDBNB":-0.1473501892,"ONTUSDT":-0.1703497109,"OMGETH":-0.1839101149,"XRPBNB":-0.2143331681,"ENGBTC":-0.2152678963,"LTCBNB":-0.2193010483,"BTCPAX":-0.2277300612,"EOSPAX":-0.2359640738,"EOSUSDT":-0.2819112113,"IOTABTC":-0.3259578897,"IOTAUSDT":-0.3360729265,"USDCPAX":-0.4210254841,"ETCUSDT":-0.4222327584,"IOTAETH":-0.4237014951,"USDCTUSD":-0.4335183759,"BNBPAX":-0.4477260588,"ICXUSDT":-0.4627372796,"BTGBTC":-0.4989017453,"EOSETH":-0.5577353637,"BNBUSDC":-0.5914165745,"TUSDUSDT":-0.7090830044,"PAXUSDT":-0.719313966,"USDCUSDT":-0.8800474481},"startDate":"2019-01-15","endDate":"2019-01-22","numDays":7,"excludedPairs":["VENETH","MANABTC","KEYBTC","VETBNB","ZENETH","REPBNB","SNGLSBTC","XLMBNB","RPXBNB","APPCBTC","XEMBTC","TRIGBNB","YOYOETH","MITHBTC","WANBNB","PAXBTC","LENDETH","DASHETH","HSRBTC","BRDBNB","ZRXETH","NAVBNB","IOSTBTC","NEBLETH","WAVESPAX","RDNBNB","ARDRBTC","VIBBTC","NCASHBNB","VETBTC","POAETH","MCOBNB","OSTBTC","IOSTETH","RPXETH","CLOAKETH","QSPBNB","WAVESTUSD","GTOBNB","QLCBTC","IOTABNB","ADXBNB","NEBLBNB","USDCBTC","ZENBNB","LUNETH","WPRBTC","EDOETH","MFTBNB","CHATETH","CVCETH","WAVESUSDT","HSRETH","POEBTC","RCNETH","DENTBTC","GNTETH","TRXBTC","SYSETH","APPCBNB","NPXSBTC","WABIBNB","GVTETH","WPRETH","SKYETH","NAVETH","KEYETH","ICXBNB","ENJBNB","POLYBNB","KNCETH","GOBNB","ARKETH","BCDETH","WTCBNB","SCBTC","BNTETH","MFTBTC","WAVESBNB","MTHETH","STEEMBNB","ZILBNB","VIAETH","RLCBNB","LINKPAX","FUNBTC","SNMBTC","SNTBTC","QSPETH","INSETH","XZCXRP","DENTETH","BCCBTC","PIVXBNB","DCRBNB","LINKUSDC","PHXBNB","MTHBTC","AGIBTC","RPXBTC","BCNBNB","ENJBTC","PHXETH","QLCETH","FUNETH","CHATBTC","NEBLBTC","WAVESUSDC","STORMBTC","BNTBTC","PPTETH","LOOMBTC","LOOMBNB","NASETH","ICNBTC","RVNBTC","QTUMBNB","CNDETH","PAXETH","MDAETH","AEBNB","ARDRBNB","GXSETH","MANAETH","XEMETH","BCPTBNB","THETABNB","APPCETH","ELFETH","YOYOBTC","OSTETH","STORMETH","WTCETH","ADXETH","RLCETH","USDCBNB","FUELETH","CVCBTC","NCASHBTC","BRDETH","ARDRETH","VENBTC","BTGETH","AMBBNB","BCNETH","SYSBNB","SKYBNB","AGIBNB","VENBNB","WANETH","XEMBNB","RVNBNB","CNDBNB","OSTBNB","NULSETH","ICNETH","KMDETH","LINKUSDT","TNBETH","IOTXETH","XZCBNB","BTSBTC","XLMBTC","CDTBTC","CDTETH","SUBBTC","VIABNB","BTSETH","POEETH","GRSETH","LOOMETH","SCETH","XVGETH","EDOBTC","BTSBNB","LENDBTC","HOTETH","MODETH","CNDBTC","STORMBNB","SALTETH","ETCBNB","BCCBNB","NCASHETH","NXSBNB","VIBETH","STORJETH","AMBETH","SCBNB","POABNB","TRIGETH","XVGBTC","ASTETH","DATABTC","ONTBNB","REQBTC","BCCETH","SNGLSETH","NPXSETH","VENUSDT","LSKETH","THETAETH","LINKTUSD","MCOETH","AGIETH","NANOETH","STEEMETH","HOTBTC","CMTBNB","RENBNB","XZCETH","NULSBNB","GNTBTC","PIVXETH","SNMETH","BCNBTC","DOCKBTC","PAXBNB","MFTETH","BCCUSDT","POWRBNB","ADABTC","FUELBTC","DGDBTC","GRSBTC","RCNBTC","DATAETH","MTLETH","YOYOBNB","NANOBNB","WABIETH","RENBTC","RCNBNB","TNTBTC","AIONBNB","BATBNB","TRIGBTC","AIONETH","BLZBNB","GNTBNB","NASBNB","DGDETH","ZILBTC","GOBTC","REQETH","DNTETH","BLZETH","CVCBNB","TNBBTC","EOSTUSD","ENJETH","QLCBNB","MITHBNB","BATETH","THETABTC","QSPBTC","DNTBTC","LSKBNB","NXSETH","NEOBNB","SUBETH","SYSBTC","QTUMETH","PHXBTC","ENGETH","ICXETH","IOTXBTC","RDNETH","ZECETH"]}