{"data":{"RLCBTC":0.9917861908,"VIABTC":0.9637874377,"QTUMUSDT":0.955955912,"BRDBTC":0.9514385939,"OMGBTC":0.9401652846,"OAXBTC":0.9391970586,"NAVBTC":0.9367223295,"QTUMBTC":0.9347599505,"XZCBTC":0.9343914094,"HCBTC":0.9178901211,"LSKBTC":0.9177308636,"ENGBTC":0.9155919538,"LOOMBTC":0.9143133638,"ARNBTC":0.9094971247,"ASTBTC":0.9093814236,"EVXBTC":0.9082391086,"KMDBTC":0.9055414882,"STORJBTC":0.8986960005,"ONGBTC":0.8978757964,"OMGETH":0.8954598015,"ENJBNB":0.8916853937,"DCRBTC":0.8850072779,"ARKBTC":0.8834512628,"NEBLBTC":0.8791758549,"KMDETH":0.8754194994,"ONGUSDT":0.8721289376,"GRSETH":0.8716273867,"ZENBTC":0.867275467,"NASBTC":0.8665389088,"MCOBTC":0.8648681231,"BTTUSDT":0.8640645486,"VETUSDT":0.8602803013,"EDOBTC":0.8526375304,"VETETH":0.8499698835,"GRSBTC":0.8461646442,"NXSBTC":0.8405983308,"LINKETH":0.8374041894,"ENJBTC":0.8361454645,"XZCXRP":0.8354993716,"NANOBTC":0.8344220844,"BLZBTC":0.8323901763,"KNCBTC":0.8298464981,"APPCBTC":0.8275799421,"AEBTC":0.8258516996,"ARNETH":0.8196312031,"GNTBTC":0.8084844258,"PPTBTC":0.8032307852,"GVTBTC":0.7898113323,"POWRBTC":0.788796553,"BTGBTC":0.7859233598,"NULSBTC":0.7821045722,"DASHBTC":0.7789893982,"GASBTC":0.776624846,"DLTBTC":0.7756844624,"RDNBTC":0.7701825424,"REPBTC":0.7677321283,"BTTBNB":0.7549581449,"ENJETH":0.7463608554,"INSBTC":0.742312869,"MITHBTC":0.7418348993,"BATBTC":0.7404066315,"LUNBTC":0.7350176334,"AMBBTC":0.7278928933,"BATETH":0.7275662895,"LRCBTC":0.7270655708,"PIVXBTC":0.7261689568,"THETABTC":0.7229597967,"CVCBTC":0.715987316,"ONGBNB":0.7157603973,"WAVESBTC":0.7122709914,"WAVESUSDT":0.711223107,"NULSUSDT":0.7109916913,"XLMBTC":0.7105025973,"XRPUSDT":0.7080778104,"THETAETH":0.7021587351,"KNCETH":0.7019878644,"ADXBTC":0.7019670841,"WANBTC":0.7012774961,"WABIBTC":0.6924022665,"CMTBTC":0.6903890168,"BCHSVUSDT":0.6902333412,"ADAUSDT":0.6900822393,"BCPTBTC":0.6900346161,"BCDBTC":0.6807170401,"BCHABCUSDT":0.6777423966,"ONTBTC":0.6646798524,"RVNBTC":0.6600354292,"XRPBTC":0.6479283051,"BCHSVBTC":0.6408305657,"MDABTC":0.6379449103,"BNTBTC":0.6378624523,"ONTETH":0.6342937397,"WANETH":0.6333971416,"LINKBTC":0.6239884607,"XLMUSDT":0.6238039675,"DGDBTC":0.6234588091,"MDAETH":0.6204881721,"XLMBNB":0.6161259231,"BQXBTC":0.6038896268,"THETABNB":0.593506974,"XLMTUSD":0.5837948332,"NEOUSDT":0.5824608582,"STRATBTC":0.5800608809,"ADAETH":0.5745623711,"ADATUSD":0.5667729343,"XLMUSDC":0.5586454118,"XLMETH":0.5581383296,"XMRBTC":0.5487622551,"ADABNB":0.5384799095,"ARDRBTC":0.5230018313,"BATUSDT":0.5183115582,"BATBNB":0.5166783414,"ONTUSDT":0.515667621,"BCHABCBTC":0.5112095697,"RVNBNB":0.4959117029,"POLYBTC":0.4860271655,"ZECBTC":0.4839199763,"ICXBTC":0.4815198915,"XRPTUSD":0.4765556623,"NEOTUSD":0.4762236602,"LINKUSDT":0.4742653064,"ICXBNB":0.4698914188,"TUSDUSDT":0.4612913727,"ZILETH":0.4539651192,"ZRXBTC":0.4523206605,"AIONBTC":0.44939802,"USDCPAX":0.448468444,"HOTUSDT":0.4450137253,"ZILUSDT":0.4397384343,"NEOBTC":0.4171523808,"ELFBTC":0.4148248547,"IOTAUSDT":0.4095144481,"USDSPAX":0.4030058607,"TRXXRP":0.4002592855,"PAXUSDT":0.394607946,"BNTETH":0.3905759868,"ICXUSDT":0.3790812208,"ZRXUSDT":0.3756711923,"IOTABTC":0.3714159722,"BCHABCTUSD":0.3620844242,"ONTBNB":0.3564976271,"NEOETH":0.3444815214,"STEEMBTC":0.3349279934,"FETBTC":0.3336310638,"GXSBTC":0.32024898,"ICXETH":0.3164506526,"FETUSDT":0.3056340846,"WAVESETH":0.2895275624,"XRPBNB":0.2882869544,"TRXUSDT":0.278912499,"XRPETH":0.2665882306,"BNBPAX":0.225410599,"LTCBTC":0.2115321134,"TRXBNB":0.1850350089,"BNBETH":0.1756921904,"USDCUSDT":0.1747118556,"ETCBTC":0.1631033776,"ETCUSDT":0.1473007504,"WTCBTC":0.1393964127,"BNBBTC":0.1385790796,"LTCBNB":0.1348259796,"BNBUSDT":0.1339868674,"TUSDETH":0.1317156776,"MTLBTC":0.1283875386,"FUELETH":0.1221880444,"EOSBNB":0.1091637099,"TRXETH":0.0955187913,"LTCPAX":0.0665506518,"BTCPAX":0.0639730097,"LTCETH":0.0628916208,"SKYBTC":0.0401965267,"TUSDBNB":0.0390558746,"FETBNB":0.018017522,"LTCTUSD":0.0105247487,"LTCUSDC":-0.0124251608,"ETHUSDC":-0.050388697,"LTCUSDT":-0.051342614,"BNBUSDC":-0.0547874332,"ETHUSDT":-0.0698905892,"ETHBTC":-0.0702610785,"ETHPAX":-0.1385211159,"XRPPAX":-0.1498098759,"BTCUSDT":-0.1867339928,"LINKUSDC":-0.2482190259,"LINKTUSD":-0.2503280051,"TUSDBTC":-0.2847125811,"BTCUSDC":-0.3581796798,"EOSUSDT":-0.4067247952,"EOSUSDC":-0.4305596199,"EOSBTC":-0.4942821826,"EOSETH":-0.5028516079,"EOSTUSD":-0.5388018589},"startDate":"2019-03-07","endDate":"2019-03-15","numDays":7,"excludedPairs":["VETBTC","WAVESPAX","BCHSVPAX","HOTBTC","AGIETH","WAVESTUSD","SUBBTC","CVCBNB","QLCBTC","GTOBTC","WANBNB","RCNETH","SCBTC","SNMBTC","EVXETH","ADABTC","MODBTC","WTCBNB","ICNBTC","BNBUSDS","DGDETH","YOYOBNB","LSKBNB","MCOETH","POEBTC","SNGLSETH","USDSUSDC","POWRETH","DOCKBTC","NEBLBNB","WABIBNB","IOTXBTC","DNTBTC","AIONETH","RPXBTC","MFTBTC","PIVXBNB","QLCBNB","RLCETH","TNBETH","AGIBNB","CVCETH","CHATBTC","ICNETH","CMTETH","SKYBNB","USDCTUSD","AEETH","RDNETH","VENBTC","POABNB","HOTETH","INSETH","VIABNB","NASBNB","XLMPAX","IOTAETH","DCRBNB","QKCBTC","ZENBNB","BCHSVUSDC","TRIGBTC","DOCKETH","BCNETH","CNDETH","PHXBTC","SALTBTC","OSTBTC","BTGETH","NPXSETH","XEMBNB","ZECETH","BCDETH","HOTBNB","APPCBNB","MANAETH","AMBBNB","BCNBNB","NULSBNB","TNTETH","BTTTUSD","STRATETH","NAVBNB","QSPETH","XZCETH","WINGSETH","BRDBNB","NANOETH","WABIETH","WINGSBTC","BCCETH","WAVESBNB","BCPTETH","HSRBTC","BCNBTC","ADXBNB","SYSBTC","APPCETH","AEBNB","QSPBTC","NAVETH","FUNETH","CDTBTC","WPRETH","BTSETH","LENDBTC","VIBBTC","ETHTUSD","LSKETH","KEYETH","PAXBTC","POAETH","VENBNB","WTCETH","SNTETH","REQETH","XZCBNB","TRXBTC","SALTETH","CDTETH","DENTBTC","YOYOBTC","STORMETH","REPBNB","GVTETH","VENUSDT","XEMETH","RDNBNB","MTHETH","VIBEBTC","REQBTC","OSTBNB","NEOBNB","BTTBTC","USDSUSDT","ARDRBNB","BRDETH","SNGLSBTC","IOTXETH","STORJETH","OAXETH","CMTBNB","RPXETH","ARKETH","SYSETH","RCNBNB","CLOAKBTC","BTCTUSD","NXSBNB","RPXBNB","MODETH","EOSPAX","NCASHBNB","ADXETH","YOYOETH","CHATETH","ETCETH","DLTBNB","NASETH","VENETH","HCETH","QKCETH","BTTPAX","STEEMBNB","XRPUSDC","NANOBNB","STEEMETH","MTLETH","NPXSBTC","POEETH","ELFETH","QLCETH","LENDETH","ZRXBNB","LRCETH","XVGBTC","WPRBTC","OSTETH","ZENETH","TRXPAX","BCPTBNB","QTUMBNB","MFTETH","ZILBNB","PAXTUSD","TRIGETH","SKYETH","ZRXETH","PAXBNB","BLZETH","GTOETH","NULSETH","VIAETH","BCHABCPAX","XMRETH","AGIBTC","GOBNB","IOTABNB","NCASHBTC","STORMBNB","VIBETH","GNTBNB","GNTETH","AIONBNB","LUNETH","MCOBNB","TRXUSDC","BCCBTC","RENBNB","PHXETH","EDOETH","MFTBNB","XVGETH","LINKPAX","LOOMBNB","NCASHETH","CNDBNB","PPTETH","GXSETH","GTOBNB","BCCUSDT","VIBEETH","CNDBTC","MTHBTC","ARDRETH","RLCBNB","VETBNB","POLYBNB","BCHSVTUSD","BNBTUSD","BTCUSDS","RCNBTC","HSRETH","NXSETH","QSPBNB","GOBTC","USDSTUSD","BTTUSDC","POABTC","WAVESUSDC","KEYBTC","SUBETH","PHXBNB","NEBLETH","PIVXETH","SNTBTC","SCBNB","DATABTC","TNBBTC","BQXETH","MANABTC","TRIGBNB","IOSTBTC","DNTETH","ZILBTC","DATAETH","USDCBTC","LOOMETH","BLZBNB","PAXETH","STORMBTC","SYSBNB","TNTBTC","DENTETH","QTUMETH","BTSBNB","BCCBNB","DLTETH","REPETH","BTSBTC","AMBETH","SNMETH","DASHETH","MITHBNB","ASTETH","SCETH","FUNBTC","TRXTUSD","ENGETH","FUELBTC","XEMBTC","USDCBNB","BCHABCUSDC","RENBTC","CLOAKETH","IOSTETH","POWRBNB","ETCBNB"]}