{"data":{"OAXBTC":0.9307681095,"HCBTC":0.9055807126,"PHXETH":0.8779761438,"RLCBTC":0.8743353946,"PPTBTC":0.8691253923,"HCETH":0.8515291885,"QKCETH":0.8348945133,"QTUMBTC":0.833785724,"TNTETH":0.8323363681,"REPBTC":0.8191854153,"SYSBTC":0.8145618514,"QKCBTC":0.8056360288,"LINKBTC":0.7982123174,"DLTBTC":0.7640245887,"DLTETH":0.7320701108,"QTUMUSDT":0.7318356558,"REPETH":0.7293168868,"AEBTC":0.7213458896,"PIVXBTC":0.7166332974,"VIBEETH":0.7096535383,"GTOBTC":0.7088455142,"BRDBTC":0.6610047761,"RDNBTC":0.6530142868,"INSBTC":0.6400892974,"WABIBTC":0.6389722027,"LINKETH":0.626722334,"ZENBTC":0.6129255215,"WTCBTC":0.6106714449,"POLYBTC":0.6025396891,"GASBTC":0.5981302019,"WINGSBTC":0.5782522868,"GTOETH":0.5739787906,"TRXBTC":0.5596349517,"VIBEBTC":0.5499644414,"EOSUSDC":0.5496856511,"XZCBTC":0.5492219101,"POWRBTC":0.5439471781,"AEETH":0.5412465298,"MDABTC":0.5269108178,"XVGETH":0.5244467471,"BCHSVBTC":0.5148791544,"TRXETH":0.4821697437,"TRXUSDT":0.4708825633,"STORJBTC":0.4596426041,"BNBUSDC":0.4591727535,"TRXXRP":0.4392646267,"BCHSVUSDT":0.4310054969,"ARNBTC":0.4201359955,"BTGBTC":0.4138622975,"TRXBNB":0.4130271728,"ONTBTC":0.3903533007,"CLOAKBTC":0.375629376,"BQXBTC":0.3587550715,"STRATBTC":0.3435108339,"BNBUSDT":0.3414352828,"BNBBTC":0.3384612285,"MTLBTC":0.3264162935,"XEMETH":0.3244514308,"STEEMBTC":0.3224092635,"AMBBTC":0.3190707313,"NXSBTC":0.3161327946,"XLMTUSD":0.3012740468,"EOSBNB":0.3001321098,"NASBTC":0.2991395864,"ZECBTC":0.2910512429,"WAVESBTC":0.2861062138,"DOCKETH":0.2768206135,"ZECETH":0.2466084491,"NEOETH":0.2436974418,"QTUMETH":0.2409641617,"SALTBTC":0.232340274,"MODBTC":0.2265658826,"TUSDUSDT":0.2237551689,"WAVESETH":0.2227690633,"TUSDBTC":0.2014646089,"ONTETH":0.196959998,"ONTUSDT":0.1906450098,"LTCBNB":0.1832157237,"ARNETH":0.1807575019,"TRXTUSD":0.1663691649,"EVXBTC":0.1644259367,"LUNBTC":0.1639041692,"ADABNB":0.1616129334,"XLMBTC":0.1594144059,"SNTETH":0.1493262589,"KNCBTC":0.121847351,"XMRBTC":0.1152369719,"NANOBTC":0.1027522283,"GVTBTC":0.1009009139,"XRPBNB":0.0987289191,"XRPPAX":0.0868367509,"ZILETH":0.0855493688,"MITHBTC":0.0811455113,"SKYBTC":0.0588185999,"ELFBTC":0.0417258442,"TUSDETH":0.0317647608,"STRATETH":0.0313394953,"ADXBTC":0.0222367101,"XLMUSDC":0.0146432373,"XLMUSDT":0.0103833984,"NULSBTC":0.0003438472,"XRPTUSD":-0.0054403178,"BNBPAX":-0.0070735578,"NULSUSDT":-0.0094517986,"XLMETH":-0.0156452534,"DASHBTC":-0.0244371525,"EOSPAX":-0.0351798005,"NANOETH":-0.035191987,"BNBETH":-0.0515902726,"ENGBTC":-0.0529464227,"BCDBTC":-0.0559866142,"XMRETH":-0.0803183484,"ETCUSDT":-0.0880710351,"ADAETH":-0.0907085514,"ETCBTC":-0.091640681,"NEOUSDT":-0.1009462095,"BATBTC":-0.1135861743,"VETETH":-0.1209276085,"DASHETH":-0.12506353,"NEOTUSD":-0.125564648,"USDCPAX":-0.1275830748,"MCOBTC":-0.1339799989,"ICXUSDT":-0.1511630696,"BATETH":-0.1542332061,"LSKBTC":-0.1556306612,"OMGETH":-0.1693907774,"ZRXBTC":-0.1735819391,"DCRBTC":-0.1750238385,"PAXUSDT":-0.1782452717,"NEOBTC":-0.1801342134,"ETCETH":-0.1827861262,"EOSETH":-0.1920998862,"XRPBTC":-0.1948886455,"ICXBTC":-0.1949407257,"XRPUSDT":-0.2101553649,"XRPETH":-0.210625653,"IOSTETH":-0.2122702113,"USDCTUSD":-0.213812067,"ADABTC":-0.2157258915,"XLMPAX":-0.2354180462,"XRPUSDC":-0.239952509,"LTCETH":-0.2412153629,"ICXETH":-0.2441021438,"EOSBTC":-0.2572107737,"AIONBTC":-0.262779435,"EOSUSDT":-0.2714350098,"NEBLBTC":-0.2765255158,"LTCBTC":-0.2816516035,"PAXTUSD":-0.292364651,"BCHABCBTC":-0.2964672023,"ADAUSDT":-0.2995227255,"TUSDBNB":-0.3109820091,"USDCUSDT":-0.3198413953,"LTCUSDT":-0.3236259534,"BTCUSDC":-0.3453834694,"BCHABCUSDT":-0.3542137916,"BTCPAX":-0.3581894837,"WANBTC":-0.3587056815,"ADATUSD":-0.3619022492,"KMDBTC":-0.3671638488,"OMGBTC":-0.37403781,"ETHBTC":-0.4190757216,"BTCUSDT":-0.4287850555,"IOTABTC":-0.4818234926,"VETUSDT":-0.4819466623,"IOTAETH":-0.5010143309,"ARKBTC":-0.5560062159,"ETHUSDT":-0.5677129883,"ETHPAX":-0.607096387,"IOTAUSDT":-0.6079104622,"ETHUSDC":-0.6387499064},"startDate":"2019-01-10","endDate":"2019-01-17","numDays":7,"excludedPairs":["MTHBTC","PIVXETH","CMTETH","KMDETH","VIBETH","DENTETH","BLZBTC","WTCETH","STORMBNB","FUNETH","BCPTBNB","BQXETH","ELFETH","SALTETH","NPXSETH","YOYOBTC","ARDRBNB","REQETH","SUBBTC","QLCETH","VIBBTC","SNMETH","QSPETH","BTSETH","VETBNB","APPCETH","STEEMETH","POWRETH","PPTETH","VENETH","DOCKBTC","RLCBNB","GNTETH","TNTBTC","GOBTC","NEBLETH","MCOBNB","GNTBTC","ZENBNB","DLTBNB","MFTETH","BRDBNB","BLZETH","WPRBTC","NEBLBNB","NASBNB","RLCETH","TRIGBTC","XEMBTC","IOTABNB","XLMBNB","PAXBTC","ZILBNB","ENGETH","CVCBNB","CNDETH","KEYETH","GVTETH","ARDRETH","BCNBNB","OSTETH","NULSBNB","NCASHBNB","SCBNB","APPCBNB","NAVBNB","RPXBTC","ZENETH","XZCXRP","POEBTC","TNBBTC","NXSETH","ARDRBTC","AGIBNB","LRCETH","SCBTC","DGDETH","LSKBNB","QLCBNB","FUELBTC","RENBNB","BCNBTC","RCNBTC","NEOBNB","HSRETH","MTHETH","MFTBTC","NAVBTC","OSTBNB","RVNBNB","XVGBTC","CHATETH","WABIETH","MCOETH","GXSETH","SYSBNB","DNTETH","ONTBNB","BCCBTC","RPXETH","SNGLSETH","ETCBNB","INSETH","GXSBTC","CNDBNB","REPBNB","SYSETH","CDTETH","POABNB","PIVXBNB","STORMETH","FUELETH","IOTXETH","RPXBNB","PHXBNB","ASTETH","BCPTBTC","NANOBNB","STORMBTC","WABIBNB","MANAETH","RDNBNB","EDOETH","AEBNB","MTLETH","IOTXBTC","MFTBNB","USDCBNB","XZCETH","KEYBTC","YOYOBNB","GRSETH","GTOBNB","NPXSBTC","CHATBTC","CLOAKETH","STEEMBNB","QSPBNB","BCCBNB","BCCETH","AMBETH","TNBETH","LUNETH","ASTBTC","HSRBTC","VENBTC","QTUMBNB","SNMBTC","XZCBNB","FUNBTC","POEETH","BTGETH","ADXETH","BCNETH","RVNBTC","REQBTC","RDNETH","NASETH","LSKETH","CMTBTC","OSTBTC","MITHBNB","CVCBTC","BNTETH","VIABTC","SUBETH","THETABNB","LRCBTC","CMTBNB","IOSTBTC","NULSETH","LINKUSDC","DNTBTC","DGDBTC","RENBTC","RCNETH","AMBBNB","AGIBTC","STORJETH","SNTBTC","WAVESBNB","BCDETH","PHXBTC","QSPBTC","LINKPAX","LOOMBNB","MODETH","WANETH","EDOBTC","BTSBTC","ADXBNB","ZRXETH","PAXBNB","POLYBNB","BCPTETH","POABTC","POAETH","BRDETH","BATBNB","ICNBTC","AIONETH","EOSTUSD","THETABTC","DCRBNB","LINKTUSD","XEMBNB","CVCETH","POWRBNB","ENJBNB","MANABTC","HOTBTC","WINGSETH","ENJBTC","VETBTC","APPCBTC","ICXBNB","VIABNB","ICNETH","HOTETH","TRIGBNB","RCNBNB","DATABTC","CNDBTC","DATAETH","VENBNB","GNTBNB","AIONBNB","AGIETH","WTCBNB","NCASHETH","MDAETH","NCASHBTC","NXSBNB","ENJETH","LENDETH","DENTBTC","YOYOETH","SKYETH","USDCBTC","THETAETH","GOBNB","LOOMBTC","VIAETH","SKYBNB","PAXETH","VENUSDT","LENDBTC","LOOMETH","BTSBNB","QLCBTC","BNTBTC","LINKUSDT","WANBNB","ARKETH","SNGLSBTC","GRSBTC","ZILBTC","TRIGETH","NAVETH","BCCUSDT","KNCETH","BLZBNB","WPRETH","CDTBTC","SCETH","EVXETH","OAXETH"]}