{"data":{"AEBTC":0.9753583511,"GVTBTC":0.9539888128,"NASBTC":0.9379141937,"INSBTC":0.9270415445,"QTUMETH":0.9264122431,"QTUMUSDT":0.9083015737,"OMGUSDT":0.9081239451,"VETBNB":0.9017717699,"DGDBTC":0.9006660193,"VETUSDT":0.9003456634,"PHBBNB":0.898056995,"IOSTUSDT":0.8843196496,"QTUMBTC":0.8793853671,"FTMBTC":0.8783756286,"ARDRBTC":0.8731612434,"ZILUSDT":0.8629509702,"VETETH":0.8626129876,"MCOBTC":0.8613057066,"FETUSDT":0.859986255,"KNCBTC":0.8527391839,"LUNBTC":0.8521519497,"DCRBTC":0.8439884508,"TRXUSDT":0.839330379,"CELRUSDT":0.831583314,"XZCBTC":0.8263655823,"TRXETH":0.8138294515,"ONEBNB":0.8081801303,"BCPTBTC":0.8017702316,"NAVBTC":0.7982513472,"TRXBNB":0.7727364059,"ADATUSD":0.7677077198,"OMGBTC":0.7652108943,"FTMUSDT":0.751147484,"NULSBTC":0.7481709762,"ONTUSDT":0.726378994,"NEOUSDT":0.7246401023,"ADAUSDT":0.7213727256,"POWRBTC":0.7175151853,"ATOMUSDT":0.7111790292,"ONEUSDT":0.7087884736,"HCBTC":0.706582963,"TRXXRP":0.706468974,"LINKBTC":0.6897019774,"MATICUSDT":0.689325052,"ZILBNB":0.6847238281,"LINKUSDT":0.6826616239,"ONTETH":0.6799305006,"RVNBTC":0.6787876332,"FETBNB":0.6725630688,"XLMUSDT":0.6670707711,"ARNBTC":0.6642502052,"BTCUSDT":0.6632951245,"NEBLBTC":0.658450953,"CELRBNB":0.656074781,"EOSUSDT":0.6520785778,"ZENBTC":0.6476570864,"OAXBTC":0.6414153436,"ONTBTC":0.640758508,"LINKUSDC":0.6386743517,"GXSBTC":0.6320093346,"ETHUSDT":0.6272486808,"DASHBTC":0.6271857112,"TRXUSDC":0.625437907,"LTCETH":0.6239420101,"ETCUSDT":0.6215862701,"OMGETH":0.6137670611,"XRPUSDT":0.6136473195,"MATICBNB":0.6084022826,"BTCUSDC":0.607398556,"NEOBNB":0.5972040069,"GXSETH":0.5955030179,"BCHABCUSDT":0.5952328699,"NEOBTC":0.5948879315,"BCHABCBTC":0.5936793067,"NEOETH":0.5927294674,"EOSBTC":0.5916513945,"BNBETH":0.5830439943,"BTCPAX":0.5743462719,"WAVESETH":0.5722477759,"XRPUSDC":0.5691396476,"LTCUSDT":0.5514214362,"ADABTC":0.5477653232,"ETHPAX":0.5431618948,"THETAUSDT":0.5410847502,"TRXTUSD":0.5387691895,"TFUELUSDT":0.5385945289,"XRPTUSD":0.537031732,"CMTBTC":0.5365766467,"ETHTUSD":0.534646511,"ETCBTC":0.5339763977,"BNBUSDC":0.5258871645,"LRCBTC":0.5214221977,"TNTETH":0.4912224708,"BCHABCUSDC":0.4859185634,"NEOTUSD":0.4833126372,"MITHBNB":0.4831493615,"XRPBTC":0.4804026314,"ADAUSDC":0.4722489472,"BTCTUSD":0.4659881032,"RDNBTC":0.4621153241,"REPBTC":0.4601418927,"BCHABCTUSD":0.4583747247,"LOOMBTC":0.455820932,"SYSBTC":0.4532891482,"FTMBNB":0.4475204078,"EOSETH":0.4459922957,"XLMBTC":0.4445031054,"THETABTC":0.4426376463,"DLTBTC":0.4387440866,"HOTUSDT":0.4346673959,"BTGBTC":0.4317201471,"ETHUSDC":0.4186698194,"ETHBTC":0.4124472877,"ENGBTC":0.4115633312,"ASTBTC":0.4095797416,"CVCBTC":0.4049439391,"BCDBTC":0.4033429377,"XRPETH":0.3998516769,"SKYBTC":0.3991947144,"XEMBTC":0.3884704826,"GASBTC":0.3881239745,"XMRETH":0.3737945843,"LTCBTC":0.3736302245,"LINKETH":0.3617963256,"EOSBNB":0.3534921924,"USDCTUSD":0.3458836672,"ZILETH":0.3447521264,"IOTAETH":0.3439356309,"BTCUSDS":0.3426931799,"MDABTC":0.320651838,"IOTAUSDT":0.3195257446,"BNBTUSD":0.2944474149,"ASTETH":0.2930690709,"PPTBTC":0.2886860467,"BTTUSDT":0.2860574245,"LTCUSDC":0.2781914929,"BRDBTC":0.2717718927,"ZRXUSDT":0.2697506811,"ELFBTC":0.267251187,"DASHUSDT":0.2618392439,"FETBTC":0.2320619252,"EOSTUSD":0.2311391905,"NULSUSDT":0.2239521597,"RLCBTC":0.2209322125,"ZECBNB":0.2172264913,"POLYBTC":0.2132151974,"PAXTUSD":0.2125451296,"LTCTUSD":0.2036364315,"XRPBNB":0.1956280426,"IOTABTC":0.1876231114,"LTCBNB":0.1856930813,"ZRXBTC":0.1658760544,"MITHUSDT":0.1583867013,"NANOUSDT":0.1567277994,"ADABNB":0.1562759107,"VIBEBTC":0.1489925006,"XLMBNB":0.1482341646,"ZECUSDT":0.1464417432,"EDOBTC":0.1378240734,"ADAETH":0.1349228867,"FUELETH":0.1218636789,"XMRBNB":0.1156650989,"XLMETH":0.061566867,"MITHBTC":0.0371216949,"ZECETH":0.0267161058,"ATOMBTC":0.017010547,"WAVESBTC":0.0000761244,"BNBPAX":-0.0063921384,"LSKBTC":-0.0178707505,"RVNBNB":-0.0191318114,"ZECBTC":-0.0226876141,"WAVESUSDT":-0.0312604268,"XMRUSDT":-0.0340460051,"XRPPAX":-0.0359671169,"ENJUSDT":-0.0468350996,"MTLBTC":-0.0508029494,"NANOBTC":-0.0978171332,"HOTBNB":-0.0982277553,"BATUSDT":-0.1051564905,"USDCUSDT":-0.1239657918,"XMRBTC":-0.143717987,"EVXBTC":-0.1479437166,"APPCBTC":-0.149846002,"WANBTC":-0.1512649151,"IOTABNB":-0.1601230874,"BNTBTC":-0.1629006037,"STORJBTC":-0.1730612626,"PAXUSDT":-0.1794362965,"GNTBTC":-0.1844429608,"BNBUSDT":-0.1961274535,"EOSPAX":-0.199041492,"AIONBTC":-0.2011357476,"MANABTC":-0.2168707195,"ATOMBNB":-0.243444606,"GRSBTC":-0.2692583586,"WABIBTC":-0.2709109898,"TUSDUSDT":-0.274451817,"USDSUSDT":-0.2870745932,"PIVXBTC":-0.2972379412,"BNBBTC":-0.3264633834,"KMDBTC":-0.3497030744,"BTTBNB":-0.3641593306,"ENJBTC":-0.3646300602,"ARKBTC":-0.377299001,"MFTETH":-0.3790296005,"BATETH":-0.3989662287,"USDCPAX":-0.413558466,"VIABTC":-0.4147972605,"BQXBTC":-0.4774431328,"BATBTC":-0.482896693,"LTCPAX":-0.5160973186,"AGIBTC":-0.5352960516,"ICXUSDT":-0.553095027,"STEEMBTC":-0.5714138804,"BCHABCPAX":-0.5932243913,"WTCBTC":-0.680329652,"STRATBTC":-0.6871608722,"ICXBTC":-0.7534959751,"ICXETH":-0.7790870791},"startDate":"2019-06-19","endDate":"2019-06-26","numDays":7,