{"data":{"ONEBNB":0.9065743858,"ERDUSDT":0.8628298105,"VIABTC":0.8571358221,"ONEUSDT":0.8554665352,"WTCBTC":0.8498438178,"PPTBTC":0.849072529,"FETUSDT":0.8163922927,"CELRUSDT":0.8126121204,"WTCBNB":0.8103698941,"FETBTC":0.8093507733,"ERDBNB":0.806205732,"MATICBNB":0.7999199114,"NAVBTC":0.787332181,"MATICUSDT":0.7730700537,"WTCETH":0.7714812389,"RENBTC":0.7599839106,"RVNBNB":0.7525630237,"FTMUSDT":0.7467799665,"NEBLBTC":0.7445805117,"ONGUSDT":0.7438986282,"WABIBTC":0.7404719683,"KMDBTC":0.737018018,"CELRBNB":0.7306269262,"LINKBTC":0.7299358889,"FETBNB":0.7235046047,"ONGBTC":0.7221786791,"LUNBTC":0.7098795772,"ENGBTC":0.698964696,"FTMBNB":0.6930661296,"RLCBTC":0.6518549956,"NULSBTC":0.6279665692,"WANBTC":0.5834288097,"IOSTUSDT":0.579497153,"QTUMBTC":0.578623369,"OAXBTC":0.5740186398,"BATBTC":0.5665146045,"STORJBTC":0.5657636881,"CMTETH":0.5611043269,"MDABTC":0.5549683376,"QTUMUSDT":0.5306786485,"ALGOUSDT":0.527424664,"PAXUSDT":0.5202550629,"BATUSDT":0.5093592645,"RENBNB":0.500571723,"MITHUSDT":0.4961863076,"VETUSDT":0.485499786,"XLMUSDT":0.4824639807,"IOSTETH":0.4777505933,"XRPUSDC":0.4682305129,"TFUELUSDT":0.4656918021,"GASBTC":0.4586862343,"ICXBTC":0.457353534,"LINKUSDT":0.4520907778,"KMDETH":0.4463600075,"ICXBNB":0.4385272678,"NEOBNB":0.437575983,"NASBTC":0.4352145048,"QTUMETH":0.4212787195,"VETBNB":0.4199233348,"ONTBTC":0.4160269713,"ALGOBTC":0.4153232909,"USDCUSDT":0.4107313574,"BQXBTC":0.3986063549,"RDNBTC":0.3959348815,"HOTUSDT":0.3945961199,"XRPBTC":0.3909303377,"LTCPAX":0.3860870432,"XRPBNB":0.3719365454,"ONTBNB":0.3660558455,"USDCPAX":0.3581552626,"TUSDUSDT":0.3548239705,"INSBTC":0.324269425,"NANOUSDT":0.3215440765,"THETAUSDT":0.3188671818,"OMGBTC":0.3156536987,"BCHABCPAX":0.3142087343,"LTCBTC":0.2933559876,"NULSUSDT":0.2912941098,"ENJBTC":0.2783063503,"LTCBNB":0.2538019698,"BATBNB":0.2461926502,"ATOMBNB":0.2362882378,"BTGBTC":0.2333918713,"ONTETH":0.2276865087,"ICXUSDT":0.2229216563,"EOSBNB":0.195956661,"ZILUSDT":0.1933264058,"BATETH":0.1880053931,"OMGUSDT":0.1796251494,"EOSPAX":0.1726091634,"AEBTC":0.1674591948,"HOTBNB":0.140894442,"EVXBTC":0.1332490481,"GVTBTC":0.122473369,"GXSBTC":0.1114512039,"TRXXRP":0.1103731364,"DCRBTC":0.0936858568,"ONTUSDT":0.091198834,"LINKTUSD":0.0804836263,"USDSUSDT":0.0791155706,"OMGETH":0.0785128163,"ARKBTC":0.076098903,"ATOMBTC":0.0601638377,"ADABNB":0.0599250326,"EDOBTC":0.0581361404,"STEEMBTC":0.0534423979,"ENJETH":0.052762823,"ALGOBNB":0.0524721866,"BTCUSDT":0.0502837191,"THETAETH":0.0482775316,"REPBTC":0.0424586476,"DASHBTC":0.0414682013,"LSKBTC":0.0392642584,"ZRXUSDT":0.0339102631,"ARNBTC":0.0263952034,"EOSBTC":0.0247394854,"ELFBTC":0.0127798925,"EOSUSDT":0.0065269798,"ENJUSDT":-0.0119859377,"LTCUSDT":-0.015144259,"TRXBNB":-0.0353727729,"XRPUSDT":-0.0370617794,"ICXETH":-0.0538216004,"ATOMUSDT":-0.0555848835,"KNCBTC":-0.0682141237,"DOGEUSDT":-0.0718261255,"BRDBTC":-0.0791137612,"LINKPAX":-0.0989537425,"ZILETH":-0.1069670333,"TRXUSDT":-0.1071915771,"NEOBTC":-0.1130041156,"EOSETH":-0.1136063842,"GRSBTC":-0.1159541522,"STRATBTC":-0.1345028348,"BTTBNB":-0.1448860912,"NANOBTC":-0.1467662684,"ADAUSDT":-0.1667889576,"LINKUSDC":-0.1692694124,"ETCBTC":-0.172527559,"IOTAUSDT":-0.1801481794,"LINKETH":-0.1805414593,"BCHABCBTC":-0.189405291,"LTCUSDC":-0.1982932616,"ZRXBTC":-0.2173951332,"BTCUSDC":-0.2206668894,"PIVXBTC":-0.2231230874,"XLMETH":-0.2266233856,"DGDBTC":-0.231205476,"TRXETH":-0.2331529279,"ZECETH":-0.2430148714,"ETHBTC":-0.2538827934,"DOGEBNB":-0.2587542052,"XRPETH":-0.2747754897,"XRPPAX":-0.2760367802,"EOSUSDC":-0.2769899748,"BCDBTC":-0.3069298595,"ZRXETH":-0.3075583483,"PAXTUSD":-0.3107232938,"SKYBTC":-0.3157417401,"VETETH":-0.3254915075,"MTLBTC":-0.3310810879,"BTCTUSD":-0.3512749769,"IOTABTC":-0.3518318759,"BTCPAX":-0.3582394789,"SKYBNB":-0.3686459412,"HCBTC":-0.3763767645,"USDCTUSD":-0.3782386472,"LTCETH":-0.3802039169,"WAVESUSDT":-0.3911707436,"XZCBTC":-0.3933280464,"ETHPAX":-0.3960362749,"BNBUSDC":-0.3969733019,"WAVESBTC":-0.4054837011,"ZECBTC":-0.4141075383,"NEOETH":-0.4381618801,"DASHETH":-0.4387863506,"BCHABCUSDT":-0.4416640897,"BTTUSDT":-0.4451572577,"ADAETH":-0.446309961,"NEOUSDT":-0.4555686744,"WAVESBNB":-0.4729647427,"ETCETH":-0.4735801702,"TRXUSDC":-0.483952293,"ETHUSDC":-0.4874399457,"XRPTUSD":-0.4898969126,"TRXTUSD":-0.4943452513,"XMRBTC":-0.4952290568,"WAVESTUSD":-0.5052575489,"ZECUSDT":-0.5170721012,"ETHUSDT":-0.5325989576,"IOTAETH":-0.5378959013,"BTCUSDS":-0.5597252076,"XMRETH":-0.5833505372,"TRXPAX":-0.5923052153,"NXSBTC":-0.5934719618,"WAVESETH":-0.5955062184,"ADAUSDC":-0.605001243,"XMRUSDT":-0.6300796051,"ADATUSD":-0.6701037831,"LTCTUSD":-0.6714720835,"MCOBTC":-0.6868647517,"BNBUSDT":-0.7129708386,"ETCUSDT":-0.7470079987,"BNBPAX":-0.7519736727,"BCHABCUSDC":-0.7551003914,"MCOETH":-0.7571325401,"DASHUSDT":-0.7602217838,"NEOTUSD":-0.7619021807,"BNBBTC":-0.7843585728,"ETHTUSD":-0.796180914,"BCHABCTUSD":-0.8064065577,"EOSTUSD":-0.830287159,"BNBETH":-0.8481539836,"BNBTUSD":-0.913521011},"startDate":"2019-07-11","endDate":"2019-07-18","numDays":7,