{"data":{"ZENBTC":0.9152277117,"FETUSDT":0.9074019218,"CVCBTC":0.8985949574,"LINKUSDT":0.8860935058,"ETHUSDC":0.8758043075,"LINKBTC":0.8601319377,"DLTBNB":0.858089883,"EVXETH":0.8499645786,"NANOBTC":0.8454084212,"EVXBTC":0.8339611404,"BQXBTC":0.8309790636,"ETCUSDT":0.8299491207,"DLTETH":0.8261793204,"DLTBTC":0.8255133968,"ETHUSDT":0.8246931196,"NANOBNB":0.8234225326,"APPCBTC":0.8199162431,"AGIBTC":0.8154558545,"ELFBTC":0.813586385,"RLCBTC":0.8134647783,"LINKETH":0.8134545454,"RCNBTC":0.7986341472,"KMDBTC":0.7806968924,"ENGBTC":0.7791914293,"DGDETH":0.7786787552,"ETHPAX":0.7725793578,"LRCBTC":0.7653223689,"IOSTUSDT":0.7584602421,"NANOUSDT":0.7563484784,"DASHBTC":0.7558811649,"ZRXBTC":0.7521364321,"LTCUSDC":0.7441408306,"LTCTUSD":0.726999013,"LTCPAX":0.7240584623,"OAXBTC":0.7098226268,"ETHBTC":0.7031101682,"QTUMBTC":0.6972589931,"ETHTUSD":0.6954791251,"WAVESBTC":0.6940903975,"LTCUSDT":0.6806126461,"LTCBTC":0.6738139904,"LSKBTC":0.666234562,"BCHABCTUSD":0.6435031673,"DGDBTC":0.6345754694,"HCBTC":0.628766183,"WAVESETH":0.6201356819,"XMRUSDT":0.6087596615,"LINKUSDC":0.6068524616,"AEBTC":0.6022915049,"QTUMUSDT":0.6007702541,"WAVESUSDT":0.6003629462,"STORJBTC":0.5861318707,"XRPPAX":0.5840851117,"ATOMUSDT":0.5585635679,"BCHABCUSDT":0.5524860648,"TRXBNB":0.5472009505,"XRPUSDT":0.5453318873,"ARNBTC":0.5361645727,"ATOMBTC":0.5347684345,"BCHABCUSDC":0.5345074994,"LTCETH":0.5226857009,"GTOBTC":0.5184902045,"TRXUSDC":0.5172013974,"EOSTUSD":0.5000199418,"BCHABCPAX":0.4792485275,"DCRBTC":0.4583653412,"NULSBTC":0.4398628367,"LOOMBTC":0.4310338729,"ONTUSDT":0.4306310341,"VIABTC":0.4264314324,"FUELETH":0.4147386974,"XRPBTC":0.413449377,"GRSBTC":0.4071026669,"XLMBTC":0.4052300096,"BTCUSDS":0.3982211041,"BCHABCBTC":0.3914035648,"ETCBTC":0.3891471603,"MFTETH":0.3877290814,"KNCBTC":0.3855596632,"ZECBTC":0.3839916161,"IOTAETH":0.3680061095,"AIONBTC":0.363783716,"IOSTETH":0.3578772986,"MTLBTC":0.3550188956,"BTTBNB":0.352178446,"ZILETH":0.3450085448,"INSBTC":0.3443273097,"MCOBTC":0.3441297384,"ONTBTC":0.3401576221,"XRPETH":0.327635739,"NAVBTC":0.3272905374,"ATOMBNB":0.325446574,"XMRETH":0.3253103042,"ADXBTC":0.3244058091,"IOTAUSDT":0.3168844148,"XMRBTC":0.3165904824,"ZILUSDT":0.3108124074,"PPTBTC":0.3103648009,"VETETH":0.3052677208,"EOSPAX":0.3030934268,"EOSBTC":0.294477412,"BTCUSDC":0.2867615431,"TUSDUSDT":0.2750617555,"ADATUSD":0.2741713985,"BTCUSDT":0.265393813,"EOSUSDT":0.260526969,"ARKBTC":0.2602258253,"DASHUSDT":0.2454462887,"XZCBTC":0.2374010191,"POLYBTC":0.2152446266,"BNTBTC":0.2125742513,"EOSETH":0.2086731479,"XRPTUSD":0.2019995411,"OMGBTC":0.2009692498,"PIVXBTC":0.2008911887,"XLMUSDT":0.1979609383,"NEOETH":0.1942880088,"SYSBTC":0.1831599931,"NULSUSDT":0.1781161065,"USDCPAX":0.1660809657,"CELRUSDT":0.1628410304,"SKYBTC":0.1579822925,"ZECUSDT":0.1533021872,"NEOUSDT":0.1432791976,"BRDBTC":0.1418426734,"LUNBTC":0.1348169068,"PAXUSDT":0.1317066072,"XRPUSDC":0.1157050381,"XEMBTC":0.1155659434,"WABIBTC":0.1138972988,"ICXUSDT":0.1114469626,"GASBTC":0.1081908238,"ENJUSDT":0.0724896454,"STEEMBTC":0.0639982512,"QKCBTC":0.0635550658,"OMGUSDT":0.0607492881,"VIBETH":0.0580712742,"TRXETH":0.0438528192,"ADAUSDT":0.0428768802,"BTGBTC":0.0411155229,"ENJBTC":0.03923721,"USDCUSDT":0.0365013187,"ZRXUSDT":0.0319488676,"THETABTC":0.0278923646,"PAXTUSD":0.0106055902,"ENJETH":0.0094579988,"NEOBTC":0.0073265268,"REPBTC":0.0058828112,"XLMETH":-0.0234633154,"IOTABTC":-0.0293465657,"GNTBTC":-0.0311011453,"BCDBTC":-0.0324340711,"MATICUSDT":-0.0375599286,"VETUSDT":-0.0386164836,"BATUSDT":-0.0460483855,"ADAETH":-0.0645150688,"POWRBTC":-0.0710197858,"BCPTBTC":-0.1196499019,"WTCBTC":-0.1313884484,"BATBTC":-0.1363796493,"XLMBNB":-0.1364650282,"EOSBNB":-0.1483992632,"ADABTC":-0.1582508946,"TRXXRP":-0.1804175432,"EOSUSDC":-0.1808947734,"RDNBTC":-0.1915109082,"NASBTC":-0.1932009275,"USDSPAX":-0.1943723988,"QTUMETH":-0.2053026774,"MDABTC":-0.2418447686,"BTCTUSD":-0.2422433419,"RVNBTC":-0.2583777088,"MITHUSDT":-0.2599736914,"LTCBNB":-0.2624235379,"BATBNB":-0.2712207375,"WANBTC":-0.2834204748,"BNBUSDT":-0.2900233487,"GVTBTC":-0.3212770928,"TRXUSDT":-0.340440343,"BNBPAX":-0.3455954209,"ICXBTC":-0.386774895,"BNBTUSD":-0.4025023805,"ADAUSDC":-0.4033143885,"BATETH":-0.410139042,"MITHBTC":-0.4323750434,"FETBTC":-0.4332172767,"BTCPAX":-0.4738607582,"STRATBTC":-0.4966147404,"HOTUSDT":-0.5073483042,"BTTUSDT":-0.5145858694,"MATICBNB":-0.5147866176,"USDCTUSD":-0.5244348295,"IOTABNB":-0.5354049031,"BNBUSDC":-0.5404110875,"MANABTC":-0.5411629855,"BNBETH":-0.5604428716,"QKCETH":-0.5774817887,"ENJBNB":-0.5829045144,"NEOBNB":-0.5948950894,"XRPBNB":-0.6207058203,"RVNBNB":-0.7103483085,"ADABNB":-0.7905670871,"NXSBTC":-0.7912377609,"BNBBTC":-0.8045535922,"THETAUSDT":-0.8259782928,"VETBNB":-0.8543683185},"startDate":"2019-05-04","endDate":"2019-05-11","numDays":7,"excludedPairs":["BTTPAX","BCHSVUSDC","KNCETH","ICNETH","SNTETH","PHXBNB","REPETH","OSTETH","RDNBNB","DENTBTC","CMTBNB","NEOPAX","ATOMUSDC","NXSETH","IOSTBTC","VIBEETH","GTOBNB","SUBBTC","BCHSVTUSD","DOCKETH","STORJETH","DASHBNB","NULSETH","DATAETH","YOYOBTC","GTOETH","EDOBTC","VENBTC","THETABNB","BTSBTC","ADAPAX","USDSTUSD","PHXBTC","ZILBNB","ZILBTC","NEBLBTC","VENBNB","WANBNB","WAVESBNB","QSPETH","NPXSETH","GXSETH","HSRBTC","ETCETH","NCASHBTC","ARDRETH","SYSETH","BCHSVUSDT","NCASHBNB","CNDBNB","CMTBTC","GNTETH","NPXSBTC","CLOAKETH","BTTUSDC","USDSUSDT","GRSETH","MTLETH","BLZBNB","CLOAKBTC","BLZETH","YOYOBNB","DNTBTC","RPXETH","DATABTC","AEETH","LINKTUSD","TRIGBNB","IOTXBTC","SUBETH","PAXETH","XMRBNB","REQETH","ENGETH","MTHBTC","SKYBNB","WTCBNB","HOTBNB","CELRBNB","ARDRBNB","BNBUSDS","NCASHETH","NEBLETH","ONGUSDT","SNTBTC","BCPTETH","RDNETH","ICXBNB","DCRBNB","AMBBTC","IOSTBNB","MANAETH","USDCBNB","MITHBNB","BCCETH","POEETH","RENBTC","EDOETH","BCNBTC","ETCPAX","ZENBNB","IOTXETH","BCHSVBTC","CNDETH","TNTETH","DENTETH","POABNB","TNBETH","HOTETH","SNMETH","ONTBNB","XVGBTC","STORMBNB","NEOTUSD","OMGBNB","KEYETH","MFTBTC","BQXETH","VIABNB","STORMBTC","ICXETH","ZECTUSD","ADXETH","XZCBNB","DOCKBTC","YOYOETH","CVCETH","XLMUSDC","CVCBNB","BCNBNB","RPXBNB","WINGSETH","ELFETH","CNDBTC","BRDBNB","XZCETH","BCCUSDT","PAXBNB","SYSBNB","TRIGETH","BCDETH","CHATBTC","QLCETH","ETCUSDC","ZENETH","BLZBTC","ADXBNB","MCOETH","MDAETH","RENBNB","PPTETH","STORMETH","TRXTUSD","SCETH","LUNETH","BATPAX","THETAETH","RLCBNB","SCBTC","BCHSVPAX","ONTETH","QLCBTC","FUELBTC","TRIGBTC","ZRXBNB","ONGBTC","PIVXBNB","AGIBNB","CELRBTC","AEBNB","CMTETH","XLMTUSD","ASTETH","MFTBNB","VENUSDT","PHXETH","WABIETH","AMBETH","BTTBTC","ZECPAX","REPBNB","VENETH","XLMPAX","TUSDBTC","NASBNB","POAETH","DASHETH","XVGETH","ZRXETH","ATOMPAX","MATICBTC","MCOBNB","AGIETH","TUSDBNB","KMDETH","TRXBTC","POLYBNB","ARNETH","AIONETH","NEOUSDC","LSKETH","NAVETH","ETCBNB","BATUSDC","PIVXETH","LRCETH","SKYETH","STEEMETH","OSTBTC","LENDETH","LOOMETH","BCNETH","VETBTC","SCBNB","DNTETH","ZECBNB","QSPBTC","TRXPAX","MTHETH","OAXETH","REQBTC","QTUMBNB","WAVESPAX","BTSBNB","ZECETH","QSPBNB","GNTBNB","WAVESTUSD","LOOMBNB","TNTBTC","USDSUSDC","FUNBTC","RCNBNB","BTGETH","NXSBNB","SNGLSBTC","WINGSBTC","POWRETH","CDTBTC","MODETH","LINKPAX","ZECUSDC","PAXBTC","RCNETH","MODBTC","FUNETH","POABTC","QLCBNB","NEBLBNB","CHATETH","ARKETH","APPCBNB","ASTBTC","HCETH","VIBEBTC","GXSBTC","USDCBTC","ICNBTC","LSKBNB","NASETH","BRDETH","ONGBNB","WABIBNB","BCCBTC","BATTUSD","NAVBNB","RPXBTC","POWRBNB","NANOETH","KEYBTC","XEMETH","BCPTBNB","LENDBTC","GOBTC","FETBNB","SALTBTC","WANETH","GVTETH","NULSBNB","POEBTC","XEMBNB","AMBBNB","WAVESUSDC","ATOMTUSD","WPRETH","HOTBTC","TUSDETH","BCCBNB","APPCETH","XZCXRP","RLCETH","SALTETH","BNTETH","AIONBNB","OMGETH","ETCTUSD","ARDRBTC","WTCETH","TNBBTC","OSTBNB","WPRBTC","VIAETH","BTTTUSD","INSETH","SNMBTC","BTSETH","CDTETH","VIBBTC","GOBNB","STEEMBNB","STRATETH","HSRETH","SNGLSETH"]}