{"data":{"BTTUSDT":0.9535908417,"QTUMUSDT":0.9522899289,"ONGUSDT":0.9507814944,"PPTBTC":0.9479356735,"ONGBNB":0.9413303787,"QTUMBTC":0.9398849129,"KMDBTC":0.9386629618,"LSKBTC":0.9370202612,"BNTETH":0.9292795135,"BCDBTC":0.927166217,"ONGBTC":0.9263086463,"ARDRBTC":0.9262729006,"CVCBTC":0.924356294,"APPCBTC":0.9212636522,"THETABTC":0.9151219856,"KMDETH":0.9102303571,"XZCBTC":0.9097769895,"THETABNB":0.9083730877,"ARNBTC":0.8985344197,"THETAETH":0.8904323522,"AGIBTC":0.8884426661,"BTTBNB":0.8841448226,"RVNBTC":0.8840869809,"BRDBTC":0.8789805969,"XZCXRP":0.8760901442,"RLCBTC":0.8667920374,"BCHABCUSDT":0.8610889822,"KNCBTC":0.8607469626,"BNTBTC":0.8566332743,"VIABTC":0.8559312586,"NAVBTC":0.8500947568,"RVNBNB":0.8481454721,"VIAETH":0.8462395091,"STORJBTC":0.8422366466,"PIVXBTC":0.8390268363,"MCOBTC":0.8374088668,"DCRBTC":0.8287067532,"ZENBTC":0.8264001988,"RDNBTC":0.8214932484,"IOTAUSDT":0.8208841169,"IOTABTC":0.8069853968,"HCBTC":0.801545133,"GRSETH":0.8005833265,"XMRBTC":0.7978275747,"MDABTC":0.7929092614,"GTOBTC":0.7829325783,"NEBLBTC":0.7784531161,"NULSBTC":0.7755330842,"GASBTC":0.7734297488,"NASBTC":0.7678634609,"HOTUSDT":0.762181063,"KNCETH":0.7621700312,"AMBBTC":0.7560571466,"ICXBTC":0.7556855085,"NEOUSDT":0.7541099758,"GRSBTC":0.7454439706,"REPBTC":0.7432008454,"GVTBTC":0.7429056007,"WTCBTC":0.7390792333,"XRPUSDT":0.7388641421,"BCHABCBTC":0.7388005519,"ICXETH":0.7337009345,"EDOBTC":0.7295438084,"ENJBNB":0.7290564294,"MDAETH":0.7270719956,"TUSDUSDT":0.7220897868,"PAXUSDT":0.7143195465,"AEBTC":0.7093537829,"GNTBTC":0.7076794046,"BTGBTC":0.7024882319,"VETUSDT":0.7023399831,"BLZBTC":0.7014271979,"ARNETH":0.6963133603,"USDCUSDT":0.6929069758,"XLMTUSD":0.6859279377,"NULSUSDT":0.6781398051,"EVXBTC":0.6753072984,"ADXBTC":0.6700522396,"ICXUSDT":0.6571587295,"NEOTUSD":0.6532884534,"NXSBTC":0.6492160217,"TRXUSDT":0.6487179697,"LTCBTC":0.6482421177,"ENJETH":0.6404202693,"ENJBTC":0.6379391318,"DASHBTC":0.6251493827,"STRATBTC":0.6220564458,"WABIBTC":0.6144128537,"LOOMBTC":0.612649407,"NEOETH":0.612516478,"OMGBTC":0.6116544166,"OAXBTC":0.6082209504,"BCHSVUSDT":0.6075061873,"NEOBTC":0.6001833893,"BQXBTC":0.59093295,"ONTETH":0.5839758465,"CMTBTC":0.5766378111,"ETCBTC":0.5746992479,"BATBTC":0.5674686318,"XLMBTC":0.5643801268,"LINKBTC":0.5470325447,"OMGETH":0.5457217279,"DGDBTC":0.5429646435,"ONTBTC":0.5401322235,"XLMUSDC":0.5400073391,"XEMBTC":0.5320774403,"ETHBTC":0.5303313366,"TRXXRP":0.5218640244,"ETCUSDT":0.5140938774,"XLMUSDT":0.5137792038,"LOOMETH":0.5085837149,"INSBTC":0.5073530398,"ONTBNB":0.4997639526,"LUNBTC":0.4979849647,"ONTUSDT":0.4974703162,"LINKUSDT":0.4914280509,"BCHABCTUSD":0.4749293388,"ZECBTC":0.4724227204,"DLTBTC":0.4717180762,"NANOBTC":0.4713627663,"FETUSDT":0.462016433,"ETHUSDT":0.4600466811,"LINKETH":0.4512022866,"BATETH":0.4499460923,"POWRBTC":0.4446602339,"XLMBNB":0.4398559793,"ARKBTC":0.4194582564,"STEEMBTC":0.4192290381,"XLMETH":0.413606581,"ADAETH":0.410895872,"ADABTC":0.4092988193,"VETETH":0.3931877804,"LTCPAX":0.3841613762,"POLYBTC":0.3837606958,"TRXETH":0.383238638,"EOSBNB":0.3721556914,"LTCUSDT":0.369384763,"BATUSDT":0.367760462,"SKYBTC":0.3676189011,"ETHPAX":0.3624904378,"ENGBTC":0.3511897897,"EOSBTC":0.3349125981,"ADATUSD":0.3331528515,"EOSUSDT":0.3201998494,"ADAUSDT":0.3158566376,"ZILUSDT":0.3137819082,"FETBTC":0.3047189772,"LTCBNB":0.3019775984,"GXSBTC":0.2945476911,"ZILETH":0.2883549555,"ADABNB":0.2504222188,"USDSPAX":0.2455910136,"USDCPAX":0.2441782881,"XRPETH":0.2308024227,"XRPTUSD":0.2152482984,"BCHSVBTC":0.2071961992,"ETHUSDC":0.1873253086,"LINKTUSD":0.1676177684,"WAVESBTC":0.1662325883,"LINKUSDC":0.1397714169,"TRXBNB":0.1273370853,"LTCETH":0.115731963,"MTLBTC":0.1123629967,"LTCTUSD":0.1008484113,"BTCPAX":0.0613605077,"BTCUSDT":0.0308440728,"EOSUSDC":0.0298820936,"EOSETH":0.0265267724,"WAVESUSDT":0.023114053,"ZRXUSDT":-0.0114779816,"BNBBTC":-0.01826891,"ELFBTC":-0.0200189726,"FUELETH":-0.0343943751,"USDCTUSD":-0.0499575495,"MITHBTC":-0.1178618791,"XRPBNB":-0.1208880732,"WANBTC":-0.1321475323,"AIONBTC":-0.1380003546,"ZRXBTC":-0.1818755451,"LRCBTC":-0.1987593068,"BTCUSDC":-0.2705383397,"WANETH":-0.2773192812,"XRPPAX":-0.2882405154,"BNBUSDT":-0.2978790471,"EOSTUSD":-0.3122346486,"BNBETH":-0.3229269281,"BNBPAX":-0.3764519385,"WAVESETH":-0.3836990578,"FETBNB":-0.3951044671,"BNBUSDC":-0.5960387528},"startDate":"2019-03-08","endDate":"2019-03-16","numDays":7,"excludedPairs":["ZILBNB","QSPBNB","PPTETH","RDNETH","NASETH","DATAETH","LINKPAX","GTOETH","BCNETH","INSETH","ICNBTC","BCNBNB","ZECETH","HOTETH","ICNETH","NASBNB","POAETH","ZRXETH","STORMETH","ICXBNB","SKYETH","REPBNB","AMBETH","XRPUSDC","POABTC","AEETH","CHATETH","ARKETH","HSRBTC","GXSETH","CLOAKBTC","DNTETH","STEEMETH","SYSBTC","BCCBTC","NPXSETH","POWRETH","IOSTBTC","SNGLSETH","BCPTBNB","WPRETH","RDNBNB","KEYBTC","DGDETH","DLTETH","USDCBNB","USDSTUSD","NCASHBNB","POABNB","BCHSVPAX","PIVXETH","BCPTETH","CMTBNB","NXSETH","AGIETH","BCNBTC","BCHSVUSDC","ETCBNB","WANBNB","BTSBNB","RPXBNB","BCDETH","SNMETH","XEMETH","PIVXBNB","SALTBTC","BCCUSDT","VIBETH","CNDETH","SYSETH","BCPTBTC","IOTXETH","NPXSBTC","LENDBTC","FUNBTC","YOYOBNB","STEEMBNB","BCHSVTUSD","BTTBTC","APPCETH","BLZETH","IOSTETH","QKCBTC","NULSETH","EDOETH","VIBEETH","CVCBNB","SNTBTC","CVCETH","GVTETH","BTSBTC","TRXTUSD","POLYBNB","QSPETH","WPRBTC","PAXBTC","XMRETH","BTCUSDS","ELFETH","HSRETH","MODETH","TRXPAX","DOCKBTC","FUNETH","LRCETH","RPXETH","TNTETH","SKYBNB","POWRBNB","VENUSDT","EOSPAX","XMRBNB","NEBLBNB","BCCBNB","QTUMETH","ZENBNB","RENBTC","XLMPAX","GOBNB","IOTABNB","MTHETH","XVGETH","ARDRETH","MTHBTC","CMTETH","LENDETH","XVGBTC","XZCBNB","ADXETH","STORMBNB","OSTBNB","LSKETH","REQETH","XEMBNB","BCCETH","USDCBTC","POEBTC","MFTBTC","SCETH","SALTETH","TUSDETH","FUELBTC","VIABNB","LUNETH","YOYOETH","PAXTUSD","BTGETH","RLCBNB","BTCTUSD","GNTETH","HCETH","AEBNB","MODBTC","REQBTC","MCOBNB","TNBETH","VENBNB","XZCETH","BTTTUSD","ZENETH","TRXBTC","ENGETH","ADXBNB","BCHABCPAX","PHXBTC","CNDBNB","ETCETH","AIONETH","DCRBNB","DENTETH","NEBLETH","NANOBNB","POEETH","WAVESUSDC","DOCKETH","SUBETH","SYSBNB","LOOMBNB","CDTBTC","BRDETH","GNTBNB","TRIGETH","QLCETH","PHXBNB","OSTBTC","YOYOBTC","QKCETH","NANOETH","EVXETH","NULSBNB","WTCBNB","NCASHBTC","NAVBNB","OSTETH","SNTETH","HOTBNB","TNTBTC","TRXUSDC","TUSDBNB","TUSDBTC","OAXETH","VETBNB","MFTBNB","MCOETH","VENBTC","IOTAETH","ASTETH","GOBTC","CNDBTC","APPCBNB","RLCETH","TNBBTC","AIONBNB","TRIGBNB","NCASHETH","DENTBTC","MANABTC","BNBTUSD","BTSETH","ZILBTC","PAXBNB","BNBUSDS","DATABTC","QTUMBNB","WAVESPAX","WINGSBTC","REPETH","WABIETH","STORJETH","SUBBTC","LTCUSDC","DLTBNB","VIBEBTC","MITHBNB","STORMBTC","VIBBTC","CDTETH","BTTPAX","IOTXBTC","SNMBTC","USDSUSDC","BCHABCUSDC","SCBNB","VETBTC","BTTUSDC","WAVESTUSD","BRDBNB","PHXETH","RCNBNB","NAVETH","XMRUSDT","STRATETH","LSKBNB","DASHETH","RPXBTC","WTCETH","AGIBNB","WINGSETH","USDSUSDT","BQXETH","RCNETH","QLCBTC","MANAETH","DNTBTC","MFTETH","MTLETH","GTOBNB","NXSBNB","RCNBTC","QLCBNB","ASTBTC","BLZBNB","XRPBTC","WAVESBNB","QSPBTC","RENBNB","PAXETH","BATBNB","SNGLSBTC","TRIGBTC","CLOAKETH","ARDRBNB","VENETH","SCBTC","ETHTUSD","ZRXBNB","KEYETH","WABIBNB","AMBBNB","CHATBTC","HOTBTC","NEOBNB"]}