{"data":{"CVCBTC":0.9756964827,"VIABTC":0.9360048438,"RCNBTC":0.9320554579,"APPCBTC":0.9176110508,"EDOBTC":0.9030654911,"DGDBTC":0.8889991618,"BQXBTC":0.8713031095,"LRCBTC":0.8684940679,"DLTBTC":0.8604648525,"DLTBNB":0.8464151257,"DLTETH":0.839579968,"EVXBTC":0.8211302841,"MFTETH":0.808604256,"QTUMUSDT":0.7876320973,"QTUMBTC":0.7808387472,"ARNBTC":0.7749822796,"EVXETH":0.7698874743,"LUNBTC":0.7608192356,"AEBTC":0.7596659651,"RLCBTC":0.7449505381,"ENGBTC":0.7320254799,"BTGBTC":0.7273654359,"NAVBTC":0.7264565192,"ARKBTC":0.7099010343,"EOSTUSD":0.7087939869,"TRXUSDC":0.7046036518,"BCPTBTC":0.6981671909,"GNTBTC":0.6939749611,"WABIBTC":0.6846057731,"ETHTUSD":0.6820402217,"KMDBTC":0.6706373856,"RDNBTC":0.6662774561,"BCHABCTUSD":0.6496173738,"LINKBTC":0.6431569181,"DGDETH":0.6400621888,"ETHPAX":0.6378085347,"ETHUSDT":0.6350320893,"ETHUSDC":0.6210032764,"ETHBTC":0.6209650883,"OAXBTC":0.6156186597,"QTUMETH":0.6131368191,"LINKUSDT":0.6035520408,"MDABTC":0.5950225476,"ONGBTC":0.5924635789,"NASBTC":0.5833674242,"ZENBTC":0.5607614546,"LINKETH":0.552951389,"TRXETH":0.545369237,"MCOBTC":0.5437249187,"WAVESETH":0.4883374382,"AMBBTC":0.4812276568,"WAVESUSDT":0.4669696788,"LTCTUSD":0.4666255945,"XRPTUSD":0.4481917198,"EOSETH":0.4370234252,"XRPUSDT":0.4314176695,"ATOMUSDT":0.4294118499,"BTCUSDC":0.429111671,"LOOMBTC":0.4179537226,"ATOMBTC":0.4173748176,"STORJBTC":0.4154212192,"ADXBTC":0.4119967569,"BNBETH":0.3995198883,"XRPETH":0.3896979347,"BCHABCUSDT":0.3878803523,"LTCETH":0.3785829344,"BTCUSDT":0.3762470689,"POWRBTC":0.3693467617,"XMRUSDT":0.3622040822,"LTCUSDC":0.3544610102,"PIVXBTC":0.3501098797,"NANOUSDT":0.345754598,"BTCPAX":0.3419268429,"TRXXRP":0.330878568,"ENJETH":0.3286079477,"NANOBTC":0.3271679423,"BCHABCBTC":0.32375152,"BTTUSDT":0.3226928586,"PPTBTC":0.3210013239,"XRPPAX":0.3201283669,"LTCPAX":0.3056897473,"NULSUSDT":0.3025357683,"BTCTUSD":0.29398862,"XRPUSDC":0.2906402003,"LTCUSDT":0.2853010423,"LTCBTC":0.2831652071,"CELRUSDT":0.28064983,"ZECUSDT":0.2766367737,"WAVESBTC":0.2760459654,"EOSPAX":0.2710917269,"MTLBTC":0.2669926533,"NULSBTC":0.2636275943,"ELFBTC":0.244006428,"XMRBTC":0.2424693397,"XRPBTC":0.2415974452,"FUELETH":0.2368722393,"BRDBTC":0.231842699,"INSBTC":0.2242154527,"ETCBTC":0.2212059505,"ZRXBTC":0.2203846294,"XMRETH":0.2202325947,"ICXBTC":0.2027121351,"OMGETH":0.196954283,"EOSUSDT":0.1964401357,"ENJBTC":0.1954786309,"FETUSDT":0.1925890535,"OMGBTC":0.1909866486,"BCHABCPAX":0.1844381664,"BATBTC":0.1775292687,"GRSBTC":0.1772902214,"GXSBTC":0.1772305765,"EOSBTC":0.1746760243,"VIBETH":0.1717055233,"OMGUSDT":0.1683200007,"ATOMBNB":0.1646894717,"POLYBTC":0.1620771945,"IOSTUSDT":0.1481591445,"VETETH":0.148002256,"HCBTC":0.1446855086,"ZECBTC":0.127913382,"BCDBTC":0.1166198041,"HOTUSDT":0.1073862891,"XLMBTC":0.1034372389,"IOSTETH":0.0943983742,"PAXTUSD":0.0842655228,"WANBTC":0.0809335493,"DASHBTC":0.0773450997,"STEEMBTC":0.0772916917,"ADAUSDT":0.0769061478,"DCRBTC":0.0760429651,"LSKBTC":0.0733801746,"BCHABCUSDC":0.0718787141,"WTCBTC":0.0698487115,"NEOUSDT":0.0593234332,"DASHUSDT":0.0584883726,"ZILUSDT":0.0560093474,"DASHETH":0.0517378141,"GASBTC":0.0506127331,"ZILETH":0.0477297364,"LTCBNB":0.0472044807,"KNCBTC":0.0440312382,"QKCBTC":0.0373429003,"TRXUSDT":0.0333667556,"XLMETH":0.0316003989,"AIONBTC":0.0298416356,"NANOBNB":0.0295653937,"BATUSDT":0.029302584,"BNTBTC":0.0283917863,"MATICBNB":0.0263303479,"RVNBTC":0.0253500499,"REPBTC":0.0221425371,"BTCUSDS":0.0218398653,"TRXBNB":0.0195181851,"ICXUSDT":0.0168406241,"XZCBTC":0.0104892248,"BNBUSDC":0.0066916972,"ADAETH":0.0042747474,"ENJUSDT":0.0010239975,"BNBTUSD":-0.0063759826,"EOSBNB":-0.0136270755,"ADABNB":-0.0314814044,"RVNBNB":-0.0332319015,"ETCUSDT":-0.0364946273,"MATICUSDT":-0.0376667536,"ADATUSD":-0.0378199075,"THETABTC":-0.0415155303,"ZRXUSDT":-0.0483339394,"BATETH":-0.0503925216,"MITHUSDT":-0.0587107176,"GTOBTC":-0.0600311614,"USDCTUSD":-0.0702793043,"XRPBNB":-0.0781510176,"NEOBNB":-0.0888082887,"BNBPAX":-0.097138335,"TUSDUSDT":-0.0980136848,"VETUSDT":-0.1040083894,"STRATBTC":-0.120290867,"XLMUSDT":-0.1228395615,"ONTUSDT":-0.1288657485,"NEOBTC":-0.1367399576,"XEMBTC":-0.1388985242,"ADABTC":-0.1540139583,"MITHBTC":-0.1553839354,"IOTAETH":-0.1569834568,"ADAUSDC":-0.1700637352,"GVTBTC":-0.171499182,"BTTBNB":-0.1735448851,"SKYBTC":-0.1795178631,"EOSUSDC":-0.1988484197,"IOTABNB":-0.20281017,"BATBNB":-0.2059002345,"NEOETH":-0.2158375175,"BNBBTC":-0.2190357791,"USDCUSDT":-0.2513726933,"USDCPAX":-0.2551655715,"VETBNB":-0.2659668237,"PAXUSDT":-0.2914829019,"FETBTC":-0.3116740667,"BNBUSDT":-0.3374469596,"IOTABTC":-0.3414800152,"ONTBTC":-0.3442039001,"THETAUSDT":-0.3712197128,"IOTAUSDT":-0.3755367212,"XLMBNB":-0.3772829423},"startDate":"2019-05-02","endDate":"2019-05-09","numDays":7,"excludedPairs":["ICXETH","AIONBNB","ZENETH","CELRBNB","QSPBTC","DASHBNB","ATOMUSDC","RPXETH","YOYOBTC","CDTETH","ICNETH","MCOETH","DCRBNB","STORMBNB","BRDETH","LSKETH","DOCKBTC","CELRBTC","BRDBNB","TRXPAX","ADXBNB","NCASHBTC","BCPTETH","NEBLBTC","RENBTC","NXSBTC","AEETH","ETCTUSD","TUSDBTC","MFTBNB","ONTETH","ENJBNB","BCNBNB","FUNBTC","ONTBNB","XLMUSDC","LUNETH","DATAETH","ZECPAX","REPBNB","BTSBTC","BLZBTC","PHXBNB","HOTETH","SCBNB","SALTBTC","GVTETH","CNDBNB","VIAETH","BTTUSDC","CMTBNB","YOYOBNB","TRXTUSD","TNBETH","MODBTC","BCNBTC","NULSETH","VENBNB","NAVETH","NPXSETH","XZCXRP","BCNETH","ETCETH","VIBBTC","WABIETH","XVGETH","STEEMBNB","XEMETH","ICNBTC","AMBBNB","VIBEETH","ZECTUSD","WANBNB","MCOBNB","ARKETH","BTTTUSD","RENBNB","SCETH","LRCETH","CLOAKETH","XMRBNB","WINGSBTC","RDNBNB","GRSETH","PIVXBNB","OMGBNB","POWRETH","ASTBTC","RPXBTC","AEBNB","ZRXETH","CLOAKBTC","POWRBNB","MDAETH","ADXETH","TRIGBNB","BCHSVBTC","MITHBNB","POEETH","XZCBNB","WANETH","SNGLSETH","QLCBTC","TRXBTC","ICXBNB","NEOPAX","ZILBNB","MATICBTC","FUNETH","LINKTUSD","ENGETH","TUSDETH","DENTETH","SUBETH","HOTBTC","ARNETH","NEBLETH","NCASHETH","NPXSBTC","STORMBTC","KNCETH","BTGETH","WAVESUSDC","SYSETH","INSETH","MTHETH","APPCETH","GOBNB","SCBTC","WTCBNB","XVGBTC","KMDETH","BCDETH","VENBTC","FETBNB","WAVESTUSD","IOSTBTC","VENETH","RCNETH","WPRBTC","STRATETH","NXSBNB","YOYOETH","NEOTUSD","STORMETH","USDCBNB","DOCKETH","PIVXETH","REQBTC","KEYETH","THETABNB","BATPAX","BCHSVPAX","PPTETH","BTSBNB","POABTC","DATABTC","GNTBNB","NASETH","SNTBTC","SNTETH","ASTETH","VIBEBTC","BCCBNB","BNBUSDS","MTLETH","ETCBNB","RLCBNB","SNGLSBTC","VIABNB","NASBNB","VETBTC","USDSUSDC","OSTETH","POABNB","APPCBNB","OSTBTC","GOBTC","REPETH","FUELBTC","GTOETH","ATOMTUSD","ADAPAX","RDNETH","HCETH","SKYETH","OSTBNB","SALTETH","LOOMETH","MTHBTC","STEEMETH","OAXETH","POAETH","TNTBTC","TNBBTC","EDOETH","ETCPAX","BCHSVUSDT","XLMTUSD","BATUSDC","CVCETH","DNTETH","THETAETH","ZECBNB","MODETH","PAXETH","BLZBNB","NULSBNB","ZRXBNB","SNMETH","SKYBNB","IOSTBNB","TRIGETH","LINKPAX","BCHSVTUSD","VENUSDT","AMBETH","CHATETH","IOTXBTC","XLMPAX","BCHSVUSDC","CHATBTC","QKCETH","ZECUSDC","TUSDBNB","WTCETH","ATOMPAX","GNTETH","LINKUSDC","LENDETH","SYSBTC","USDSTUSD","XEMBNB","USDCBTC","PAXBNB","AGIBNB","NCASHBNB","CMTETH","WPRETH","GTOBNB","NXSETH","DNTBTC","BNTETH","SNMBTC","BCCBTC","PAXBTC","BTTBTC","XZCETH","AIONETH","TNTETH","ELFETH","BCPTBNB","WAVESPAX","WINGSETH","ZILBTC","USDSUSDT","HSRETH","RLCETH","CVCBNB","USDSPAX","ONGUSDT","DENTBTC","MANAETH","QLCBNB","SUBBTC","QTUMBNB","MFTBTC","BQXETH","HOTBNB","ETCUSDC","ARDRBTC","CNDETH","BTSETH","POEBTC","ZENBNB","HSRBTC","REQETH","GXSETH","QSPETH","ONGBNB","LOOMBNB","NANOETH","KEYBTC","LENDBTC","WAVESBNB","PHXBTC","BCCUSDT","POLYBNB","RPXBNB","RCNBNB","CDTBTC","BCCETH","WABIBNB","NEOUSDC","NAVBNB","IOTXETH","TRIGBTC","QSPBNB","AGIBTC","ARDRETH","BTTPAX","SYSBNB","STORJETH","LSKBNB","ZECETH","AGIETH","ARDRBNB","BLZETH","NEBLBNB","MANABTC","BATTUSD","QLCETH","CMTBTC","CNDBTC","PHXETH"]}