{"data":{"DUSKBTC":0.9541748254,"EVXBTC":0.9462753891,"ZENBTC":0.9338519212,"DUSKUSDT":0.9262923021,"ARDRBTC":0.8980559755,"OAXBTC":0.8911212654,"ANKRBNB":0.8556288114,"IOSTUSDT":0.853533099,"NULSUSDT":0.8390542504,"NXSBTC":0.8373097717,"LUNBTC":0.8295300512,"ALGOBTC":0.8163290122,"DUSKBNB":0.802150396,"VIABTC":0.7957055369,"ALGOUSDT":0.7905940009,"IOSTETH":0.7827017395,"ANKRUSDT":0.7658250651,"FUELETH":0.7657850792,"DCRBTC":0.7487781288,"LINKBTC":0.7461546229,"WINBNB":0.7404220405,"LTCUSDC":0.7397434544,"WABIBTC":0.7219061299,"MITHUSDT":0.7140998409,"RENBTC":0.7135711165,"LINKUSDT":0.7050733541,"NULSBTC":0.6987185489,"WINUSDT":0.6909871393,"GASBTC":0.6888513683,"EDOBTC":0.6812062041,"PPTBTC":0.6689380329,"ERDBNB":0.6645373423,"MATICUSDT":0.6645221374,"POWRBTC":0.6628035984,"LINKETH":0.6503530332,"RDNBTC":0.6428208894,"ETCBTC":0.6424816975,"ERDUSDT":0.6352056318,"STORJBTC":0.62750312,"MATICBNB":0.6211360581,"KNCBTC":0.6148856709,"RENBNB":0.5991728852,"DGDBTC":0.5933996669,"LTCUSDT":0.5929891939,"TRXUSDT":0.5905056579,"NAVBTC":0.5904560737,"VETBNB":0.5854536104,"ALGOBNB":0.583303145,"LINKUSDC":0.5799141421,"WINUSDC":0.5743089909,"ARNBTC":0.5710028222,"ETCUSDT":0.5691476123,"ETCETH":0.5632721324,"NANOBTC":0.5607435572,"ETHUSDC":0.5572286794,"REPBTC":0.5480916039,"RLCBTC":0.5371939686,"LTCBTC":0.5293670617,"FETUSDT":0.5255489636,"DOGEUSDT":0.5237175785,"CELRUSDT":0.5233322021,"BNBUSDC":0.5093430752,"FTMBNB":0.5018024333,"BCHABCUSDC":0.4901417144,"THETABTC":0.4890087607,"STEEMBTC":0.4880893508,"NANOETH":0.4856280313,"QKCETH":0.4852027775,"LTCETH":0.4848215534,"ETHUSDT":0.4831827833,"LTCPAX":0.4822306805,"VETUSDT":0.4816456124,"LTCBNB":0.4809031228,"CELRBNB":0.4703963745,"LTCTUSD":0.4699797512,"KNCETH":0.4690999257,"TRXETH":0.4556379959,"ONEUSDT":0.4352269008,"LINKTUSD":0.4330139427,"NANOBNB":0.4264873896,"WTCBTC":0.42450534,"GXSBTC":0.4217966594,"TRXXRP":0.4187647649,"BTCPAX":0.4171102104,"USDSUSDC":0.411318349,"ZECUSDT":0.410480841,"BCHABCBTC":0.4095840568,"USDCPAX":0.3994792746,"MDABTC":0.3948936599,"QTUMUSDT":0.39002385,"VETETH":0.3841202098,"XMRBNB":0.3756730412,"WAVESUSDT":0.3745560437,"FETBNB":0.3715812568,"FETBTC":0.3672002916,"QTUMBTC":0.3656891998,"BNBETH":0.3656109537,"WAVESBTC":0.3645890671,"BTCUSDT":0.360416394,"STRATBTC":0.3535565223,"ALGOUSDC":0.3527363837,"ONTUSDT":0.3423858882,"TFUELUSDT":0.3402672867,"XRPUSDT":0.3344745995,"BNBUSDT":0.3341461246,"BNBBTC":0.3190625033,"ENGBTC":0.3115870649,"NANOUSDT":0.3105187707,"BTCUSDC":0.3043304781,"WAVESETH":0.3029440763,"BCHABCUSDT":0.3004347263,"XMRETH":0.2969564973,"IOTAUSDT":0.2921057652,"ETHBTC":0.2885205291,"EOSBNB":0.2672428804,"BATBNB":0.2665825282,"DASHBTC":0.2520330647,"ONEBNB":0.2498891569,"XRPTUSD":0.2456114834,"ATOMBNB":0.2430663271,"BCHABCTUSD":0.2412834295,"BNBPAX":0.2392778975,"BTTUSDT":0.2295116788,"BQXBTC":0.2231091453,"XLMUSDT":0.2228221133,"XMRUSDT":0.2214666004,"XMRBTC":0.2179434501,"FTMUSDT":0.2165161326,"XLMETH":0.213938245,"BNBTUSD":0.2092758808,"THETAUSDT":0.2076503881,"XRPETH":0.2042254839,"BTCTUSD":0.2031385036,"BTCUSDS":0.1989427152,"BCHABCPAX":0.1867623653,"ONTBTC":0.1803390344,"OMGBTC":0.1742276463,"EOSPAX":0.1737193827,"XRPBNB":0.1720925057,"GRSBTC":0.1684006128,"IOTAETH":0.1656613397,"BTGBTC":0.1625954367,"OMGETH":0.1562780993,"ZRXBTC":0.1360149905,"ASTBTC":0.1312706184,"ATOMUSDT":0.1302671299,"IOTABTC":0.1160702214,"DASHUSDT":0.111908505,"XRPBTC":0.1106984189,"OMGUSDT":0.1043683517,"BRDBTC":0.1031526131,"LRCBTC":0.0943454449,"TRXUSDC":0.0928807084,"NASBTC":0.089814232,"ICXBTC":0.0895683947,"DASHETH":0.0870980193,"BATBTC":0.0810543226,"XLMBNB":0.0733337421,"ETHPAX":0.0718707819,"TRXBNB":0.0663160324,"NEOUSDT":0.0444382857,"SKYBTC":0.0425504512,"BATUSDT":0.0261141842,"ICXETH":0.0160981153,"RVNBNB":0.0150800163,"ATOMBTC":0.0147375511,"ETHTUSD":0.0116689748,"MTLBTC":0.0052099487,"BRDBNB":0.0038296241,"NEOBNB":0.0035776424,"KMDBTC":-0.0033292802,"EOSUSDC":-0.0048856718,"ADABNB":-0.0176830251,"ZRXETH":-0.0199605345,"BATETH":-0.020107933,"HOTBNB":-0.0252827131,"XLMBTC":-0.0331477821,"XZCBTC":-0.038448308,"ZECBTC":-0.0440489204,"POLYBTC":-0.0458350828,"LOOMBTC":-0.0477883487,"NEBLBTC":-0.0524448907,"PIVXBTC":-0.056409473,"ADAUSDC":-0.0568600701,"TUSDUSDT":-0.0599401234,"XRPUSDC":-0.0617870979,"LSKBTC":-0.0618201091,"EOSETH":-0.0682257735,"ENJBTC":-0.0736476682,"EOSBTC":-0.0948131196,"XEMBTC":-0.0975698584,"ARKBTC":-0.1026305802,"ADABTC":-0.105209952,"INSBTC":-0.1156755467,"USDCUSDT":-0.1203841992,"ICXUSDT":-0.1246546385,"ZECETH":-0.1270917467,"HCBTC":-0.1478424187,"WANBTC":-0.2006649032,"GVTBTC":-0.20955326,"ADAETH":-0.222151794,"ENJETH":-0.2253433007,"BCDBTC":-0.2257418512,"USDCTUSD":-0.2385284598,"ELFBTC":-0.2407514114,"EOSUSDT":-0.2414564559,"AIONBTC":-0.242151574,"ZILUSDT":-0.2445336397,"NEOETH":-0.2597104676,"XRPPAX":-0.2718309636,"ZRXUSDT":-0.2742400509,"ENJUSDT":-0.3095449427,"NEOBTC":-0.3145253299,"ADAUSDT":-0.3193701323,"USDSUSDT":-0.3263434864,"HOTUSDT":-0.3442416721,"AEBTC":-0.3513345971,"ZILETH":-0.3838589516,"ZECBNB":-0.4416890643,"PAXTUSD":-0.4582705259,"PAXUSDT":-0.4610924255,"MCOBTC":-0.6323991733},"startDate":"2019-08-02","endDate":"2019-08-09","numDays":7,