{"data":{"EDOBTC":0.9099755096,"QTUMUSDT":0.8822289691,"BTGBTC":0.8603839147,"DGDBTC":0.8382149695,"NAVBTC":0.8301760158,"VIABTC":0.818335456,"WAVESBTC":0.813881615,"RLCBTC":0.7604350115,"IOTABNB":0.7431259072,"LUNBTC":0.7384940893,"NEOBTC":0.7315980213,"NEOUSDT":0.7239988156,"ENGBTC":0.7174873159,"RDNBTC":0.7127210044,"MATICBNB":0.6965713826,"GXSBTC":0.6718731703,"MATICUSDT":0.6643740105,"STEEMBTC":0.6334799309,"BNBETH":0.624300896,"EOSTUSD":0.6166369979,"BNBTUSD":0.5707734504,"XRPTUSD":0.5521962974,"NULSBTC":0.5491850462,"XRPBTC":0.538899835,"NULSUSDT":0.5384055666,"ONGUSDT":0.5365788478,"ONGBTC":0.5324832815,"IOTABTC":0.531925283,"OMGBTC":0.5251627907,"XRPUSDT":0.5189673579,"CELRUSDT":0.5177945793,"BRDBTC":0.4993799743,"BNBBTC":0.4969516937,"IOTAUSDT":0.4945639776,"NEOBNB":0.4923662358,"KMDBTC":0.4901105631,"DGDETH":0.4759464781,"LTCUSDC":0.4632112573,"BNBUSDC":0.4609212707,"LOOMBTC":0.4591794738,"ONTBNB":0.4579430189,"KNCBTC":0.4572997414,"XRPETH":0.4555405508,"ETCBTC":0.4552983769,"ETHUSDC":0.4502137984,"MFTETH":0.4428036304,"BATBTC":0.4364630264,"WAVESUSDT":0.4231226641,"NEOETH":0.4218336053,"QTUMBTC":0.4100881895,"BATUSDT":0.4034074123,"GRSBTC":0.400628435,"HOTUSDT":0.3968070695,"EVXBTC":0.3956428748,"BTCUSDT":0.3901179936,"BNBUSDT":0.3880731075,"BNBPAX":0.3862318569,"OAXBTC":0.3760485055,"WANBTC":0.3754683222,"OMGUSDT":0.3752328459,"POWRBTC":0.3742462156,"BATETH":0.3686867756,"XRPUSDC":0.3583350244,"CELRBNB":0.3515549159,"TRXUSDC":0.3486254345,"ETCETH":0.3452117246,"BTCPAX":0.338560959,"ONTBTC":0.332999656,"WABIBTC":0.319623626,"XZCBTC":0.314358046,"DCRBTC":0.3062512618,"DASHETH":0.3034947878,"XMRUSDT":0.3025282945,"EOSETH":0.3012432156,"LTCTUSD":0.2927805095,"STORJBTC":0.2914881496,"NXSBTC":0.2902405423,"LTCBTC":0.2863310185,"XRPPAX":0.2807015533,"TUSDUSDT":0.2798953311,"AEBTC":0.2764284013,"CVCBTC":0.2741946604,"PIVXBTC":0.2649802486,"NASBTC":0.2645463775,"FETUSDT":0.2554504228,"MDABTC":0.2443986068,"ZENBTC":0.2422099112,"LTCPAX":0.2306161393,"BTCTUSD":0.2296861746,"ONTETH":0.2274528919,"DASHUSDT":0.2236236278,"XMRBTC":0.2192788582,"RVNBNB":0.2093541207,"IOTAETH":0.2021267888,"FUELETH":0.2015580107,"ONTUSDT":0.1973283352,"DASHBTC":0.1918893809,"QKCBTC":0.18989288,"BATBNB":0.1855492216,"NEOTUSD":0.1815854229,"LTCUSDT":0.1811826412,"ETHBTC":0.1786970594,"ADXBTC":0.1765656562,"LINKBTC":0.1740814754,"QKCETH":0.1724762826,"TRXXRP":0.1699910782,"LINKUSDT":0.1635569242,"AIONBTC":0.1633114139,"BTCUSDC":0.1626839984,"BCHABCTUSD":0.1593465017,"VIBETH":0.1562766298,"TRXETH":0.1561022053,"ZRXBTC":0.1542530266,"MTLBTC":0.152719042,"ETHTUSD":0.1376804256,"BCPTBTC":0.1335289083,"EOSUSDC":0.1258157591,"ADABNB":0.1232881868,"LTCBNB":0.1227211992,"ZRXUSDT":0.1168980972,"XLMUSDT":0.1145332079,"BCHABCBTC":0.1135618071,"ELFBTC":0.1078234776,"BCHABCPAX":0.1063562094,"BTTUSDT":0.0987504787,"BCHABCUSDC":0.0916614145,"XRPBNB":0.0888260393,"ETHUSDT":0.0739629454,"NANOBNB":0.0733123388,"XLMUSDC":0.0702457161,"XMRETH":0.0678027547,"BCHABCUSDT":0.0633809803,"OMGETH":0.0622809046,"VETBNB":0.0585732774,"INSBTC":0.0484771709,"BCDBTC":0.0472044031,"EOSUSDT":0.0286190977,"LSKBTC":0.0196329985,"THETABTC":0.0142843678,"ZECETH":0.008451568,"MITHUSDT":0.0056208685,"USDCPAX":0.0047703973,"HCBTC":0.0036956891,"ADAUSDC":0.0027573787,"VETETH":-0.008994767,"USDCUSDT":-0.0130578595,"VETUSDT":-0.0200369159,"RVNBTC":-0.0229168563,"BQXBTC":-0.0255314196,"REPBTC":-0.0388242071,"NANOBTC":-0.0431356605,"ADAETH":-0.04951435,"TRXBNB":-0.0543033508,"ETHPAX":-0.0552361487,"ZILUSDT":-0.0561390807,"BTTBNB":-0.0602312349,"XLMETH":-0.0618635613,"EOSBTC":-0.0843980204,"LTCETH":-0.0882674265,"POLYBTC":-0.0951047634,"EOSBNB":-0.0953819395,"ARNBTC":-0.1011077448,"NANOUSDT":-0.1131362197,"PAXTUSD":-0.1142120568,"SKYBTC":-0.1203159444,"ENJUSDT":-0.1269706762,"ZECUSDT":-0.1327253004,"XEMBTC":-0.1340310716,"WTCBTC":-0.1365664019,"MCOBTC":-0.1386644249,"ADATUSD":-0.1419152725,"ADAUSDT":-0.1433857734,"NASETH":-0.1547661238,"BTCUSDS":-0.166491093,"STRATBTC":-0.1952657861,"IOSTETH":-0.1987496144,"IOSTUSDT":-0.2056072636,"THETAUSDT":-0.20610265,"ZECBTC":-0.2072808919,"ETCUSDT":-0.2128501186,"PAXUSDT":-0.2448199439,"ELFETH":-0.2593908193,"DLTBTC":-0.2619821359,"EOSPAX":-0.2939329233,"GVTBTC":-0.3065467571,"FETBTC":-0.3075138786,"ENJETH":-0.3434938809,"PPTBTC":-0.3686689321,"ICXBTC":-0.3689955968,"USDCTUSD":-0.3972509307,"ENJBTC":-0.4005743514,"NANOETH":-0.4118423872,"ARKBTC":-0.4520508264,"ZILETH":-0.4653136801,"ICXUSDT":-0.498186465,"TRXUSDT":-0.5009071552,"XLMBNB":-0.5171933695,"GASBTC":-0.5319414105},"startDate":"2019-04-27","endDate":"2019-05-04","numDays":7,"excludedPairs":["BCHSVUSDT","CNDBNB","BTSETH","ATOMBNB","BNTBTC","BTTPAX","VENBTC","TRIGBTC","MANAETH","BCNBTC","BLZETH","GTOETH","GTOBTC","NULSBNB","NEBLETH","XMRBNB","LINKETH","CNDBTC","LUNETH","BNTETH","ICNETH","BRDETH","REPETH","XLMTUSD","USDSTUSD","GNTBTC","VENETH","DLTETH","REQBTC","RDNETH","WTCETH","SYSBTC","POLYBNB","GXSETH","AEBNB","VIABNB","POABNB","ZECPAX","IOSTBTC","FUELBTC","BTSBTC","XZCETH","RLCBNB","NASBNB","BTTTUSD","NEBLBNB","CMTBTC","WINGSETH","ZILBTC","XVGETH","ADXETH","LINKPAX","PHXBTC","BCHSVPAX","REQETH","BLZBTC","FETBNB","CMTBNB","AGIBNB","TRIGETH","DLTBNB","PHXETH","DCRBNB","POWRBNB","LENDBTC","XVGBTC","GVTETH","RPXBTC","SALTETH","LOOMETH","CHATBTC","AEETH","RDNBNB","PAXBTC","YOYOETH","BTTBTC","QTUMETH","SUBETH","MTHETH","QLCBNB","POEBTC","WAVESETH","POWRETH","XEMBNB","ICXBNB","TUSDETH","SNGLSBTC","NCASHETH","KEYETH","RCNBNB","ENGETH","WINGSBTC","WAVESPAX","MITHBTC","USDSUSDT","SNMBTC","USDSPAX","ICXETH","TNTBTC","EVXETH","NPXSETH","SCBTC","LRCBTC","LOOMBNB","ASTETH","POABTC","APPCBTC","SYSETH","DENTBTC","CDTETH","QSPBTC","REPBNB","BCNBNB","YOYOBNB","NEOUSDC","PPTETH","PAXBNB","VENUSDT","ASTBTC","BCCETH","APPCETH","IOTXETH","GNTBNB","ZRXETH","HSRBTC","ONGBNB","XLMBTC","NXSETH","HOTBNB","VIBEETH","MANABTC","WAVESTUSD","MTHBTC","ATOMBTC","MTLETH","SNGLSETH","GNTETH","AMBETH","QTUMBNB","BCPTBNB","VETBTC","IOSTBNB","DASHBNB","TNTETH","NCASHBTC","AGIETH","STEEMETH","NEBLBTC","CNDETH","STRATETH","WABIBNB","PIVXBNB","KMDETH","CLOAKETH","THETAETH","RENBNB","GOBNB","ARDRETH","PAXETH","QSPETH","SCBNB","SNMETH","VIBBTC","RCNBTC","VIBEBTC","CVCBNB","BCNETH","WAVESBNB","KEYBTC","BRDBNB","VENBNB","BCCBNB","EDOETH","BCCBTC","FUNETH","RCNETH","LENDETH","MFTBNB","ADAPAX","LSKBNB","ARKETH","QLCETH","TUSDBNB","INSETH","MCOBNB","CVCETH","TRXTUSD","BCCUSDT","AGIBTC","ZECTUSD","SUBBTC","BCHSVUSDC","TUSDBTC","SCETH","BNBUSDS","NXSBNB","IOTXBTC","STORMETH","QLCBTC","NULSETH","MATICBTC","ARNETH","TNBETH","AIONBNB","BTSBNB","WTCBNB","RPXETH","USDSUSDC","HSRETH","ZECUSDC","QSPBNB","ZRXBNB","PIVXETH","OSTETH","RLCETH","POEETH","TNBBTC","TRXPAX","RENBTC","XZCXRP","TRIGBNB","XZCBNB","DATABTC","POAETH","BCHSVBTC","XLMPAX","HCETH","USDCBTC","USDCBNB","OMGBNB","ARDRBNB","WPRETH","XEMETH","MCOETH","HOTETH","MDAETH","ATOMUSDT","ICNBTC","APPCBNB","STORMBNB","BCHSVTUSD","VIAETH","DATAETH","BTGETH","SALTBTC","BCPTETH","ADXBNB","NAVBNB","CMTETH","NEOPAX","WPRBTC","TRXBTC","MODETH","OSTBNB","BQXETH","STEEMBNB","OAXETH","KNCETH","WABIETH","SNTBTC","BLZBNB","WANBNB","AIONETH","ZECBNB","NAVETH","ARDRBTC","DENTETH","LINKTUSD","AMBBNB","GRSETH","MITHBNB","LRCETH","STORMBTC","OSTBTC","ETCBNB","SKYBNB","MFTBTC","AMBBTC","DNTETH","THETABNB","FUNBTC","SYSBNB","NCASHBNB","MODBTC","ZENBNB","ZENETH","CHATETH","CELRBTC","HOTBTC","GOBTC","LINKUSDC","YOYOBTC","CDTBTC","WAVESUSDC","WANETH","DOCKBTC","ADABTC","BCDETH","DNTBTC","DOCKETH","SKYETH","PHXBNB","SNTETH","GTOBNB","STORJETH","ZILBNB","RPXBNB","NPXSBTC","BTTUSDC","CLOAKBTC","ENJBNB","LSKETH"]}