{"data":{"STORJBTC":0.9712910734,"WAVESETH":0.9527291448,"LUNBTC":0.942776305,"WAVESBTC":0.9410093497,"LTCBNB":0.9365441215,"THETAETH":0.911615051,"GRSBTC":0.9086923019,"EDOBTC":0.907109222,"THETABTC":0.9060903107,"BNBUSDT":0.90582502,"EOSPAX":0.9054992068,"WAVESUSDT":0.9010489441,"BNBBTC":0.897444855,"BQXBTC":0.8915999577,"PHXETH":0.8877710565,"XLMTUSD":0.8863505195,"RLCBTC":0.8817545706,"SUBBTC":0.8785847433,"GASBTC":0.8716042168,"ARNBTC":0.8637465592,"VIABTC":0.8625919394,"IOTAETH":0.8568859373,"EVXBTC":0.8555895751,"LINKBTC":0.8533013037,"WAVESBNB":0.8318368892,"BTGBTC":0.8277495455,"EOSBNB":0.8180789689,"GVTBTC":0.8161831781,"WINGSBTC":0.8012575628,"WAVESTUSD":0.7883816904,"LTCBTC":0.7832055107,"GXSBTC":0.7816335373,"XRPUSDT":0.7801712015,"LTCTUSD":0.7788012487,"IOTABTC":0.7766806121,"OAXETH":0.7754169317,"ZECBTC":0.7744158415,"ARNETH":0.7712468743,"ZILETH":0.7669255155,"XLMUSDC":0.765126208,"XRPPAX":0.7605534464,"XRPBTC":0.7600814624,"LINKETH":0.7553583843,"LOOMETH":0.7525198123,"OAXBTC":0.7505388715,"MFTETH":0.7404864849,"XRPETH":0.7379291581,"TRXUSDC":0.7373431834,"STRATBTC":0.7294834078,"LINKUSDT":0.7285580642,"EOSTUSD":0.7224261682,"XRPTUSD":0.7124748967,"STEEMBTC":0.7053006467,"PIVXBTC":0.7020877465,"LTCUSDT":0.6949763525,"REPBTC":0.6942639361,"TRXETH":0.6892117422,"BCHSVBTC":0.6885173698,"INSBTC":0.6880632766,"STRATETH":0.6770176876,"TRXTUSD":0.6753644968,"XLMUSDT":0.6725640574,"EVXETH":0.6592505309,"SKYBTC":0.6507326425,"LRCBTC":0.6443680213,"XLMETH":0.6294587488,"XRPUSDC":0.6267937995,"REPETH":0.6217227563,"NEBLBTC":0.6186467285,"SNTETH":0.6113396292,"XLMBTC":0.6102004844,"BCHSVUSDT":0.6058470924,"TRXXRP":0.5980265006,"ONTBTC":0.5873611797,"VETUSDT":0.5849842086,"CLOAKBTC":0.5778378252,"LINKTUSD":0.5732106173,"ADATUSD":0.5566129035,"LINKUSDC":0.5549516642,"ONTUSDT":0.5432264095,"TRXUSDT":0.5424157095,"QTUMUSDT":0.5418988321,"VETETH":0.5417928443,"SALTBTC":0.5416519557,"BRDBTC":0.5376517394,"IOTAUSDT":0.5283806649,"BCDBTC":0.523593979,"WANBTC":0.5156354658,"XRPBNB":0.5064112653,"DGDBTC":0.4930954766,"LTCETH":0.4901144406,"ETCUSDT":0.4834852945,"MCOBTC":0.4833472353,"BNTBTC":0.4820561158,"NULSBTC":0.4720576668,"ETCBTC":0.4656284512,"BCHABCTUSD":0.4507528113,"ZRXBTC":0.4483992662,"DLTBTC":0.4378510167,"ETHUSDC":0.4341858917,"MODBTC":0.4333953995,"DLTETH":0.4284025167,"ICXUSDT":0.4092843217,"POLYBTC":0.4092608572,"RDNBTC":0.4022915291,"LSKBTC":0.3997126375,"TUSDETH":0.3848133338,"AEBTC":0.3739956614,"ICXBTC":0.3638554065,"POWRBTC":0.3611664129,"TUSDBTC":0.344346999,"NULSUSDT":0.3443277332,"WTCBTC":0.3178493372,"XLMBNB":0.3138738579,"ADAUSDT":0.3116443689,"TRXBNB":0.2986793816,"PAXTUSD":0.2965089361,"NAVBTC":0.291414121,"MTLETH":0.289567325,"EOSUSDC":0.2850266171,"DASHBTC":0.2772178777,"WABIBTC":0.2770430557,"NEOETH":0.2746745358,"USDCPAX":0.2550563596,"MTLBTC":0.2510318097,"NASBTC":0.2465570787,"BNBETH":0.2392845708,"MDABTC":0.2074475045,"HCBTC":0.2067456989,"ADAETH":0.2047042585,"GTOETH":0.199736145,"PPTBTC":0.1951688678,"ICXETH":0.1939648177,"ADABNB":0.189629532,"BATBTC":0.1845327624,"HOTETH":0.181304283,"QTUMBTC":0.1752166935,"NEOBTC":0.1388165143,"XLMPAX":0.1124026479,"BCHABCBTC":0.1096304398,"XEMBTC":0.0796474021,"NEOTUSD":0.0783500196,"PAXUSDT":0.0768786262,"ENGBTC":0.0632582015,"OMGBTC":0.0585045562,"BCHABCUSDT":0.0579359681,"XZCBTC":0.0441944279,"BNBPAX":0.0402295282,"XEMETH":0.034064794,"EOSUSDT":0.0310095123,"AIONBTC":0.0061266054,"BNBUSDC":-0.0000318175,"AGIBTC":-0.0041603183,"ZENBTC":-0.0063982025,"NEOUSDT":-0.0267910053,"DCRBTC":-0.0417580175,"ETHBTC":-0.0495290809,"KMDBTC":-0.082924899,"ETHPAX":-0.0933484689,"NXSBTC":-0.1065122268,"EOSETH":-0.1197923049,"XMRETH":-0.1478747328,"BTCUSDC":-0.1768839555,"ETHUSDT":-0.2507673378,"USDCTUSD":-0.2841383325,"ARKBTC":-0.285788022,"XMRBTC":-0.2930893307,"TUSDBNB":-0.3733029213,"EOSBTC":-0.3880349253,"USDCUSDT":-0.445382712,"TUSDUSDT":-0.4574988883,"NANOBTC":-0.5083779919,"BTCPAX":-0.5588230957,"AMBBTC":-0.5834978227,"FUNETH":-0.6205683747,"OMGETH":-0.6334203277,"NANOETH":-0.6341182725,"BTCUSDT":-0.6349410062,"VETBNB":-0.7864732207},"startDate":"2019-01-30","endDate":"2019-02-06","numDays":7,"excludedPairs":["MANABTC","PAXBTC","BRDBNB","ZILBNB","BTGETH","XEMBNB","AIONETH","BCHSVUSDC","XVGETH","HSRBTC","XZCXRP","NCASHBTC","BCDETH","DNTETH","RVNBTC","LENDBTC","BQXETH","TNTETH","BCNBTC","AGIBNB","ADABTC","SNMBTC","KEYBTC","ASTBTC","MCOBNB","VIBEBTC","CHATBTC","EDOETH","BCCETH","SUBETH","NANOBNB","APPCETH","RPXBTC","PAXETH","WTCETH","LOOMBNB","BTSBNB","QSPBTC","GNTBTC","NXSBNB","RLCETH","PHXBNB","BTTUSDT","FUNBTC","CNDETH","WPRETH","IOTABNB","ENJETH","BCNETH","AEETH","LUNETH","ELFETH","REQETH","KEYETH","TRXPAX","REQBTC","RVNBNB","STORJETH","RENBNB","LENDETH","MITHBNB","BATETH","MODETH","ADXBTC","MITHBTC","GTOBNB","CHATETH","AMBETH","CNDBNB","ONTBNB","POLYBNB","YOYOETH","DOCKBTC","NEBLETH","APPCBTC","WABIETH","MTHETH","DCRBNB","BCHABCPAX","XVGBTC","ENJBNB","LTCPAX","STEEMBNB","BCHSVTUSD","USDCBTC","QLCBTC","SKYETH","OSTETH","HOTBTC","DOCKETH","IOSTBTC","DENTETH","KNCBTC","XZCETH","POEETH","KNCETH","TRXBTC","DATABTC","ETCBNB","REPBNB","BTSETH","BTTBTC","ZENBNB","AMBBNB","STORMBNB","BRDETH","POAETH","ASTETH","MFTBTC","NAVETH","SALTETH","FUELBTC","AEBNB","PHXBTC","ZENETH","QLCETH","ZRXETH","SNGLSBTC","DGDETH","DASHETH","WAVESUSDC","NPXSETH","RCNBNB","NXSETH","STEEMETH","NPXSBTC","DNTBTC","GNTBNB","ARDRBTC","QKCBTC","BCPTETH","CMTBTC","ICNETH","ETCETH","MCOETH","CVCBNB","SCBNB","ADXBNB","TRIGBTC","YOYOBNB","BCCBNB","GRSETH","BCPTBNB","YOYOBTC","LSKETH","TRIGBNB","PPTETH","SCETH","CNDBTC","QSPETH","OSTBTC","NASBNB","ARDRBNB","ARKETH","BCCBTC","WANETH","ZECETH","BCCUSDT","WTCBNB","LOOMBTC","RDNBNB","NULSETH","PAXBNB","CMTBNB","TNTBTC","NEOBNB","SYSBTC","ONTETH","THETABNB","POABTC","DATAETH","APPCBNB","BCHSVPAX","XZCBNB","PIVXETH","CMTETH","TNBETH","OSTBNB","RPXBNB","GNTETH","POEBTC","BTTBNB","ICNBTC","RLCBNB","LSKBNB","CVCBTC","TNBBTC","ENGETH","WAVESPAX","QTUMBNB","VIABNB","BCNBNB","VIAETH","QKCETH","BNTETH","NAVBNB","DLTBNB","SCBTC","CDTBTC","POABNB","RDNETH","WABIBNB","NEBLBNB","SYSETH","VENUSDT","MFTBNB","VENBNB","WANBNB","CVCETH","BATBNB","MANAETH","USDCBNB","NULSBNB","BTSBTC","HSRETH","NCASHETH","SNTBTC","ZILBTC","GOBNB","VIBEETH","IOTXBTC","DENTBTC","WPRBTC","SNMETH","FUELETH","IOSTETH","GOBTC","CDTETH","QLCBNB","RENBTC","ELFBTC","ADXETH","IOTXETH","BLZETH","POWRBNB","STORMETH","ARDRETH","LINKPAX","LTCUSDC","QSPBNB","BLZBNB","VENBTC","AIONBNB","RCNBTC","GXSETH","VIBETH","LRCETH","VIBBTC","NCASHBNB","SYSBNB","RCNETH","CLOAKETH","PIVXBNB","POWRETH","AGIETH","GVTETH","GTOBTC","HCETH","BCHABCUSDC","QTUMETH","BCPTBTC","BLZBTC","KMDETH","RPXETH","MDAETH","SNGLSETH","WINGSETH","ENJBTC","VENETH","VETBTC","MTHBTC","INSETH","STORMBTC","NASETH","TRIGETH","SKYBNB","ICXBNB"]}