{"data":{"STORJBTC":0.9363926147,"VIABTC":0.9092833138,"NEBLBTC":0.8289725964,"EVXBTC":0.8243816768,"GRSBTC":0.8066920199,"RLCBTC":0.7932024474,"MCOBTC":0.7799313148,"ADXBTC":0.7689063257,"XRPBTC":0.7512085651,"OAXBTC":0.7487152077,"LUNBTC":0.7464559506,"XRPETH":0.735296657,"BQXBTC":0.7317873315,"NULSBTC":0.7256628396,"EDOBTC":0.7240466803,"SUBBTC":0.7126447595,"WINGSBTC":0.6987326715,"XRPUSDT":0.6878798906,"BCHABCBTC":0.6861110882,"BTGBTC":0.6855498413,"PIVXBTC":0.6822587989,"STRATBTC":0.6697999123,"BNBPAX":0.6548198729,"ARNBTC":0.6468337187,"REPBTC":0.6404720054,"STEEMBTC":0.6285451877,"THETABTC":0.6186884381,"CLOAKBTC":0.6084997,"STRATETH":0.6042482827,"IOTAUSDT":0.6027021755,"WAVESBTC":0.6013736272,"BCHABCUSDT":0.5995208983,"DGDBTC":0.5986274891,"GXSBTC":0.5981026156,"BQXETH":0.5959012827,"EOSUSDC":0.5810961277,"LTCBTC":0.580713916,"XRPPAX":0.5755167192,"INSBTC":0.5752561013,"HCBTC":0.5715092371,"NULSUSDT":0.5645913785,"ARNETH":0.5644097648,"VIBEBTC":0.5632620658,"ENGBTC":0.5558110631,"GASBTC":0.5463630872,"LTCUSDT":0.537284514,"ZENBTC":0.5338027696,"OAXETH":0.5250137626,"MTLETH":0.5224439844,"XRPTUSD":0.5179259014,"LRCBTC":0.5033433663,"TRXTUSD":0.5017040348,"ADATUSD":0.5013521165,"EVXETH":0.4982977596,"BCHABCTUSD":0.4875183079,"REPETH":0.4798795029,"LTCETH":0.4796226564,"EOSBTC":0.4526458064,"MDABTC":0.4323159729,"ETHUSDT":0.4176961492,"MITHBTC":0.4156807728,"BCHSVBTC":0.4132082928,"POWRBTC":0.4091763119,"EOSUSDT":0.4089117753,"WAVESETH":0.4076137753,"WAVESUSDT":0.4074762047,"IOTABTC":0.3978527286,"EOSETH":0.3919096912,"DLTETH":0.388687606,"WTCBTC":0.3766262605,"PPTBTC":0.3738886996,"XRPUSDC":0.3718662272,"BNBETH":0.3678069522,"XRPBNB":0.3663554878,"BRDBTC":0.3460455492,"TUSDUSDT":0.3453381848,"BCHSVUSDT":0.3343747438,"PHXETH":0.3285068021,"TRXXRP":0.327600239,"BNBUSDT":0.3189149162,"RDNBTC":0.3170586865,"TRXETH":0.3114778985,"TRXUSDT":0.3106273468,"BNBUSDC":0.3091714476,"WABIBTC":0.3072040307,"LINKBTC":0.2988234507,"DLTBTC":0.2908686989,"ETHUSDC":0.2882582235,"BNBBTC":0.2873650264,"LTCTUSD":0.2831894919,"WAVESBNB":0.2826158433,"BTCPAX":0.2730623793,"XLMPAX":0.2704544897,"LSKBTC":0.2636299281,"ADAUSDT":0.2585630667,"MFTETH":0.2571398583,"ETHPAX":0.2567924666,"ETHBTC":0.251245775,"EOSTUSD":0.2510398645,"XLMBNB":0.2338600076,"XLMUSDT":0.2319019664,"LINKTUSD":0.2188415257,"SKYBTC":0.216024635,"NEOETH":0.2141798575,"LINKUSDT":0.2114395424,"ADABNB":0.2086008386,"BCDBTC":0.2060526367,"GVTBTC":0.2048011211,"PAXUSDT":0.1819887089,"SALTBTC":0.1806731507,"ZECBTC":0.1787679832,"KMDBTC":0.1771101525,"LINKETH":0.1721538556,"BTCUSDC":0.1720075278,"XLMTUSD":0.1657012471,"NEOBTC":0.1652391477,"EOSPAX":0.1613600192,"XLMBTC":0.1471952717,"XLMETH":0.1433163627,"AEBTC":0.1351048519,"USDCPAX":0.134548443,"USDCUSDT":0.1281854175,"NEOUSDT":0.1246255105,"XLMUSDC":0.1204772805,"ONTUSDT":0.1175284666,"HOTETH":0.1035895944,"USDCTUSD":0.0919675362,"LTCBNB":0.0890086394,"TRXBNB":0.088983661,"LRCETH":0.0881790868,"DASHBTC":0.0864992927,"ONTETH":0.0835111375,"POLYBTC":0.0809875213,"WAVESTUSD":0.0720754534,"VETUSDT":0.0644471714,"MTLBTC":0.0565245371,"BTCUSDT":0.0514478713,"IOTAETH":0.0391588313,"ADAETH":0.0391093832,"MODBTC":0.0132730191,"ETCUSDT":0.0044418622,"QTUMUSDT":-0.0048031444,"TUSDBNB":-0.0048046458,"ONTBTC":-0.0124546519,"TUSDBTC":-0.0146049881,"EOSBNB":-0.0176932528,"TUSDETH":-0.034071326,"ZILETH":-0.0362948256,"BNTBTC":-0.0537400543,"XZCBTC":-0.0691712119,"LINKUSDC":-0.1010676771,"OMGBTC":-0.1013615464,"WANBTC":-0.1156440113,"TRXUSDC":-0.1249043587,"FUNETH":-0.1446161955,"DCRBTC":-0.1618431767,"ZRXBTC":-0.1892667989,"ARKBTC":-0.1967548472,"NEOTUSD":-0.2068149975,"NASBTC":-0.2239453355,"DOCKETH":-0.2256349252,"QTUMBTC":-0.2277529657,"ICXETH":-0.250928438,"VETETH":-0.2632091964,"ICXUSDT":-0.2735697713,"ETCBTC":-0.2997706104,"ICXBTC":-0.3207552778,"NXSBTC":-0.3410444817,"NAVBTC":-0.3624238398,"VETBNB":-0.3695317578,"BATBTC":-0.3761273006,"XMRETH":-0.3972091837,"OMGETH":-0.4214777638,"XEMBTC":-0.4534779083,"NANOETH":-0.4671769483,"XEMETH":-0.4856523097,"PAXTUSD":-0.5005830373,"XMRBTC":-0.5025926102,"AIONBTC":-0.5268521425,"AGIBTC":-0.5352559298,"NANOBTC":-0.6808606084},"startDate":"2019-01-29","endDate":"2019-02-05","numDays":7,"excludedPairs":["POAETH","GNTBNB","DASHETH","REQETH","IOTABNB","TNBETH","CVCETH","ETCETH","ZRXETH","AEBNB","BTSETH","STEEMETH","LINKPAX","VENBTC","ASTETH","CNDBNB","USDCBTC","FUELETH","CHATETH","THETAETH","LOOMBTC","BCCBNB","ZILBNB","BCHABCPAX","SNGLSETH","AEETH","NXSETH","MANAETH","RCNBNB","GOBNB","QLCETH","BCHSVPAX","NULSETH","OSTETH","REQBTC","DATABTC","SNTETH","USDCBNB","BTSBTC","BCPTBTC","WPRETH","RVNBNB","GTOETH","BATETH","RENBNB","ICNBTC","DOCKBTC","ENJBTC","PAXBNB","BCDETH","GVTETH","VETBTC","IOTXBTC","WABIETH","SCBNB","POABTC","LTCUSDC","POABNB","ZENETH","POWRBNB","QKCBTC","BCHSVUSDC","XZCETH","XVGBTC","VIAETH","WAVESPAX","NCASHETH","MFTBTC","NULSBNB","IOTXETH","KNCBTC","WANETH","ICXBNB","BCHABCUSDC","BRDETH","RCNETH","WANBNB","LTCPAX","NEBLETH","LUNETH","RLCBNB","TNBBTC","BCPTETH","OSTBNB","XZCBNB","YOYOBTC","CMTETH","AMBBNB","SCETH","TRIGETH","WTCETH","RCNBTC","NEBLBNB","POEETH","ELFETH","ADABTC","TRIGBTC","STEEMBNB","TNTETH","NASBNB","WAVESUSDC","BLZETH","NCASHBTC","POEBTC","SNTBTC","POLYBNB","NPXSETH","XEMBNB","BCCUSDT","WTCBNB","AGIETH","PAXBTC","ENJBNB","FUELBTC","WINGSETH","TRIGBNB","HSRETH","QSPETH","SYSBNB","MDAETH","STORJETH","APPCBTC","ARKETH","RDNETH","RVNBTC","ASTBTC","NXSBNB","DNTBTC","VENUSDT","SNMETH","GTOBNB","PIVXBNB","CMTBTC","ZECETH","CLOAKETH","VENETH","MCOETH","PHXBNB","RENBTC","BCPTBNB","MITHBNB","AMBBTC","KEYETH","GNTBTC","NAVBNB","MFTBNB","NPXSBTC","POWRETH","QLCBTC","NANOBNB","APPCBNB","ENJETH","SYSBTC","LENDETH","BCCBTC","BATBNB","TNTBTC","ADXBNB","AMBETH","PAXETH","DATAETH","SKYETH","MODETH","VIABNB","BTTBTC","RPXETH","CDTBTC","DGDETH","PPTETH","DENTBTC","NAVETH","OSTBTC","NCASHBNB","QSPBNB","CMTBNB","GNTETH","GXSETH","PIVXETH","TRXPAX","ELFBTC","ENGETH","BCNBNB","SNMBTC","YOYOETH","HCETH","SALTETH","MANABTC","THETABNB","IOSTBTC","CNDETH","CHATBTC","HOTBTC","PHXBTC","WPRBTC","CDTETH","BTSBNB","KMDETH","BLZBTC","AIONBNB","BTTUSDT","BLZBNB","SKYBNB","ZILBTC","BNTETH","STORMBNB","DENTETH","XZCXRP","VIBETH","FUNBTC","LSKETH","LOOMBNB","ETCBNB","HSRBTC","SYSETH","BCNETH","VIBBTC","VENBNB","DLTBNB","AIONETH","MTHETH","REPBNB","GTOBTC","SNGLSBTC","ONTBNB","ARDRBNB","BTGETH","RPXBTC","KNCETH","BRDBNB","YOYOBNB","IOSTETH","SUBETH","INSETH","DNTETH","VIBEETH","CVCBTC","MTHBTC","ARDRBTC","QSPBTC","CNDBTC","QLCBNB","EDOETH","ADXETH","XVGETH","NASETH","BTTBNB","ICNETH","SCBTC","STORMBTC","RPXBNB","QKCETH","APPCETH","LOOMETH","DCRBNB","RDNBNB","GOBTC","BCCETH","AGIBNB","TRXBTC","KEYBTC","ARDRETH","LSKBNB","RLCETH","STORMETH","LENDBTC","BCHSVTUSD","QTUMBNB","BCNBTC","CVCBNB","GRSETH","WABIBNB","QTUMETH","ZENBNB","MCOBNB","NEOBNB"]}