{"data":{"QTUMUSDT":0.9129793559,"GOBTC":0.8842479557,"EVXBTC":0.8839477926,"GRSBTC":0.8813194104,"HCBTC":0.876604059,"RLCBTC":0.8751444359,"XZCBTC":0.8588761441,"MTLBTC":0.8516936136,"BTCUSDS":0.8179245245,"MTLETH":0.8101617313,"EVXETH":0.7959235702,"BTCUSDT":0.7944678765,"BQXBTC":0.7925189977,"ENJBTC":0.7878173265,"IOSTUSDT":0.7860520084,"BTGBTC":0.7800127467,"QLCBTC":0.7798032706,"BCDBTC":0.7722027506,"BTCUSDC":0.7686570348,"LOOMBTC":0.7628772405,"BCHSVBTC":0.7552838366,"REPBTC":0.7395657049,"PIVXBTC":0.7313366632,"XRPBTC":0.7242152481,"BCHABCBTC":0.7174519814,"BATUSDT":0.6985722121,"BCHSVUSDT":0.6968415457,"XRPUSDT":0.6938205463,"BCHABCUSDT":0.6936504284,"IOSTETH":0.6936151046,"INSBTC":0.6808982993,"DASHUSDT":0.6807005251,"ZILUSDT":0.673301363,"XRPUSDC":0.6724855437,"BCPTBTC":0.6681815412,"XRPETH":0.6677771085,"LTCUSDT":0.6650263783,"LTCUSDC":0.6580370445,"CMTBTC":0.6520500959,"OAXBTC":0.6480831065,"ICXBTC":0.6433085445,"NEOBTC":0.6431683158,"LTCBTC":0.641142383,"NANOETH":0.638347292,"LRCBTC":0.6265507992,"IOSTBNB":0.6254197659,"ARNBTC":0.6233942699,"STORJBTC":0.6224596653,"HOTUSDT":0.6147320496,"BLZBTC":0.6137582945,"XRPTUSD":0.612684327,"XEMBTC":0.6110174506,"POWRBTC":0.6106201929,"LTCBNB":0.6055665381,"AMBBTC":0.6003691107,"NULSUSDT":0.5964548281,"VIABTC":0.5941397746,"ARDRBTC":0.5921149859,"ZILETH":0.5898941958,"ENJBNB":0.5863786407,"BTCPAX":0.5819089136,"EOSBTC":0.581779158,"LINKBTC":0.5799237307,"POLYBTC":0.5797607296,"LTCETH":0.5789397128,"GASBTC":0.5776626881,"BATBTC":0.5774472551,"ELFBTC":0.5759059525,"LINKUSDT":0.570457742,"AEBTC":0.5690371396,"TRXUSDT":0.5664050789,"STRATBTC":0.5476686457,"XLMBTC":0.5466473972,"ENJETH":0.5461972033,"APPCBTC":0.5450138183,"DASHETH":0.5429929156,"TRXETH":0.5409907493,"LINKETH":0.5384053767,"RVNBTC":0.5379348866,"BATETH":0.5378998742,"WTCBTC":0.5368702479,"ETHUSDC":0.5353552315,"NASBTC":0.5347690009,"NEOETH":0.5342983705,"ONTBTC":0.5341618608,"NEOUSDT":0.5320291098,"BNBPAX":0.5312652365,"XRPBNB":0.5289934701,"NAVBTC":0.5274847338,"DCRBTC":0.5244148566,"RCNBTC":0.5234884368,"LTCTUSD":0.5234421849,"EOSUSDC":0.5190121935,"STEEMBTC":0.5166876626,"XLMETH":0.5157192857,"BCHABCUSDC":0.5138121452,"NANOBTC":0.5096345711,"ONTETH":0.5089457931,"ADXBTC":0.505870395,"ADABTC":0.4962235667,"ETHBTC":0.4928901527,"EOSETH":0.4886672039,"BTCTUSD":0.483637862,"ZECBTC":0.4827286368,"SKYBTC":0.4821316442,"TRXXRP":0.4779804606,"LSKBTC":0.4765753811,"THETABTC":0.4754944671,"GNTBTC":0.4711591944,"EOSTUSD":0.469164312,"VETETH":0.465818618,"EOSUSDT":0.4653742694,"WAVESBTC":0.4623730345,"CELRUSDT":0.4623643089,"LUNBTC":0.4588822976,"VETUSDT":0.4568550939,"ETHUSDT":0.4520602377,"NULSBTC":0.4512116097,"ADAETH":0.448432301,"BCHABCTUSD":0.440442385,"ASTBTC":0.4397472253,"AIONBTC":0.4372807582,"ETCBTC":0.4306270433,"ADAUSDT":0.4306004814,"BNBBTC":0.4275252002,"DASHBTC":0.4265720933,"POABTC":0.4264902652,"BTTUSDT":0.4242718515,"ZECETH":0.4235668319,"ICXUSDT":0.4228309903,"ETCUSDT":0.4149077542,"DLTBTC":0.4148723103,"XLMUSDT":0.4123971241,"VETBNB":0.4121524295,"ONTUSDT":0.4015093896,"ARKBTC":0.397594968,"ETHTUSD":0.3889742043,"OMGBTC":0.386194905,"KNCBTC":0.3807533129,"ONGBTC":0.37718437,"BRDBTC":0.3762218947,"BNTBTC":0.3727998901,"NEBLBTC":0.3724442272,"BNBETH":0.3683502479,"KMDBTC":0.3640003615,"TRXBNB":0.3638250956,"BNBTUSD":0.3635536824,"DGDBTC":0.3594190648,"IOTAUSDT":0.3588888511,"WANBTC":0.358242455,"RVNBNB":0.3569896877,"ZRXBTC":0.3493901081,"ONTBNB":0.3327961126,"ZECUSDT":0.3327751026,"XLMBNB":0.3115713243,"LTCPAX":0.2999450021,"CVCBTC":0.2960896198,"IOTAETH":0.2952709015,"ICXETH":0.2935444018,"MCOBTC":0.2932391965,"TRXTUSD":0.2928567863,"OMGETH":0.2898657389,"FETBTC":0.2882850756,"XMRBTC":0.2737929939,"BTTBNB":0.2693694081,"IOTABTC":0.2689210636,"AGIBTC":0.255191333,"GVTBTC":0.2511299739,"EOSBNB":0.251100442,"FETBNB":0.2472662053,"WAVESUSDT":0.2442265867,"BCHABCPAX":0.2391732758,"WABIBTC":0.2382580881,"RDNBTC":0.2270994348,"BCHSVTUSD":0.2223155096,"FETUSDT":0.2175717225,"ADATUSD":0.1935867656,"ADABNB":0.1930046174,"MDABTC":0.1913452072,"USDCTUSD":0.1884210388,"ETHPAX":0.1847280705,"BNBUSDT":0.1754880251,"XMRUSDT":0.1484736729,"XRPPAX":0.1414307899,"QTUMBTC":0.1375955284,"PPTBTC":0.1301027962,"NEOTUSD":0.1133621403,"BNBUSDC":0.1005289952,"NEOBNB":0.0951354787,"ONGUSDT":0.0445074048,"GXSBTC":0.039277178,"FUELETH":0.0271301441,"VIBEBTC":0.0119628941,"USDSUSDT":-0.0114388709,"NXSBTC":-0.0204718313,"ZRXUSDT":-0.0259283982,"ENGBTC":-0.0375212893,"SYSBTC":-0.1243720504,"USDCPAX":-0.163438455,"EDOBTC":-0.4627186225,"TUSDUSDT":-0.4766113561,"USDSPAX":-0.5981523523,"USDCUSDT":-0.6200214081,"PAXUSDT":-0.7661315532},"startDate":"2019-03-31","endDate":"2019-04-07","numDays":7,"excludedPairs":["ZECTUSD","USDCBNB","LUNETH","MCOETH","SKYBNB","OSTETH","TRXPAX","WPRETH","BTTPAX","REQBTC","ETCETH","BCCBNB","ARDRETH","NCASHBTC","USDSTUSD","CVCBNB","REPBNB","SUBETH","CELRBTC","XZCETH","MTHETH","QLCBNB","STRATETH","THETABNB","SCBTC","IOTXBTC","TNBBTC","BTTTUSD","POWRETH","AGIETH","AIONBNB","NEOPAX","XMRBNB","MFTBNB","ZILBNB","NCASHETH","ONGBNB","XVGETH","SNMBTC","NAVETH","WABIETH","YOYOBNB","DENTETH","RPXETH","TRXBTC","FUELBTC","WTCBNB","MTHBTC","GTOBNB","NPXSBTC","PPTETH","FUNETH","SNTETH","WANETH","XMRETH","GRSETH","STEEMETH","HOTBNB","TNTBTC","INSETH","BCNBNB","NASETH","LSKBNB","IOTABNB","PAXETH","DOCKETH","MFTBTC","DENTBTC","SNMETH","ARDRBNB","REQETH","GTOETH","BLZETH","WAVESUSDC","CMTETH","AIONETH","ZECPAX","MODETH","IOSTBTC","AGIBNB","LINKUSDC","BCCBTC","ZENBTC","ARNETH","DGDETH","STORMBTC","POAETH","DOCKBTC","VIBBTC","TRIGBTC","CNDBTC","BCPTETH","SCBNB","ZENETH","STORJETH","RLCBNB","CELRBNB","BTSBTC","TNBETH","VENETH","VENBTC","CDTETH","NPXSETH","PIVXETH","OMGBNB","DLTBNB","ZRXETH","YOYOETH","CNDETH","QSPBNB","BTSBNB","ADAPAX","RENBNB","BNTETH","WAVESBNB","OSTBNB","LOOMBNB","PHXBTC","KEYBTC","ADXBNB","HSRETH","FUNBTC","NEBLBNB","QSPBTC","BCNETH","BCCETH","ZENBNB","BTGETH","MDAETH","QTUMETH","QKCETH","HSRBTC","CVCETH","MCOBNB","PAXTUSD","STORMETH","SCETH","NANOUSDT","DLTETH","DATABTC","AMBBNB","LINKTUSD","BTSETH","RDNBNB","RENBTC","TRIGBNB","HOTETH","VIAETH","ADAUSDC","BCHSVUSDC","AEBNB","BCDETH","WINGSETH","POLYBNB","ENGETH","SUBBTC","CLOAKBTC","PHXBNB","BLZBNB","XLMPAX","KEYETH","VIBETH","SALTETH","NEOUSDC","BCNBTC","MITHBNB","GXSETH","ASTETH","CDTBTC","SNGLSBTC","NULSETH","RLCETH","KNCETH","CHATETH","XEMBNB","BNBUSDS","LENDBTC","MANABTC","BCPTBNB","POEBTC","ELFETH","LOOMETH","WAVESETH","HCETH","ICXBNB","LSKETH","AEETH","AMBETH","XLMUSDC","VENUSDT","NEBLETH","ZILBTC","RCNBNB","HOTBTC","DASHBNB","USDCBTC","ICNETH","WTCETH","VIBEETH","CNDBNB","RCNETH","OSTBTC","BCCUSDT","MODBTC","SKYETH","TUSDBNB","LRCETH","QTUMBNB","NAVBNB","CMTBNB","PHXETH","DATAETH","ZRXBNB","WINGSBTC","TRXUSDC","ADXETH","APPCBNB","XZCXRP","IOTXETH","XVGBTC","BTTUSDC","STEEMBNB","ICNBTC","BRDETH","DCRBNB","ETCBNB","WAVESTUSD","TUSDETH","QSPETH","SALTBTC","POWRBNB","NXSETH","THETAETH","APPCETH","PIVXBNB","LENDETH","ZECBNB","NCASHBNB","BCHSVPAX","MFTETH","ARKETH","SNTBTC","RPXBTC","ZECUSDC","PAXBTC","SNGLSETH","XEMETH","BRDBNB","USDSUSDC","WANBNB","RPXBNB","NASBNB","SYSETH","POABNB","NXSBNB","SYSBNB","CLOAKETH","QKCBTC","BQXETH","GNTETH","TRIGETH","EDOETH","QLCETH","OAXETH","GVTETH","VENBNB","EOSPAX","NANOBNB","TNTETH","GTOBTC","WAVESPAX","REPETH","LINKPAX","TUSDBTC","YOYOBTC","DNTBTC","RDNETH","VIABNB","OMGUSDT","WPRBTC","VETBTC","XZCBNB","XLMTUSD","NULSBNB","PAXBNB","STORMBNB","WABIBNB","POEETH","BTTBTC","KMDETH","GNTBNB","CHATBTC","MANAETH","DNTETH","GOBNB","BATBNB","MITHBTC"]}