{"data":{"VIABTC":0.9360423404,"STORJBTC":0.9341481608,"NEBLBTC":0.8163489238,"EVXBTC":0.8023251913,"GRSBTC":0.7973306917,"NULSBTC":0.7594971025,"BTGBTC":0.754584488,"HCBTC":0.7458101483,"XRPBTC":0.7424707685,"MCOBTC":0.7386582482,"BCHABCBTC":0.7375663265,"XRPETH":0.7372206632,"EDOBTC":0.7361783049,"LUNBTC":0.7282023119,"BQXBTC":0.7280269646,"SUBBTC":0.7184761539,"RLCBTC":0.7179645678,"STRATBTC":0.7140369327,"GXSBTC":0.7024751519,"XRPUSDT":0.688730661,"MODBTC":0.6829296188,"EOSUSDC":0.6827846416,"THETABTC":0.671232041,"PIVXBTC":0.6644191247,"ENGBTC":0.6589607356,"STRATETH":0.6582494733,"WINGSBTC":0.6511980664,"WAVESBTC":0.6489864422,"OAXBTC":0.6450129742,"GASBTC":0.6432024799,"ARNBTC":0.6414571891,"INSBTC":0.6384053416,"DGDBTC":0.634684235,"REPBTC":0.6325280711,"STEEMBTC":0.630598716,"BCHABCUSDT":0.6254507728,"IOTAUSDT":0.6206936637,"TRXTUSD":0.6199837567,"ZENBTC":0.5991285958,"XRPPAX":0.5880441856,"LOOMETH":0.5829073841,"ARNETH":0.5647494158,"CLOAKBTC":0.5618415603,"EOSBTC":0.5551396696,"GTOETH":0.5546704635,"LTCBTC":0.5534332941,"NULSUSDT":0.5456192831,"REPETH":0.5374246112,"MTLETH":0.536505151,"BNBPAX":0.5320310889,"EVXETH":0.5318719113,"LTCUSDT":0.5286537032,"LTCETH":0.5260719566,"EOSUSDT":0.5087091561,"XRPTUSD":0.4968696722,"EOSETH":0.4961239338,"OAXETH":0.480961396,"TRXETH":0.478633399,"BNBBTC":0.4731449873,"LRCBTC":0.4644688757,"WAVESETH":0.4621459547,"DLTETH":0.4602747412,"TRXXRP":0.4466805934,"LINKBTC":0.446153376,"TRXUSDT":0.4448316991,"WABIBTC":0.43288455,"THETAETH":0.4307473724,"IOTABTC":0.430446336,"ETHUSDT":0.4146193177,"WAVESUSDT":0.4140307206,"WTCBTC":0.4139740441,"DASHBTC":0.3962306466,"BCHABCTUSD":0.3889305531,"PPTBTC":0.3886843051,"POWRBTC":0.3859747963,"BRDBTC":0.3803917527,"XRPUSDC":0.3802603262,"BNBUSDT":0.3721810343,"BCHSVBTC":0.3624197823,"EOSPAX":0.3482939588,"BCHSVUSDT":0.3462902085,"MDABTC":0.3456534952,"XRPBNB":0.3430733769,"RDNBTC":0.3273229933,"USDCUSDT":0.3233639029,"EOSTUSD":0.2859969336,"DLTBTC":0.2848647119,"BNBUSDC":0.2826427904,"ETHPAX":0.2796030395,"ADABNB":0.2725505309,"LSKBTC":0.2701910433,"ETHBTC":0.2569235801,"HOTETH":0.2456722828,"NEOETH":0.2432406545,"LINKUSDT":0.2418878567,"BNBETH":0.2294589124,"WAVESBNB":0.2274689599,"LTCTUSD":0.2241073224,"TUSDUSDT":0.2232161976,"TRXBNB":0.2120231374,"LINKTUSD":0.2118306827,"XLMUSDT":0.2085610576,"XLMBNB":0.208556014,"LINKETH":0.2081865897,"BTCPAX":0.1984015252,"MTLBTC":0.1918707298,"ETHUSDC":0.1877426024,"SALTBTC":0.1865907607,"MFTETH":0.1861953098,"XLMPAX":0.1818577261,"XLMTUSD":0.1789644397,"ADAUSDT":0.1688782603,"BCDBTC":0.1447437552,"SNTETH":0.1411363782,"TUSDETH":0.140962402,"NEOBTC":0.1393580312,"XLMETH":0.1252007326,"XLMBTC":0.1247752842,"XLMUSDC":0.1217621045,"IOTAETH":0.105730456,"LTCBNB":0.0980770639,"USDCPAX":0.0904816341,"SKYBTC":0.0896734232,"PAXUSDT":0.081863654,"PHXETH":0.0812674154,"KMDBTC":0.0754700622,"WAVESTUSD":0.0685570046,"ADAETH":0.0395399962,"NEOUSDT":0.0382814566,"POLYBTC":0.0284616423,"USDCTUSD":0.0255898586,"VETUSDT":0.0240961603,"ONTUSDT":0.0133633696,"GVTBTC":0.0028654971,"ETCUSDT":-0.0021005884,"AEBTC":-0.0135905622,"BTCUSDC":-0.0136877141,"BTCUSDT":-0.028016672,"ADATUSD":-0.0314561836,"ZECBTC":-0.032745156,"XZCBTC":-0.0398928368,"FUNETH":-0.0513195962,"EOSBNB":-0.0519083832,"TUSDBTC":-0.0677194496,"ZILETH":-0.0823104832,"LINKUSDC":-0.0914298157,"TRXUSDC":-0.102527902,"ONTBTC":-0.1220878302,"TUSDBNB":-0.1598431633,"NASBTC":-0.1741432567,"OMGBTC":-0.1910004188,"BNTBTC":-0.2039054975,"DCRBTC":-0.2052558355,"QTUMUSDT":-0.2103266902,"NEOTUSD":-0.2222069347,"VETETH":-0.2229363745,"ICXUSDT":-0.2390696292,"ICXETH":-0.2440886002,"ZRXBTC":-0.2629060098,"NAVBTC":-0.2648121459,"AMBBTC":-0.2886549263,"WANBTC":-0.3012624826,"ETCBTC":-0.3338435636,"PAXTUSD":-0.3406680669,"ICXBTC":-0.3695486701,"VETBNB":-0.3772301472,"OMGETH":-0.3783480071,"NXSBTC":-0.4182268257,"XMRETH":-0.4585224999,"XEMBTC":-0.4761225027,"QTUMBTC":-0.4825903107,"AGIBTC":-0.5225525199,"XEMETH":-0.5243394406,"ARKBTC":-0.5324816221,"BATBTC":-0.5429859399,"XMRBTC":-0.6239551744,"NANOETH":-0.6394853091,"AIONBTC":-0.6988629398,"NANOBTC":-0.7569900883},"startDate":"2019-01-30","endDate":"2019-02-06","numDays":7,"excludedPairs":["MANABTC","PAXBTC","BRDBNB","ZILBNB","BTGETH","XEMBNB","AIONETH","BCHSVUSDC","XVGETH","HSRBTC","XZCXRP","NCASHBTC","BCDETH","DNTETH","RVNBTC","LENDBTC","BQXETH","TNTETH","BCNBTC","AGIBNB","ADABTC","SNMBTC","KEYBTC","ASTBTC","MCOBNB","VIBEBTC","CHATBTC","EDOETH","BCCETH","SUBETH","NANOBNB","APPCETH","RPXBTC","PAXETH","WTCETH","LOOMBNB","BTSBNB","QSPBTC","GNTBTC","NXSBNB","RLCETH","PHXBNB","BTTUSDT","FUNBTC","CNDETH","WPRETH","IOTABNB","ENJETH","BCNETH","AEETH","LUNETH","ELFETH","REQETH","KEYETH","TRXPAX","REQBTC","RVNBNB","STORJETH","RENBNB","LENDETH","MITHBNB","BATETH","MODETH","ADXBTC","MITHBTC","GTOBNB","CHATETH","AMBETH","CNDBNB","ONTBNB","POLYBNB","YOYOETH","DOCKBTC","NEBLETH","APPCBTC","WABIETH","MTHETH","DCRBNB","BCHABCPAX","XVGBTC","ENJBNB","LTCPAX","STEEMBNB","BCHSVTUSD","USDCBTC","QLCBTC","SKYETH","OSTETH","HOTBTC","DOCKETH","IOSTBTC","DENTETH","KNCBTC","XZCETH","POEETH","KNCETH","TRXBTC","DATABTC","ETCBNB","REPBNB","BTSETH","BTTBTC","ZENBNB","AMBBNB","STORMBNB","BRDETH","POAETH","ASTETH","MFTBTC","NAVETH","SALTETH","FUELBTC","AEBNB","PHXBTC","ZENETH","QLCETH","ZRXETH","SNGLSBTC","DGDETH","DASHETH","WAVESUSDC","NPXSETH","RCNBNB","NXSETH","STEEMETH","NPXSBTC","DNTBTC","GNTBNB","ARDRBTC","QKCBTC","BCPTETH","CMTBTC","ICNETH","ETCETH","MCOETH","CVCBNB","SCBNB","ADXBNB","TRIGBTC","YOYOBNB","BCCBNB","GRSETH","BCPTBNB","YOYOBTC","LSKETH","TRIGBNB","PPTETH","SCETH","CNDBTC","QSPETH","OSTBTC","NASBNB","ARDRBNB","ARKETH","BCCBTC","WANETH","ZECETH","BCCUSDT","WTCBNB","LOOMBTC","RDNBNB","NULSETH","PAXBNB","CMTBNB","TNTBTC","NEOBNB","SYSBTC","ONTETH","THETABNB","POABTC","DATAETH","APPCBNB","BCHSVPAX","XZCBNB","PIVXETH","CMTETH","TNBETH","OSTBNB","RPXBNB","GNTETH","POEBTC","BTTBNB","ICNBTC","RLCBNB","LSKBNB","CVCBTC","TNBBTC","ENGETH","WAVESPAX","QTUMBNB","VIABNB","BCNBNB","VIAETH","QKCETH","BNTETH","NAVBNB","DLTBNB","SCBTC","CDTBTC","POABNB","RDNETH","WABIBNB","NEBLBNB","SYSETH","VENUSDT","MFTBNB","VENBNB","WANBNB","CVCETH","BATBNB","MANAETH","USDCBNB","NULSBNB","BTSBTC","HSRETH","NCASHETH","SNTBTC","ZILBTC","GOBNB","VIBEETH","IOTXBTC","DENTBTC","WPRBTC","SNMETH","FUELETH","IOSTETH","GOBTC","CDTETH","QLCBNB","RENBTC","ELFBTC","ADXETH","IOTXETH","BLZETH","POWRBNB","STORMETH","ARDRETH","LINKPAX","LTCUSDC","QSPBNB","BLZBNB","VENBTC","AIONBNB","RCNBTC","GXSETH","VIBETH","LRCETH","VIBBTC","NCASHBNB","SYSBNB","RCNETH","CLOAKETH","PIVXBNB","POWRETH","AGIETH","GVTETH","GTOBTC","HCETH","BCHABCUSDC","QTUMETH","BCPTBTC","BLZBTC","KMDETH","RPXETH","MDAETH","SNGLSETH","WINGSETH","ENJBTC","VENETH","VETBTC","MTHBTC","INSETH","STORMBTC","NASETH","TRIGETH","SKYBNB","ICXBNB"]}