{"data":{"WINGSBTC":0.9774135217,"WINGSETH":0.9694151585,"EVXBTC":0.9598610943,"WABIBTC":0.9570483074,"VIABTC":0.937351406,"GXSBTC":0.928266515,"NAVBTC":0.9233809249,"RLCBTC":0.9125385992,"ARNBTC":0.9107321252,"LUNBTC":0.9087597931,"TNTETH":0.9046234739,"ASTBTC":0.8976861667,"STORJBTC":0.895945645,"BQXBTC":0.8927109865,"ZENBTC":0.8887683765,"MODBTC":0.8663876478,"QKCETH":0.8531884731,"QKCBTC":0.8503061915,"ADXBTC":0.8412791446,"ARNETH":0.8370172778,"POABTC":0.8249431521,"EVXETH":0.8232255196,"CMTBTC":0.8223648334,"DOCKETH":0.8184754891,"BQXETH":0.8002534859,"DLTBTC":0.7939120539,"MDABTC":0.7845890191,"LRCETH":0.7602676572,"DLTETH":0.7601664835,"BCPTBTC":0.7495629335,"STEEMBTC":0.7471776254,"GASBTC":0.7361083188,"GTOBTC":0.7302601208,"POWRETH":0.7239103315,"OAXBTC":0.722388512,"INSBTC":0.7216324961,"OAXETH":0.7126479215,"HCBTC":0.7096562929,"LRCBTC":0.708200128,"XZCBTC":0.7060067302,"POWRBTC":0.7049453602,"NEOTUSD":0.7025607615,"REPBTC":0.7009615077,"BRDBTC":0.6791750238,"NULSBTC":0.6759367698,"PIVXBTC":0.6690781028,"NXSBTC":0.6621546051,"SALTBTC":0.661539126,"BLZBTC":0.6577229217,"VIBEETH":0.6537663034,"BCPTETH":0.653598479,"REPETH":0.6512180959,"HCETH":0.6358358652,"BCDBTC":0.617519405,"VIBEBTC":0.6147140649,"CLOAKBTC":0.6086816457,"GTOETH":0.6045193148,"STRATBTC":0.5966015104,"ELFBTC":0.5812418537,"CMTETH":0.5738435157,"RDNBTC":0.5712333312,"NULSUSDT":0.5709148879,"BNBUSDT":0.5360316167,"AEBTC":0.5282299685,"BNBBTC":0.5161465087,"AMBBTC":0.5044487709,"LINKBTC":0.4965677165,"LINKETH":0.479705749,"NEOETH":0.476418985,"AEETH":0.4731709826,"TRXXRP":0.4703083081,"WTCBTC":0.4534846672,"EOSBNB":0.4525768941,"NEOBTC":0.4503415872,"STRATETH":0.4431769893,"BNBPAX":0.4366330675,"DLTBNB":0.4047887822,"ETCETH":0.4018061453,"NANOBTC":0.4000013368,"PPTBTC":0.397990967,"KMDBTC":0.3896921163,"VETUSDT":0.3816834177,"XLMUSDC":0.3815208457,"TRXETH":0.3743980179,"GVTBTC":0.3589805551,"AIONBTC":0.3332705717,"XLMTUSD":0.3114492357,"NEOUSDT":0.3033495476,"ZRXBTC":0.3021193031,"SKYBTC":0.2853127585,"ONTETH":0.2665829792,"USDCPAX":0.2611835673,"ADABNB":0.2583794688,"ETCBTC":0.2555067951,"NASBTC":0.2477810621,"WAVESETH":0.2440274908,"LSKBTC":0.2322509465,"WANBTC":0.2274109055,"MTLBTC":0.2255102207,"BNBETH":0.2193013509,"POLYBTC":0.2173953501,"ARKBTC":0.2170169083,"XLMETH":0.2139666851,"ETCUSDT":0.2118989282,"XMRBTC":0.2093636952,"DCRBTC":0.2024472742,"ONTUSDT":0.1980819966,"MCOBTC":0.1858389005,"OMGBTC":0.161593332,"ZILETH":0.1580016202,"BNBUSDC":0.1487762485,"WAVESBTC":0.1471678906,"BCHABCUSDT":0.1345088129,"OMGETH":0.1290946836,"XRPUSDT":0.129054103,"VETETH":0.1279595399,"BCHSVUSDT":0.1212219086,"TRXUSDT":0.1209532993,"ONTBTC":0.119330009,"XLMUSDT":0.1088841433,"USDCTUSD":0.0918641516,"LTCUSDT":0.0896058859,"XMRETH":0.0787677634,"PAXUSDT":0.0639715209,"IOTABTC":0.0635729585,"BATBTC":0.0504708306,"ETHPAX":0.0486836338,"KNCBTC":0.0460233035,"ETHUSDT":0.04355611,"BTCPAX":0.0353353016,"LTCBTC":0.0352549558,"LTCETH":0.0347970115,"XRPUSDC":0.0226846934,"XLMPAX":0.0125532487,"BCHSVBTC":0.0055973217,"SNTETH":-0.0098618116,"TUSDUSDT":-0.024023387,"TUSDETH":-0.035011484,"PAXTUSD":-0.038515003,"ETHUSDC":-0.0521621956,"ADAETH":-0.0571408046,"XRPETH":-0.0698379413,"EOSUSDC":-0.0989403012,"TRXBNB":-0.1068915178,"ETHBTC":-0.1129284322,"QTUMBTC":-0.1189469236,"TUSDBNB":-0.1208991367,"IOTAETH":-0.1306512638,"IOTAUSDT":-0.1307836694,"ADATUSD":-0.1314688572,"TUSDBTC":-0.1323044812,"XRPBNB":-0.1323837264,"QTUMUSDT":-0.1340034092,"ICXBTC":-0.1353064339,"BCHABCBTC":-0.1543797758,"LTCBNB":-0.1785267665,"XRPBTC":-0.1804783239,"EOSBTC":-0.1845415081,"EOSETH":-0.1871301045,"BTCUSDT":-0.2159948282,"ICXUSDT":-0.2257303148,"TRXTUSD":-0.2355837971,"DASHBTC":-0.2412391003,"XRPTUSD":-0.2473686196,"ADAUSDT":-0.2496480308,"ZECBTC":-0.2515006568,"EOSPAX":-0.2558579771,"EOSUSDT":-0.2831932133,"BTCUSDC":-0.3036766822,"XRPPAX":-0.3067107765,"USDCUSDT":-0.3807234601,"BTGBTC":-0.4689746388,"ENGBTC":-0.6512725368},"startDate":"2019-01-15","endDate":"2019-01-22","numDays":7,"excludedPairs":["VENETH","MANABTC","KEYBTC","VETBNB","ZENETH","REPBNB","SNGLSBTC","XLMBNB","RPXBNB","APPCBTC","XEMBTC","TRIGBNB","YOYOETH","MITHBTC","WANBNB","PAXBTC","LENDETH","DASHETH","HSRBTC","BRDBNB","ZRXETH","NAVBNB","IOSTBTC","NEBLETH","WAVESPAX","RDNBNB","ARDRBTC","VIBBTC","NCASHBNB","VETBTC","POAETH","MCOBNB","OSTBTC","IOSTETH","RPXETH","CLOAKETH","QSPBNB","WAVESTUSD","GTOBNB","QLCBTC","IOTABNB","ADXBNB","NEBLBNB","USDCBTC","ZENBNB","LUNETH","WPRBTC","EDOETH","MFTBNB","CHATETH","CVCETH","WAVESUSDT","HSRETH","POEBTC","RCNETH","DENTBTC","GNTETH","TRXBTC","SYSETH","APPCBNB","NPXSBTC","WABIBNB","GVTETH","WPRETH","SKYETH","NAVETH","KEYETH","ICXBNB","ENJBNB","POLYBNB","KNCETH","GOBNB","ARKETH","BCDETH","WTCBNB","SCBTC","BNTETH","MFTBTC","WAVESBNB","MTHETH","STEEMBNB","ZILBNB","VIAETH","RLCBNB","LINKPAX","FUNBTC","SNMBTC","SNTBTC","QSPETH","INSETH","XZCXRP","DENTETH","BCCBTC","PIVXBNB","DCRBNB","LINKUSDC","PHXBNB","MTHBTC","AGIBTC","RPXBTC","BCNBNB","ENJBTC","PHXETH","QLCETH","FUNETH","CHATBTC","NEBLBTC","WAVESUSDC","STORMBTC","BNTBTC","PPTETH","LOOMBTC","LOOMBNB","NASETH","ICNBTC","RVNBTC","QTUMBNB","CNDETH","PAXETH","MDAETH","AEBNB","ARDRBNB","GXSETH","MANAETH","XEMETH","BCPTBNB","THETABNB","APPCETH","ELFETH","YOYOBTC","OSTETH","STORMETH","WTCETH","ADXETH","RLCETH","USDCBNB","FUELETH","CVCBTC","NCASHBTC","BRDETH","ARDRETH","VENBTC","BTGETH","AMBBNB","BCNETH","SYSBNB","SKYBNB","AGIBNB","VENBNB","WANETH","XEMBNB","RVNBNB","CNDBNB","OSTBNB","NULSETH","ICNETH","KMDETH","LINKUSDT","TNBETH","IOTXETH","XZCBNB","BTSBTC","XLMBTC","CDTBTC","CDTETH","SUBBTC","VIABNB","BTSETH","POEETH","GRSETH","LOOMETH","SCETH","XVGETH","EDOBTC","BTSBNB","LENDBTC","HOTETH","MODETH","CNDBTC","STORMBNB","SALTETH","ETCBNB","BCCBNB","NCASHETH","NXSBNB","VIBETH","STORJETH","AMBETH","SCBNB","POABNB","TRIGETH","XVGBTC","ASTETH","DATABTC","ONTBNB","REQBTC","BCCETH","SNGLSETH","NPXSETH","VENUSDT","LSKETH","THETAETH","LINKTUSD","MCOETH","AGIETH","NANOETH","STEEMETH","HOTBTC","CMTBNB","RENBNB","XZCETH","NULSBNB","GNTBTC","PIVXETH","SNMETH","BCNBTC","DOCKBTC","PAXBNB","MFTETH","BCCUSDT","POWRBNB","ADABTC","FUELBTC","DGDBTC","GRSBTC","RCNBTC","DATAETH","MTLETH","YOYOBNB","NANOBNB","WABIETH","RENBTC","RCNBNB","TNTBTC","AIONBNB","BATBNB","TRIGBTC","AIONETH","BLZBNB","GNTBNB","NASBNB","DGDETH","ZILBTC","GOBTC","REQETH","DNTETH","BLZETH","CVCBNB","TNBBTC","EOSTUSD","ENJETH","QLCBNB","MITHBNB","BATETH","THETABTC","QSPBTC","DNTBTC","LSKBNB","NXSETH","NEOBNB","SUBETH","SYSBTC","QTUMETH","PHXBTC","ENGETH","ICXETH","IOTXBTC","RDNETH","ZECETH"]}