{"data":{"LRCETH":0.913729331,"BCPTETH":0.8997685473,"BCPTUSDC":0.8990896773,"NAVBTC":0.8963272495,"COSUSDT":0.8872858624,"ANKRUSDT":0.8868727549,"ERDBNB":0.8827030327,"COSBNB":0.8812086381,"EDOBTC":0.8754382525,"CELRUSDT":0.8648229181,"ERDUSDT":0.850246883,"DUSKBTC":0.8397531005,"KMDBTC":0.8387647986,"NXSBTC":0.8328186812,"DUSKUSDC":0.8223598659,"WINBNB":0.8178010008,"EVXBTC":0.8102848233,"LUNBTC":0.8082998696,"WINUSDT":0.7961765325,"DUSKUSDT":0.783742918,"THETABTC":0.7803295065,"FETUSDT":0.7563517174,"RENBNB":0.7521722043,"IOSTUSDT":0.736270635,"DGDBTC":0.7274872941,"ICXBNB":0.7203756487,"DUSKBNB":0.7126316515,"NULSUSDT":0.7014213109,"ONEUSDT":0.6892565504,"XZCBTC":0.6881104877,"BTGBTC":0.6818318471,"THETAUSDT":0.6791623649,"VIABTC":0.6782606016,"IOSTETH":0.6777751353,"THETAETH":0.6733798504,"MATICUSDT":0.6642476869,"BNBUSDT":0.6626931643,"MATICBNB":0.6559349917,"BTTBNB":0.6542727461,"ZECUSDT":0.6524492208,"ENJUSDT":0.6485615065,"RVNBNB":0.6329887253,"BTTUSDT":0.6288583728,"FTMUSDT":0.6183952372,"ZILETH":0.6129248002,"ZECBNB":0.6076811492,"BCDBTC":0.5830660044,"ZILUSDT":0.5597312902,"HCBTC":0.5595879905,"TFUELUSDT":0.5578704819,"XMRBNB":0.5578034578,"DCRBTC":0.5534172756,"WINUSDC":0.551750768,"ENJBTC":0.5380683749,"BNBBTC":0.5362959697,"ICXETH":0.5342459396,"WTCBTC":0.5294559194,"ZECBTC":0.5245816617,"ETCETH":0.5237066927,"ENGBTC":0.5194947251,"EOSBNB":0.5183659522,"BCHABCBTC":0.5118006403,"BCHABCPAX":0.510299251,"RDNBTC":0.5082131793,"NEBLBTC":0.5057414763,"ENJBNB":0.5034496151,"ICXBTC":0.4940882338,"ZECETH":0.4937871756,"MITHUSDT":0.4827675377,"PIVXBTC":0.4696536327,"LINKBTC":0.4653408749,"WANBTC":0.4642433852,"FTMBNB":0.461563718,"XMRBTC":0.459779496,"ZILBNB":0.4425031762,"XMRETH":0.4253377606,"TRXBNB":0.4199324663,"LINKUSDT":0.4074127628,"ETCBTC":0.4063672257,"HOTUSDT":0.4005768676,"XLMBNB":0.395703386,"NEOBNB":0.3941872051,"STEEMBTC":0.3829486104,"LTCTUSD":0.3799702744,"GTOUSDT":0.3798080059,"ATOMBNB":0.3705516442,"ENJETH":0.3697249221,"BCHABCUSDT":0.3663236333,"LTCBNB":0.3346645862,"PPTBTC":0.330593734,"BNBETH":0.322783602,"NANOUSDT":0.3132691389,"ONTBTC":0.307597656,"ZENBTC":0.2932735615,"VETBNB":0.2881207589,"ETCUSDT":0.2627131774,"NEOETH":0.2324692085,"BTCUSDT":0.2213398063,"TRXUSDT":0.2136351942,"DOGEUSDT":0.2068038671,"HOTBNB":0.1974476319,"ELFETH":0.170209829,"MTLBTC":0.1596503472,"LINKTUSD":0.159272906,"VETUSDT":0.1534551038,"USDCTUSD":0.1517126729,"NULSBTC":0.1491493089,"ZRXUSDT":0.1414743163,"BTCPAX":0.1365006226,"NEOBTC":0.130683486,"XMRUSDT":0.1166800242,"ATOMUSDT":0.110266315,"ONEBNB":0.1092986157,"LINKUSDC":0.1083304154,"ONTETH":0.1012821002,"CELRBNB":0.0886808098,"NANOETH":0.0865976618,"BATBNB":0.0837247238,"BNBUSDC":0.0772450081,"GASBTC":0.0722653626,"BCHABCUSDC":0.0705536011,"WAVESETH":0.0693995549,"NANOBTC":0.065837465,"PAXTUSD":0.0652989306,"DASHETH":0.0641284569,"USDCPAX":0.062683942,"ETHBTC":0.0526718182,"USDCUSDT":0.0460589889,"ATOMBTC":0.044725191,"ALGOUSDC":0.0383087617,"WAVESUSDT":0.0221859613,"ETHUSDT":0.0133934871,"QTUMUSDT":0.0078582246,"ONTUSDT":0.0069202585,"LTCUSDT":0.0068138093,"MCOBTC":0.0031401523,"QTUMBTC":0.0024284338,"LINKPAX":0.0022533425,"BNBTUSD":-0.0114580961,"BNBPAX":-0.01274164,"ANKRBNB":-0.0246418613,"WAVESBTC":-0.0416719722,"LTCPAX":-0.045608485,"BATETH":-0.0587871161,"ICXUSDT":-0.0614381811,"ZRXETH":-0.0672089034,"BATUSDT":-0.0708825469,"TUSDUSDT":-0.073404147,"ALGOUSDT":-0.0789487245,"ALGOBTC":-0.0970140948,"NEOUSDT":-0.0991643354,"IOTAETH":-0.104150654,"XLMETH":-0.1068104153,"VETETH":-0.1243374141,"XRPBNB":-0.1263918809,"ADAUSDT":-0.1324400247,"SKYBTC":-0.1342220857,"BRDBTC":-0.1452868347,"RLCBTC":-0.1511151863,"LINKETH":-0.1542073359,"ETHPAX":-0.15757794,"ALGOBNB":-0.1766106285,"DASHBTC":-0.1796248188,"ANKRUSDC":-0.1843416445,"TRXETH":-0.1848626397,"GRSBTC":-0.1900826904,"DASHUSDT":-0.1953650277,"ADABNB":-0.2082462786,"ARKBTC":-0.2146180544,"STRATBTC":-0.2159392755,"GVTBTC":-0.2163223108,"XLMUSDT":-0.219970869,"ARNBTC":-0.2293029242,"TRXUSDC":-0.2442431196,"AEBTC":-0.2472567012,"BTCUSDS":-0.250724185,"BTCUSDC":-0.2848406796,"PAXUSDT":-0.2911962072,"USDSUSDT":-0.3009949309,"LSKBTC":-0.3019706162,"ANKRPAX":-0.3098038889,"MDABTC":-0.3216390807,"ETHTUSD":-0.3673618639,"IOTAUSDT":-0.4046578159,"TRXXRP":-0.41316431,"OMGETH":-0.4347746224,"ADAUSDC":-0.4416471438,"ADATUSD":-0.4544754342,"BCHABCTUSD":-0.4549025266,"LTCUSDC":-0.4595186344,"BTCTUSD":-0.4925449144,"IOTABTC":-0.5034691347,"OMGBTC":-0.5097321291,"LTCBTC":-0.5200592634,"LTCETH":-0.5256880378,"NASBTC":-0.5547996143,"BRDBNB":-0.573649444,"REPBTC":-0.5770015122,"EOSPAX":-0.5959898228,"OMGUSDT":-0.6764371329,"ADAETH":-0.6821347399,"XRPUSDT":-0.6881960078,"GXSBTC":-0.6972544978,"XRPTUSD":-0.7104967187,"XRPBTC":-0.7158449381,"EOSBTC":-0.7307536263,"EOSETH":-0.7313238373,"ETHUSDC":-0.7570047137,"XRPUSDC":-0.7636486013,"XRPPAX":-0.7663777251,"XRPETH":-0.7961463272,"EOSUSDT":-0.8167786341,"EOSUSDC":-0.8968413699},"startDate":"2019-08-08","endDate":"2019-08-15","numDays":7,