{"data":{"EDOBTC":0.9566483441,"BRDBTC":0.952070152,"BTTUSDT":0.9456814336,"PPTBTC":0.943664594,"POLYBTC":0.9426456628,"RVNBNB":0.929273658,"RVNBTC":0.9183794075,"MDABTC":0.9130648385,"ASTBTC":0.9123310153,"BLZBTC":0.9076297967,"MANABTC":0.8955155238,"GVTBTC":0.8953884459,"FUELETH":0.8950819497,"MANAETH":0.8875194692,"APPCBTC":0.8593705656,"LUNBTC":0.8584574739,"APPCETH":0.8504651846,"MDAETH":0.832507904,"MCOBTC":0.8292578569,"OAXBTC":0.8288317184,"DGDBTC":0.8280730414,"LINKUSDT":0.8207120853,"PIVXBTC":0.8201282394,"BCHSVUSDT":0.8148176781,"LINKBTC":0.8125463692,"ZRXBTC":0.8078513759,"DLTBTC":0.7991279323,"KNCBTC":0.7849017452,"VIABTC":0.7818124778,"ONTBTC":0.779885437,"BTTBNB":0.7761230618,"KNCETH":0.7677376026,"XRPUSDT":0.7645437739,"XRPUSDC":0.7559636265,"BQXBTC":0.7530075686,"BCPTBTC":0.7520783582,"ARKBTC":0.7472945172,"ZRXETH":0.7425133952,"XRPPAX":0.7423400244,"XRPBTC":0.7383171236,"EVXBTC":0.7336701389,"RDNBTC":0.7318907756,"ONTBNB":0.7258590724,"ONTETH":0.7246529743,"SKYBTC":0.718907484,"BCHSVBTC":0.717451113,"ONTUSDT":0.7082152224,"POWRBTC":0.7063648798,"XLMUSDC":0.7044927816,"XLMTUSD":0.7003944911,"LOOMETH":0.6816861428,"XRPTUSD":0.6718415503,"AIONBTC":0.6705703081,"BCHSVTUSD":0.6263048586,"HOTBNB":0.6192003943,"LTCBNB":0.605604784,"XLMUSDT":0.5977778671,"LOOMBNB":0.5932605864,"BCHABCUSDT":0.5911969176,"STORJBTC":0.5888412606,"OMGETH":0.5866502395,"GXSBTC":0.5709154395,"XRPETH":0.53516259,"XRPBNB":0.531925013,"BCHABCBTC":0.5298761273,"NEBLBTC":0.5255935944,"NEOUSDT":0.5211398818,"LOOMBTC":0.506149287,"NEOBTC":0.4952544338,"BNBUSDC":0.4876133073,"BATBNB":0.4848262399,"ETHUSDT":0.4821967071,"LTCUSDT":0.4679368682,"ETHBTC":0.4672177609,"OMGBTC":0.4589335231,"WTCBTC":0.4577530782,"INSETH":0.455468922,"RCNETH":0.449874341,"NASBTC":0.4432853119,"AEBTC":0.4392797018,"EOSBNB":0.4302516287,"XLMETH":0.4202817674,"ONGBTC":0.4127761218,"XLMBNB":0.4096022484,"ARNBTC":0.4088390128,"KMDBTC":0.4078963542,"NEOETH":0.4058295799,"LTCBTC":0.3994235957,"QTUMUSDT":0.3935294612,"ETHPAX":0.3920770216,"AEETH":0.3899362463,"XLMPAX":0.3834709611,"ENJBNB":0.3784404954,"GASBTC":0.3781909733,"NANOBTC":0.3516370885,"ENJBTC":0.3402256237,"INSBTC":0.3387943222,"QTUMBTC":0.33458416,"ICXUSDT":0.3333563137,"BCHABCTUSD":0.3291951539,"ELFETH":0.329032574,"ONGUSDT":0.3215800304,"USDCPAX":0.3166560107,"LTCETH":0.3146105487,"NULSBTC":0.3109981048,"ELFBTC":0.3054662818,"BATBTC":0.3023300779,"ETHUSDC":0.2955943977,"ZENBTC":0.2923445154,"TRXBNB":0.2833576423,"USDSUSDC":0.2784489045,"ADXBTC":0.2772262849,"ENJETH":0.2759023526,"EOSPAX":0.2741155638,"ENGBTC":0.2699307291,"VETUSDT":0.2673572133,"WABIBTC":0.2632311775,"BATETH":0.2605319034,"ZECBTC":0.2579063733,"PAXUSDT":0.2551957711,"REPBTC":0.2405550556,"TRXXRP":0.238566222,"ARNETH":0.2146043037,"ADABNB":0.2145317256,"HOTUSDT":0.2063570533,"USDCUSDT":0.2021220161,"IOTABTC":0.2019191932,"TUSDBNB":0.1964311043,"CVCBTC":0.191067683,"BTGBTC":0.1843906244,"ZILUSDT":0.1660904885,"STRATBTC":0.1649800755,"ICXBNB":0.1634712744,"PAXTUSD":0.1504672201,"ICXETH":0.1458035715,"WAVESBTC":0.1424050725,"TUSDUSDT":0.1375439241,"STEEMBTC":0.1281489651,"HCBTC":0.1279227685,"ADAUSDT":0.1260540769,"LTCUSDC":0.1259362727,"EOSUSDC":0.089111562,"XZCBTC":0.0854938905,"BNBUSDT":0.0795405515,"WAVESUSDT":0.0701318907,"USDCTUSD":0.0646764762,"ICXBTC":0.0586673303,"TRXETH":0.0364918987,"NEOBNB":0.0321437461,"ZILETH":0.0315338729,"TRXUSDT":0.0312117154,"TUSDETH":-0.0461320482,"EOSTUSD":-0.049051324,"EOSBTC":-0.0820422581,"BTCPAX":-0.0886953316,"LSKBTC":-0.0892004977,"IOTAUSDT":-0.1028972199,"NEOTUSD":-0.111888697,"TUSDBTC":-0.1142718326,"USDSPAX":-0.1160900927,"ETCUSDT":-0.1173383492,"EOSUSDT":-0.1249245989,"BNBBTC":-0.1317277354,"BCDBTC":-0.1378112813,"WANBTC":-0.1672492568,"EOSETH":-0.1770787,"BNBETH":-0.2066705112,"MTLBTC":-0.2079341165,"BTCUSDT":-0.2565683318,"ADAETH":-0.2689560301,"THETAETH":-0.2929344301,"GRSBTC":-0.325202658,"RLCBTC":-0.3751931325,"ETCBTC":-0.3850520762,"LTCTUSD":-0.3918591803,"THETABNB":-0.3952283979,"XMRBTC":-0.4096761472,"THETABTC":-0.4134554181,"TRXTUSD":-0.4163952395,"BTCUSDC":-0.5111055728,"DCRBTC":-0.5406135728,"DASHBTC":-0.5529472943,"BNBPAX":-0.5682429877,"BTCUSDS":-0.7429101093},"startDate":"2019-02-26","endDate":"2019-03-05","numDays":7,"excludedPairs":["PPTETH","TRXPAX","TRIGBNB","POABNB","SYSETH","HSRBTC","ADXETH","AGIETH","BTTTUSD","GTOBTC","BTTPAX","ICNBTC","AMBBTC","CDTBTC","ASTETH","YOYOBTC","HOTBTC","GTOETH","CMTBTC","QLCBTC","POWRETH","DNTETH","FUNETH","DCRBNB","FUNBTC","DASHETH","USDCBTC","SKYETH","EDOETH","MFTBTC","NULSBNB","USDCBNB","NAVBTC","PIVXETH","CVCETH","VIABNB","XZCBNB","EVXETH","LINKPAX","WINGSBTC","XZCETH","SNGLSBTC","LINKTUSD","DGDETH","ZRXUSDT","IOTAETH","AMBBNB","ENGETH","TNBETH","ZRXBNB","GVTETH","VENETH","STORJETH","VENUSDT","BTSETH","NPXSETH","PAXBNB","MTLETH","SALTBTC","BCCUSDT","YOYOBNB","RCNBTC","BLZETH","RCNBNB","DATAETH","MODBTC","VIBEBTC","BCHABCPAX","FUELBTC","BCCBNB","NAVETH","HCETH","BTGETH","MITHBNB","AEBNB","NXSBNB","KMDETH","NASETH","WAVESPAX","DLTETH","CNDBNB","USDSTUSD","QLCBNB","NXSETH","NCASHETH","REQBTC","NCASHBTC","BCHSVPAX","STORMETH","SNGLSETH","NASBNB","YOYOETH","NULSUSDT","TNTETH","XEMETH","MITHBTC","XZCXRP","CNDETH","ADATUSD","RPXETH","MFTBNB","NANOETH","WAVESUSDC","BCNBTC","SNTETH","GNTBNB","GNTETH","PHXBNB","PIVXBNB","WPRETH","BNTETH","ZENETH","NEBLBNB","BNTBTC","LENDBTC","BTTUSDC","GXSETH","WINGSETH","LRCBTC","WTCBNB","SYSBNB","IOSTETH","CLOAKETH","GOBTC","RDNBNB","NANOBNB","OAXETH","NCASHBNB","CDTETH","GTOBNB","VIBBTC","ZENBNB","VENBNB","NAVBNB","SALTETH","QSPBNB","SCBTC","MFTETH","BTTBTC","RLCETH","STORMBNB","REPBNB","TRXBTC","VIBETH","SCBNB","TRXUSDC","DENTBTC","ONGBNB","QTUMETH","BRDBNB","MTHBTC","LUNETH","AGIBNB","ADABTC","AMBETH","XLMBTC","BCPTBNB","TNTBTC","STEEMBNB","PHXETH","NEBLETH","POEETH","RLCBNB","XMRETH","LINKETH","RDNETH","HOTETH","QSPBTC","IOTXETH","DLTBNB","ZILBNB","WAVESBNB","MCOETH","OSTBTC","BATUSDT","NULSETH","LTCPAX","NPXSBTC","BNBUSDS","VENBTC","GOBNB","BCNETH","OSTETH","GRSETH","PAXETH","POWRBNB","QTUMBNB","CHATBTC","SNTBTC","WPRBTC","WABIBNB","QKCBTC","BTSBTC","GNTBTC","ADXBNB","FETBTC","LRCETH","DOCKBTC","AGIBTC","BCNBNB","STRATETH","MTHETH","WABIETH","RPXBTC","BCHABCUSDC","STEEMETH","ZILBTC","BTSBNB","BLZBNB","AIONETH","MCOBNB","BCDETH","SNMETH","APPCBNB","WANBNB","ETCETH","POLYBNB","CLOAKBTC","CMTBNB","OSTBNB","POAETH","PAXBTC","TNBBTC","WAVESETH","BCCBTC","ARKETH","XVGETH","XEMBTC","DOCKETH","PHXBTC","XEMBNB","NXSBTC","XVGBTC","TRIGETH","REQETH","CVCBNB","USDSUSDT","SCETH","MODETH","WANETH","VIBEETH","ARDRBTC","ZECETH","QSPETH","LENDETH","REPETH","HSRETH","IOTABNB","LINKUSDC","DNTBTC","ICNETH","VIAETH","IOTXBTC","SKYBNB","SUBETH","ARDRBNB","TRIGBTC","QKCETH","CHATETH","WAVESTUSD","FETBNB","BRDETH","RENBTC","ARDRETH","POEBTC","RPXBNB","SNMBTC","BQXETH","DATABTC","FETUSDT","LSKBNB","VETBNB","BCCETH","LSKETH","RENBNB","SYSBTC","CMTETH","WTCETH","ETCBNB","VETBTC","DENTETH","QLCETH","CNDBTC","SUBBTC","BCHSVUSDC","BCPTETH","KEYBTC","STORMBTC","VETETH","IOSTBTC","KEYETH","AIONBNB","POABTC"]}