{"data":{"KMDBTC":0.9404167038,"FETBNB":0.9030794721,"AGIETH":0.8892736478,"DGDBTC":0.8831954981,"MCOETH":0.8796568557,"GXSBTC":0.8709038771,"MCOBTC":0.8647941274,"EVXBTC":0.8347424793,"VIABTC":0.8164472678,"WABIBTC":0.8086359393,"NANOUSDT":0.8078935081,"FETBTC":0.7898197803,"LUNBTC":0.7845784656,"GRSBTC":0.7546791049,"ZENBTC":0.7517661671,"NXSBTC":0.739966859,"USDCPAX":0.7293291287,"WANBTC":0.7253026976,"NANOBNB":0.7202879704,"ADXBTC":0.7083725204,"ARNBTC":0.6882985079,"BATUSDT":0.6837608008,"ALGOBTC":0.6803420864,"BATBTC":0.6662163015,"FETUSDT":0.6576545502,"ONGUSDT":0.6411697573,"WANETH":0.62948656,"ARKBTC":0.6085146631,"NANOETH":0.6064817179,"LSKBTC":0.6006046869,"STEEMBTC":0.5916778711,"STORJBTC":0.5905434095,"NANOBTC":0.5851566374,"WTCETH":0.5797340055,"BATBNB":0.5772169913,"BATETH":0.5743603503,"BNBUSDT":0.5426145638,"ONGBTC":0.525540099,"WTCBTC":0.5210667044,"ALGOUSDT":0.5143396033,"FTMUSDT":0.4927262431,"MTLBTC":0.4920693181,"STRATBTC":0.4856759871,"ALGOBNB":0.4697858108,"RENBTC":0.466513519,"LRCETH":0.4628990341,"EOSBTC":0.4577201883,"RDNBTC":0.4536891666,"ICXBTC":0.444964018,"RVNBNB":0.4448694226,"NULSBTC":0.4365799555,"AEBTC":0.4262288314,"RLCBTC":0.4242892293,"BCHABCBTC":0.4234858554,"AIONBTC":0.4134123814,"ICXUSDT":0.405876081,"TUSDUSDT":0.3954301987,"MDABTC":0.3926869946,"TFUELUSDT":0.3909768649,"BCHABCTUSD":0.3853848647,"ONTBTC":0.3837669025,"FTMBNB":0.3727802619,"PAXUSDT":0.3688697111,"MITHUSDT":0.3656597047,"PIVXBTC":0.363807141,"BRDBNB":0.3602738853,"ADABNB":0.357465564,"VETBNB":0.3490535283,"XZCBTC":0.3463812877,"ADAUSDT":0.3330265204,"BNBBTC":0.3297863694,"ADAUSDC":0.3168395542,"THETAUSDT":0.3166737932,"SKYBNB":0.3119773789,"THETABTC":0.3059121,"PPTBTC":0.2956808567,"ADAETH":0.2947907513,"USDCUSDT":0.2804955512,"NULSUSDT":0.2696508834,"HCBTC":0.2678069428,"XLMETH":0.265648273,"XRPBNB":0.2563652975,"THETAETH":0.2531044636,"XLMBNB":0.2480775955,"BNBETH":0.2371759735,"KNCETH":0.233550966,"RENBNB":0.2274406711,"VETUSDT":0.2243867838,"EOSUSDC":0.2190080739,"XLMUSDT":0.2177738264,"GASBTC":0.2118284648,"KNCBTC":0.2104478508,"PAXTUSD":0.206553892,"ETCETH":0.2046783943,"LINKBTC":0.1961622663,"ATOMBTC":0.1867261875,"ADATUSD":0.1851656401,"OMGETH":0.1774127475,"IOTAUSDT":0.1725433053,"MATICBNB":0.1705770171,"LTCBNB":0.1688720097,"EOSTUSD":0.1676262932,"ICXETH":0.1670177289,"OMGBTC":0.1662635758,"ENJUSDT":0.1651575665,"XMRBTC":0.1651095172,"NASBTC":0.1649709514,"XMRETH":0.1570827523,"XMRBNB":0.1495841953,"IOTABNB":0.140966756,"GVTBTC":0.1405721134,"DCRBTC":0.1404849382,"ETCBTC":0.1393248031,"EOSBNB":0.1337155577,"DASHBTC":0.1241639854,"VETETH":0.1072516299,"ZRXUSDT":0.0993096968,"BCHABCUSDT":0.0962676525,"BTTUSDC":0.0949410649,"LTCUSDC":0.0767525457,"ETCUSDT":0.075550053,"XRPUSDC":0.0745114504,"ENGBTC":0.0725280863,"ENJETH":0.0723544295,"IOTABTC":0.0695372048,"ONTUSDT":0.0681972646,"BCDBTC":0.054476682,"HOTBNB":0.0544722299,"CELRBNB":0.0540391145,"INSBTC":0.0524899333,"EOSUSDT":0.0312697306,"EOSETH":0.0301340772,"IOSTUSDT":0.0246815989,"QTUMBTC":0.0241923572,"BCHABCPAX":0.0229196972,"ZECBTC":0.0197225004,"XRPETH":0.0100464649,"LTCBTC":-0.0002389582,"ZILUSDT":-0.0015361111,"NEOBNB":-0.0076739556,"BCHABCUSDC":-0.0082358235,"WAVESBTC":-0.008735855,"ZILETH":-0.0107957184,"BTCUSDC":-0.0173054989,"ZECETH":-0.0202012187,"ETHUSDC":-0.0267552227,"REPBTC":-0.0307539176,"ERDUSDT":-0.032294993,"DASHUSDT":-0.032498247,"ONEUSDT":-0.0368330275,"WAVESETH":-0.0466484049,"DASHETH":-0.0474568083,"BNBTUSD":-0.0494274083,"BTCUSDT":-0.0570009829,"IOSTETH":-0.057260951,"ONEBNB":-0.0579883067,"MATICUSDT":-0.0664977139,"LINKUSDC":-0.0774325666,"ETHBTC":-0.0795744826,"BNBPAX":-0.0844526483,"ERDBNB":-0.0873893544,"IOTAETH":-0.0920815386,"ATOMUSDT":-0.0963302616,"XRPUSDT":-0.0967126258,"NEBLBTC":-0.1037479304,"ETHTUSD":-0.1090077125,"LINKUSDT":-0.1107218011,"LINKETH":-0.1377796896,"BTTBNB":-0.148630286,"TRXUSDC":-0.1563598561,"BNBUSDC":-0.156889469,"TRXTUSD":-0.1585060626,"SKYBTC":-0.1630429083,"LTCUSDT":-0.1630497709,"NEOBTC":-0.1804557927,"WAVESUSDT":-0.1860156823,"XRPTUSD":-0.1925424474,"QTUMUSDT":-0.194959962,"DOGEUSDT":-0.1985967985,"ZECUSDT":-0.1995077235,"BTCTUSD":-0.2072244451,"ETHUSDT":-0.224029342,"LTCETH":-0.240071149,"ETHPAX":-0.2694811627,"NEOETH":-0.2784203178,"BTCPAX":-0.2987483033,"LTCTUSD":-0.3023798133,"NEOUSDT":-0.3212858158,"LINKTUSD":-0.3214245357,"XMRUSDT":-0.3273629927,"CELRUSDT":-0.3491872188,"BTCUSDS":-0.3549611393,"HOTUSDT":-0.3678223539,"USDCTUSD":-0.3737332622,"LTCPAX":-0.3852030412,"BTTUSDT":-0.3937896021,"TRXXRP":-0.4043666732,"OMGUSDT":-0.4914441649,"BTGBTC":-0.5085360203,"XRPPAX":-0.5230921495,"TRXETH":-0.5330822634,"EOSPAX":-0.5376125672,"TRXBNB":-0.5408858776,"TRXUSDT":-0.5504295405,"TRXPAX":-0.757410501},"startDate":"2019-07-21","endDate":"2019-07-28","numDays":7,