{"data":{"RLCBTC":0.9907971592,"VIABTC":0.964268006,"MCOBTC":0.9574871034,"QTUMUSDT":0.954187166,"BRDBTC":0.9505339978,"HCBTC":0.9406850246,"OMGBTC":0.9402153903,"OAXBTC":0.9374271526,"VIAETH":0.9370052655,"XZCBTC":0.934081075,"XEMBTC":0.9319565202,"NAVBTC":0.9274744236,"QTUMBTC":0.9247351698,"ENGBTC":0.9162498855,"LOOMBTC":0.9156703573,"GTOBTC":0.9146359498,"LSKBTC":0.9145015372,"BLZBTC":0.9099290255,"KMDBTC":0.9069279254,"ONGBTC":0.9030780668,"EVXBTC":0.9016054489,"STORJBTC":0.8974269639,"ARNBTC":0.889478677,"ARKBTC":0.8889592818,"DCRBTC":0.8867769743,"ONGUSDT":0.8839598031,"OMGETH":0.8839164666,"NEBLBTC":0.8790041103,"KMDETH":0.873868859,"GRSETH":0.8714596441,"VETUSDT":0.8599037916,"BNTBTC":0.8578129828,"ZENBTC":0.8523357567,"EDOBTC":0.8518718103,"NASBTC":0.8516290015,"VETETH":0.8488510714,"GRSBTC":0.84501608,"NXSBTC":0.8412092263,"LOOMETH":0.8391275299,"XZCXRP":0.834270482,"APPCBTC":0.8333115415,"NANOBTC":0.8324816574,"BTTUSDT":0.8324746752,"KNCBTC":0.8299383799,"ARNETH":0.8199277982,"GNTBTC":0.8068692727,"BTTBNB":0.8064724843,"PPTBTC":0.8024715903,"DLTBTC":0.8008805873,"DASHBTC":0.7944562169,"AEBTC":0.7851017503,"GVTBTC":0.7812813561,"RVNBTC":0.778438708,"GASBTC":0.7758587697,"REPBTC":0.7738222595,"POWRBTC":0.7657292882,"NULSBTC":0.7554195483,"RDNBTC":0.7476595205,"CVCBTC":0.7331434648,"ONGBNB":0.7272338371,"THETABTC":0.7244279582,"MITHBTC":0.7239298704,"ADABTC":0.7237631698,"PIVXBTC":0.7223662377,"THETAETH":0.7217051022,"WABIBTC":0.7188248873,"INSBTC":0.7178705802,"LUNBTC":0.7115512783,"NULSUSDT":0.694655825,"XLMBTC":0.693860615,"ADXBTC":0.690489087,"DGDBTC":0.6894397291,"BCDBTC":0.6886026148,"BTGBTC":0.6812195959,"CMTBTC":0.6660946928,"ONTBTC":0.6616861711,"ADAUSDT":0.6590973384,"XLMBNB":0.648622823,"AMBBTC":0.648053336,"KNCETH":0.6480463738,"MDABTC":0.6436309175,"XRPUSDT":0.6386806746,"ONTETH":0.6289824559,"MDAETH":0.6274254637,"BNTETH":0.6270831709,"BCHABCUSDT":0.6208751305,"THETABNB":0.6124860065,"BATBTC":0.6026110536,"XLMUSDT":0.5850207339,"RVNBNB":0.575812182,"XLMTUSD":0.5686563328,"ADABNB":0.5656745762,"WAVESUSDT":0.5628529564,"ENJBTC":0.5593499719,"XLMETH":0.5569477473,"ADAETH":0.554721597,"BQXBTC":0.5545647894,"XMRBTC":0.5538119948,"BCHABCBTC":0.5525448919,"LINKBTC":0.5410114606,"LRCBTC":0.5371499404,"LINKETH":0.5352363504,"ARDRBTC":0.5257078305,"NEOUSDT":0.5060200317,"STRATBTC":0.5053792587,"ZRXBTC":0.5026881313,"WANBTC":0.4828409755,"ONTUSDT":0.4816906823,"BATETH":0.4801489385,"WAVESBTC":0.4789610528,"ZECBTC":0.4787045425,"IOTABTC":0.4743923277,"XLMUSDC":0.4716976681,"NEOTUSD":0.4642533088,"ENJBNB":0.4605432794,"TRXXRP":0.4482989292,"BCHSVBTC":0.4470226685,"ICXBTC":0.4373428424,"HOTUSDT":0.4367299773,"POLYBTC":0.4351217393,"BATUSDT":0.4259148272,"ONTBNB":0.4208921105,"BCHSVUSDT":0.4184682808,"XRPBNB":0.416799445,"USDCPAX":0.3886575431,"IOTAUSDT":0.3818621843,"ADATUSD":0.3811301349,"XRPTUSD":0.3742454349,"WANETH":0.3723107304,"ICXUSDT":0.3709573743,"LINKUSDT":0.3465755166,"ELFBTC":0.3423659209,"XRPETH":0.3420843993,"NEOBTC":0.3386577571,"ENJETH":0.3211377276,"GXSBTC":0.315986061,"BNBPAX":0.3156085207,"ICXETH":0.3145148475,"ZRXUSDT":0.3047678476,"BNBUSDT":0.2951632586,"BCHABCTUSD":0.288359242,"USDSPAX":0.2839037139,"PAXUSDT":0.2788505317,"BNBBTC":0.2756088774,"TUSDUSDT":0.2610515469,"STEEMBTC":0.2547716759,"NEOETH":0.25235277,"FETBTC":0.2492794713,"TRXUSDT":0.2414174274,"BNBETH":0.2409383831,"ZILETH":0.2197392536,"USDCUSDT":0.2071574585,"TRXBNB":0.2016550933,"FETBNB":0.1908018517,"MTLBTC":0.1743755566,"XRPPAX":0.173150878,"FETUSDT":0.1727918651,"ZILUSDT":0.1486889467,"ETCBTC":0.1286442688,"WTCBTC":0.127395122,"LTCBTC":0.1231997943,"TRXETH":0.1186283867,"USDCTUSD":0.1184796768,"FUELETH":0.1139483702,"ETCUSDT":0.095853815,"EOSBNB":0.0795880382,"LTCBNB":0.0580946929,"AIONBTC":0.0181834875,"SKYBTC":-0.0029581208,"LTCETH":-0.0032838375,"BNBUSDC":-0.0117003522,"LTCPAX":-0.0202057752,"LTCTUSD":-0.0371369364,"ETHUSDC":-0.0441694663,"ETHBTC":-0.0750739079,"AGIBTC":-0.0930374017,"ETHUSDT":-0.1000015569,"BTCPAX":-0.1471179158,"WAVESETH":-0.1638676858,"ETHPAX":-0.1845133904,"LTCUSDT":-0.2039291635,"BTCUSDT":-0.305268291,"LINKTUSD":-0.3128510337,"LINKUSDC":-0.3229986973,"EOSUSDT":-0.3750940944,"EOSUSDC":-0.430725414,"BTCUSDC":-0.4456395945,"EOSETH":-0.4789875297,"EOSBTC":-0.4807012013,"EOSTUSD":-0.5783202201},"startDate":"2019-03-08","endDate":"2019-03-16","numDays":7,"excludedPairs":["ZILBNB","QSPBNB","PPTETH","RDNETH","NASETH","DATAETH","LINKPAX","GTOETH","BCNETH","INSETH","ICNBTC","BCNBNB","ZECETH","HOTETH","ICNETH","NASBNB","POAETH","ZRXETH","STORMETH","ICXBNB","SKYETH","REPBNB","AMBETH","XRPUSDC","POABTC","AEETH","CHATETH","ARKETH","HSRBTC","GXSETH","CLOAKBTC","DNTETH","STEEMETH","SYSBTC","BCCBTC","NPXSETH","POWRETH","IOSTBTC","SNGLSETH","BCPTBNB","WPRETH","RDNBNB","KEYBTC","DGDETH","DLTETH","USDCBNB","USDSTUSD","NCASHBNB","POABNB","BCHSVPAX","PIVXETH","BCPTETH","CMTBNB","NXSETH","AGIETH","BCNBTC","BCHSVUSDC","ETCBNB","WANBNB","BTSBNB","RPXBNB","BCDETH","SNMETH","XEMETH","PIVXBNB","SALTBTC","BCCUSDT","VIBETH","CNDETH","SYSETH","BCPTBTC","IOTXETH","NPXSBTC","LENDBTC","FUNBTC","YOYOBNB","STEEMBNB","BCHSVTUSD","BTTBTC","APPCETH","BLZETH","IOSTETH","QKCBTC","NULSETH","EDOETH","VIBEETH","CVCBNB","SNTBTC","CVCETH","GVTETH","BTSBTC","TRXTUSD","POLYBNB","QSPETH","WPRBTC","PAXBTC","XMRETH","BTCUSDS","ELFETH","HSRETH","MODETH","TRXPAX","DOCKBTC","FUNETH","LRCETH","RPXETH","TNTETH","SKYBNB","POWRBNB","VENUSDT","EOSPAX","XMRBNB","NEBLBNB","BCCBNB","QTUMETH","ZENBNB","RENBTC","XLMPAX","GOBNB","IOTABNB","MTHETH","XVGETH","ARDRETH","MTHBTC","CMTETH","LENDETH","XVGBTC","XZCBNB","ADXETH","STORMBNB","OSTBNB","LSKETH","REQETH","XEMBNB","BCCETH","USDCBTC","POEBTC","MFTBTC","SCETH","SALTETH","TUSDETH","FUELBTC","VIABNB","LUNETH","YOYOETH","PAXTUSD","BTGETH","RLCBNB","BTCTUSD","GNTETH","HCETH","AEBNB","MODBTC","REQBTC","MCOBNB","TNBETH","VENBNB","XZCETH","BTTTUSD","ZENETH","TRXBTC","ENGETH","ADXBNB","BCHABCPAX","PHXBTC","CNDBNB","ETCETH","AIONETH","DCRBNB","DENTETH","NEBLETH","NANOBNB","POEETH","WAVESUSDC","DOCKETH","SUBETH","SYSBNB","LOOMBNB","CDTBTC","BRDETH","GNTBNB","TRIGETH","QLCETH","PHXBNB","OSTBTC","YOYOBTC","QKCETH","NANOETH","EVXETH","NULSBNB","WTCBNB","NCASHBTC","NAVBNB","OSTETH","SNTETH","HOTBNB","TNTBTC","TRXUSDC","TUSDBNB","TUSDBTC","OAXETH","VETBNB","MFTBNB","MCOETH","VENBTC","IOTAETH","ASTETH","GOBTC","CNDBTC","APPCBNB","RLCETH","TNBBTC","AIONBNB","TRIGBNB","NCASHETH","DENTBTC","MANABTC","BNBTUSD","BTSETH","ZILBTC","PAXBNB","BNBUSDS","DATABTC","QTUMBNB","WAVESPAX","WINGSBTC","REPETH","WABIETH","STORJETH","SUBBTC","LTCUSDC","DLTBNB","VIBEBTC","MITHBNB","STORMBTC","VIBBTC","CDTETH","BTTPAX","IOTXBTC","SNMBTC","USDSUSDC","BCHABCUSDC","SCBNB","VETBTC","BTTUSDC","WAVESTUSD","BRDBNB","PHXETH","RCNBNB","NAVETH","XMRUSDT","STRATETH","LSKBNB","DASHETH","RPXBTC","WTCETH","AGIBNB","WINGSETH","USDSUSDT","BQXETH","RCNETH","QLCBTC","MANAETH","DNTBTC","MFTETH","MTLETH","GTOBNB","NXSBNB","RCNBTC","QLCBNB","ASTBTC","BLZBNB","XRPBTC","WAVESBNB","QSPBTC","RENBNB","PAXETH","BATBNB","SNGLSBTC","TRIGBTC","CLOAKETH","ARDRBNB","VENETH","SCBTC","ETHTUSD","ZRXBNB","KEYETH","WABIBNB","AMBBNB","CHATBTC","HOTBTC","NEOBNB"]}