{"data":{"INSBTC":0.9766566772,"WANBTC":0.8534074877,"WABIBTC":0.8165692441,"STRATBTC":0.8057093117,"MTHETH":0.8042754988,"EVXBTC":0.7961826867,"PIVXBTC":0.7538139184,"RENBTC":0.7501756626,"WANBNB":0.7462855981,"FTMUSDT":0.7405665974,"DOCKETH":0.725345705,"FTMBNB":0.6729960357,"DUSKBTC":0.6537787178,"DUSKUSDT":0.6464659872,"NULSBTC":0.6413356819,"TOMOBTC":0.6366496259,"AEBTC":0.6313363047,"ARNBTC":0.6295370253,"WINUSDC":0.6177299395,"LSKBTC":0.6032308705,"WANETH":0.6026501634,"NULSUSDT":0.6023608955,"COSUSDT":0.6017309572,"HCBTC":0.5852275351,"ENJUSDT":0.5742003319,"CVCETH":0.535114165,"ETCUSDC":0.5321601089,"TOMOUSDT":0.5293078641,"FUNETH":0.529050745,"STEEMBTC":0.5262834489,"USDCUSDT":0.5249548111,"USDCPAX":0.5190976729,"ONGBTC":0.5135826291,"HOTUSDT":0.5020914885,"PAXUSDT":0.4948452248,"TUSDUSDT":0.4922567669,"NASBTC":0.4299204857,"ENJBNB":0.4108639508,"BCHABCTUSD":0.4092335496,"WINBNB":0.404681101,"INSETH":0.4018306463,"STORJBTC":0.3884877628,"BCHABCPAX":0.3868161271,"TFUELUSDT":0.3854858935,"ICXBTC":0.3703707695,"TOMOBNB":0.3631283768,"NEBLBTC":0.3477760925,"QKCETH":0.3426673325,"KNCBTC":0.3082774539,"LTCPAX":0.3054941892,"ADXBTC":0.3046929609,"RDNBTC":0.2934877892,"COSBNB":0.2861243947,"ERDUSDT":0.2835066885,"DUSKBNB":0.275454326,"ICXUSDT":0.261712347,"THETAETH":0.2615943418,"BNBTUSD":0.2594891635,"RENBNB":0.2533298977,"IOTABNB":0.2394368205,"COCOSUSDT":0.2383519778,"MTLUSDT":0.2380734229,"ENJETH":0.2379882549,"NXSBTC":0.2377778686,"GRSBTC":0.2207060934,"COCOSBNB":0.2100945377,"MDABTC":0.2051926235,"ONTBTC":0.200188442,"MCOBTC":0.179918962,"ICXBNB":0.177165389,"ONTETH":0.1696119773,"EDOBTC":0.1628686804,"MTLETH":0.1615756076,"BNBBTC":0.1604028504,"VIABTC":0.160110078,"USDCTUSD":0.1597469546,"HOTBNB":0.1376334798,"ICXETH":0.1348230527,"ARKBTC":0.0966045483,"THETAUSDT":0.0954183051,"GVTBTC":0.0862555885,"XMRBNB":0.0485200707,"BNBUSDT":0.0448570991,"BTTUSDT":0.0446837364,"XMRBTC":0.0353133613,"IOTABTC":0.0303842503,"MTLBTC":0.0147527439,"ONTUSDT":0.0141852265,"ETCBTC":0.0101868259,"LINKBTC":0.0075364522,"KMDBTC":-0.0007645121,"BNTBTC":-0.0033301919,"WINUSDT":-0.0058167826,"MATICUSDT":-0.0084283105,"ANKRUSDT":-0.0103763436,"SKYBTC":-0.012687081,"ETCBNB":-0.0249785494,"ZILBNB":-0.0428665186,"ATOMBTC":-0.0456908996,"GXSBTC":-0.0499881126,"ENGBTC":-0.0595762905,"ERDBNB":-0.0603035557,"ZECBTC":-0.0633721206,"DCRBTC":-0.0817111632,"ZENBTC":-0.0835170964,"IOSTUSDT":-0.0839751645,"RVNBNB":-0.086709128,"CELRBNB":-0.090148166,"NANOBTC":-0.0994348098,"EOSBNB":-0.0998839402,"BTCPAX":-0.1034752751,"BTCUSDT":-0.1047496531,"RLCBTC":-0.1053860627,"FETUSDT":-0.1066103425,"AIONBTC":-0.1075428211,"ZILUSDT":-0.1163142926,"ADAETH":-0.1215510023,"ATOMBNB":-0.1394437419,"BRDBTC":-0.1404528787,"MITHUSDT":-0.1453537066,"ONEBNB":-0.1496372505,"LUNBTC":-0.1496521636,"VETBNB":-0.1500448601,"NEOBTC":-0.1550329515,"WAVESETH":-0.1551305978,"MATICBNB":-0.1553737813,"ETCETH":-0.1577801656,"EOSPAX":-0.1683027156,"BCHABCUSDC":-0.1747057986,"XZCBTC":-0.1754965661,"WTCBTC":-0.1761196715,"LTCUSDC":-0.189355663,"NPXSUSDT":-0.1969833793,"DGDBTC":-0.1972217949,"LINKUSDT":-0.2022765347,"ONEUSDT":-0.2048165219,"PAXTUSD":-0.2055025632,"DASHBTC":-0.2080200068,"BCHABCBTC":-0.2087868029,"BTCTUSD":-0.209468488,"WAVESBTC":-0.2124089684,"BNBPAX":-0.2185941091,"ATOMUSDT":-0.2229641376,"ZRXBTC":-0.2293559246,"GASBTC":-0.2302759915,"PPTBTC":-0.2332888586,"ADAUSDT":-0.2333736374,"ADAUSDC":-0.2488770631,"ALGOBTC":-0.2489984266,"EOSUSDC":-0.2569445882,"NEOBNB":-0.2627095671,"IOTAETH":-0.263166525,"XMRETH":-0.2758384674,"NEOUSDT":-0.2765615394,"ZILETH":-0.2779360424,"CELRUSDT":-0.2801667138,"DASHUSDT":-0.2916015159,"ETCUSDT":-0.3118241146,"ETHTUSD":-0.3141204961,"IOTAUSDT":-0.3155037726,"XRPPAX":-0.3174209818,"VETUSDT":-0.3204449681,"LINKETH":-0.3228534895,"OMGBTC":-0.3244236429,"XRPBNB":-0.3245845788,"BATETH":-0.3452118021,"NEOETH":-0.3544117492,"DOGEUSDT":-0.3594279447,"OMGETH":-0.3683780393,"BNBUSDC":-0.3692837009,"ZRXETH":-0.3733412493,"XLMUSDT":-0.3870420168,"ALGOBNB":-0.3962879992,"BCHABCUSDT":-0.4013328208,"LTCTUSD":-0.4158878706,"BNBETH":-0.4166716576,"ETHBTC":-0.4221066529,"NANOUSDT":-0.422198536,"XMRUSDT":-0.428677423,"ADABNB":-0.4315839451,"BTCUSDC":-0.4360142507,"BTGBTC":-0.4409938139,"WAVESUSDT":-0.4446997851,"BATBTC":-0.4505409918,"BATUSDT":-0.4531377791,"TRXXRP":-0.4551369586,"ZRXUSDT":-0.4627752217,"QTUMUSDT":-0.4686005502,"QTUMBTC":-0.4783009981,"BATBNB":-0.4869393696,"LTCBNB":-0.492719878,"BTCUSDS":-0.5229760706,"ZECUSDT":-0.5349241834,"TRXUSDC":-0.5386483087,"BCDBTC":-0.5553306079,"OMGUSDT":-0.5792994093,"TRXBNB":-0.581667167,"ETHPAX":-0.5830856549,"TRXUSDT":-0.6016754082,"ALGOUSDT":-0.6057504792,"LINKUSDC":-0.621978435,"EOSUSDT":-0.6232125095,"XRPETH":-0.6305253514,"LTCETH":-0.6331771177,"REPBTC":-0.6334617744,"EOSETH":-0.6560587088,"LTCUSDT":-0.6759806054,"ETHUSDT":-0.6889414608,"XLMETH":-0.6955862121,"XRPUSDT":-0.6958959174,"TRXETH":-0.7643798893,"LTCBTC":-0.7734835173,"ETHUSDC":-0.7766166432,"EOSBTC":-0.8030267706,"XRPUSDC":-0.8193475371},"startDate":"2019-08-25","endDate":"2019-09-01","numDays":7,