{"data":{"EDOBTC":0.9790522717,"BATBTC":0.9449195506,"RCNBTC":0.9439782236,"ICXBTC":0.9335694474,"BTTPAX":0.9060800898,"MANAETH":0.9045817805,"RCNETH":0.9016275393,"VIABTC":0.8995231958,"BATETH":0.8853867039,"RLCBTC":0.8767081598,"RDNBTC":0.8706314894,"BRDBTC":0.8554833016,"BATBNB":0.8419337771,"ENJETH":0.8344111547,"ICXETH":0.8312519042,"ENJBTC":0.8302558159,"ICXUSDT":0.8267068255,"BQXBTC":0.8040739902,"LUNBTC":0.7979836081,"LOOMBTC":0.7960631997,"ZRXBTC":0.7898084819,"THETABTC":0.7662512096,"MDABTC":0.7349645835,"GASBTC":0.7309450174,"STORJBTC":0.7236714378,"QTUMUSDT":0.718989998,"THETAETH":0.7185357784,"ENGBTC":0.7101172448,"ADXBTC":0.6896554846,"NASBTC":0.6842171338,"APPCBTC":0.6810531379,"DLTBTC":0.6695896138,"QTUMBTC":0.6669368044,"BTTUSDT":0.6644319013,"NEBLBTC":0.6620119539,"LOOMETH":0.6488898096,"ELFBTC":0.6464503686,"ENJBNB":0.6440436825,"GXSBTC":0.6333939766,"MDAETH":0.6270275648,"HCBTC":0.5991251952,"KMDBTC":0.5981154637,"XRPBTC":0.5958536434,"PIVXBTC":0.5954062731,"BCHSVBTC":0.586206956,"ZENBTC":0.5853596769,"ZRXETH":0.5807338022,"ONTBTC":0.5793758917,"INSBTC":0.5721222652,"NEOUSDT":0.5717502856,"SYSBTC":0.5712801312,"EOSTUSD":0.5512435974,"FUELETH":0.5337368427,"ONTUSDT":0.5261377853,"NEOBTC":0.5200616836,"XRPUSDT":0.5155983439,"XRPUSDC":0.5041947108,"BCPTBTC":0.5039891033,"OMGBTC":0.5005411021,"ARKBTC":0.4983922908,"ONTBNB":0.4957395502,"ONTETH":0.4915943948,"NULSBTC":0.4894602178,"BTGBTC":0.4811579301,"WABIBTC":0.4641763708,"XRPBNB":0.4633691307,"BCHSVUSDT":0.4600746151,"NEOBNB":0.4593160728,"ELFETH":0.4552016828,"VETUSDT":0.4543654307,"AEBTC":0.445145376,"KNCBTC":0.4247504456,"USDSUSDT":0.4142293568,"STRATBTC":0.4098917521,"GVTBTC":0.3977432482,"TRXXRP":0.3837473629,"POWRBTC":0.3783463194,"BCDBTC":0.3703700595,"NULSUSDT":0.3447891612,"NEOETH":0.3270918431,"BTTBNB":0.3246197521,"WANBTC":0.3082284591,"XRPETH":0.3037120663,"BCHSVTUSD":0.3024036794,"TRXUSDT":0.2954966368,"BTTTUSD":0.2931999667,"XRPTUSD":0.2907644604,"STEEMBTC":0.2805850469,"XLMPAX":0.2707347257,"ONGUSDT":0.2701954703,"AEETH":0.2634664204,"USDCUSDT":0.2551342263,"GRSBTC":0.2545655029,"MTLBTC":0.2503115689,"MCOBTC":0.2383411948,"XLMUSDC":0.2377570214,"ARNBTC":0.2356214882,"ZECBTC":0.2352846646,"ONGBTC":0.2289096059,"NANOBTC":0.225546497,"XLMUSDT":0.2146584579,"WTCBTC":0.200785212,"USDSTUSD":0.2006568816,"ZECETH":0.1859924673,"ZILUSDT":0.1791998289,"AIONBTC":0.163031965,"OAXBTC":0.1607630852,"BCHABCUSDT":0.1585546293,"PAXTUSD":0.1579446716,"DCRBTC":0.1568476155,"THETABNB":0.1519078426,"ARNETH":0.1457089879,"XRPPAX":0.1415818541,"VETETH":0.1232128569,"LTCUSDT":0.1114870021,"LINKBTC":0.1047328227,"LINKUSDT":0.0718651921,"XMRBTC":0.0706238572,"ZILETH":0.0693082854,"ETHUSDT":0.0692585221,"TRXBNB":0.0454072767,"TUSDBNB":0.0443841823,"SKYBTC":0.0431362351,"VETBNB":0.0407601438,"ETHPAX":0.0340238225,"IOTAUSDT":0.0195602355,"EOSUSDT":0.0177311595,"OMGETH":0.0132546626,"LSKBTC":0.0119823822,"DASHBTC":0.0102070962,"EOSBTC":0.0016881301,"BCHABCTUSD":-0.0020514875,"ETHBTC":-0.005985955,"EOSBNB":-0.0061308601,"TRXTUSD":-0.0068430139,"EOSPAX":-0.0087623892,"LINKETH":-0.0157033409,"BTCUSDT":-0.0165658109,"XLMBNB":-0.0250623766,"ETCBTC":-0.0258500207,"LTCTUSD":-0.0347909991,"BCHABCBTC":-0.0555198687,"XLMTUSD":-0.0565482311,"XLMETH":-0.05981557,"ADAUSDT":-0.0602194008,"USDSPAX":-0.0617638102,"BTCUSDS":-0.0997365439,"LTCUSDC":-0.101756822,"ADABNB":-0.1018533655,"ETCUSDT":-0.1072595662,"TRXETH":-0.107829674,"ADATUSD":-0.1095183909,"EVXBTC":-0.1134679596,"TUSDUSDT":-0.1212269319,"REPBTC":-0.1275295314,"LTCBTC":-0.1563076554,"POLYBTC":-0.1567116852,"IOTABTC":-0.1668972323,"ETHUSDC":-0.1768199197,"BNBETH":-0.1800673573,"BTCPAX":-0.1850709262,"HOTBNB":-0.200055578,"EOSETH":-0.2117487482,"BNBBTC":-0.2189633416,"BNBPAX":-0.2192976457,"NEOTUSD":-0.2203483468,"ADAETH":-0.2243649825,"EOSUSDC":-0.2332276054,"NXSBTC":-0.2397145085,"TUSDBTC":-0.2452180037,"WAVESUSDT":-0.2643923787,"BTCUSDC":-0.2666100449,"HOTUSDT":-0.2694398831,"USDCPAX":-0.271165058,"LTCBNB":-0.2743383464,"BNBUSDT":-0.2792518709,"LTCETH":-0.2956387402,"WAVESBTC":-0.2959512665,"PAXUSDT":-0.314204973,"USDCTUSD":-0.3240154783,"TUSDETH":-0.3248660308,"PPTBTC":-0.3419703904,"WAVESETH":-0.350793371,"BNBUSDC":-0.3513861949},"startDate":"2019-02-21","endDate":"2019-02-28","numDays":7,"excludedPairs":["NAVETH","YOYOETH","BTTBTC","NPXSETH","ICXBNB","LINKUSDC","ASTBTC","POEETH","POABTC","DOCKBTC","LENDETH","AEBNB","VENBTC","REQETH","USDSUSDC","CVCBTC","IOTAETH","POAETH","RCNBNB","BNTBTC","DCRBNB","REPBNB","GNTBNB","BRDETH","APPCETH","NASETH","SYSBNB","WPRBTC","ARDRBNB","GVTETH","ICNETH","SNGLSETH","BLZBNB","YOYOBTC","REQBTC","BCHABCPAX","TRXUSDC","RENBNB","BCHSVUSDC","MCOETH","SNGLSBTC","MODBTC","BTSBTC","MFTBTC","GTOBNB","VIABNB","WAVESPAX","HSRBTC","STORJETH","RDNETH","LUNETH","NULSETH","POEBTC","POLYBNB","PAXBTC","ZILBTC","RPXETH","STEEMBNB","USDCBTC","QTUMBNB","GNTBTC","GOBTC","SNMETH","NPXSBTC","WANETH","BCHSVPAX","DATAETH","HSRETH","POWRETH","XZCXRP","IOSTBTC","CHATETH","TRIGBNB","BTSBNB","ENGETH","SKYBNB","LSKBNB","LSKETH","RVNBTC","SUBBTC","QTUMETH","BCCBTC","YOYOBNB","XVGETH","GOBNB","RVNBNB","LRCBTC","WTCETH","GRSETH","BCNBTC","WABIETH","TRIGBTC","XMRETH","ZILBNB","HOTETH","CNDBNB","QSPBNB","TRXBTC","AMBBTC","CVCETH","OSTETH","ASTETH","CNDBTC","LRCETH","AMBETH","IOTXETH","XZCBTC","APPCBNB","RLCETH","ICNBTC","ARKETH","VENBNB","AIONBNB","WAVESBNB","LOOMBNB","WAVESTUSD","ETCBNB","TRIGETH","PHXETH","XEMETH","XZCETH","LTCPAX","PAXBNB","QLCETH","SNMBTC","ARDRETH","SUBETH","TNTBTC","BTTUSDC","NEBLETH","EDOETH","DENTETH","BQXETH","BLZETH","STORMETH","SCETH","ZENETH","MFTETH","KMDETH","IOTABNB","VENUSDT","RLCBNB","NAVBTC","BNTETH","SALTBTC","RENBTC","AGIBNB","BCPTBNB","IOSTETH","PPTETH","VIBEBTC","BCCUSDT","HCETH","AMBBNB","NANOBNB","CMTETH","SCBTC","IOTXBTC","AGIETH","VIBEETH","CLOAKETH","BTGETH","ADABTC","SKYETH","PIVXETH","BRDBNB","RDNBNB","CNDETH","BCDETH","AIONETH","QKCBTC","BCNETH","OSTBTC","DATABTC","VIAETH","PHXBNB","GXSETH","KNCETH","CMTBTC","OSTBNB","MFTBNB","POABNB","GTOETH","BCCBNB","ADXBNB","BLZBTC","OAXETH","CDTBTC","WTCBNB","INSETH","QLCBTC","MITHBNB","MCOBNB","MTLETH","ARDRBTC","BCPTETH","CMTBNB","DGDETH","BCHABCUSDC","QSPETH","SALTETH","NULSBNB","TRXPAX","ONGBNB","DLTBNB","GNTETH","LINKTUSD","DENTBTC","WANBNB","MODETH","MITHBTC","SNTBTC","NCASHBTC","STRATETH","WPRETH","LINKPAX","RPXBTC","WINGSETH","TNBETH","AGIBTC","NCASHETH","NANOETH","ADXETH","NAVBNB","BTSETH","XEMBTC","CVCBNB","STEEMETH","PIVXBNB","DNTETH","DLTETH","POWRBNB","PHXBTC","FUELBTC","SCBNB","NXSETH","NCASHBNB","KEYBTC","DGDBTC","WINGSBTC","QKCETH","GTOBTC","DOCKETH","VENETH","HOTBTC","CHATBTC","QLCBNB","QSPBTC","WABIBNB","ZENBNB","STORMBTC","XEMBNB","REPETH","ETCETH","TNTETH","VETBTC","NEBLBNB","SNTETH","FUNETH","MANABTC","MTHBTC","NASBNB","NXSBNB","USDCBNB","BCCETH","WAVESUSDC","RPXBNB","XZCBNB","BCNBNB","MTHETH","BNBUSDS","DASHETH","XLMBTC","LENDBTC","PAXETH","CDTETH","TNBBTC","SYSETH","XVGBTC","STORMBNB","FUNBTC","CLOAKBTC","EVXETH","VIBBTC","DNTBTC","VIBETH","KEYETH"]}