{"data":{"OAXETH":0.9650233406,"OAXBTC":0.9608690053,"NEBLBTC":0.8949253907,"ADXBTC":0.8563462993,"BCPTBTC":0.8368243258,"MCOBTC":0.8114696465,"NANOBTC":0.7943531892,"STORJBTC":0.7931039035,"TNBETH":0.7538515363,"BLZBTC":0.7410697826,"WABIBTC":0.7332508559,"GXSBTC":0.7270781578,"ZENBTC":0.7219375574,"ENJBTC":0.7145031215,"BCDBTC":0.7068205742,"PPTBTC":0.7041095551,"NASBTC":0.700810234,"GRSBTC":0.6856565273,"MANABTC":0.6842738748,"ARNBTC":0.68105253,"VIBBTC":0.6692375458,"NANOETH":0.6633022784,"NANOUSDT":0.6629719632,"REPBTC":0.6522424046,"LUNBTC":0.6404357611,"ENJETH":0.6390343399,"NANOBNB":0.6193068158,"THETABTC":0.5983747396,"CELRUSDT":0.5930046288,"SYSBTC":0.5905638787,"BATBTC":0.5804667619,"MTLBTC":0.5787722381,"ENJBNB":0.5708089017,"ZECETH":0.5504668781,"VIABTC":0.5152078116,"RDNBTC":0.5136200104,"BRDBTC":0.5011846263,"THETAETH":0.498505502,"NAVBTC":0.4967055661,"GVTBTC":0.4829310442,"ETHBTC":0.4722655052,"LTCPAX":0.4610018,"TRXTUSD":0.4567083219,"EOSBNB":0.4560180301,"BTCPAX":0.4533320099,"ARDRBTC":0.4518959146,"KNCBTC":0.4492158634,"TRXBNB":0.4421787964,"ENGBTC":0.4359938073,"EDOBTC":0.4356303531,"WAVESBNB":0.4169279469,"DGDBTC":0.415891829,"XVGETH":0.4158415834,"BATUSDT":0.3992400541,"WAVESBTC":0.3971151164,"BNTBTC":0.3856442293,"BNBBTC":0.3724911146,"TRXUSDT":0.361420042,"BCHSVBTC":0.3548870056,"GNTBTC":0.3544444247,"EOSBTC":0.3479115519,"LTCUSDC":0.3465737973,"CVCBTC":0.3460469264,"TRXETH":0.3382813734,"BTTUSDT":0.3301167972,"XRPPAX":0.3207939985,"WTCBTC":0.3194639985,"ETHUSDC":0.3173887628,"INSBTC":0.3143804146,"EOSETH":0.3077235064,"HCBTC":0.2974887073,"ETHUSDT":0.294320333,"STRATBTC":0.2922634138,"BTCUSDC":0.2867394917,"WAVESUSDT":0.283999094,"LOOMBTC":0.2761771352,"PIVXBTC":0.2720416453,"BNBETH":0.2695788417,"ZRXBTC":0.2690503812,"FUELETH":0.267327012,"LRCBTC":0.2671501136,"EOSUSDC":0.2529069002,"APPCBTC":0.2431208796,"LINKBTC":0.2393093665,"ZECBTC":0.2374117374,"AEBTC":0.2289826163,"BNBUSDT":0.2280230312,"TRXXRP":0.2255803505,"XMRBTC":0.2180752312,"FETBNB":0.2134855074,"EOSUSDT":0.2119835504,"BTCUSDT":0.2098395188,"CELRBNB":0.2094259561,"XLMETH":0.1900127567,"EVXETH":0.1898324453,"BTGBTC":0.1873508872,"FETBTC":0.1806705349,"BCHSVTUSD":0.1795458236,"BQXBTC":0.1635830439,"NULSBTC":0.1620728218,"RLCBTC":0.1586246908,"STEEMBTC":0.1550564468,"BTTBNB":0.1548647399,"IOSTUSDT":0.1461990798,"EVXBTC":0.139730858,"ICXETH":0.1295465699,"LTCETH":0.1170830249,"ETCBTC":0.1017024857,"BCHSVUSDT":0.0824943117,"EOSTUSD":0.0746987769,"LSKBTC":0.0744103742,"AGIBTC":0.0685206371,"HOTUSDT":0.0664350524,"ADABNB":0.0664164357,"POWRBTC":0.0638691679,"ETHPAX":0.0636934812,"BTCTUSD":0.0622758264,"IOSTBNB":0.0611927503,"RVNBNB":0.058229133,"XZCBTC":0.0506773831,"ETHTUSD":0.0503979017,"XRPBNB":0.0493169754,"GASBTC":0.0468282782,"ZECUSDT":0.0454691677,"BNBTUSD":0.0430860214,"XLMBTC":0.0393379471,"RVNBTC":0.0387563007,"ETCETH":0.0320494237,"ETCUSDT":0.0171748937,"LTCBNB":0.0171625875,"BCHABCBTC":0.0171287167,"WANBTC":0.0160639406,"XRPETH":0.0142052611,"VETETH":0.0110165538,"MITHBTC":0.0085724304,"XRPUSDC":0.0084455118,"BCHABCUSDT":0.0059154212,"IOSTETH":0.0044915726,"MDABTC":0.0043631299,"XRPBTC":0.0017637674,"ZRXUSDT":0.0009773502,"ADATUSD":-0.000321291,"CMTBTC":-0.0028089693,"BCHABCTUSD":-0.0030825724,"ARKBTC":-0.0090503693,"ADAETH":-0.0095880267,"LINKUSDT":-0.0131510615,"FETUSDT":-0.0151456206,"KMDBTC":-0.0164505367,"BATETH":-0.0297833513,"XMRUSDT":-0.0461029761,"DCRBTC":-0.0495719673,"USDCPAX":-0.0512091836,"USDSPAX":-0.0581869208,"QLCBTC":-0.0604240569,"POLYBTC":-0.0685006973,"DASHBTC":-0.0780329337,"NULSUSDT":-0.0852753914,"LTCTUSD":-0.0925027459,"DASHUSDT":-0.0996632539,"WAVESETH":-0.1000770816,"NEOETH":-0.1050095175,"QTUMBTC":-0.1077903077,"NEOBNB":-0.1257589537,"ONTBTC":-0.1266119006,"LTCUSDT":-0.1382732391,"NXSBTC":-0.1409044893,"XLMUSDT":-0.1549895343,"SKYBTC":-0.1584166753,"BCHABCUSDC":-0.1645532806,"USDCUSDT":-0.1727242834,"ICXBTC":-0.1769722787,"EOSPAX":-0.1778643414,"VIBEBTC":-0.1865383473,"LTCBTC":-0.1875294988,"XRPTUSD":-0.1893593687,"ADAUSDT":-0.1920815497,"ZILETH":-0.1954072431,"ONTETH":-0.1975889855,"USDCTUSD":-0.2149999655,"DLTBTC":-0.2241073163,"TUSDUSDT":-0.2291250178,"QTUMUSDT":-0.2535515543,"BNBUSDC":-0.2578677634,"XRPUSDT":-0.2637999655,"PAXUSDT":-0.2642907462,"AIONBTC":-0.2766307659,"OMGETH":-0.2803945585,"ELFBTC":-0.3202975724,"ZILUSDT":-0.322032836,"NEOBTC":-0.3534491426,"BTSBTC":-0.3538997427,"ICXUSDT":-0.3551897381,"ONTUSDT":-0.3572368352,"NEOUSDT":-0.3644650084,"QKCBTC":-0.3703088601,"VETUSDT":-0.4025544932,"QKCETH":-0.4086507225,"OMGBTC":-0.4397053519,"AMBBTC":-0.4478832668,"ONGBTC":-0.4505390253,"OMGUSDT":-0.4937336089,"ONGUSDT":-0.4995237417,"IOTABTC":-0.7547997313,"IOTAUSDT":-0.8286541061,"IOTAETH":-0.8613761863},"startDate":"2019-04-08","endDate":"2019-04-15","numDays":7,"excludedPairs":["LRCETH","PAXBTC","ASTBTC","DENTBTC","APPCBNB","GTOETH","QSPBNB","RCNBNB","POAETH","BCNETH","ARNETH","TRIGETH","GTOBTC","RCNBTC","THETABNB","HSRBTC","BATBNB","SNTBTC","WINGSBTC","CNDBNB","BCCBTC","NAVBNB","BLZBNB","BTTUSDC","GRSETH","STRATETH","AGIBNB","QTUMBNB","REQBTC","MDAETH","VIAETH","BCHSVPAX","SNMETH","ZECPAX","CMTETH","WAVESUSDC","TRXUSDC","NASBNB","LOOMBNB","REPBNB","TUSDBNB","LSKETH","ASTETH","TRIGBTC","ONGBNB","SNTETH","BNTETH","BCPTBNB","WPRBTC","HCETH","ZENBNB","OSTBNB","WINGSETH","CDTBTC","XZCXRP","CHATBTC","ADAPAX","NEOPAX","OSTBTC","REPETH","CNDBTC","STEEMETH","AMBBNB","WAVESPAX","QLCBNB","MFTBNB","BCCETH","KEYBTC","RCNETH","NASETH","GXSETH","VENUSDT","ARDRBNB","BTGETH","CELRBTC","OSTETH","BCNBTC","NXSETH","PHXETH","IOTXBTC","RDNBNB","RPXBTC","BTTPAX","SKYETH","HOTBTC","POWRETH","RLCETH","WABIBNB","XLMBNB","LUNETH","NPXSBTC","XEMBNB","NXSBNB","PAXTUSD","ZRXETH","XZCBNB","XZCETH","CNDETH","CLOAKETH","ONTBNB","STORJETH","MTHBTC","DASHBNB","USDSUSDT","PHXBNB","VETBTC","ENGETH","SCBNB","XMRBNB","SNGLSBTC","ZECTUSD","BTSETH","ZILBNB","RPXBNB","VIABNB","LENDBTC","RLCBNB","ARDRETH","IOSTBTC","KEYETH","WANBNB","MODBTC","DLTETH","TUSDBTC","NEBLETH","TUSDETH","SCBTC","CVCBNB","EDOETH","USDCBNB","MANAETH","OMGBNB","VETBNB","STORMBNB","KMDETH","LSKBNB","USDSTUSD","LINKTUSD","GNTBNB","VIBETH","GNTETH","WPRETH","POEBTC","TRIGBNB","TNTBTC","NCASHBTC","SUBETH","ICNETH","AGIETH","BQXETH","DOCKBTC","BTTTUSD","MFTETH","RENBTC","XMRETH","PIVXETH","USDCBTC","USDSUSDC","MTLETH","LENDETH","AIONETH","ADABTC","RENBNB","HOTBNB","QSPBTC","DASHETH","ICXBNB","ADXETH","ICNBTC","POLYBNB","BRDBNB","FUNETH","LINKETH","PAXBNB","SYSETH","POABNB","VENBNB","NCASHETH","QLCETH","VIBEETH","WABIETH","MCOETH","PPTETH","BCCUSDT","YOYOBTC","ZILBTC","SCETH","NAVETH","WANETH","PIVXBNB","SALTETH","DCRBNB","FUNBTC","BNBUSDS","ZECUSDC","XEMBTC","LINKUSDC","ARKETH","AEBNB","IOTXETH","MODETH","MFTBTC","BTCUSDS","DATAETH","VENETH","STEEMBNB","GTOBNB","BCHABCPAX","RDNETH","REQETH","CLOAKBTC","BCPTETH","BTTBTC","SALTBTC","SYSBNB","HSRETH","NULSBNB","THETAUSDT","TRXBTC","NEOTUSD","BRDETH","TNBBTC","LOOMETH","SKYBNB","BLZETH","BTSBNB","SNMBTC","NEOUSDC","POEETH","STORMBTC","DNTETH","CMTBNB","LINKPAX","POABTC","NCASHBNB","HOTETH","ELFETH","TNTETH","MCOBNB","AIONBNB","FUELBTC","CHATETH","INSETH","TRXPAX","AMBETH","STORMETH","DNTBTC","ZENETH","BCCBNB","GOBNB","DLTBNB","BCHSVUSDC","WAVESTUSD","YOYOETH","XLMPAX","ADXBNB","APPCETH","BNBPAX","CDTETH","DOCKETH","PAXETH","MTHETH","ZECBNB","BCDETH","KNCETH","MITHBNB","CVCETH","WTCBNB","SUBBTC","RPXETH","NEBLBNB","NULSETH","DGDETH","QTUMETH","ZRXBNB","BCNBNB","DENTETH","POWRBNB","GOBTC","XLMTUSD","SNGLSETH","NPXSETH","ETCBNB","YOYOBNB","XLMUSDC","WTCETH","ADAUSDC","DATABTC","XVGBTC","XEMETH","QSPETH","IOTABNB","GVTETH","VENBTC","AEETH","PHXBTC"]}