{"data":{"ASTBTC":0.9682190392,"PPTETH":0.9599682772,"NANOUSDT":0.9569068935,"BATUSDT":0.9509404831,"PPTBTC":0.9366217667,"WANBTC":0.9333065777,"WAVESUSDT":0.9232561206,"WAVESBNB":0.9203105295,"WAVESBTC":0.9134426095,"BATBTC":0.9114472405,"ICXUSDT":0.9092303017,"ICXETH":0.9064928114,"HOTUSDT":0.9039446963,"WAVESETH":0.8920930188,"ICXBTC":0.8857276922,"NANOBTC":0.8846386616,"BATBNB":0.8842914988,"HOTBNB":0.875962298,"ICXBNB":0.8757912386,"GTOUSDT":0.8743734991,"TNTBTC":0.8649959392,"DGDBTC":0.8600146387,"TNTETH":0.8557345454,"STRATBTC":0.8550242629,"QKCETH":0.847267252,"STORJBTC":0.8425217479,"MATICUSDT":0.842172713,"TFUELBNB":0.8300403551,"ENJETH":0.8248044928,"KMDBTC":0.8232982495,"WTCETH":0.8224140641,"ENJUSDT":0.820489006,"WTCBTC":0.819916485,"LTCPAX":0.8161266243,"TFUELUSDT":0.8077451172,"TRXXRP":0.8028302336,"BTTBNB":0.7961948947,"TRXETH":0.7935022889,"BATETH":0.7804234236,"BTTUSDT":0.7775234922,"WABIBTC":0.7765296101,"NASBTC":0.7711453278,"ARNBTC":0.7708521368,"WTCBNB":0.7667850634,"FETUSDT":0.749137082,"MITHUSDT":0.7433270453,"ONEUSDT":0.7355881987,"MTLBTC":0.7314892099,"KMDETH":0.7302283018,"XZCBTC":0.7249403989,"ENGBTC":0.7147519006,"MDABTC":0.7121834528,"BQXBTC":0.7037287135,"ZILETH":0.6873854833,"ADAUSDT":0.6866961653,"TUSDUSDT":0.6834056785,"EVXBTC":0.6821678582,"ADABNB":0.6784080112,"MANAETH":0.6774440831,"FTMUSDT":0.6627897096,"NAVBTC":0.6623237027,"USDCUSDT":0.6579760524,"CMTBTC":0.6561417836,"MATICBNB":0.6461271571,"BRDBTC":0.637055499,"ADXBTC":0.6285474609,"IOSTETH":0.6213392823,"OMGETH":0.6163147987,"FETBTC":0.6143053799,"RENBTC":0.6072536725,"CMTBNB":0.5994909286,"CELRUSDT":0.597307467,"CMTETH":0.5962646963,"GASBTC":0.5956365424,"STEEMBTC":0.5954810706,"ALGOBTC":0.5939552689,"TRXUSDT":0.5935528818,"ENJBTC":0.5909330253,"RDNBTC":0.5871349218,"AIONBTC":0.5792486927,"ONEBNB":0.5746441402,"TRXUSDC":0.5724782999,"USDCPAX":0.5682135616,"ZRXUSDT":0.5673924376,"FTMBNB":0.5666614199,"VETUSDT":0.5648881768,"ZILUSDT":0.5592611181,"ADAETH":0.5548042237,"ALGOBNB":0.5345326311,"ALGOUSDT":0.5252582216,"EOSPAX":0.515524382,"ZENBTC":0.4981768137,"TRXBNB":0.4962763085,"NXSBTC":0.4926210029,"OAXBTC":0.4760802961,"REPBTC":0.4676272122,"XMRUSDT":0.4580121476,"USDSUSDT":0.4484257275,"ARKBTC":0.439077788,"RENBNB":0.4364131886,"OMGUSDT":0.4315057792,"RVNBNB":0.4287486036,"LINKBTC":0.4259003757,"THETAUSDT":0.4221283947,"XRPBNB":0.4160060067,"XRPUSDT":0.4071684287,"VETBNB":0.4044462772,"SKYBTC":0.3895750872,"LTCETH":0.3857857715,"LINKUSDT":0.3710153434,"GVTBTC":0.3350552147,"IOSTUSDT":0.3171336227,"ZRXBTC":0.3088680116,"VIABTC":0.3085480005,"ADATUSD":0.3042248777,"ADAUSDC":0.2892858107,"PAXUSDT":0.2885891588,"NEBLBTC":0.2878943017,"PIVXBTC":0.2626747142,"QTUMBTC":0.2539607298,"IOTAUSDT":0.2492850642,"ZILBNB":0.243721085,"XRPPAX":0.2428674236,"XRPETH":0.2338942722,"XRPBTC":0.2216437404,"OMGBTC":0.2187174029,"ATOMUSDT":0.2078384551,"ELFBTC":0.2028540622,"XMRBTC":0.2020053918,"XRPUSDC":0.1994868734,"LINKETH":0.1989722593,"CELRBNB":0.1801184057,"NULSUSDT":0.1785111357,"XRPTUSD":0.1765802563,"MCOBTC":0.1605114772,"ATOMBNB":0.1555254529,"LTCBNB":0.1508536704,"NEOBNB":0.1467608826,"ONTUSDT":0.1435993329,"GRSBTC":0.1348042846,"DASHETH":0.1330170169,"XMRBNB":0.126640571,"LINKPAX":0.1077279451,"RLCBTC":0.1025176178,"LINKUSDC":0.1024911739,"LINKTUSD":0.1000187225,"LUNBTC":0.0779585554,"IOTAETH":0.0663664385,"NEOUSDT":0.0514347975,"ETHTUSD":0.0477402096,"QTUMUSDT":0.0359704086,"LTCUSDT":0.0357215096,"ATOMBTC":0.0261686864,"ETHPAX":0.018843957,"ONTBTC":0.0054241051,"XLMUSDT":-0.0078623478,"VETETH":-0.0148490719,"NCASHETH":-0.0252180706,"EOSUSDT":-0.0444291334,"HCBTC":-0.0572237348,"NEOBTC":-0.0610178785,"EOSUSDC":-0.0689828609,"NEOETH":-0.0697757567,"IOTABTC":-0.070541823,"XLMETH":-0.0712785797,"XMRETH":-0.0921587493,"EOSBNB":-0.0986713211,"INSBTC":-0.1169757821,"LSKBTC":-0.1192808864,"ZECETH":-0.1421619977,"LTCTUSD":-0.1431178264,"EOSBTC":-0.1636938301,"BNBUSDT":-0.1772572225,"DCRBTC":-0.2141497907,"PAXTUSD":-0.2185270023,"NULSBTC":-0.2207062302,"BCHABCUSDT":-0.2332467081,"LTCBTC":-0.2335335189,"BNBETH":-0.2395581205,"BTCUSDS":-0.2862733064,"ETHUSDT":-0.2981604945,"DASHBTC":-0.3013042032,"GXSBTC":-0.3188001289,"BNBBTC":-0.3235788841,"EOSETH":-0.3395053402,"FETBNB":-0.352995983,"AEBTC":-0.3530912389,"ETHBTC":-0.3600332922,"KNCBTC":-0.4167879609,"ETHUSDC":-0.4212271061,"BTCPAX":-0.42183423,"HCETH":-0.4344326765,"USDCTUSD":-0.4504869013,"EOSTUSD":-0.4582591698,"LTCUSDC":-0.4602334089,"BCHABCBTC":-0.4879751914,"BCHABCPAX":-0.4898872394,"BCHABCUSDC":-0.5206727004,"BTGBTC":-0.5276545257,"DASHUSDT":-0.5301534683,"NEOTUSD":-0.542379264,"BCHABCTUSD":-0.5627514787,"BTCUSDT":-0.5908175781,"ZECUSDT":-0.6056728825,"BNBPAX":-0.6228104111,"ETCBTC":-0.631008057,"ZECBTC":-0.634136641,"BTCTUSD":-0.6723993727,"BTCUSDC":-0.7008063375,"BNBUSDC":-0.7176886794,"BCDBTC":-0.7483646665,"BNBTUSD":-0.7528766516,"ETCUSDT":-0.8289133606},"startDate":"2019-07-02","endDate":"2019-07-09","numDays":7,