{"data":{"XRPUSDT":0.9585068195,"BCDBTC":0.9294759433,"ETHUSDT":0.9188939647,"ONGBTC":0.9027190922,"XRPETH":0.900975892,"BCHABCUSDT":0.8980553263,"XLMETH":0.8974894197,"XRPBTC":0.8951156644,"IOTAUSDT":0.8908927467,"BCHABCUSDC":0.8906696169,"BTGBTC":0.8886441592,"IOSTUSDT":0.8869866497,"XRPTUSD":0.8846625362,"XRPUSDC":0.8834019808,"XRPBNB":0.8830895403,"ADATUSD":0.8821815317,"BCHABCBTC":0.8815723831,"WAVESBTC":0.8810009615,"TRXXRP":0.8799109601,"TRXUSDT":0.8795905333,"VETBNB":0.879270614,"GVTBTC":0.8788332802,"IOTAETH":0.878807103,"NEOUSDT":0.876424976,"ICXUSDT":0.8755962851,"BTTUSDT":0.8739571705,"BCHSVUSDT":0.8729944343,"ADAUSDT":0.8711343985,"ICXETH":0.870382058,"VETETH":0.8700966282,"WAVESUSDT":0.86932261,"QLCBTC":0.8603898307,"BCHABCPAX":0.8594878594,"LTCUSDT":0.8584927781,"ETHUSDC":0.858423302,"XLMUSDT":0.8576693077,"IOTABTC":0.8554361025,"EOSUSDC":0.85474836,"XMRUSDT":0.8533256608,"GRSBTC":0.853259582,"ENJBTC":0.8526301816,"EOSUSDT":0.8495855829,"BCHSVBTC":0.8493140514,"CELRBTC":0.8478456598,"LINKUSDT":0.8468030589,"TRXETH":0.8449893676,"BTCUSDT":0.84439378,"ENJBNB":0.8410846128,"BTCUSDC":0.8399910705,"HOTUSDT":0.8389993924,"THETABTC":0.8362339648,"LSKBTC":0.8355860603,"BNBETH":0.8305366748,"EOSBTC":0.8286814305,"ONTBNB":0.8281850963,"CELRUSDT":0.8276700565,"VETUSDT":0.8245707592,"NEOBTC":0.8244757035,"XLMBNB":0.8226769316,"LTCBTC":0.8214535541,"ETHBTC":0.8202561059,"ETHTUSD":0.8155255135,"EOSTUSD":0.8134880136,"ZRXUSDT":0.8115213393,"ELFBTC":0.8108507488,"WANBTC":0.8106761334,"BTTBNB":0.8094234679,"LTCBNB":0.8065287509,"BCHABCTUSD":0.8056352495,"NEOBNB":0.7970700504,"NEOETH":0.7968881164,"BTCPAX":0.7872756513,"ADAETH":0.7855872941,"ONTETH":0.7822193489,"ETCUSDT":0.7817324205,"ETHPAX":0.7752218325,"LTCTUSD":0.7741554201,"ICXBTC":0.7731997488,"BCHSVTUSD":0.7682725672,"ZECUSDT":0.7679123955,"XMRBTC":0.7636545617,"ONTBTC":0.7622856662,"ENJETH":0.7586342894,"BNBUSDC":0.7577194535,"BQXBTC":0.7559197394,"ZILUSDT":0.7551490015,"QTUMUSDT":0.7551079437,"ENGBTC":0.7545733217,"XLMBTC":0.7495911501,"REPBTC":0.7471455645,"LTCUSDC":0.7467023807,"ONTUSDT":0.745106794,"ADABTC":0.7426078736,"ZECBTC":0.7392650917,"ADABNB":0.732331015,"EOSETH":0.7267320646,"LTCETH":0.723884543,"ZRXBTC":0.7185590778,"XEMBTC":0.7163279176,"AIONBTC":0.7160341837,"XRPPAX":0.7123812627,"RCNBTC":0.711873588,"DASHUSDT":0.7042226543,"ZECETH":0.7035537988,"LTCPAX":0.6996830799,"BNBTUSD":0.6922053123,"DASHBTC":0.6873531658,"ETCBTC":0.6819318263,"ARKBTC":0.6708167378,"EVXETH":0.6691195866,"LINKBTC":0.661898312,"TRXBNB":0.6613169076,"EVXBTC":0.6607783692,"CELRBNB":0.659935997,"BTCTUSD":0.6556960511,"IOSTETH":0.6546260586,"AMBBTC":0.6532240876,"EOSBNB":0.6386349619,"MTLETH":0.6326587463,"GASBTC":0.6322469021,"LINKETH":0.6321745124,"ONGUSDT":0.6201998435,"ARNBTC":0.6177943937,"WABIBTC":0.6157023052,"XZCBTC":0.612704864,"NULSUSDT":0.6107146948,"CMTBTC":0.6083318054,"FETUSDT":0.6053612512,"DASHETH":0.6009887652,"OAXBTC":0.5995170026,"BNBUSDT":0.5962506281,"DLTBTC":0.5958733122,"NEBLBTC":0.5935410102,"NANOBTC":0.5924098447,"STRATBTC":0.5907031677,"ZILETH":0.5769010646,"KMDBTC":0.5734896196,"STEEMBTC":0.5729305132,"TRXTUSD":0.55320747,"BLZBTC":0.5507533433,"FETBNB":0.5500239902,"AGIBTC":0.5389062623,"BNBBTC":0.534838626,"MTLBTC":0.528915774,"FETBTC":0.5214636107,"PPTBTC":0.516538304,"NXSBTC":0.5145457153,"BNBPAX":0.5119512786,"DCRBTC":0.5037996919,"BTCUSDS":0.502136998,"POABTC":0.4916556918,"GNTBTC":0.4825844341,"NEOTUSD":0.4362904035,"OMGETH":0.4318461506,"SKYBTC":0.40872218,"OMGBTC":0.4058039766,"STORJBTC":0.3961686338,"BATUSDT":0.3818559998,"ASTBTC":0.3639685013,"BATETH":0.3477932637,"LOOMBTC":0.3460273926,"MANABTC":0.3405748319,"MCOBTC":0.337739556,"NASBTC":0.3344512339,"KNCBTC":0.3116995061,"GOBTC":0.3112982123,"SYSBTC":0.3101742333,"GXSBTC":0.2871757266,"QTUMBTC":0.2717458605,"APPCBTC":0.2546450818,"GTOBTC":0.2451714462,"WTCBTC":0.2265496169,"POWRBTC":0.2144235177,"DGDBTC":0.2124582835,"LUNBTC":0.1657450687,"BNTBTC":0.1619901071,"LRCBTC":0.1571923258,"EDOBTC":0.149152713,"POLYBTC":0.1448287387,"RVNBTC":0.1292972032,"RLCBTC":0.1077038626,"VIABTC":0.0733847916,"BATBNB":0.0724206864,"BCPTBTC":0.0428186785,"FUELETH":0.0373666382,"USDCTUSD":0.0160649731,"RVNBNB":-0.0103610717,"HCBTC":-0.0251199698,"VIBBTC":-0.0393543928,"VIBEBTC":-0.0476610343,"ADXBTC":-0.0589355429,"AEBTC":-0.1023022497,"NAVBTC":-0.1334123906,"CVCBTC":-0.1396789094,"INSBTC":-0.1508242454,"BATBTC":-0.157741412,"PIVXBTC":-0.1647210114,"BRDBTC":-0.1881079751,"RDNBTC":-0.2159371076,"ARDRBTC":-0.3817005425,"NULSBTC":-0.3992154878,"MDABTC":-0.7343662294,"PAXUSDT":-0.9185059112,"USDCPAX":-0.9227148093,"TUSDUSDT":-0.9266181384,"USDSPAX":-0.9410175984,"USDCUSDT":-0.9411356989},"startDate":"2019-03-30","endDate":"2019-04-06","numDays":7,"excludedPairs":["XMRETH","QTUMETH","BTTPAX","RENBTC","GTOETH","HSRBTC","VIABNB","LENDETH","LINKUSDC","TUSDBTC","ELFETH","LSKETH","USDSTUSD","LOOMBNB","DATABTC","MANAETH","VIBETH","DNTETH","ENGETH","BTTUSDC","AGIETH","SALTBTC","AMBETH","BCHSVPAX","LUNETH","POAETH","BCCBTC","TRIGBNB","WANETH","POWRETH","CDTBTC","TNTBTC","PIVXETH","VIBEETH","TUSDETH","HSRETH","RPXBNB","MCOBNB","NXSBNB","APPCBNB","BLZETH","ZECPAX","SNTETH","WAVESUSDC","CHATETH","DENTETH","LSKBNB","BCCUSDT","NCASHBTC","MDAETH","WABIETH","ADXBNB","BCNBTC","AMBBNB","QLCETH","ZECBNB","STRATETH","TUSDBNB","NPXSETH","DLTETH","XLMTUSD","HOTBTC","KMDETH","TNTETH","AEETH","ZENETH","DATAETH","TRXUSDC","XVGETH","BCDETH","TRXBTC","TNBBTC","SCBTC","SNGLSBTC","POLYBNB","MITHBNB","NULSBNB","CLOAKBTC","CDTETH","FUNBTC","OSTBNB","CNDBNB","NCASHBNB","VENUSDT","USDCBTC","SNGLSETH","ICXBNB","RPXBTC","XEMETH","BTSBNB","RCNETH","ZILBNB","DLTBNB","PAXBNB","ICNBTC","MODETH","BCPTETH","XMRBNB","NANOUSDT","APPCETH","PHXBNB","PIVXBNB","GNTETH","ZENBNB","DOCKBTC","SYSETH","IOSTBNB","BTTTUSD","POWRBNB","GOBNB","POABNB","WANBNB","NEBLETH","GRSETH","POEBTC","WAVESTUSD","NASETH","SNMETH","YOYOBNB","IOSTBTC","QLCBNB","RLCETH","DNTBTC","IOTXBTC","BCCETH","BCNETH","SCBNB","USDCBNB","LENDBTC","HOTBNB","IOTABNB","NANOETH","NEOPAX","YOYOBTC","DASHBNB","KEYBTC","THETABNB","VETBTC","LOOMETH","CHATBTC","STORMETH","ARDRBNB","HCETH","ONGBNB","ARNETH","PAXBTC","BCNBNB","TRIGBTC","NXSETH","FUNETH","DENTBTC","AEBNB","USDSUSDC","XLMPAX","ZECUSDC","MTHBTC","MCOETH","GVTETH","NAVBNB","CVCETH","QSPBTC","XVGBTC","ADXETH","BRDBNB","WTCBNB","NCASHETH","SNTBTC","ARDRETH","THETAETH","DCRBNB","AGIBNB","TRIGETH","BQXETH","YOYOETH","REPBNB","ETCETH","LINKPAX","CLOAKETH","REQBTC","RDNBNB","CMTBNB","VENBTC","ZRXETH","AIONETH","BCPTBNB","CMTETH","INSETH","VENETH","NPXSBTC","USDSUSDT","KNCETH","BTTBTC","PHXBTC","WAVESETH","WABIBNB","KEYETH","LINKTUSD","ZENBTC","NASBNB","WAVESBNB","ADAUSDC","EDOETH","NANOBNB","IOTXETH","SUBETH","SYSBNB","EOSPAX","STEEMETH","RLCBNB","REQETH","PAXETH","XEMBNB","ZILBTC","STEEMBNB","NULSETH","BTSBTC","HOTETH","DGDETH","RDNETH","BNBUSDS","WINGSETH","NAVETH","XLMUSDC","STORJETH","SNMBTC","WPRETH","MFTBNB","QTUMBNB","ADAPAX","POEETH","OSTBTC","PPTETH","OMGUSDT","SKYBNB","SUBBTC","CNDBTC","WPRBTC","BRDETH","MTHETH","QSPETH","ETCBNB","PHXETH","GTOBNB","ASTETH","BCHSVUSDC","REPETH","BCCBNB","WINGSBTC","VENBNB","XZCETH","CNDETH","LRCETH","BTGETH","MFTBTC","RCNBNB","XZCXRP","BLZBNB","DOCKETH","QKCETH","GXSETH","TNBETH","SKYETH","BTSETH","BNTETH","ZRXBNB","VIAETH","ICNETH","XZCBNB","OAXETH","MODBTC","WAVESPAX","NEOUSDC","QKCBTC","AIONBNB","OSTETH","MITHBTC","PAXTUSD","FUELBTC","TRXPAX","RPXETH","STORMBNB","SALTETH","WTCETH","ZECTUSD","ARKETH","RENBNB","STORMBTC","MFTETH","CVCBNB","NEBLBNB","OMGBNB","SCETH","QSPBNB","GNTBNB"]}