{"data":{"HCBTC":0.9942723269,"ERDUSDT":0.9493144288,"LRCETH":0.8830583111,"COSUSDT":0.8771753269,"LUNBTC":0.8727158468,"ERDBNB":0.8720491807,"COSBNB":0.8700872385,"BTGBTC":0.8679166687,"BNBUSDT":0.8210616099,"DUSKUSDC":0.7571577558,"STEEMBTC":0.7456847229,"ONGBTC":0.7382644217,"NULSUSDT":0.7349480623,"CELRUSDT":0.7325082666,"WINUSDT":0.7324524848,"XMRBNB":0.7185721629,"VIABTC":0.7173522567,"ONEUSDT":0.705212506,"WINUSDC":0.7039815863,"RDNBTC":0.6994048995,"GVTBTC":0.6979832015,"HOTBNB":0.6569259966,"HOTUSDT":0.6476168391,"BCPTETH":0.6470768912,"CELRBNB":0.6437644671,"MDABTC":0.6365585426,"NXSBTC":0.6338450044,"MATICUSDT":0.633265856,"ZILUSDT":0.6234036453,"WINBNB":0.6084141944,"DASHETH":0.6003178473,"ETCUSDT":0.5975931539,"ALGOBTC":0.5935099569,"DUSKBNB":0.591348775,"EVXBTC":0.5855748999,"XMRBTC":0.5798678529,"DUSKUSDT":0.5777800124,"NEBLBTC":0.5737676524,"ALGOUSDT":0.5649891587,"PAXUSDT":0.5589200179,"ALGOBNB":0.5557917755,"KNCBTC":0.5529528554,"ENJUSDT":0.5504431522,"ZILBNB":0.5383124123,"GTOUSDT":0.530151869,"BCDBTC":0.5257834078,"ANKRBNB":0.5236561326,"DASHBTC":0.5158213474,"USDCUSDT":0.5054266358,"TUSDUSDT":0.4974050116,"KMDBTC":0.4958664675,"USDCPAX":0.490887117,"MATICBNB":0.4850667832,"ONGUSDT":0.4743664813,"BCHABCPAX":0.4432150151,"DGDBTC":0.4313231,"DUSKBTC":0.4106455007,"ARNBTC":0.4044686373,"THETAETH":0.3974199837,"NANOETH":0.3912550009,"QTUMUSDT":0.3876582851,"DASHUSDT":0.3837896773,"MITHUSDT":0.3824574779,"ZILETH":0.3769655337,"BNBBTC":0.3698003696,"BRDBTC":0.3682693813,"REPBTC":0.3667754941,"ELFETH":0.3659683889,"USDSUSDT":0.3576072171,"ALGOUSDC":0.3367391162,"VETUSDT":0.3199000767,"NANOUSDT":0.3161592385,"LINKUSDT":0.3075789512,"RVNBNB":0.295259401,"GRSBTC":0.2925293051,"NULSBTC":0.2906110076,"LINKBTC":0.2803506928,"LTCBTC":0.2699480509,"ZECUSDT":0.2674113534,"BCHABCUSDT":0.2649580709,"BCHABCBTC":0.252706299,"IOSTUSDT":0.2521618626,"ANKRPAX":0.2371533938,"MTLBTC":0.2346463502,"TRXBNB":0.2295285915,"ANKRUSDC":0.2266436647,"TRXUSDT":0.223285458,"TFUELUSDT":0.2097175588,"XZCBTC":0.2050081016,"WTCBTC":0.2018254131,"VETETH":0.1847337125,"WAVESBTC":0.1676141207,"ENGBTC":0.1535020815,"ETCBTC":0.1478720168,"EDOBTC":0.1369310593,"THETABTC":0.1244194108,"LSKBTC":0.0988745583,"LINKETH":0.0841961832,"AIONETH":0.0819581746,"LTCUSDT":0.077067554,"VETBNB":0.060097724,"FTMBNB":0.053903052,"ADABNB":0.046513056,"XMRUSDT":0.0427361413,"NEOETH":0.0408579184,"ENJETH":0.0369260097,"ZENBTC":0.0328662484,"ANKRUSDT":0.0326674001,"MTLETH":0.0322585972,"EOSBNB":0.0031102189,"BCHABCUSDC":-0.0138311109,"ENJBNB":-0.0191515984,"GASBTC":-0.0201055878,"SKYBTC":-0.0216602831,"NANOBTC":-0.0298032086,"ZECETH":-0.0324523737,"TRXETH":-0.0359188593,"PIVXBTC":-0.0479762201,"ONTBTC":-0.0507879676,"LTCETH":-0.0620314538,"ONTETH":-0.0681293838,"ONTUSDT":-0.0712055605,"ATOMBTC":-0.0793159428,"ZECBTC":-0.0845665434,"FTMUSDT":-0.0866264416,"MCOBTC":-0.0962528003,"LTCBNB":-0.1322676215,"PPTBTC":-0.1400528683,"RENBNB":-0.1441070112,"THETAUSDT":-0.1554441454,"TRXUSDC":-0.1564578467,"ETCETH":-0.1699290361,"ADAUSDC":-0.2006239156,"RENBTC":-0.2121298019,"NEOBNB":-0.2176783307,"LTCTUSD":-0.2225662317,"WANBTC":-0.2240978478,"ONEBNB":-0.2444871621,"DCRBTC":-0.245481778,"BRDBNB":-0.2573363909,"RLCBTC":-0.2668567949,"LINKUSDC":-0.2700669424,"NEOUSDT":-0.2991504793,"AEBTC":-0.3188636337,"QTUMBTC":-0.3248044517,"ATOMBNB":-0.3283803784,"LTCPAX":-0.330211763,"LTCUSDC":-0.343524324,"EOSUSDT":-0.3456308526,"USDCTUSD":-0.3502706809,"ZRXUSDT":-0.3504468391,"STRATBTC":-0.3511086853,"DOGEUSDT":-0.3523604069,"GXSBTC":-0.3541741859,"BCHABCTUSD":-0.3557626997,"PAXTUSD":-0.3752342334,"XLMETH":-0.3772889641,"ADAUSDT":-0.3825998589,"ICXBTC":-0.3886303932,"BNBUSDC":-0.3955795932,"BTCUSDS":-0.4003981582,"ICXETH":-0.4032062109,"LINKPAX":-0.4107812032,"NEOBTC":-0.4141805939,"LINKTUSD":-0.4166606673,"ZRXBTC":-0.4225337617,"WAVESETH":-0.4264393882,"ARKBTC":-0.4299606002,"ADATUSD":-0.4302891825,"ZRXETH":-0.4344148236,"EOSBTC":-0.4355570097,"BTTUSDT":-0.4376122626,"ATOMUSDT":-0.4426142062,"BTCUSDT":-0.447548194,"BNBETH":-0.468923713,"XMRETH":-0.4759027179,"XLMUSDT":-0.4821527628,"IOSTETH":-0.4910769343,"ADAETH":-0.491233805,"IOTAETH":-0.519974561,"WAVESUSDT":-0.5539552937,"BTCPAX":-0.556487806,"BTCUSDC":-0.5623303928,"BNBPAX":-0.5734181393,"BTCTUSD":-0.5791885465,"ICXUSDT":-0.5896559958,"ETHUSDC":-0.6213449334,"BATUSDT":-0.6252977726,"BATETH":-0.6307604304,"FETUSDT":-0.6429474667,"BATBNB":-0.6520189691,"EOSUSDC":-0.6569376829,"IOTABTC":-0.6754559845,"TRXXRP":-0.677286769,"ETHTUSD":-0.6778726,"ETHBTC":-0.7042294053,"BNBTUSD":-0.7131788243,"EOSETH":-0.7331473948,"OMGETH":-0.7368408103,"OMGBTC":-0.7423503965,"IOTAUSDT":-0.759111744,"XRPTUSD":-0.7786079197,"XRPBNB":-0.7834637382,"ETHUSDT":-0.7912018627,"XRPUSDC":-0.8032003277,"NASBTC":-0.8295687149,"XRPBTC":-0.839332638,"ETHPAX":-0.8403227945,"XRPPAX":-0.8458758731,"XRPETH":-0.8591992798,"OMGUSDT":-0.8724328703,"EOSPAX":-0.887902172,"XRPUSDT":-0.9043581778},"startDate":"2019-08-09","endDate":"2019-08-21","numDays":7,