{"data":{"ELFBTC":0.969482339,"EDOBTC":0.9659362545,"APPCBTC":0.9631481203,"ELFETH":0.9627153515,"THETABTC":0.9540396742,"THETAUSDT":0.9506196703,"GASBTC":0.900604835,"THETAETH":0.9005998866,"EVXBTC":0.8934858719,"ONGBTC":0.8740636217,"TNTETH":0.8712499163,"BTGBTC":0.8670969809,"GNTBTC":0.8663671742,"WAVESBNB":0.85851116,"LUNBTC":0.8523519234,"PIVXBTC":0.8387789446,"GVTBTC":0.8360368513,"GTOETH":0.8276610448,"BRDBTC":0.8212097235,"VIBEBTC":0.81996743,"FETBNB":0.8133539964,"HOTBNB":0.8051814466,"MATICBTC":0.8036882358,"ZILBNB":0.7927708951,"ADXBTC":0.7911887341,"MATICUSDT":0.7891960192,"ZILUSDT":0.7867560154,"CELRBTC":0.786471234,"BCDBTC":0.7858339338,"BCPTBTC":0.7849297248,"STRATBTC":0.7833446327,"CELRUSDT":0.7709587258,"FETBTC":0.770233303,"FETUSDT":0.7689280908,"HOTETH":0.7688991118,"WABIBTC":0.7650008395,"KNCBTC":0.761671537,"MATICBNB":0.7608464359,"HOTUSDT":0.7571311185,"MCOBTC":0.7547946526,"ENJETH":0.7543809055,"ASTETH":0.753286455,"ASTBTC":0.746598938,"ENJUSDT":0.7438327869,"CELRBNB":0.7429417022,"BTTBNB":0.7405899409,"ENJBTC":0.7356525628,"AMBBTC":0.7276613125,"ARKBTC":0.720042923,"STORJBTC":0.7163161736,"ONGUSDT":0.7047391782,"WAVESUSDT":0.683883991,"SKYBTC":0.6760300744,"MTLBTC":0.671014838,"OAXBTC":0.6534400769,"NULSUSDT":0.6527660287,"NAVBTC":0.6460079069,"GRSBTC":0.630243776,"BCHABCPAX":0.6213204249,"STEEMBTC":0.6123830983,"BTTUSDC":0.6114947395,"MITHUSDT":0.6111703349,"NULSBTC":0.6082651014,"IOTAETH":0.5994767105,"POWRBTC":0.5984692516,"CVCBTC":0.5858990372,"WAVESBTC":0.583751913,"BQXBTC":0.5817083653,"ZILETH":0.5780657523,"IOTABTC":0.5766794092,"BTTUSDT":0.574535967,"LRCBTC":0.5675502603,"INSBTC":0.5597805699,"ICXBTC":0.557154825,"NEOBTC":0.5542336407,"DLTBTC":0.5527305407,"PPTBTC":0.5523504546,"LINKUSDT":0.5496090178,"ATOMBTC":0.5474692748,"BNBETH":0.5323257453,"LTCUSDC":0.5297054727,"BCHABCUSDT":0.527029451,"BCHABCBTC":0.5263240948,"MDABTC":0.5153297486,"ENGBTC":0.512054456,"NEOTUSD":0.5098071498,"LINKBTC":0.5073444014,"ARNBTC":0.4975211403,"NEOETH":0.4956226046,"LTCPAX":0.4937280846,"LTCBNB":0.4906337438,"BCHABCUSDC":0.4816018125,"LTCUSDT":0.4655791317,"EOSUSDC":0.4631180371,"NASBTC":0.4547232723,"RLCBTC":0.4421155306,"ENJBNB":0.4404711453,"VIABTC":0.4386595809,"ATOMUSDT":0.4385405641,"LINKETH":0.4341991118,"BTCTUSD":0.4210389624,"BNBUSDT":0.415964714,"ICXUSDT":0.4063601311,"NEBLBTC":0.4008483891,"BNBPAX":0.3914786203,"BTCPAX":0.3904457862,"WANBTC":0.383494241,"KMDBTC":0.3808823883,"XRPTUSD":0.3740248973,"AEBTC":0.3734212108,"QKCETH":0.3712946676,"BNBBTC":0.370228191,"BTTTUSD":0.3609965868,"LINKUSDC":0.3483954694,"NEOUSDT":0.3479013651,"LTCETH":0.3449918693,"XRPUSDT":0.3399326188,"BCHABCTUSD":0.3290750747,"OMGUSDT":0.3265128034,"BNBTUSD":0.3181562021,"BTCUSDT":0.3124262225,"ETHUSDC":0.3024897059,"POLYBTC":0.2963827719,"TRXBNB":0.2944798089,"BTCUSDC":0.2936837318,"ATOMBNB":0.291347817,"ONTBTC":0.2905005481,"WAVESETH":0.290362864,"RVNBNB":0.28083337,"XRPBTC":0.2747062054,"DASHUSDT":0.2732060549,"OMGBTC":0.2717817839,"ONTUSDT":0.2697627597,"XMRUSDT":0.2689548242,"TRXUSDT":0.2618688001,"ZRXBTC":0.2503750508,"XRPETH":0.2471730959,"VETBNB":0.235941115,"XRPPAX":0.2317298342,"AIONBTC":0.2298677968,"EOSTUSD":0.2282542911,"VETETH":0.2131944477,"LTCBTC":0.2065703475,"ETHPAX":0.2044404118,"ETHTUSD":0.2042679362,"ETHBTC":0.2014496617,"IOTAUSDT":0.1978339304,"WAVESTUSD":0.1891622255,"BATBTC":0.1891613869,"EOSETH":0.1886291555,"IOSTUSDT":0.1736964014,"ADABNB":0.1685348932,"TRXXRP":0.1592857162,"EOSBNB":0.1586231766,"ADATUSD":0.1500609001,"NANOBTC":0.1463215186,"EOSUSDT":0.1399224279,"LTCTUSD":0.1332383417,"LINKTUSD":0.1329195451,"XMRBTC":0.1303045246,"XRPBNB":0.1285645866,"ADAETH":0.1217267757,"USDCTUSD":0.1105163363,"XLMUSDT":0.1089554878,"ADAUSDT":0.1029007768,"RDNBTC":0.1018284061,"ZRXUSDT":0.1009087405,"ETHUSDT":0.100904121,"LSKBTC":0.0838232375,"QTUMBTC":0.0806406594,"NEOBNB":0.0803415451,"ZECETH":0.0787515969,"BNBUSDC":0.0769538059,"QTUMUSDT":0.0742958162,"VETUSDT":0.0732391699,"DASHBTC":0.0630123385,"XLMETH":0.0543247826,"WTCBTC":0.0473773015,"USDCPAX":0.0289704279,"BATETH":0.0171241499,"XEMBTC":0.016713166,"DGDBTC":0.0072509955,"EOSPAX":-0.0040796077,"NANOUSDT":-0.0098779446,"XLMBNB":-0.0323442243,"ZECBTC":-0.0331766687,"EOSBTC":-0.0343858862,"FUELETH":-0.0507717755,"ETCUSDT":-0.0517092654,"BATBNB":-0.0944244388,"ZECUSDT":-0.0972312413,"XLMBTC":-0.1009178778,"ADAUSDC":-0.1198245119,"XRPUSDC":-0.1331510581,"TRXETH":-0.13377438,"USDCUSDT":-0.1545407834,"DCRBTC":-0.1913272618,"ETCBTC":-0.2143512114,"TUSDUSDT":-0.2150418006,"PAXTUSD":-0.3117613117,"PAXUSDT":-0.3365136811,"REPBTC":-0.3782464323,"BATUSDT":-0.405262972,"BTCUSDS":-0.4946080106,"XZCBTC":-0.5061435717},"startDate":"2019-05-19","endDate":"2019-05-26","numDays":7,"excludedPairs":["PAXBNB","ARDRETH","TRXPAX","ADXETH","LRCETH","USDSTUSD","NXSETH","NEBLETH","CHATETH","IOTXBTC","CVCETH","BCDETH","DNTBTC","WTCETH","NCASHETH","SNGLSETH","VENBTC","REPETH","NULSETH","TFUELPAX","BTSBTC","TRXBTC","SNTBTC","VETBTC","NAVETH","BCHSVPAX","RDNBNB","AIONBNB","NASETH","PHBPAX","STORMBTC","BTSETH","XZCBNB","ICXETH","MODBTC","SYSBTC","PHXBNB","RLCBNB","SNMBTC","DCRBNB","XEMBNB","ZECPAX","MTLETH","MFTBNB","NCASHBTC","HCETH","ARDRBNB","RPXETH","MDAETH","BLZETH","MITHBNB","VIBETH","TUSDBNB","THETABNB","GVTETH","CMTETH","XMRBNB","RCNBTC","QSPBTC","DOCKBTC","BNTBTC","OSTBTC","STORMBNB","PPTETH","NEOPAX","POLYBNB","ATOMTUSD","SNGLSBTC","WANETH","AGIETH","APPCETH","MODETH","ICXBNB","REPBNB","ADXBNB","ETCETH","QKCBTC","REQETH","BCHSVUSDC","ZECUSDC","CLOAKBTC","PHXBTC","ADABTC","YOYOBTC","LENDBTC","ICNETH","HOTBTC","IOTXETH","CDTBTC","CDTETH","MTHBTC","POWRBNB","BCCETH","OSTETH","NCASHBNB","WTCBNB","BCPTETH","BTTPAX","XVGBTC","WINGSETH","VENUSDT","BTGETH","BNBUSDS","ARKETH","HSRBTC","TRIGBNB","WPRETH","XMRETH","CMTBTC","PHBBNB","SALTETH","KEYETH","IOTABNB","STEEMBNB","TFUELBTC","WINGSBTC","SCETH","VIBBTC","BLZBTC","GRSETH","BNTETH","QLCBNB","SYSBNB","GOBTC","AMBBNB","XLMPAX","BTSBNB","TFUELBNB","EDOETH","POEBTC","VENBNB","INSETH","XLMTUSD","BRDBNB","QTUMBNB","SALTBTC","AEBNB","ATOMUSDC","QSPBNB","TFUELUSDT","RCNETH","BQXETH","LENDETH","LOOMBNB","STEEMETH","AIONETH","DATABTC","OAXETH","CMTBNB","NANOETH","PAXETH","KNCETH","MFTBTC","AGIBTC","TNBETH","IOSTETH","TFUELTUSD","CLOAKETH","BCNBTC","ETCBNB","ATOMPAX","SUBETH","QTUMETH","TRIGBTC","USDSPAX","VIBEETH","XVGETH","NPXSETH","SYSETH","XZCXRP","QSPETH","BCHSVUSDT","DATAETH","IOSTBTC","REQBTC","ETCUSDC","ZENETH","XLMUSDC","BCCBNB","RDNETH","PHBBTC","SCBTC","ZRXBNB","DASHETH","BRDETH","MANAETH","NULSBNB","USDSUSDC","PHXETH","PHBUSDC","SNTETH","EVXETH","BATPAX","GNTETH","ONTBNB","NXSBTC","ETCTUSD","WPRBTC","WABIBNB","MTHETH","ARNETH","MFTETH","STRATETH","XZCETH","CHATBTC","BATUSDC","XEMETH","OMGBNB","IOSTBNB","OMGETH","GNTBNB","MCOETH","BTTBTC","WAVESUSDC","PIVXBNB","SKYETH","RENBNB","RCNBNB","MANABTC","DLTETH","NANOBNB","USDCBTC","DASHBNB","ICNBTC","SUBBTC","BCPTBNB","FUNBTC","CNDBTC","PHBTUSD","BCNBNB","DENTETH","WANBNB","APPCBNB","BCHSVBTC","HSRETH","POAETH","VIAETH","PIVXETH","TNBBTC","GTOBTC","RLCETH","TRXUSDC","TRXTUSD","CVCBNB","STORJETH","ZENBTC","SCBNB","SKYBNB","ARDRBTC","DNTETH","DOCKETH","POABTC","VENETH","KEYBTC","QLCBTC","LOOMETH","CNDBNB","STORMETH","HCBTC","GOBNB","LSKBNB","GXSETH","FUELBTC","RVNBTC","DLTBNB","BLZBNB","LUNETH","NASBNB","CNDETH","GTOBNB","BCCUSDT","AEETH","FUNETH","TUSDBTC","USDCBNB","BATTUSD","WABIETH","AMBETH","TRIGETH","ZECBNB","ZECTUSD","POWRETH","VIABNB","BCCBTC","RPXBTC","TUSDETH","WAVESPAX","OSTBNB","LSKETH","NEOUSDC","NAVBNB","ONTETH","BCHSVTUSD","ONGBNB","DGDETH","ETCPAX","MCOBNB","KMDETH","POEETH","NEBLBNB","ADAPAX","YOYOBNB","QLCETH","POABNB","LINKPAX","USDSUSDT","TFUELUSDC","RPXBNB","NXSBNB","YOYOETH","BCNETH","GXSBTC","TNTBTC","ZRXETH","RENBTC","SNMETH","MITHBTC","AGIBNB","NPXSBTC","ZENBNB","PAXBTC","DENTBTC","ENGETH","ZILBTC","LOOMBTC"]}