{"data":{"VIABTC":0.9651634305,"VETUSDT":0.9591344054,"LUNBTC":0.9556801193,"DLTBTC":0.9321408485,"GVTBTC":0.9126411756,"VETETH":0.8982738969,"MCOBTC":0.8977193143,"NEOBTC":0.8770400467,"NEOETH":0.8691140307,"VIBBTC":0.8533286186,"NEOUSDT":0.85049326,"AEBTC":0.8458320052,"VETBNB":0.8439389392,"RLCBTC":0.8341244676,"NEBLBTC":0.8288567207,"BLZBTC":0.7931169324,"NEOBNB":0.7767498973,"IOSTUSDT":0.7643749018,"TNTETH":0.7463643146,"LINKUSDT":0.7451157735,"QTUMUSDT":0.7390337442,"INSBTC":0.7359974731,"ICXUSDT":0.7335176315,"BCHABCUSDT":0.7254097704,"RDNBTC":0.7215486131,"NEOUSDC":0.7213649337,"GASBTC":0.7213448682,"HCBTC":0.7192157745,"NAVBTC":0.7035028647,"OMGUSDT":0.6996307474,"ARNBTC":0.6830361504,"ONTUSDT":0.6828691526,"ARDRBTC":0.674627628,"PPTBTC":0.6670536469,"ONTBNB":0.6448503883,"BTCUSDT":0.6393805584,"QTUMBTC":0.634727795,"ADATUSD":0.6345852245,"ZECUSDT":0.6342600279,"GXSBTC":0.6313006897,"BCHABCBTC":0.6297931261,"EDOBTC":0.6262544962,"BCPTBTC":0.6087152732,"EVXBTC":0.6013883773,"QTUMETH":0.5970718191,"BRDBTC":0.5950687112,"PHBBNB":0.5790401342,"LINKUSDC":0.5679327717,"LINKBTC":0.5493279618,"KNCBTC":0.5449468907,"ASTBTC":0.5379401757,"HCETH":0.5345895365,"CMTBTC":0.5332127648,"GXSETH":0.5280652764,"NEOTUSD":0.5247291179,"XRPUSDT":0.5239899831,"ETHPAX":0.5112755786,"ADAUSDT":0.508558783,"BTCUSDC":0.5059425354,"OMGBTC":0.4993655183,"ETHUSDT":0.4864435569,"BTCTUSD":0.4822107937,"FTMUSDT":0.4697585667,"XLMUSDT":0.4670787389,"XEMBTC":0.4670759833,"XRPUSDC":0.4616826597,"BTCPAX":0.4595060452,"RVNBTC":0.4557774111,"ZECBTC":0.4504689095,"ETHTUSD":0.45027568,"RCNBTC":0.4364765753,"CVCBTC":0.4315159797,"ONTBTC":0.4085419004,"ETHBTC":0.4077241901,"DGDBTC":0.3915560722,"BTCUSDS":0.3781307012,"OMGETH":0.3780618944,"BCHABCUSDC":0.368490666,"NANOUSDT":0.3601387626,"ICXETH":0.3305826737,"SKYBTC":0.3239088845,"XRPETH":0.3192900802,"ASTETH":0.3187756749,"BTGBTC":0.3128648045,"DCRBTC":0.3109241131,"XRPBTC":0.3104688229,"POWRBTC":0.304190261,"BCHABCPAX":0.3039212751,"FUELETH":0.2992886122,"LINKETH":0.2940205027,"XRPTUSD":0.2925548536,"BCHABCTUSD":0.2908395467,"DASHUSDT":0.2874429119,"ELFBTC":0.2860000688,"ETCUSDT":0.2758493062,"ETHUSDC":0.2739373754,"ONTETH":0.2681283105,"NULSBTC":0.2601969277,"DASHBTC":0.2537175535,"KMDBTC":0.2532740499,"YOYOBTC":0.2445557264,"SNMBTC":0.2419536637,"MFTETH":0.2409065468,"ARKBTC":0.2236796112,"TRXXRP":0.2118423058,"FTMBTC":0.2076193956,"BTTUSDT":0.2001115644,"OAXBTC":0.1962923473,"VIBEBTC":0.1961934534,"ADAUSDC":0.1933206848,"XZCBTC":0.1889451206,"LTCUSDT":0.1888807655,"BNBBTC":0.1837145032,"HOTUSDT":0.1834222195,"WABIBTC":0.179240072,"ICXBTC":0.1739031896,"USDCPAX":0.1726862772,"TRXUSDT":0.1723380257,"NANOBTC":0.1718463383,"WANBTC":0.1684426476,"XLMBTC":0.1645562206,"APPCBTC":0.1640459431,"ZECETH":0.1598157013,"LTCBTC":0.1588552211,"XRPPAX":0.1403936006,"ADABNB":0.1217355575,"ADABTC":0.1202334283,"STEEMBTC":0.11343457,"BNBETH":0.1131381722,"TRXUSDC":0.1076062637,"XLMETH":0.1028785574,"USDCTUSD":0.0935793778,"ZENBTC":0.0925531821,"THETABTC":0.0923460099,"MTLBTC":0.089293967,"IOTAETH":0.0836885481,"BNBUSDT":0.0780818567,"NASBTC":0.0738876871,"ADAETH":0.0716605943,"THETAUSDT":0.0631402369,"ATOMUSDT":0.0579370193,"MDABTC":0.0542258058,"USDCUSDT":0.0532791988,"XRPBNB":0.053164972,"FETBTC":0.0527560869,"FETUSDT":0.0417947984,"ETCBTC":0.0356011287,"TUSDUSDT":0.0282464345,"ENGBTC":0.0239078789,"WTCBTC":0.0197471953,"GNTBTC":0.0155315624,"TRXETH":0.0139024191,"XMRUSDT":0.0119648756,"STRATBTC":0.0064635322,"GRSBTC":0.0024285712,"XMRBTC":0.00139717,"LTCUSDC":0.0009787472,"LTCBNB":-0.0069326758,"WAVESETH":-0.0099815902,"NULSUSDT":-0.013036874,"ZILUSDT":-0.0154367814,"REPBTC":-0.0157397014,"BQXBTC":-0.0162639614,"WAVESBTC":-0.0257626058,"PAXTUSD":-0.0347559748,"MITHUSDT":-0.0356910605,"LTCETH":-0.037558902,"POLYBTC":-0.0423382897,"MITHBNB":-0.0501478723,"BCDBTC":-0.0526220572,"ATOMBTC":-0.0641940866,"ZRXBTC":-0.0667225828,"LOOMBTC":-0.0704858157,"XMRETH":-0.0712221884,"AGIBTC":-0.0801864882,"TRXTUSD":-0.0807568232,"HOTBNB":-0.0831056077,"TRXBNB":-0.093300237,"WAVESUSDT":-0.0952391171,"MITHBTC":-0.0961881093,"XMRBNB":-0.1011737975,"RVNBNB":-0.1138940905,"EOSTUSD":-0.1225503521,"BATETH":-0.1243108883,"CELRBNB":-0.1256773602,"XLMBNB":-0.1321664086,"PAXUSDT":-0.155179357,"LTCTUSD":-0.1571691654,"ENJUSDT":-0.1613531975,"FETBNB":-0.1667300392,"BTTBNB":-0.1727017757,"BNBPAX":-0.1803259561,"ZRXUSDT":-0.1885769566,"BNBTUSD":-0.1922038412,"AMBBTC":-0.1940133351,"CELRBTC":-0.1965786863,"PIVXBTC":-0.2015990698,"ATOMBNB":-0.2126877885,"EOSBTC":-0.2127736542,"MANABTC":-0.2198625465,"USDSUSDT":-0.2263954981,"BNBUSDC":-0.2296843445,"EOSBNB":-0.2326754626,"EOSUSDT":-0.2490141398,"TFUELUSDT":-0.2654914102,"SYSBTC":-0.3081038631,"BATUSDT":-0.3140492097,"ENJBTC":-0.3170766757,"IOTABTC":-0.3182321509,"ONEBTC":-0.3205927637,"ZILETH":-0.3301247739,"ZILBNB":-0.3337387716,"LSKBTC":-0.3397842996,"AIONBTC":-0.3468069689,"CELRUSDT":-0.3473106401,"EOSETH":-0.3573632432,"MATICBTC":-0.3736122093,"ONEUSDT":-0.3804450114,"ONEBNB":-0.3854841155,"MATICUSDT":-0.3895415817,"BATBTC":-0.4462506354,"EOSUSDC":-0.4538669231,"IOTABNB":-0.5251718075,"MATICBNB":-0.5269412705,"IOTAUSDT":-0.5294565895,"LTCPAX":-0.6028291062},"startDate":"2019-06-20","endDate":"2019-06-27","numDays":7,