{"data":{"ASTBTC":0.9357579655,"GRSBTC":0.9252861228,"PPTBTC":0.9064061754,"XVGETH":0.8981420633,"ENJBTC":0.8884926158,"DLTBTC":0.8619188466,"KNCBTC":0.8521034757,"POWRBTC":0.8447046977,"OAXBTC":0.8315682012,"APPCBTC":0.8136590165,"EDOBTC":0.8131537737,"NXSBTC":0.811340603,"ENJETH":0.7907995392,"WABIBTC":0.7902562794,"DGDBTC":0.7894001512,"RVNBTC":0.7826878726,"APPCETH":0.780976831,"BLZBTC":0.7706538199,"BCPTBTC":0.7607580143,"ENJBNB":0.7443550931,"LTCBTC":0.7421805636,"LTCUSDT":0.7383110044,"XLMUSDT":0.7380376775,"BCHSVBTC":0.7363188741,"EVXBTC":0.7325002957,"ADXBTC":0.7301855756,"LTCETH":0.725206546,"XLMTUSD":0.7179976505,"BATBTC":0.7115619211,"ARNBTC":0.7104329779,"LUNBTC":0.7089875166,"RDNBTC":0.7067032729,"LTCTUSD":0.6900336681,"NEBLBTC":0.6899489762,"XLMETH":0.6892010635,"REPBTC":0.6856165685,"PHXBTC":0.6724783408,"ARNETH":0.6700219821,"VIABTC":0.6691532409,"RVNBNB":0.6617047313,"ICXBTC":0.6598406758,"LSKBTC":0.6537050237,"BATETH":0.6533157447,"PHXETH":0.643333769,"STRATBTC":0.6355001383,"STORJBTC":0.6337629824,"BNBBTC":0.599227121,"BTTUSDT":0.5972219487,"PIVXBTC":0.583598453,"KNCETH":0.5835926065,"LOOMBTC":0.5827404758,"MDABTC":0.568961409,"ZENBTC":0.5668342232,"HOTETH":0.5621400734,"PHXBNB":0.5607826018,"BNTBTC":0.5460480182,"WTCBTC":0.5433088666,"BQXBTC":0.5407044665,"FETBTC":0.5331387795,"ICXETH":0.5305107808,"ICXUSDT":0.5203321909,"NULSBTC":0.5177279454,"INSBTC":0.5135596499,"BCDBTC":0.5033631908,"BCHSVUSDT":0.503082234,"BNBETH":0.5029616712,"BNBUSDC":0.5016327144,"LINKBTC":0.4858854719,"STEEMBTC":0.4775129062,"HOTUSDT":0.4725676707,"FETUSDT":0.4643264758,"ONTBTC":0.4639187778,"POLYBTC":0.459084207,"USDCTUSD":0.4467396998,"GXSBTC":0.4451317449,"BNBUSDT":0.4286274407,"LOOMBNB":0.4064796394,"FETBNB":0.3965409161,"BRDBTC":0.3964909321,"RLCBTC":0.3891864716,"MFTETH":0.3811509347,"LOOMETH":0.3691450712,"NEOTUSD":0.3691394825,"NASBTC":0.3613104101,"XRPUSDC":0.3594331455,"LINKUSDT":0.3569632804,"XLMBNB":0.3526847731,"NEOETH":0.340503893,"ENGBTC":0.3394687837,"THETABTC":0.3352075855,"XRPTUSD":0.3279061877,"FUELETH":0.3111059225,"QTUMUSDT":0.3001259969,"AIONBTC":0.2961630393,"EOSTUSD":0.285497947,"TNBETH":0.2810139369,"EOSUSDC":0.2772481928,"THETABNB":0.2757639483,"QTUMBTC":0.273189287,"EOSUSDT":0.2665594246,"NANOBTC":0.2492337749,"NEOUSDT":0.2289650006,"ETHPAX":0.1999943404,"EOSPAX":0.1996801285,"NEOBTC":0.1964358723,"ONGBTC":0.1793065103,"EOSBTC":0.1768974359,"BATBNB":0.1651792038,"EOSETH":0.1580023631,"BTTBNB":0.1445287327,"XRPBTC":0.1417470829,"ETHUSDT":0.1412453567,"TUSDBTC":0.1380716648,"HOTBNB":0.1370802896,"XZCBTC":0.1338925464,"ONTETH":0.1325888401,"LINKETH":0.1313962844,"XMRBTC":0.1258486082,"EOSBNB":0.1228237125,"BTCUSDS":0.1228009829,"GVTBTC":0.1124455654,"MTLBTC":0.1047617417,"GASBTC":0.1017363879,"ONTUSDT":0.0960404456,"XRPBNB":0.0912601549,"NEOBNB":0.0880287046,"ONGUSDT":0.0770175944,"ZRXUSDT":0.0729562275,"WANBTC":0.0610674882,"ARKBTC":0.0484264695,"PAXTUSD":0.0480454607,"LTCUSDC":0.045977292,"TRXBNB":0.0453007739,"ICXBNB":0.0453006931,"BNBPAX":0.0409960545,"LTCBNB":0.0392245067,"ETHBTC":0.0355852451,"ETCETH":0.0208914894,"TUSDBNB":0.0199732674,"BTCPAX":0.0178828936,"THETAETH":0.0118864745,"BTCUSDC":-0.0001606223,"SKYBTC":-0.0113323808,"XRPUSDT":-0.0180606113,"ADABNB":-0.0208443747,"BCHABCUSDT":-0.0211013178,"ZRXBTC":-0.0305726501,"BTCUSDT":-0.0395981994,"IOTAETH":-0.0510415939,"DASHBTC":-0.0585753902,"ADAETH":-0.0600009607,"IOTABTC":-0.0606553478,"XRPETH":-0.0630087267,"ZILUSDT":-0.063192708,"ETCBTC":-0.0636066003,"OMGBTC":-0.0657416669,"OMGETH":-0.0671331159,"AEBTC":-0.0803075028,"BCHABCTUSD":-0.0890287929,"ZECBTC":-0.0897505303,"ETCUSDT":-0.0953863287,"ADAUSDT":-0.0955275713,"ETHUSDC":-0.1007307008,"ELFBTC":-0.1039757732,"BTGBTC":-0.1047352659,"ONTBNB":-0.1295076926,"USDCUSDT":-0.137063535,"VETETH":-0.1390055996,"MCOBTC":-0.1394508767,"VETUSDT":-0.1514498972,"USDCPAX":-0.220786213,"ZECETH":-0.2354680157,"WAVESBTC":-0.2387862531,"BCHABCBTC":-0.2395710941,"TRXXRP":-0.2420761144,"USDSPAX":-0.2660956902,"HCBTC":-0.2787608396,"TRXETH":-0.2824730356,"IOTAUSDT":-0.2881077543,"WAVESUSDT":-0.3060523392,"DCRBTC":-0.3331290459,"PAXUSDT":-0.4106296037,"KMDBTC":-0.4267134411,"TUSDUSDT":-0.4309822473,"TRXUSDT":-0.4425281165,"XRPPAX":-0.5120637277,"TUSDETH":-0.5300959969,"TRXTUSD":-0.5720250403},"startDate":"2019-03-01","endDate":"2019-03-08","numDays":7,"excludedPairs":["BCCUSDT","SUBETH","BCNBNB","ZENBNB","ADXBNB","WAVESUSDC","NULSETH","AGIBTC","DCRBNB","LRCETH","ZRXBNB","NULSUSDT","AEBNB","RDNBNB","ONGBNB","LINKPAX","ADXETH","DNTETH","AMBBTC","ZILBNB","VIBETH","XEMBTC","CMTBNB","BLZETH","WAVESPAX","SUBBTC","IOTXBTC","CMTETH","NEBLETH","NXSBNB","BNBUSDS","DATAETH","TNTETH","SNGLSETH","RLCBNB","MCOETH","ZENETH","ENGETH","VETBNB","SKYBNB","HCETH","RDNETH","MTHETH","CVCBTC","LUNETH","NANOBNB","SNTBTC","ADATUSD","BCCBNB","STORMBTC","RCNETH","TRXUSDC","BRDBNB","LENDBTC","VIBEETH","AGIBNB","TRIGETH","QSPBNB","POWRBNB","SYSETH","SKYETH","QKCETH","XMRETH","GTOBNB","USDCBTC","CHATBTC","AIONETH","BCNBTC","CLOAKETH","BCCBTC","POEETH","DATABTC","MFTBNB","BCNETH","ARDRBNB","AGIETH","XVGBTC","MCOBNB","TNTBTC","MITHBNB","SCBTC","KMDETH","BCPTBNB","SYSBTC","QSPBTC","LRCBTC","NAVETH","BQXETH","BCDETH","TRIGBTC","ZILBTC","PAXBNB","WABIBNB","WAVESTUSD","MANAETH","ZILETH","POABNB","NAVBTC","AIONBNB","VENETH","RPXBTC","VIABNB","OAXETH","CLOAKBTC","BTTBTC","XZCBNB","OSTBTC","NASETH","NANOETH","XLMPAX","FUELBTC","IOTXETH","BTTPAX","TRXPAX","REPETH","LTCPAX","DGDETH","SCETH","NCASHBNB","HSRETH","KEYBTC","PPTETH","BTGETH","REPBNB","CNDBNB","ETCBNB","XZCXRP","QLCBTC","DENTETH","LINKTUSD","DOCKETH","BTTTUSD","WINGSETH","EVXETH","BTSBTC","AEETH","WTCBNB","GNTBTC","NPXSBTC","LSKBNB","ARKETH","DLTETH","RENBNB","DNTBTC","AMBBNB","PIVXBNB","STEEMBNB","VENBNB","FUNBTC","STEEMETH","NAVBNB","POAETH","HOTBTC","WANBNB","RPXBNB","BCPTETH","GNTETH","SNMETH","NCASHBTC","MTHBTC","XEMETH","ZRXETH","YOYOBTC","PAXETH","RCNBNB","RENBTC","BTSETH","BTTUSDC","MDAETH","SCBNB","WAVESBNB","STORMETH","DENTBTC","YOYOETH","WPRETH","CMTBTC","SALTETH","SNGLSBTC","BCHSVTUSD","STORJETH","VIBBTC","POEBTC","GVTETH","WAVESETH","VIBEBTC","CDTBTC","NPXSETH","BLZBNB","LENDETH","MFTBTC","ARDRBTC","BCHABCPAX","TNBBTC","BNTETH","STORMBNB","POLYBNB","PIVXETH","FUNETH","QLCETH","MODETH","GOBTC","BCHABCUSDC","YOYOBNB","BCHSVPAX","WPRBTC","NEBLBNB","USDSUSDT","SYSBNB","NASBNB","SNMBTC","USDCBNB","POABTC","BTSBNB","CNDETH","PAXBTC","VENUSDT","INSETH","CVCETH","REQBTC","MITHBTC","DASHETH","CVCBNB","SNTETH","ARDRETH","USDSUSDC","LSKETH","ELFETH","LINKUSDC","SALTBTC","KEYETH","TRXBTC","STRATETH","GTOETH","XZCETH","WANETH","XEMBNB","XLMUSDC","VIAETH","OSTBNB","RLCETH","GNTBNB","MTLETH","DLTBNB","IOSTBTC","VENBTC","WINGSBTC","CHATETH","NXSETH","RPXETH","MODBTC","GTOBTC","HSRBTC","MANABTC","RCNBTC","GRSETH","GXSETH","NULSBNB","BATUSDT","EDOETH","VETBTC","CNDBTC","APPCBNB","QTUMBNB","REQETH","GOBNB","QTUMETH","QKCBTC","WABIETH","BRDETH","USDSTUSD","CDTETH","IOSTETH","POWRETH","BCCETH","ICNBTC","NCASHETH","DOCKBTC","ADABTC","ICNETH","TRIGBNB","XLMBTC","OSTETH","IOTABNB","ASTETH","QSPETH","BCHSVUSDC","WTCETH","QLCBNB","AMBETH"]}