{"data":{"BTGBTC":0.9893459728,"WTCBTC":0.9745707837,"BTCPAX":0.9718637942,"BCHABCUSDT":0.9683753124,"MITHBTC":0.9676935465,"ETHUSDT":0.9613137441,"GASBTC":0.9580055331,"ETHBTC":0.9576467098,"ARKBTC":0.9567433971,"BTCUSDT":0.9555711377,"ETHPAX":0.9531318649,"OMGETH":0.9513258,"TRXUSDT":0.9503979707,"ARKETH":0.949370574,"XRPUSDT":0.9470477658,"POWRBTC":0.9452795737,"NEBLBTC":0.944803739,"EOSUSDT":0.9430593637,"ADAUSDT":0.9412614962,"ENGBTC":0.9399659629,"ARNBTC":0.9383760734,"BCHABCBTC":0.9339736041,"GNTBTC":0.9258030101,"BCDBTC":0.9246666702,"XRPBTC":0.9229146107,"GXSBTC":0.9169827804,"ARNETH":0.915504459,"LSKBTC":0.9108401188,"ELFBTC":0.9098520979,"LUNBTC":0.9094440532,"EOSETH":0.9059161428,"VETUSDT":0.9017991606,"RDNBTC":0.9004173119,"GVTBTC":0.8911025204,"EOSBTC":0.8880475996,"OMGBTC":0.8740511273,"PIVXBTC":0.8720932732,"VETETH":0.8720008405,"IOTABTC":0.8686454429,"KMDETH":0.867139642,"STORJETH":0.8656465663,"STORJBTC":0.8612392868,"REPBTC":0.8597637172,"KNCBTC":0.8545701167,"XRPUSDC":0.8508247446,"CVCBTC":0.8507329371,"AEBTC":0.8505518152,"ADXBTC":0.8471509608,"TRXETH":0.8406463431,"APPCBTC":0.8397245862,"ELFETH":0.8397140177,"RDNETH":0.8346648088,"GRSBTC":0.8319258423,"NEOUSDT":0.8303154381,"KMDBTC":0.8278276181,"XRPTUSD":0.8215844338,"ETCUSDT":0.8154113065,"ONTUSDT":0.8105447054,"EOSTUSD":0.8104403402,"APPCETH":0.8061822417,"IOTAUSDT":0.8061530565,"FUELETH":0.8014379637,"XRPETH":0.798617087,"ICXBTC":0.7978909311,"ETHUSDC":0.7948425635,"ICXETH":0.7923590828,"NULSUSDT":0.7855655118,"POLYBTC":0.7841108509,"BATBTC":0.782261288,"NASBTC":0.782091784,"QTUMBTC":0.778779937,"TRXXRP":0.7778734531,"MCOBTC":0.7771482062,"TUSDBTC":0.770458375,"LINKBTC":0.7672238138,"BATETH":0.767121849,"NEOETH":0.7660783914,"EOSUSDC":0.7641498847,"MCOETH":0.7633966707,"NULSBTC":0.7605299765,"WAVESTUSD":0.7589926016,"EDOBTC":0.7559540507,"BTCUSDS":0.7516112566,"NANOETH":0.7494334067,"ONTETH":0.7448143861,"EOSPAX":0.7418359836,"ONTBTC":0.738827974,"ICXUSDT":0.738140946,"XLMETH":0.7275229212,"XEMBTC":0.7268217581,"MDABTC":0.7182324143,"XZCBTC":0.7157614124,"NEOTUSD":0.7151750748,"QTUMUSDT":0.7123163365,"WAVESBTC":0.7080154456,"LINKUSDT":0.704313047,"STEEMBTC":0.7042192002,"LTCETH":0.6944425655,"WAVESUSDT":0.6913356208,"ADAETH":0.6881243595,"THETAETH":0.676008749,"BQXBTC":0.6701460378,"ETCBTC":0.6699533168,"ENJETH":0.6567288414,"XRPPAX":0.6557877166,"NAVBTC":0.6536013696,"LTCUSDT":0.6523410319,"NEOBTC":0.6379725063,"PPTBTC":0.6353444978,"NANOBTC":0.6303908396,"STRATBTC":0.6281963751,"LTCUSDC":0.6248188121,"BNBETH":0.6158779486,"ADATUSD":0.6133971517,"SKYBTC":0.6015562164,"AIONBTC":0.5987421631,"USDCTUSD":0.5973406425,"BCHSVUSDT":0.5903438048,"WANBTC":0.5877196689,"ONTBNB":0.5831349737,"IOTAETH":0.5744699507,"HCBTC":0.5660192601,"ZECBTC":0.5641149783,"BNBUSDT":0.5630482225,"WABIBTC":0.5459436224,"LTCTUSD":0.530873274,"WAVESETH":0.530807609,"DASHETH":0.5190545458,"EVXBTC":0.5155705177,"BCHABCTUSD":0.5085649209,"EOSBNB":0.504368134,"LTCBTC":0.4973630292,"XMRETH":0.4929155056,"BNBPAX":0.4731349547,"BNBBTC":0.4702091172,"ZILETH":0.4629247743,"ZENBTC":0.4626988399,"THETABNB":0.4537470104,"XLMUSDT":0.4518156547,"DASHBTC":0.4411840139,"BTCUSDC":0.436609732,"BCHSVBTC":0.4199753671,"TRXTUSD":0.4165692362,"LINKTUSD":0.4162717532,"BCHSVTUSD":0.3977878608,"DCRBTC":0.3935531892,"MTLBTC":0.3555977172,"XMRBTC":0.3527526051,"THETABTC":0.3489427953,"NXSBTC":0.3428558585,"ZRXBTC":0.3110298137,"BTTBNB":0.2832998491,"USDCUSDT":0.2519998198,"USDCPAX":0.2407251702,"LINKETH":0.2182495073,"PAXUSDT":0.2025285544,"TUSDBNB":0.1689861263,"OAXBTC":0.11068597,"NEOBNB":0.0567272003,"PAXTUSD":0.0111803755,"ADABNB":0.0038970904,"XLMBNB":0.002009146,"XRPBNB":-0.0215117227,"TUSDUSDT":-0.1402169598,"XLMPAX":-0.2513230878,"DLTBTC":-0.262130145,"ZECETH":-0.2630562372,"CLOAKBTC":-0.3051939309,"TUSDETH":-0.3142410988,"LTCBNB":-0.3211019019,"INSBTC":-0.3414868638,"MODBTC":-0.4049301277,"WINGSBTC":-0.4443829078,"TRXBNB":-0.4507779667,"SUBBTC":-0.4630968487,"XLMUSDC":-0.4817647654,"SALTBTC":-0.4836931981,"XLMTUSD":-0.4852729989,"BTTUSDT":-0.5227330167,"DGDBTC":-0.8139481707,"BNBUSDC":-0.8148900349},"startDate":"2019-02-12","endDate":"2019-02-19","numDays":7,"excludedPairs":["EVXETH","WTCBNB","GVTETH","USDSTUSD","IOSTETH","BATBNB","LRCETH","IOSTBTC","LSKBNB","TNBBTC","POWRBNB","HOTUSDT","ARDRBNB","LSKETH","RPXBTC","ENJBTC","WPRETH","STRATETH","ZENBNB","SCBTC","USDSUSDT","CNDBNB","GOBTC","CHATBTC","NULSETH","OSTBNB","RPXBNB","DNTETH","PPTETH","IOTXETH","DATABTC","SKYBNB","LENDBTC","GTOBTC","QLCETH","WABIETH","VENUSDT","VENBNB","GOBNB","BTTBTC","HSRETH","BTSETH","CLOAKETH","SNTETH","DNTBTC","WABIBNB","BCPTBNB","RCNBNB","BCPTBTC","LENDETH","DENTBTC","ETCETH","EDOETH","STORMBTC","CDTETH","VIBETH","RDNBNB","KEYETH","SNGLSBTC","USDCBNB","ASTETH","PHXBNB","VIAETH","DENTETH","HCETH","RCNBTC","RVNBTC","GXSETH","PHXETH","STORMETH","TNTETH","MFTETH","XEMBNB","QSPBTC","WINGSETH","NXSETH","LRCBTC","IOTABNB","PIVXBNB","TRIGETH","LOOMBNB","FUNBTC","OSTBTC","RVNBNB","MFTBTC","ONGBNB","ICNETH","BQXETH","AGIBTC","DOCKBTC","BCCETH","QKCETH","BTSBTC","POWRETH","SNMBTC","PAXBNB","NEBLETH","DATAETH","RLCETH","BTSBNB","HSRBTC","ARDRBTC","STORMBNB","ENGETH","USDSPAX","BCHSVPAX","YOYOETH","QLCBTC","BCPTETH","ONGUSDT","TRXPAX","GNTETH","BCCBTC","POLYBNB","PIVXETH","VIBBTC","YOYOBNB","NPXSBTC","AIONETH","ZILBNB","BLZBNB","AEBNB","GTOBNB","BCDETH","PAXETH","INSETH","LINKPAX","BCCUSDT","DLTETH","MANAETH","XZCXRP","YOYOBTC","NAVBNB","AMBBNB","NASETH","REPBNB","BNBUSDS","ICNBTC","ZRXETH","ETCBNB","CVCETH","XVGETH","TRXBTC","APPCBNB","HOTETH","IOTXBTC","NPXSETH","BCHSVUSDC","NAVETH","MANABTC","TNBETH","POABNB","REQBTC","BCNBNB","XVGBTC","BTTUSDC","SNTBTC","REQETH","BLZETH","MODETH","NCASHETH","CMTBNB","NEBLBNB","SYSETH","WAVESPAX","SCETH","AIONBNB","SUBETH","TRIGBTC","DLTBNB","ADXETH","AMBBTC","CNDETH","RPXETH","ZENETH","BTTTUSD","BCHABCPAX","VETBTC","STEEMETH","VENETH","HOTBNB","QSPETH","VIBEBTC","SNMETH","FUELBTC","RLCBNB","REPETH","LINKUSDC","TRIGBNB","RENBTC","ASTBTC","STEEMBNB","OSTETH","NANOBNB","CMTETH","ICXBNB","VIABTC","CMTBTC","POEETH","ARDRETH","NCASHBNB","AEETH","CDTBTC","GTOETH","BCHABCUSDC","WANBNB","QSPBNB","XEMETH","BCNETH","VENBTC","RENBNB","SNGLSETH","NXSBNB","ZILBTC","POABTC","ADXBNB","BRDBNB","GRSETH","LOOMETH","PHXBTC","BCCBNB","BNTETH","QLCBNB","SYSBTC","FUNETH","CVCBNB","AMBETH","CNDBTC","OAXETH","WTCETH","MFTBNB","SYSBNB","BRDBTC","MITHBNB","VIBEETH","MTLETH","USDCBTC","DGDETH","HOTBTC","RLCBTC","TNTBTC","KNCETH","XZCBNB","VETBNB","ENJBNB","BTTPAX","SALTETH","CHATETH","WANETH","AGIETH","MTHETH","AGIBNB","MTHBTC","DOCKETH","SCBNB","LOOMBTC","NASBNB","SKYETH","ADABTC","QTUMBNB","RCNETH","TRXUSDC","BTGETH","WAVESBNB","KEYBTC","LUNETH","GNTBNB","USDSUSDC","LTCPAX","QKCBTC","DCRBNB","WAVESUSDC","XLMBTC","BCNBTC","POEBTC","NULSBNB","BRDETH","BLZBTC","XZCETH","PAXBTC","ONGBTC","MCOBNB","BNTBTC","WPRBTC","QTUMETH","VIABNB","NCASHBTC","MDAETH","POAETH"]}