{"data":{"WABIBTC":0.9709928004,"NULSUSDT":0.9658959202,"REPETH":0.9571784613,"VIABTC":0.9476231399,"ELFBTC":0.9415028714,"NULSBTC":0.9394214379,"LINKBTC":0.9373609704,"WAVESUSDT":0.9315046364,"REPBTC":0.9269645918,"RLCBTC":0.9233305861,"WAVESETH":0.9206886668,"XLMPAX":0.9114902706,"GRSBTC":0.9082136857,"KMDBTC":0.9079572464,"GXSBTC":0.9066185139,"ADXBTC":0.9055151576,"NEOTUSD":0.9047567376,"GVTBTC":0.9035275488,"THETAETH":0.9011778118,"MTLBTC":0.9011217327,"GVTETH":0.8994345848,"BCPTETH":0.8920525487,"WAVESBTC":0.8909898381,"RDNBTC":0.8869511933,"HCBTC":0.8860524484,"DGDBTC":0.8788533451,"WINGSETH":0.8754153749,"BNBUSDT":0.8696887359,"THETABTC":0.8689376656,"WINGSBTC":0.8676873591,"GASBTC":0.8645960319,"BNTBTC":0.8636830287,"NANOBTC":0.8596767533,"ZENBTC":0.8588840383,"LUNBTC":0.8529409651,"AGIBTC":0.8515523295,"STRATBTC":0.8466527561,"ARNETH":0.839769934,"BQXETH":0.837045176,"CLOAKBTC":0.836586023,"PIVXBTC":0.8337519362,"BQXBTC":0.830729317,"NEOBTC":0.8273986761,"BNBUSDC":0.8218213254,"STORJBTC":0.8166952311,"DLTBTC":0.8165532764,"LUNETH":0.8153673696,"BCDBTC":0.8116224148,"ARNBTC":0.8103376376,"ZRXBTC":0.8073408276,"WAVESTUSD":0.8005059804,"ZRXETH":0.797640463,"LRCETH":0.7961004072,"ETHUSDC":0.7954952621,"LINKUSDT":0.7953081616,"POWRBTC":0.7932982164,"BTGBTC":0.7902295393,"MCOBTC":0.7767425729,"DLTETH":0.7728932462,"MDABTC":0.7680427929,"INSBTC":0.7632681981,"LINKETH":0.7628754861,"SALTBTC":0.7518415194,"ONTETH":0.7466383788,"NANOETH":0.7420112315,"KNCBTC":0.7267780691,"AEETH":0.726705629,"HOTETH":0.7236710366,"FUNETH":0.7213853454,"XLMUSDT":0.7213060813,"BCHABCUSDT":0.7080287738,"OAXBTC":0.7047852498,"CMTETH":0.7012113091,"ONTBTC":0.6997225825,"NEOETH":0.6957295465,"AEBTC":0.6937151988,"ADAETH":0.6811868717,"PPTBTC":0.6810451492,"XRPPAX":0.6714630291,"OAXETH":0.6704358559,"NEBLBTC":0.651232347,"ONTUSDT":0.6507501037,"EDOBTC":0.646256021,"XZCBTC":0.6444731336,"LRCBTC":0.6437736489,"ARKBTC":0.6381102773,"XLMTUSD":0.6281658291,"OMGBTC":0.6250914586,"XLMUSDC":0.624891413,"WTCBTC":0.6180404679,"MODBTC":0.6147428782,"STEEMBTC":0.6101368356,"GTOETH":0.6092662498,"AIONBTC":0.6089725706,"NAVBTC":0.5950655673,"BRDBTC":0.5914195226,"ETHPAX":0.583848284,"ZILETH":0.5760672297,"ENGBTC":0.5737697275,"BCHABCBTC":0.5581285161,"TUSDBNB":0.555200668,"EOSUSDC":0.5521251434,"XRPBTC":0.5462698652,"ETCETH":0.5284487064,"ETHUSDT":0.5239737509,"POLYBTC":0.5075976675,"SKYBTC":0.494572047,"TUSDBTC":0.4710048949,"EVXBTC":0.4668505701,"NXSBTC":0.4637543963,"BNBBTC":0.4462752964,"NEOUSDT":0.4445755636,"LTCBTC":0.4246781991,"ZECBTC":0.4119419974,"LINKUSDC":0.4073139528,"XRPUSDT":0.3877707351,"XLMETH":0.3853944486,"VETETH":0.3820741788,"LSKBTC":0.3743891243,"XLMBTC":0.363866593,"ETCBTC":0.3500627716,"BCHSVUSDT":0.3475470631,"ADAUSDT":0.3467659229,"TRXXRP":0.3385165454,"PAXTUSD":0.3213847647,"VETUSDT":0.3171356284,"BATBTC":0.2906283312,"XMRBTC":0.284109371,"LINKTUSD":0.2792602197,"ADATUSD":0.2704481823,"XRPETH":0.2696056359,"BNBETH":0.2692467184,"TRXTUSD":0.2640830733,"NASBTC":0.26205651,"DCRBTC":0.2436863209,"DASHBTC":0.2377405501,"IOTAETH":0.2049597714,"BCHSVBTC":0.1937056335,"LTCUSDT":0.1574415867,"XRPBNB":0.1567594596,"ICXUSDT":0.1425838069,"QTUMBTC":0.12752651,"XRPUSDC":0.1169984277,"EVXETH":0.1160053016,"ETCUSDT":0.096936112,"WANBTC":0.0847629571,"TRXUSDT":0.0599275421,"TRXBNB":0.0315415689,"ETHBTC":0.0183944568,"TRXETH":-0.0094574424,"BTCPAX":-0.0123011034,"ICXBTC":-0.021463955,"BTCUSDT":-0.0468846194,"BNBPAX":-0.0622048372,"IOTABTC":-0.0653414268,"LTCBNB":-0.0814227041,"LTCETH":-0.1561140817,"EOSBTC":-0.1569437478,"BTCUSDC":-0.1771918238,"IOTAUSDT":-0.1894950245,"QTUMUSDT":-0.1982822586,"XRPTUSD":-0.278013098,"XMRETH":-0.3010122672,"TUSDETH":-0.3065483303,"TUSDUSDT":-0.4259189315,"USDCUSDT":-0.4506104628,"USDCTUSD":-0.4815540626,"PAXUSDT":-0.4864438889,"USDCPAX":-0.5007411175,"EOSPAX":-0.5382397372,"EOSUSDT":-0.6157749646,"EOSETH":-0.7481252305,"DNTETH":-0.7657547559},"startDate":"2019-01-20","endDate":"2019-01-27","numDays":7,"excludedPairs":["INSETH","CVCBTC","KEYBTC","CNDBNB","REQBTC","RDNBNB","QLCETH","XVGETH","LTCTUSD","FUELETH","CDTETH","KEYETH","LOOMETH","GTOBTC","BCDETH","RLCETH","HSRETH","EDOETH","QLCBNB","ARKETH","LENDBTC","POEBTC","ZECETH","BLZBTC","SNTBTC","RCNBNB","BCHSVPAX","NXSBNB","BRDETH","WPRETH","BTSETH","OSTBTC","BLZBNB","QSPETH","POABTC","SYSBTC","STEEMETH","BNTETH","APPCBNB","YOYOETH","CLOAKETH","DCRBNB","RVNBNB","WTCBNB","NASETH","XEMBTC","WAVESPAX","XVGBTC","USDCBTC","SKYBNB","DOCKBTC","STORMBTC","ZENETH","SNMBTC","APPCBTC","HCETH","ADABTC","CMTBNB","WABIBNB","BATBNB","QTUMBNB","BCNBNB","PHXBTC","PAXBNB","ENGETH","MTHBTC","NANOBNB","ICNETH","MDAETH","NULSETH","XEMBNB","ARDRBNB","MFTETH","AMBETH","LTCUSDC","RENBNB","CNDBTC","RVNBTC","RLCBNB","IOTABNB","POAETH","LENDETH","AIONETH","AGIBNB","VIBETH","XZCXRP","ENJBTC","GNTETH","TRIGBTC","NPXSETH","RCNETH","STORMETH","STRATETH","NEBLETH","DGDETH","GRSETH","VIBBTC","QKCETH","WANETH","WPRBTC","PIVXETH","STORJETH","SNMETH","CVCBNB","DLTBNB","CHATETH","TRIGBNB","SUBETH","QSPBNB","POWRETH","MITHBTC","SYSBNB","XZCETH","MTLETH","ARDRBTC","GOBTC","BCPTBTC","ARDRETH","SNGLSBTC","CVCETH","RCNBTC","ICXETH","MCOETH","STEEMBNB","MTHETH","VIBEETH","POLYBNB","XEMETH","RPXBTC","VENETH","HOTBTC","QTUMETH","FUELBTC","MFTBTC","POWRBNB","LOOMBNB","OSTBNB","ADXETH","SCBNB","VETBTC","WAVESUSDC","NCASHBTC","BCPTBNB","TNTBTC","LOOMBTC","DNTBTC","BATETH","ADABNB","ENJBNB","POEETH","CDTBTC","RDNETH","ELFETH","IOTXETH","DOCKETH","TNTETH","LTCPAX","CHATBTC","TRXUSDC","THETABNB","IOSTBTC","SALTETH","VETBNB","MANABTC","DATABTC","GXSETH","TRIGETH","YOYOBTC","WAVESBNB","KNCETH","PPTETH","MFTBNB","RENBTC","TRXBTC","KMDETH","LSKBNB","WABIETH","SKYETH","ADXBNB","PIVXBNB","MANAETH","VENUSDT","ASTETH","BCCBNB","PAXBTC","AGIETH","NAVBNB","DENTETH","VIBEBTC","SCBTC","WTCETH","NULSBNB","CMTBTC","PAXETH","ZILBNB","BCHSVTUSD","BCCETH","BRDBNB","BTSBNB","BLZETH","OMGETH","BCHSVUSDC","ASTBTC","IOTXBTC","LSKETH","NASBNB","BCNBTC","DASHETH","CNDETH","SYSETH","SNGLSETH","BCHABCTUSD","WANBNB","BCHABCUSDC","USDCBNB","TNBBTC","RPXETH","QLCBTC","GNTBNB","BCHABCPAX","ZILBTC","NCASHETH","AMBBNB","ZENBNB","SCETH","YOYOBNB","ONTBNB","ICXBNB","REQETH","AMBBTC","PHXETH","ENJETH","DENTBTC","RPXBNB","GOBNB","MODETH","APPCETH","AEBNB","STORMBNB","BCCUSDT","VENBNB","ICNBTC","BTSBTC","SUBBTC","SNTETH","POABNB","NCASHBNB","OSTETH","GNTBTC","LINKPAX","XLMBNB","EOSBNB","GTOBNB","NEOBNB","VIABNB","NXSETH","QSPBTC","ETCBNB","TNBETH","DATAETH","BCCBTC","NAVETH","BCNETH","HSRBTC","BTGETH","PHXBNB","NPXSBTC","FUNBTC","MCOBNB","EOSTUSD","NEBLBNB","VENBTC","TRXPAX","AIONBNB","XZCBNB","QKCBTC","MITHBNB","REPBNB","VIAETH","IOSTETH"]}