{"data":{"BTGBTC":0.9697740385,"NXSBTC":0.9126562498,"LUNBTC":0.8947714488,"LRCETH":0.8911701517,"STEEMBTC":0.8370492741,"NAVBTC":0.8335906335,"DUSKBTC":0.828974804,"DUSKUSDT":0.8273379478,"DUSKUSDC":0.8200780413,"DUSKBNB":0.8013133551,"COSUSDT":0.7899615251,"VIABTC":0.7895489036,"BCPTUSDC":0.7700238589,"WINUSDT":0.7673577929,"RDNBTC":0.7521969043,"ENJUSDT":0.7383082917,"WINUSDC":0.7201118501,"BCPTETH":0.7113857044,"RVNBNB":0.7104598629,"KMDBTC":0.7093890361,"WINBNB":0.6903511488,"USDCPAX":0.684938413,"CELRUSDT":0.6677125943,"GTOUSDT":0.6634586719,"WANBTC":0.6484597206,"COSBNB":0.6481505878,"ENJBTC":0.6439939336,"HOTUSDT":0.6325064124,"LINKUSDT":0.6237863004,"BRDBTC":0.6214019422,"EVXBTC":0.6197836496,"TUSDUSDT":0.6156235286,"HOTBNB":0.6061450264,"DASHETH":0.6030418214,"GVTBTC":0.5915575273,"CELRBNB":0.5910069848,"USDCUSDT":0.5867072423,"ELFETH":0.5864835255,"MATICBNB":0.5809733258,"PAXUSDT":0.575674212,"MATICUSDT":0.5707707364,"ZILUSDT":0.5675248091,"LINKBTC":0.5316931503,"ZENBTC":0.5256643809,"ZECUSDT":0.5225097141,"NEBLBTC":0.5171643443,"ANKRBNB":0.5133375332,"DASHBTC":0.4843925964,"BRDBNB":0.4739217174,"ZILBNB":0.4656834469,"ZECBTC":0.4535043914,"TFUELUSDT":0.4453371706,"THETAETH":0.4334483722,"ENJBNB":0.426659042,"ZILETH":0.4263860614,"BCDBTC":0.4133119176,"WTCBTC":0.4035834675,"GRSBTC":0.4002766609,"ARNBTC":0.3928463415,"BCHABCPAX":0.3922077523,"MDABTC":0.3891216109,"MITHUSDT":0.386771525,"THETABTC":0.386040086,"VETUSDT":0.3708997337,"DASHUSDT":0.3708263914,"NANOUSDT":0.3662171285,"VETBNB":0.3659625111,"ONEUSDT":0.3407991989,"DGDBTC":0.3321296891,"ENGBTC":0.3299333981,"NEOETH":0.2964149253,"ALGOBTC":0.2898447714,"IOSTUSDT":0.2888269774,"LSKBTC":0.2842483768,"MTLBTC":0.2837901302,"ANKRUSDT":0.2779182843,"BCHABCBTC":0.2735226356,"ETCBTC":0.2714129675,"ENJETH":0.2621074773,"EDOBTC":0.2584346361,"XZCBTC":0.2539260161,"ERDBNB":0.2367522756,"ZECETH":0.2361510741,"ANKRUSDC":0.2349250959,"BNBUSDT":0.2323018974,"NANOETH":0.2293920274,"ERDUSDT":0.2111306653,"NEOBNB":0.1905878461,"BNBBTC":0.1880408902,"NANOBTC":0.1821329717,"THETAUSDT":0.1753732668,"LINKETH":0.1749967464,"ANKRPAX":0.1731217689,"ALGOBNB":0.1674443818,"ICXBNB":0.164780007,"FETUSDT":0.1565256963,"PPTBTC":0.1464766281,"BCHABCUSDT":0.1413802937,"RENBNB":0.1330572939,"ADABNB":0.1197235645,"ALGOUSDT":0.1106999179,"VETETH":0.0943008286,"ETCUSDT":0.086374693,"ICXBTC":0.0826521708,"LINKPAX":0.070650477,"ONEBNB":0.0548598461,"NEOUSDT":0.0469893667,"BTTBNB":0.0333223711,"ETCETH":0.0310021455,"LINKUSDC":0.017893289,"EOSBNB":0.0140857908,"ZRXUSDT":0.0075797489,"ICXUSDT":-0.0002006743,"SKYBTC":-0.0035050403,"NEOBTC":-0.0078825358,"HCBTC":-0.0345955072,"BCHABCUSDC":-0.0394150147,"ZRXETH":-0.0498922383,"GXSBTC":-0.0540471258,"XLMBNB":-0.0590323159,"FTMBNB":-0.0599752241,"DCRBTC":-0.0656266631,"WAVESBTC":-0.0699673174,"QTUMBTC":-0.087302086,"ALGOUSDC":-0.0883353135,"ICXETH":-0.0974929404,"ATOMBTC":-0.0987246674,"ONTBTC":-0.1031384276,"ADAUSDC":-0.1099880294,"GASBTC":-0.1249121911,"LTCBTC":-0.125817556,"ARKBTC":-0.126808114,"IOSTETH":-0.1360012739,"PIVXBTC":-0.1366684273,"TRXBNB":-0.1462994716,"ATOMBNB":-0.1539548532,"XMRBTC":-0.164268779,"USDSUSDT":-0.1699467402,"ZECBNB":-0.1733682892,"XMRETH":-0.1793910786,"ADAUSDT":-0.1840109194,"ONTUSDT":-0.1904165886,"XMRUSDT":-0.202961654,"FTMUSDT":-0.2034020433,"NULSUSDT":-0.2109650478,"LINKTUSD":-0.211416707,"RLCBTC":-0.235049106,"BTTUSDT":-0.2374776783,"REPBTC":-0.2635402811,"WAVESUSDT":-0.2657139964,"USDCTUSD":-0.2912081177,"PAXTUSD":-0.2964809418,"BTCUSDS":-0.3022071391,"LTCTUSD":-0.306255721,"ONTETH":-0.3245341166,"BTCPAX":-0.3272359627,"BCHABCTUSD":-0.3323773672,"IOTABTC":-0.3436892228,"QTUMUSDT":-0.3520235486,"XMRBNB":-0.3568877152,"BNBUSDC":-0.3620209918,"LTCUSDT":-0.3655102318,"BNBETH":-0.3665741669,"ADATUSD":-0.3723505363,"BNBPAX":-0.3778691619,"LTCBNB":-0.392812597,"XLMUSDT":-0.3952443592,"XLMETH":-0.3953898792,"DOGEUSDT":-0.409163826,"WAVESETH":-0.4116729907,"IOTAETH":-0.4121108235,"BATETH":-0.4159647123,"NULSBTC":-0.4180096285,"BATUSDT":-0.4213566859,"ADAETH":-0.4248277312,"ATOMUSDT":-0.4307476295,"LTCPAX":-0.4325217086,"TRXUSDC":-0.4374361116,"LTCETH":-0.4578281936,"BTCUSDT":-0.4782051329,"ETHUSDC":-0.4795316802,"AEBTC":-0.4826546883,"ETHBTC":-0.4879458629,"TRXUSDT":-0.4899287648,"BATBNB":-0.5102216169,"LTCUSDC":-0.5119713108,"BNBTUSD":-0.5259358928,"STRATBTC":-0.5413046864,"EOSBTC":-0.5905458315,"MCOBTC":-0.5929334959,"TRXETH":-0.6038371545,"EOSUSDT":-0.6134092377,"IOTAUSDT":-0.6327344685,"BTCTUSD":-0.6506577133,"BTCUSDC":-0.6523697482,"OMGBTC":-0.6526648629,"EOSUSDC":-0.7275087016,"OMGETH":-0.7309332935,"ETHTUSD":-0.7733421443,"XRPUSDC":-0.773648629,"EOSETH":-0.7845446707,"ETHUSDT":-0.8017760697,"XRPBNB":-0.8116440642,"XRPPAX":-0.8216166595,"ETHPAX":-0.8314540412,"TRXXRP":-0.843582919,"OMGUSDT":-0.8441430699,"XRPTUSD":-0.8672539489,"NASBTC":-0.8675956165,"EOSPAX":-0.8977903259,"XRPBTC":-0.9087017339,"XRPUSDT":-0.9353351035,"XRPETH":-0.9407700147},"startDate":"2019-08-08","endDate":"2019-08-15","numDays":7,