{"data":{"PHXETH":0.8884967099,"BNBUSDT":0.8774804417,"TRXBTC":0.8759779993,"LINKBTC":0.8644104505,"PPTBTC":0.8618343242,"REPBTC":0.8521290122,"TRXUSDT":0.8462345527,"QTUMBTC":0.8419360235,"TRXXRP":0.8374512456,"TRXBNB":0.8327654897,"DLTETH":0.8280048887,"APPCBTC":0.8162735629,"BNBBTC":0.8160961139,"TRXETH":0.8152102029,"PIVXBTC":0.7986203216,"QTUMUSDT":0.7864474262,"DLTBTC":0.7814946929,"AEBTC":0.7292023771,"HCBTC":0.7274053914,"INSBTC":0.7240463864,"NEOETH":0.7190231192,"WABIBTC":0.7159706137,"BNBUSDC":0.7156974055,"AGIBTC":0.6799434739,"TRXTUSD":0.6774783243,"ZILETH":0.6697842105,"WINGSBTC":0.6694189408,"HCETH":0.6648810021,"NEOBTC":0.6552817621,"NEOTUSD":0.648760254,"NEOBNB":0.6390742539,"NEOUSDT":0.6337238063,"SALTBTC":0.6319421806,"ZENBTC":0.6301571265,"WTCBTC":0.6216394955,"LINKETH":0.6025458852,"POLYBTC":0.6024223621,"STEEMBTC":0.5733313365,"OAXBTC":0.5717517836,"EOSUSDC":0.5568676664,"GASBTC":0.554817408,"XZCBTC":0.552092658,"CLOAKBTC":0.5520418882,"MDABTC":0.5341697384,"BNBPAX":0.5188928949,"ONTBTC":0.5080370138,"BCHSVBTC":0.4980621174,"BQXBTC":0.4590247147,"ENGBTC":0.4522641368,"BCHSVUSDT":0.4499434045,"RDNBTC":0.4416216753,"DOCKETH":0.4287192245,"LTCBNB":0.4276827524,"ONTUSDT":0.425063292,"VETETH":0.4167072547,"XVGETH":0.4128825235,"POWRBTC":0.3914747695,"BNBETH":0.3899030967,"NXSBTC":0.3837153516,"STRATBTC":0.3676775394,"VIABTC":0.3622788288,"BNTBTC":0.3586971064,"AEETH":0.3502316951,"ADABNB":0.3490821556,"LUNBTC":0.3428780115,"TUSDUSDT":0.3407291697,"XEMETH":0.3387173487,"QTUMETH":0.3380807009,"ONTETH":0.3242829533,"STORJBTC":0.3206226999,"EOSBNB":0.3146390025,"EOSTUSD":0.3032478486,"ZECBTC":0.3023519107,"NASBTC":0.2944722819,"XLMTUSD":0.2867230603,"VETUSDT":0.2804820309,"BTGBTC":0.2793429373,"GVTBTC":0.2750371609,"SYSBTC":0.2733987325,"MODBTC":0.2676113357,"MITHBTC":0.2657727749,"MTLBTC":0.2645385268,"AMBBTC":0.2639183469,"ARNBTC":0.2628174369,"ZECETH":0.2567276377,"ADXBTC":0.2377827223,"SNTETH":0.2201030301,"EVXBTC":0.2182691195,"NANOBTC":0.2150625183,"XMRBTC":0.1741130088,"KNCBTC":0.1688057119,"XLMBTC":0.1566683927,"EVXETH":0.145073287,"NULSBTC":0.1367017738,"DASHBTC":0.1312140819,"TUSDBTC":0.1295359611,"ARNETH":0.1239149808,"GTOETH":0.1144327721,"XLMUSDC":0.1141269175,"BCDBTC":0.109255151,"XRPBNB":0.1024631744,"SKYBTC":0.0935056748,"XLMUSDT":0.0874267491,"EOSPAX":0.0797851021,"XRPPAX":0.0779741238,"WAVESBTC":0.0766771101,"ELFBTC":0.0588356452,"TUSDETH":0.0553666099,"USDCUSDT":0.0539165756,"WAVESBNB":0.0411316958,"NANOETH":0.028490037,"STRATETH":0.0221371807,"XRPTUSD":0.0048717342,"XLMETH":-0.0069557972,"MANABTC":-0.0099510224,"IOSTETH":-0.0165332818,"MCOBTC":-0.0233474688,"LTCETH":-0.0244097276,"WAVESETH":-0.0429843175,"BATBTC":-0.0570384139,"LTCUSDT":-0.0732698739,"EOSETH":-0.0764534279,"TUSDBNB":-0.0851076801,"XMRETH":-0.086927273,"NULSUSDT":-0.0873003946,"PAXUSDT":-0.0968177042,"ADAETH":-0.1004846955,"ADABTC":-0.1013567419,"QKCETH":-0.1042501782,"ICXUSDT":-0.1161273108,"LTCBTC":-0.1207410874,"ETCUSDT":-0.1242737013,"DASHETH":-0.1274296221,"EOSBTC":-0.1331355461,"ETCETH":-0.1341402958,"AIONBTC":-0.1351778283,"XRPETH":-0.1556661786,"ETCBTC":-0.1599384299,"ICXETH":-0.1682180319,"XRPUSDT":-0.1760222087,"XRPUSDC":-0.176701957,"EOSUSDT":-0.1812361562,"XLMPAX":-0.1887163294,"ZRXETH":-0.18925671,"BATETH":-0.1967289021,"OMGETH":-0.1978680718,"BTCPAX":-0.2070474229,"BCHABCBTC":-0.2089546152,"XRPBTC":-0.213109478,"ICXBTC":-0.2135945258,"ADAUSDT":-0.2680751223,"BCHABCUSDT":-0.2738897569,"BTCUSDC":-0.3082928014,"BTCUSDT":-0.3345528647,"ADATUSD":-0.3467378371,"NEBLBTC":-0.3521994426,"DGDBTC":-0.3688364065,"KMDBTC":-0.3729407694,"OMGBTC":-0.375867494,"DCRBTC":-0.3897191108,"ETHBTC":-0.4134223353,"ZRXBTC":-0.4289403992,"LSKBTC":-0.442103251,"ARKBTC":-0.5195205901,"IOTAETH":-0.5226061521,"IOTABTC":-0.5357539489,"ETHUSDT":-0.5563964238,"ETHPAX":-0.5979379697,"WANBTC":-0.6105605957,"IOTAUSDT":-0.6105844624,"ETHUSDC":-0.6265128132},"startDate":"2019-01-07","endDate":"2019-01-15","numDays":7,"excludedPairs":["STORJETH","SNGLSETH","ENGETH","THETABTC","CMTETH","RPXBTC","NXSBNB","RCNBNB","RPXETH","VENBNB","GXSBTC","RLCBNB","ZILBNB","VIABNB","IOTXETH","VIAETH","INSETH","ASTETH","PHXBTC","RENBTC","LOOMETH","FUELBTC","GNTETH","REPETH","BCPTBNB","USDCBTC","BCNBNB","CMTBNB","LRCBTC","NULSETH","QLCBTC","DGDETH","AIONETH","DLTBNB","PAXTUSD","SUBBTC","SNTBTC","VENETH","BCCETH","BCCBNB","STORMETH","MCOETH","ASTBTC","LSKETH","THETABNB","RDNBNB","APPCETH","CVCBNB","NPXSETH","PAXBTC","LENDBTC","VIBEBTC","BRDBNB","IOTABNB","KNCETH","GTOBNB","PIVXBNB","MODETH","SYSBNB","XZCBNB","CMTBTC","QLCBNB","BCNETH","KEYETH","RVNBTC","PIVXETH","ENJETH","BCCBTC","CNDBNB","VENUSDT","CVCETH","CVCBTC","WINGSETH","BCDETH","GNTBTC","VETBNB","ELFETH","KMDETH","MTHETH","ZILBTC","QLCETH","DCRBNB","QTUMBNB","SCETH","ADXBNB","AMBETH","YOYOBTC","WANBNB","MTHBTC","SUBETH","BCPTBTC","SALTETH","ENJBNB","ENJBTC","PAXETH","NASBNB","DOCKBTC","QSPBTC","RVNBNB","XZCXRP","SNMETH","BLZETH","OSTBNB","SKYETH","TNBBTC","USDCTUSD","CLOAKETH","IOTXBTC","GOBTC","BRDBTC","LENDETH","STEEMBNB","NCASHETH","YOYOETH","EDOBTC","NASETH","POLYBNB","IOSTBTC","HSRETH","USDCPAX","BTSETH","AGIETH","RCNETH","STORMBTC","BQXETH","VIBEETH","XLMBNB","KEYBTC","ONTBNB","GOBNB","PPTETH","GVTETH","BCCUSDT","TRIGBNB","NULSBNB","MCOBNB","ARDRETH","EDOETH","TRIGETH","AEBNB","GXSETH","POWRETH","RDNETH","APPCBNB","QKCBTC","SKYBNB","POEBTC","CDTBTC","GNTBNB","WTCETH","POABNB","ICNETH","USDCBNB","YOYOBNB","VENBTC","BATBNB","MFTBTC","NXSETH","BNTETH","DNTBTC","AMBBNB","STEEMETH","HSRBTC","SNMBTC","MTLETH","BLZBNB","CNDETH","BCPTETH","RENBNB","WABIETH","REQETH","PHXBNB","WTCBNB","RCNBTC","FUELETH","SCBTC","BTGETH","BTSBTC","POABTC","TNTBTC","TNTETH","LRCETH","QSPETH","GRSETH","RLCETH","OAXETH","GTOBTC","XEMBTC","ADXETH","MFTBNB","NAVBNB","VIBETH","NAVBTC","WABIBNB","ETCBNB","NCASHBTC","VETBTC","NAVETH","POEETH","SCBNB","REQBTC","RLCBTC","MITHBNB","MANAETH","BTSBNB","POAETH","BRDETH","AGIBNB","XEMBNB","AIONBNB","ARKETH","CNDBTC","NPXSBTC","SNGLSBTC","OSTBTC","XVGBTC","RPXBNB","NCASHBNB","ARDRBTC","WPRETH","BLZBTC","WANETH","BCNBTC","ICNBTC","NEBLETH","ZENBNB","NANOBNB","LOOMBNB","MFTETH","CDTETH","MDAETH","DNTETH","QSPBNB","HOTETH","XZCETH","WPRBTC","DENTETH","ZENETH","SYSETH","REPBNB","PAXBNB","ARDRBNB","TRIGBTC","VIBBTC","OSTETH","DENTBTC","TNBETH","THETAETH","CHATETH","FUNBTC","NEBLBNB","LOOMBTC","POWRBNB","ICXBNB","LSKBNB","STORMBNB","HOTBTC","FUNETH","DATAETH","LUNETH","CHATBTC","GRSBTC","DATABTC"]}