{"data":{"PPTBTC":0.9460312631,"PPTETH":0.9344592928,"WABIBTC":0.9165648541,"REPBTC":0.9041290074,"BTTUSDT":0.8946130862,"WAVESBTC":0.8921880121,"EVXBTC":0.8890547546,"BQXETH":0.8863343657,"ICXBTC":0.8790436565,"WANBTC":0.8735467631,"ICXUSDT":0.8688194186,"GTOUSDT":0.8596843267,"SKYBTC":0.8560568102,"BQXBTC":0.8422400555,"NEBLBTC":0.8416795343,"BTGBTC":0.8320277402,"ENGBTC":0.8315349031,"WAVESUSDT":0.8297955675,"XMRBTC":0.8264460236,"WTCBTC":0.8252644104,"MDABTC":0.8192040363,"WAVESBNB":0.8130557038,"BRDBTC":0.8097873129,"GVTBTC":0.8023504085,"WAVESETH":0.7914033572,"ZILETH":0.789351824,"CMTBNB":0.7854021511,"CELRBNB":0.7737272099,"CMTETH":0.7671757357,"STORJBTC":0.7610079429,"BTTBNB":0.7599717311,"ARNBTC":0.7593840458,"NULSBTC":0.7580006235,"NANOBTC":0.7560455401,"NANOUSDT":0.7557183207,"PIVXBTC":0.7538718844,"WTCETH":0.7492951326,"NANOETH":0.7412561101,"DOGEUSDT":0.7277253561,"ERDBNB":0.7274444264,"MITHUSDT":0.7190465082,"XMRETH":0.7074851159,"OMGETH":0.700730883,"WTCBNB":0.69745065,"DCRBTC":0.6936887864,"RENBTC":0.6896384185,"TRXBNB":0.6619069896,"ERDUSDT":0.660340304,"STRATBTC":0.6583280534,"CELRUSDT":0.6508761676,"XZCBTC":0.6413893849,"ICXETH":0.639280757,"ARDRBTC":0.6373069143,"KMDBTC":0.6367873749,"ICXBNB":0.6362287992,"MTLBTC":0.6341129025,"OAXBTC":0.6253069564,"BATUSDT":0.6250967532,"OMGBTC":0.6250122018,"NULSUSDT":0.6217903091,"ARKBTC":0.6151767076,"TFUELUSDT":0.6080616746,"TRXUSDT":0.6050265163,"ZILUSDT":0.6024211125,"ZRXBTC":0.5992524718,"ZRXUSDT":0.5975248368,"PAXUSDT":0.5833106874,"BTCUSDT":0.5783110946,"DLTBTC":0.575859687,"POWRBTC":0.5732912454,"AIONBTC":0.5657912312,"BATBTC":0.5569012119,"XMRUSDT":0.5249699334,"IOTABTC":0.5190021335,"POLYBTC":0.5021016507,"MCOBTC":0.5012131894,"BTCTUSD":0.4960462436,"THETAUSDT":0.4840530129,"RENBNB":0.4785098799,"TRXETH":0.4714905748,"VIABTC":0.4700159183,"OMGUSDT":0.4671356962,"HCBTC":0.4608511411,"USDCUSDT":0.4488180084,"THETABTC":0.4397137776,"BTCUSDC":0.4266398988,"KNCBTC":0.4232563738,"TRXTUSD":0.4008675567,"BATETH":0.4000873744,"ZECBTC":0.3766968704,"TUSDUSDT":0.3729035663,"TRXUSDC":0.3517287881,"IOTAETH":0.335616825,"NAVBTC":0.3324461319,"ETHTUSD":0.3297211569,"VETETH":0.3159784656,"BTCUSDS":0.3101784363,"AEBTC":0.3084127762,"DASHETH":0.3027315138,"THETAETH":0.2937797785,"STEEMBTC":0.2904513335,"ONEBNB":0.2874893145,"GASBTC":0.2786092919,"IOTAUSDT":0.2598776026,"RDNBTC":0.2539704665,"BATBNB":0.2468907608,"RVNBNB":0.2455680984,"ENJETH":0.2444908782,"ETHBTC":0.2314272724,"ONEUSDT":0.2283610515,"HOTUSDT":0.2046213369,"KMDETH":0.1821861125,"LTCUSDC":0.1690239693,"LINKETH":0.1598776369,"USDCPAX":0.1525050098,"ENJBTC":0.1515280187,"BTCPAX":0.1472889259,"ZECETH":0.1471572509,"USDSUSDT":0.1444786591,"ADABNB":0.143755901,"NASBTC":0.1272035633,"XEMBTC":0.1227110306,"MATICBNB":0.1141831146,"NEOETH":0.1075127291,"ENJUSDT":0.1062383112,"ADAETH":0.105460467,"VETUSDT":0.0962415096,"FUELETH":0.0915689424,"ONGBTC":0.0888565734,"ONGUSDT":0.0840728158,"MATICUSDT":0.0816155185,"ZECUSDT":0.0793228417,"ONTETH":0.0789256711,"XRPBTC":0.0781711053,"LSKBTC":0.0663076044,"HOTBNB":0.0591006734,"DASHUSDT":0.0283948977,"FETBTC":0.0204814137,"EOSETH":0.0201056942,"GRSBTC":0.0151003595,"VETBNB":-0.0062320722,"ETHUSDT":-0.0063170793,"FETBNB":-0.0162873751,"ATOMBNB":-0.0215367169,"FTMBNB":-0.0389315348,"RLCBTC":-0.0564333727,"ATOMBTC":-0.0587683139,"LTCBNB":-0.0602826232,"NEOBTC":-0.0744533389,"EOSBTC":-0.0832376788,"FTMUSDT":-0.0861060643,"LTCETH":-0.0904952603,"DASHBTC":-0.0908174594,"XRPETH":-0.0914307593,"LTCPAX":-0.1060787691,"NEOBNB":-0.1157579999,"GNTBTC":-0.1332288562,"BCHABCBTC":-0.1367639179,"XRPBNB":-0.1647020759,"IOSTUSDT":-0.1656009721,"LTCBTC":-0.1732583444,"ALGOBNB":-0.1764965272,"LINKBTC":-0.1813159727,"FETUSDT":-0.1833920533,"LINKTUSD":-0.191509991,"IOSTETH":-0.1996562396,"ATOMUSDT":-0.2088317393,"ADAUSDC":-0.2238330433,"ONTBNB":-0.2295578384,"TRXXRP":-0.2305009645,"ETCBTC":-0.2374760697,"ONTBTC":-0.2399813968,"ADAUSDT":-0.2407319669,"NEOUSDT":-0.2423499037,"ETHUSDC":-0.2489772743,"LUNBTC":-0.2529377521,"LTCUSDT":-0.2574290296,"ELFBTC":-0.2633339771,"XRPUSDC":-0.280319254,"LINKUSDT":-0.2827858156,"EOSBNB":-0.2838889821,"LINKPAX":-0.300571805,"EOSPAX":-0.3138831742,"ADXBTC":-0.3276656752,"XLMETH":-0.3278822337,"ADATUSD":-0.3500818411,"INSBTC":-0.3516758404,"ONTUSDT":-0.3598713632,"BCHABCPAX":-0.3606079748,"QTUMBTC":-0.3671398965,"EOSUSDT":-0.3726496138,"ALGOUSDT":-0.3828302674,"XRPUSDT":-0.3841161565,"EOSUSDC":-0.3853613287,"ETHPAX":-0.3856045182,"ALGOBTC":-0.4006046489,"DOGEBNB":-0.4037061909,"QTUMUSDT":-0.418228455,"DGDBTC":-0.4184618409,"BCHABCUSDT":-0.4205391695,"PAXTUSD":-0.4212393981,"XLMUSDT":-0.4263781805,"XRPPAX":-0.4297104139,"BNBUSDT":-0.4361447443,"XRPTUSD":-0.495473383,"LINKUSDC":-0.5069862762,"BNBBTC":-0.528278702,"LTCTUSD":-0.5556290399,"ETCUSDT":-0.5621178381,"USDCTUSD":-0.5923231881,"GXSBTC":-0.5997054035,"BNBETH":-0.6427984225,"BCHABCTUSD":-0.6456028137,"BNBUSDC":-0.6482572012,"BNBPAX":-0.6688990542,"BCHABCUSDC":-0.6744720638,"BNBTUSD":-0.6813777541,"BCDBTC":-0.7492944636,"EOSTUSD":-0.7594747214},"startDate":"2019-07-08","endDate":"2019-07-15","numDays":7,