{"data":{"DUSKBTC":0.9418447132,"DUSKUSDT":0.9228355244,"LUNBTC":0.9057029587,"COSBTC":0.9004895761,"DUSKBNB":0.8719330588,"COSUSDT":0.8534151499,"STORJBTC":0.8304555515,"NXSBTC":0.822611337,"MITHUSDT":0.8090510309,"VIABTC":0.7998732314,"ANKRBNB":0.7948004308,"HOTUSDT":0.7899809377,"COSBNB":0.784701581,"ANKRUSDT":0.7741065012,"EDOBTC":0.7628894979,"EVXBTC":0.742855196,"ENJUSDT":0.7409530247,"DCRBTC":0.7405556535,"NAVBTC":0.7208623345,"CELRUSDT":0.7085190029,"HOTBNB":0.705263786,"WANBTC":0.7006648808,"USDCPAX":0.7002245038,"IOSTUSDT":0.6986483032,"IOSTETH":0.6823475359,"RVNBNB":0.6819170666,"MATICUSDT":0.6638792337,"OAXBTC":0.6548078134,"VETBNB":0.6538700805,"ZILUSDT":0.6529693494,"MATICBNB":0.6468748957,"ERDBNB":0.6456778513,"DGDBTC":0.6434870417,"CELRBNB":0.6413071253,"DASHBTC":0.6243210105,"RDNBTC":0.6198478508,"ERDUSDT":0.6169201048,"BRDBTC":0.6100793555,"ENJBTC":0.6099923198,"LTCUSDC":0.6078768917,"TFUELUSDT":0.6010463233,"RENBTC":0.600226952,"LTCBNB":0.5915874259,"VETUSDT":0.5858063625,"LTCTUSD":0.5831697334,"ONEUSDT":0.5765248243,"FETUSDT":0.566776519,"WINUSDT":0.5614271834,"ZENBTC":0.5571235585,"ZECUSDT":0.5523352294,"THETAETH":0.5489068199,"LTCUSDT":0.541484383,"LTCPAX":0.5353590087,"NANOUSDT":0.5324461566,"REPBTC":0.5313015631,"VETETH":0.5195751687,"ONEBNB":0.5117907231,"WTCBTC":0.5072659257,"PAXUSDT":0.5013067327,"ALGOUSDT":0.4951462083,"USDCUSDT":0.4948212095,"GRSBTC":0.4837506958,"LINKUSDT":0.4818700813,"TUSDUSDT":0.4725068531,"BNBUSDT":0.4589373997,"MDABTC":0.4490462553,"DASHUSDT":0.4433266322,"LTCBTC":0.441601349,"ETCETH":0.4413947758,"ETCBTC":0.4399592797,"ALGOBTC":0.4349653136,"GASBTC":0.4234150372,"BNBUSDC":0.4145427467,"LINKBTC":0.4083682743,"NEOUSDT":0.3988248182,"PPTBTC":0.3965573748,"NANOETH":0.3875287695,"THETABTC":0.3805904586,"WINBNB":0.3790843448,"LTCETH":0.3755382813,"STEEMBTC":0.3753373157,"NEOBNB":0.3743668603,"BQXBTC":0.3729077771,"FETBNB":0.3684448056,"DASHETH":0.3670449346,"ENGBTC":0.3620751958,"ALGOBNB":0.3607718395,"BNBETH":0.3558731233,"QTUMBTC":0.3501913185,"ZECBTC":0.3485107012,"BATBNB":0.3433141985,"WINUSDC":0.3361425675,"GXSBTC":0.3340817666,"NANOBTC":0.3316367982,"MTLBTC":0.3252057622,"DOGEUSDT":0.3129353048,"BNBBTC":0.3114474428,"KNCBTC":0.3111928735,"WABIBTC":0.2977173207,"RLCBTC":0.2975067154,"BNBTUSD":0.293643806,"BATUSDT":0.2859580997,"RENBNB":0.2814936458,"ZRXETH":0.275773181,"XZCBTC":0.2731111053,"ZILETH":0.2696616891,"FTMBNB":0.2691345248,"ZRXUSDT":0.2677242333,"AIONBTC":0.2673412831,"BRDBNB":0.2659816122,"WAVESUSDT":0.2556433459,"BCHABCPAX":0.25046684,"LINKETH":0.250311139,"BTTBNB":0.2325395944,"NEOETH":0.2185460445,"XMRETH":0.2170002641,"BNBPAX":0.2169202352,"ONTBTC":0.2157637247,"XRPBNB":0.2145406975,"THETAUSDT":0.2135802482,"NULSUSDT":0.2117710377,"ARDRBTC":0.2115041499,"SKYBTC":0.2092781575,"ZRXBTC":0.2076123403,"ZECETH":0.2071068804,"ATOMBNB":0.2070536032,"BTGBTC":0.1984102415,"ADABNB":0.1854025234,"WAVESBTC":0.1686313709,"ETHUSDC":0.1640095195,"BATBTC":0.1586110689,"HCBTC":0.1571377127,"ETCUSDT":0.1541963165,"XMRBTC":0.147248795,"ONTETH":0.1363738618,"QTUMUSDT":0.1311733515,"BCHABCBTC":0.1284424599,"XMRUSDT":0.1258497557,"BTCUSDT":0.1253459324,"BATETH":0.1233844416,"ZILBNB":0.120344689,"ETHUSDT":0.1169143124,"XLMBNB":0.1133414982,"ENJETH":0.1012224521,"ALGOUSDC":0.0967525132,"BCHABCUSDT":0.096058884,"ONTUSDT":0.0900001146,"XLMUSDT":0.0806871808,"BCHABCUSDC":0.0774021608,"OMGUSDT":0.0706006116,"XRPUSDT":0.0680153247,"FTMUSDT":0.0672273315,"XRPUSDC":0.0550748271,"NEBLBTC":0.0507855406,"PIVXBTC":0.0491741265,"BTTUSDT":0.0464072173,"BTCPAX":0.0401931705,"XRPTUSD":0.0348283088,"ADAUSDT":0.0346940192,"NULSBTC":0.0266137616,"LINKUSDC":0.0200046743,"TRXBNB":0.0073064388,"BTCUSDS":0.0018456925,"KMDBTC":0.0005214947,"LINKTUSD":-0.0034622957,"ICXBTC":-0.0057029079,"ETHBTC":-0.0088184855,"INSBTC":-0.0107632799,"OMGETH":-0.0113739764,"XLMETH":-0.0184402803,"ATOMBTC":-0.0289662165,"XMRBNB":-0.0302601933,"WAVESETH":-0.0397390663,"OMGBTC":-0.0419125724,"XRPETH":-0.0481989779,"AEBTC":-0.0490217992,"USDSUSDT":-0.056143599,"ADAUSDC":-0.0564806357,"EOSBNB":-0.0633634462,"LSKBTC":-0.0658776238,"BTCTUSD":-0.0705445806,"TRXUSDC":-0.0837502888,"TRXUSDT":-0.0938427453,"XLMBTC":-0.1040110974,"IOTAETH":-0.1076701765,"ICXUSDT":-0.1092241217,"NEOBTC":-0.1250633812,"XRPBTC":-0.1347603402,"ARNBTC":-0.1460760884,"ETHPAX":-0.1789706643,"TRXXRP":-0.188784824,"EOSBTC":-0.1921577058,"PAXTUSD":-0.1998993189,"ARKBTC":-0.2053270703,"GVTBTC":-0.2118783036,"BTCUSDC":-0.2225075626,"QKCETH":-0.2232432932,"TRXETH":-0.229286959,"IOTAUSDT":-0.2294784136,"EOSPAX":-0.2332778849,"IOTABTC":-0.236563897,"ETHTUSD":-0.2405145767,"ICXETH":-0.2557786931,"BCDBTC":-0.2562822997,"ELFBTC":-0.2716292337,"ADATUSD":-0.2758348273,"ADAETH":-0.29791932,"XRPPAX":-0.3012137401,"ATOMUSDT":-0.3156207981,"EOSTUSD":-0.3306267154,"USDCTUSD":-0.3842199378,"EOSUSDC":-0.3962328483,"ZECBNB":-0.4211606923,"EOSUSDT":-0.4476097651,"BCHABCTUSD":-0.4730217882,"EOSETH":-0.4765126854,"STRATBTC":-0.5229770617,"MCOBTC":-0.6384271231,"NASBTC":-0.7377266823},"startDate":"2019-08-05","endDate":"2019-08-12","numDays":7,