{"data":{"CELRUSDT":0.9155180046,"QKCETH":0.8925927429,"ADXBTC":0.8747575511,"HOTUSDT":0.8552507667,"MATICUSDT":0.848546,"GVTBTC":0.8474237624,"HOTBNB":0.8358344718,"NULSUSDT":0.8162057573,"BQXBTC":0.7775493602,"LINKUSDT":0.7730443226,"CELRBNB":0.7686015137,"TNTBTC":0.7624080704,"RENBNB":0.7550572511,"BATUSDT":0.7521029332,"RENBTC":0.746536987,"GRSBTC":0.741471871,"LINKBTC":0.7373780563,"INSBTC":0.7292977225,"POWRBTC":0.7290789335,"LUNBTC":0.7217581353,"ASTBTC":0.7214206211,"LINKUSDC":0.7056353032,"PIVXBTC":0.704209951,"MATICBNB":0.700491936,"DGDBTC":0.6992838723,"LINKETH":0.6974863349,"XZCBTC":0.6953675046,"BATBTC":0.694139477,"EVXBTC":0.6911310085,"TNTETH":0.6856173878,"ARNBTC":0.6690551373,"ARKBTC":0.6647980805,"DLTBTC":0.6616974119,"LINKPAX":0.6616492751,"VIABTC":0.6582657116,"NULSBTC":0.6579916037,"FTMUSDT":0.6485890314,"STORJBTC":0.6444973802,"ONEUSDT":0.6435412877,"FETBTC":0.6277135685,"VETUSDT":0.623109741,"BATBNB":0.6124776113,"WTCBTC":0.5947683631,"FETUSDT":0.5943397994,"BRDBTC":0.5847483034,"LINKTUSD":0.5781953465,"MCOBTC":0.5606686298,"NEBLBTC":0.5508428539,"ZENBTC":0.5439169868,"ONGBTC":0.5412063693,"ELFBTC":0.5411217344,"MTLBTC":0.5182759187,"APPCBTC":0.5083712573,"MITHUSDT":0.5038321897,"VETETH":0.50173511,"LTCTUSD":0.5015476221,"ZILBNB":0.4997522699,"BATETH":0.4943327869,"KMDBTC":0.462244866,"CMTETH":0.4621509927,"ICXUSDT":0.4578925054,"FETBNB":0.4547360945,"WANBTC":0.4537907815,"GXSBTC":0.4512566183,"VETBNB":0.4497237818,"ENGBTC":0.443017642,"CDTETH":0.4429644784,"FTMBNB":0.4334915242,"PPTBTC":0.4196428726,"ENJUSDT":0.4115031911,"ONEBNB":0.409782266,"ZRXUSDT":0.4070520898,"THETAUSDT":0.4053138577,"BTTUSDT":0.4017595345,"BNBBTC":0.4017057043,"BNTBTC":0.3988194329,"ZRXBTC":0.3976545163,"WABIBTC":0.3956479902,"NANOUSDT":0.3872112209,"PAXUSDT":0.3852036092,"LTCETH":0.3740326222,"MDABTC":0.3706483902,"NASBTC":0.3625661757,"ZILUSDT":0.3615508383,"LTCBTC":0.356466382,"NANOBTC":0.3545433404,"LOOMBTC":0.3542807455,"RLCBTC":0.3537487032,"OAXBTC":0.3501180786,"TFUELUSDT":0.3494752386,"ICXBTC":0.3297374884,"USDCPAX":0.3293548228,"OMGBTC":0.3255920937,"HCBTC":0.3080124155,"HCETH":0.290221142,"ONTBTC":0.2778424311,"QTUMBTC":0.2653750731,"SKYBTC":0.2610140264,"XLMUSDT":0.2565824087,"TUSDUSDT":0.2553205661,"IOTAETH":0.2522160703,"STRATBTC":0.244732096,"POLYBTC":0.2408604056,"BNBUSDT":0.2360878951,"THETABTC":0.2345983182,"OMGUSDT":0.2291441445,"ICXETH":0.220600033,"QTUMBNB":0.2173985961,"BNBETH":0.2092476005,"BTCUSDS":0.2069765712,"ENJBTC":0.1973891078,"ONGUSDT":0.1914286412,"QTUMUSDT":0.1859264078,"LTCUSDT":0.1833607791,"LSKBTC":0.1774340289,"ZECBTC":0.1633799985,"RVNBNB":0.1618681554,"ZECETH":0.1572876951,"XEMBTC":0.1441970387,"TRXETH":0.1404114085,"OMGETH":0.1365220976,"EDOBTC":0.1329545814,"ONTUSDT":0.131552469,"IOTABTC":0.1223918011,"USDCUSDT":0.1171724331,"WAVESBTC":0.1166355867,"NEOBNB":0.1005106344,"ZILETH":0.0938258495,"STEEMBTC":0.0918128722,"EOSETH":0.0914661602,"REPBTC":0.0901663946,"XLMETH":0.0874270694,"WAVESUSDT":0.0869020935,"NEOETH":0.0849233797,"TRXTUSD":0.0832708159,"BTTBNB":0.0765637981,"ADAETH":0.0757754399,"DASHETH":0.071287613,"QTUMETH":0.0686925366,"IOTAUSDT":0.0676715106,"ZECUSDT":0.0656378368,"TRXXRP":0.0654060494,"WAVESTUSD":0.0574592798,"BCHABCBTC":0.0489820816,"LTCBNB":0.0466657329,"IOSTUSDT":0.0296831314,"DCRBTC":0.0097426102,"EOSUSDC":0.0070967183,"XRPTUSD":0.0020419535,"NEOBTC":-0.0054070262,"ETHBTC":-0.0101053785,"XMRBTC":-0.0162435855,"EOSBNB":-0.0178614754,"AIONBTC":-0.02118475,"ONTETH":-0.0303688265,"BCHABCUSDC":-0.0359581544,"BTGBTC":-0.0373430694,"TRXUSDC":-0.0378937156,"GASBTC":-0.0380955692,"LTCPAX":-0.0390641489,"XRPETH":-0.0410089661,"XLMBTC":-0.048930586,"NEOUSDT":-0.0532915397,"EOSPAX":-0.0543371377,"XRPBTC":-0.0566709347,"XLMBNB":-0.0568182875,"USDSUSDT":-0.0589062047,"XRPBNB":-0.0603276356,"PAXTUSD":-0.0610874582,"ADAUSDC":-0.0681445059,"ADAUSDT":-0.0834101681,"ETHTUSD":-0.0947301448,"ALGOUSDT":-0.1055226545,"ADABNB":-0.1072987015,"ETHUSDC":-0.1111577178,"WAVESETH":-0.1139429136,"BTCPAX":-0.1193528171,"DASHUSDT":-0.1211502149,"LTCUSDC":-0.1211813265,"BCHABCTUSD":-0.1322226713,"USDCTUSD":-0.1361863784,"DASHBTC":-0.1418328043,"TRXUSDT":-0.1481895441,"ONTBNB":-0.1501363801,"XRPUSDC":-0.1579033631,"XRPUSDT":-0.1601262833,"ADATUSD":-0.1632496094,"EOSBTC":-0.1663250328,"XMRUSDT":-0.1666165726,"BTCUSDC":-0.1717332674,"KNCBTC":-0.1795775034,"BNBPAX":-0.1965982621,"ALGOBNB":-0.1989148846,"BCDBTC":-0.2015112682,"ATOMBNB":-0.2114482811,"TRXBNB":-0.2161393283,"ALGOBTC":-0.2168756974,"AEBTC":-0.2177515586,"BTCUSDT":-0.2272841052,"XMRETH":-0.2282861277,"BTCTUSD":-0.2497563447,"BCHABCUSDT":-0.2511538955,"ETHUSDT":-0.2538391993,"ATOMUSDT":-0.2553573486,"NEOUSDC":-0.2776018348,"BCHABCPAX":-0.278546885,"NEOTUSD":-0.2888374867,"XRPPAX":-0.3055988652,"BNBTUSD":-0.3095249294,"ATOMBTC":-0.3262073919,"ETHPAX":-0.3264874736,"BNBUSDC":-0.3393486423,"EOSTUSD":-0.3656252017,"EOSUSDT":-0.4095026396,"ETCBTC":-0.4129395397,"ETCUSDT":-0.5259481061,"RDNBTC":-0.6982154714},"startDate":"2019-06-27","endDate":"2019-07-04","numDays":7,