{"data":{"BCPTBTC":0.9703125386,"WABIBTC":0.9476351765,"DLTBTC":0.9457390421,"ASTBTC":0.9438524921,"GRSBTC":0.9262637869,"NXSBTC":0.9162273758,"PPTBTC":0.9142852608,"LTCBTC":0.906224122,"PHXBNB":0.897940553,"PHXETH":0.8968239071,"ICXBNB":0.8884699382,"POLYBTC":0.8856469153,"BNBUSDT":0.8796424145,"PHXBTC":0.8784270037,"GVTBTC":0.8769213911,"LTCUSDT":0.8661364038,"XVGETH":0.8661183683,"BNBBTC":0.8652006581,"FUELETH":0.855171264,"ENJBTC":0.8460771641,"RVNBNB":0.825522709,"KNCBTC":0.8213888422,"EVXBTC":0.8166775188,"MDABTC":0.8071000137,"KNCETH":0.7876348022,"ENJBNB":0.782411844,"BTTUSDT":0.7801071407,"ONGBTC":0.7770380114,"LTCUSDC":0.7733795246,"LTCBNB":0.767120506,"ICXBTC":0.766179994,"ONGUSDT":0.7623028004,"LUNBTC":0.7552529411,"HOTETH":0.753343478,"ICXUSDT":0.7526133287,"POWRBTC":0.7439908876,"LTCETH":0.742297299,"LOOMBNB":0.7419698983,"ENJETH":0.7322862375,"HOTUSDT":0.6904171989,"OAXBTC":0.6786600388,"LSKBTC":0.6728061555,"NASBTC":0.6668137603,"SKYBTC":0.6650570018,"INSBTC":0.6588012803,"PIVXBTC":0.651687735,"STEEMBTC":0.648076906,"APPCETH":0.6214128423,"EDOBTC":0.620619005,"MFTETH":0.620230394,"USDCTUSD":0.6093867037,"FETBTC":0.6087161124,"FETUSDT":0.6024468068,"WTCBTC":0.5997592602,"APPCBTC":0.5898049765,"RVNBTC":0.5883397569,"ARNBTC":0.5842378074,"ICXETH":0.5801509213,"FETBNB":0.5795990525,"XLMTUSD":0.5628893437,"BLZBTC":0.5533620151,"VIABTC":0.5427373332,"GXSBTC":0.5415913466,"EOSBNB":0.5379473973,"BNBETH":0.5378283157,"BRDBTC":0.5307682065,"XRPUSDT":0.5296629575,"REPBTC":0.5260863336,"DGDBTC":0.5251023575,"PAXTUSD":0.5198432122,"QTUMUSDT":0.5139108417,"LOOMBTC":0.5102106698,"BNBUSDC":0.5027944109,"ADXBTC":0.4993132693,"ONTBTC":0.4887263102,"AEBTC":0.488201036,"BATBTC":0.4728555509,"LTCTUSD":0.4655825905,"LOOMETH":0.4582475411,"EOSBTC":0.4532408965,"XRPBTC":0.4473201881,"BATETH":0.4326597606,"BQXBTC":0.4313128301,"STRATBTC":0.4124406076,"BTTBNB":0.4069917613,"QTUMBTC":0.3911266904,"ONTBNB":0.3843367337,"EOSUSDT":0.372043922,"XLMUSDT":0.3675083966,"STORJBTC":0.362873481,"OMGBTC":0.3581808673,"TNBETH":0.357601943,"KMDBTC":0.3479302598,"EOSTUSD":0.3373380729,"ARNETH":0.3351698584,"ZENBTC":0.3335485799,"ARKBTC":0.3334223064,"BNBPAX":0.329409475,"BCHSVBTC":0.3143391155,"XLMETH":0.3054578046,"ETCUSDT":0.3004755203,"XZCBTC":0.2969122018,"XMRBTC":0.2916856925,"NULSBTC":0.2875474247,"ONTETH":0.2829768213,"ONTUSDT":0.278039169,"MCOBTC":0.2728480169,"ETHPAX":0.2700737437,"XRPUSDC":0.2660688433,"RDNBTC":0.251036632,"NEBLBTC":0.2415974089,"BATBNB":0.2397965637,"LINKBTC":0.2332730031,"GASBTC":0.2269512553,"XLMBNB":0.2257963175,"BNTBTC":0.2235741505,"ENGBTC":0.2138135309,"OMGETH":0.2114497668,"TRXBNB":0.2101275034,"ETHUSDT":0.2100848285,"AIONBTC":0.2086594511,"THETABNB":0.2026582264,"XRPBNB":0.2024152421,"XRPPAX":0.1951705112,"MTLBTC":0.1907220706,"THETAETH":0.1838136871,"NEOBNB":0.1803881884,"ZRXBTC":0.1737339054,"BCHSVUSDT":0.1443014303,"ETHBTC":0.140175775,"ADABNB":0.1374973589,"THETABTC":0.1349137658,"ETHUSDC":0.1341653581,"BCHABCUSDT":0.1305596664,"HOTBNB":0.1138789687,"EOSETH":0.1010937597,"EOSUSDC":0.0732210647,"EOSPAX":0.0723678377,"TUSDBNB":0.0690807858,"NANOBTC":0.0524568188,"XRPETH":0.0415410627,"XRPTUSD":0.0323254361,"VETETH":0.030046413,"WAVESBTC":0.001756929,"ZRXUSDT":-0.0122971217,"RLCBTC":-0.0161111715,"ZILUSDT":-0.0271525802,"ELFBTC":-0.0542527651,"LINKUSDT":-0.054356866,"BTCPAX":-0.0642786009,"BCHABCBTC":-0.06667719,"NEOETH":-0.0704931664,"NEOBTC":-0.083017578,"BCDBTC":-0.0960706033,"NEOUSDT":-0.0962839956,"USDCUSDT":-0.1126904254,"HCBTC":-0.1166215702,"WANBTC":-0.1284694245,"ETCBTC":-0.1689561782,"TUSDBTC":-0.2058199047,"PAXUSDT":-0.2112541738,"BTCUSDT":-0.2504074096,"ETCETH":-0.2515323341,"IOTABTC":-0.2615226494,"ADAUSDT":-0.2766011742,"NEOTUSD":-0.2996432565,"ZECBTC":-0.3222143009,"TRXUSDT":-0.3540355663,"BCHABCTUSD":-0.3599577141,"BTGBTC":-0.364268981,"IOTAETH":-0.3744544033,"WAVESUSDT":-0.3768814604,"TUSDETH":-0.3787121048,"BTCUSDS":-0.3852685446,"LINKETH":-0.4167459997,"USDCPAX":-0.4208367641,"TUSDUSDT":-0.421445844,"USDSPAX":-0.4394810749,"TRXXRP":-0.4549126676,"DASHBTC":-0.5008450134,"IOTAUSDT":-0.5570801335,"BTCUSDC":-0.5683892541,"DCRBTC":-0.5765744058,"VETUSDT":-0.5834647446,"TRXETH":-0.5919448446,"ADAETH":-0.6521859497,"ZECETH":-0.6913881555,"TRXTUSD":-0.7228928025},"startDate":"2019-03-01","endDate":"2019-03-08","numDays":7,"excludedPairs":["BCCUSDT","SUBETH","BCNBNB","ZENBNB","ADXBNB","WAVESUSDC","NULSETH","AGIBTC","DCRBNB","LRCETH","ZRXBNB","NULSUSDT","AEBNB","RDNBNB","ONGBNB","LINKPAX","ADXETH","DNTETH","AMBBTC","ZILBNB","VIBETH","XEMBTC","CMTBNB","BLZETH","WAVESPAX","SUBBTC","IOTXBTC","CMTETH","NEBLETH","NXSBNB","BNBUSDS","DATAETH","TNTETH","SNGLSETH","RLCBNB","MCOETH","ZENETH","ENGETH","VETBNB","SKYBNB","HCETH","RDNETH","MTHETH","CVCBTC","LUNETH","NANOBNB","SNTBTC","ADATUSD","BCCBNB","STORMBTC","RCNETH","TRXUSDC","BRDBNB","LENDBTC","VIBEETH","AGIBNB","TRIGETH","QSPBNB","POWRBNB","SYSETH","SKYETH","QKCETH","XMRETH","GTOBNB","USDCBTC","CHATBTC","AIONETH","BCNBTC","CLOAKETH","BCCBTC","POEETH","DATABTC","MFTBNB","BCNETH","ARDRBNB","AGIETH","XVGBTC","MCOBNB","TNTBTC","MITHBNB","SCBTC","KMDETH","BCPTBNB","SYSBTC","QSPBTC","LRCBTC","NAVETH","BQXETH","BCDETH","TRIGBTC","ZILBTC","PAXBNB","WABIBNB","WAVESTUSD","MANAETH","ZILETH","POABNB","NAVBTC","AIONBNB","VENETH","RPXBTC","VIABNB","OAXETH","CLOAKBTC","BTTBTC","XZCBNB","OSTBTC","NASETH","NANOETH","XLMPAX","FUELBTC","IOTXETH","BTTPAX","TRXPAX","REPETH","LTCPAX","DGDETH","SCETH","NCASHBNB","HSRETH","KEYBTC","PPTETH","BTGETH","REPBNB","CNDBNB","ETCBNB","XZCXRP","QLCBTC","DENTETH","LINKTUSD","DOCKETH","BTTTUSD","WINGSETH","EVXETH","BTSBTC","AEETH","WTCBNB","GNTBTC","NPXSBTC","LSKBNB","ARKETH","DLTETH","RENBNB","DNTBTC","AMBBNB","PIVXBNB","STEEMBNB","VENBNB","FUNBTC","STEEMETH","NAVBNB","POAETH","HOTBTC","WANBNB","RPXBNB","BCPTETH","GNTETH","SNMETH","NCASHBTC","MTHBTC","XEMETH","ZRXETH","YOYOBTC","PAXETH","RCNBNB","RENBTC","BTSETH","BTTUSDC","MDAETH","SCBNB","WAVESBNB","STORMETH","DENTBTC","YOYOETH","WPRETH","CMTBTC","SALTETH","SNGLSBTC","BCHSVTUSD","STORJETH","VIBBTC","POEBTC","GVTETH","WAVESETH","VIBEBTC","CDTBTC","NPXSETH","BLZBNB","LENDETH","MFTBTC","ARDRBTC","BCHABCPAX","TNBBTC","BNTETH","STORMBNB","POLYBNB","PIVXETH","FUNETH","QLCETH","MODETH","GOBTC","BCHABCUSDC","YOYOBNB","BCHSVPAX","WPRBTC","NEBLBNB","USDSUSDT","SYSBNB","NASBNB","SNMBTC","USDCBNB","POABTC","BTSBNB","CNDETH","PAXBTC","VENUSDT","INSETH","CVCETH","REQBTC","MITHBTC","DASHETH","CVCBNB","SNTETH","ARDRETH","USDSUSDC","LSKETH","ELFETH","LINKUSDC","SALTBTC","KEYETH","TRXBTC","STRATETH","GTOETH","XZCETH","WANETH","XEMBNB","XLMUSDC","VIAETH","OSTBNB","RLCETH","GNTBNB","MTLETH","DLTBNB","IOSTBTC","VENBTC","WINGSBTC","CHATETH","NXSETH","RPXETH","MODBTC","GTOBTC","HSRBTC","MANABTC","RCNBTC","GRSETH","GXSETH","NULSBNB","BATUSDT","EDOETH","VETBTC","CNDBTC","APPCBNB","QTUMBNB","REQETH","GOBNB","QTUMETH","QKCBTC","WABIETH","BRDETH","USDSTUSD","CDTETH","IOSTETH","POWRETH","BCCETH","ICNBTC","NCASHETH","DOCKBTC","ADABTC","ICNETH","TRIGBNB","XLMBTC","OSTETH","IOTABNB","ASTETH","QSPETH","BCHSVUSDC","WTCETH","QLCBNB","AMBETH"]}