{"data":{"WINGSBTC":0.9839626157,"WINGSETH":0.9674947245,"RDNBTC":0.9664362255,"WABIBTC":0.9609303214,"EVXBTC":0.9608288683,"VIABTC":0.9387330572,"GXSBTC":0.9326460921,"DGDBTC":0.9242404584,"ADXBTC":0.9226240444,"BQXBTC":0.9196280984,"NAVBTC":0.9161953848,"STORJBTC":0.9101596989,"LRCETH":0.8917711237,"LRCBTC":0.8875772094,"BQXETH":0.8850057678,"EDOBTC":0.8770743112,"MODBTC":0.8692267705,"CLOAKBTC":0.8670276207,"ZENBTC":0.8523106081,"OAXBTC":0.8462470377,"GVTBTC":0.8451038734,"BCPTBTC":0.8436153137,"EVXETH":0.838678831,"DLTBTC":0.8360163451,"LUNBTC":0.820715277,"LUNETH":0.7862124607,"DOCKETH":0.7841533306,"DLTETH":0.7616342596,"OAXETH":0.7341833447,"GRSBTC":0.7254461865,"HCBTC":0.7182150509,"CMTBTC":0.7178129013,"RLCBTC":0.7152720927,"NEOTUSD":0.7117943757,"XZCBTC":0.7083679506,"SALTBTC":0.7080866248,"PIVXBTC":0.7022925284,"NULSBTC":0.6922580323,"NANOBTC":0.686166484,"FUNETH":0.6855138162,"WAVESBTC":0.678368665,"TNTETH":0.6719221596,"MDABTC":0.669616616,"WAVESETH":0.6606640363,"STEEMBTC":0.6576076963,"ARNBTC":0.628644696,"NXSBTC":0.6252629721,"BCPTETH":0.6241923614,"ARNETH":0.617577638,"VIBEETH":0.6128129203,"BRDBTC":0.6020501114,"STRATETH":0.5094513473,"NULSUSDT":0.5066714763,"LINKBTC":0.5040233482,"STRATBTC":0.5035720595,"KMDBTC":0.497965829,"CMTETH":0.4959514788,"BNBPAX":0.4885005961,"GASBTC":0.4879523179,"ZRXBTC":0.4738385292,"NEBLBTC":0.4708400966,"NEOBTC":0.4633595813,"TRXXRP":0.4597694256,"VETUSDT":0.4574825786,"REPBTC":0.4569124828,"ELFBTC":0.433633125,"BCDBTC":0.4248037056,"MTLBTC":0.4056910256,"SNTETH":0.4049917132,"TRXETH":0.4038725656,"LINKETH":0.3790666633,"NEOETH":0.3719440809,"GTOETH":0.3590596365,"ARKBTC":0.3538092516,"ETCBTC":0.3422761647,"EOSUSDC":0.3285009252,"XLMTUSD":0.3241789035,"LINKUSDC":0.3191836188,"AIONBTC":0.3162684962,"LINKUSDT":0.3099023412,"VETETH":0.3028917362,"SKYBTC":0.2972973376,"PPTBTC":0.2918270933,"NEOUSDT":0.2651554391,"BCHABCUSDT":0.2570700377,"INSBTC":0.2563379282,"DCRBTC":0.2553868255,"POWRBTC":0.2444372695,"BNBUSDT":0.225014863,"USDCPAX":0.2202856411,"ZILETH":0.2182096795,"XLMUSDC":0.2134817749,"POLYBTC":0.2072209845,"XLMETH":0.199905004,"ETCUSDT":0.193690337,"XMRBTC":0.1810964388,"POWRETH":0.179968782,"BCHABCBTC":0.1524499277,"BNBBTC":0.1475479236,"MCOBTC":0.1364969211,"NASBTC":0.1324952189,"TUSDUSDT":0.1244686517,"ONTETH":0.1201304962,"ETHUSDC":0.1191309459,"PAXUSDT":0.1171211839,"REPETH":0.1156125786,"TRXUSDT":0.1104550957,"WANETH":0.0995035694,"WTCBTC":0.0882828983,"BNBETH":0.0789859609,"LSKBTC":0.0712009787,"USDCTUSD":0.0647085497,"OMGBTC":0.0578173809,"DASHBTC":0.0458166869,"ONTUSDT":0.044759599,"BATBTC":0.0435078434,"XMRETH":0.0433822289,"KNCBTC":0.0371265382,"XLMUSDT":0.0369957687,"ETHUSDT":0.0327875941,"ADABNB":0.026207131,"ONTBTC":0.0150301524,"BCHSVUSDT":0.0098933238,"WANBTC":0.0043945438,"LTCETH":0.0027693664,"LTCUSDT":-0.0077652355,"BCHSVBTC":-0.0125352351,"TUSDETH":-0.0172078779,"ETHPAX":-0.0292504742,"EOSBTC":-0.0393404554,"XLMPAX":-0.0395147933,"PAXTUSD":-0.0510066036,"TRXBNB":-0.0570324824,"BTCPAX":-0.0609615897,"LTCBTC":-0.0631861841,"XRPETH":-0.070919158,"XRPUSDT":-0.0829534115,"AEBTC":-0.0962088727,"QTUMBTC":-0.0994662674,"EOSUSDT":-0.1605822719,"AEETH":-0.1630968189,"TUSDBTC":-0.1648468026,"XRPBNB":-0.1666104815,"ADAETH":-0.1689213639,"EOSPAX":-0.1724753514,"LINKTUSD":-0.1746299321,"BNBUSDC":-0.1816483807,"BTCUSDC":-0.1871155336,"XRPUSDC":-0.191449833,"ICXBTC":-0.1991376119,"ICXUSDT":-0.2024454038,"TUSDBNB":-0.2081084075,"ETHBTC":-0.2356771294,"IOTABTC":-0.23809427,"XRPBTC":-0.2481634194,"ZECBTC":-0.2484940499,"IOTAETH":-0.2509933579,"BTCUSDT":-0.2871262197,"EOSETH":-0.2872467338,"TRXTUSD":-0.2921595773,"XRPTUSD":-0.2984146003,"ADATUSD":-0.3066072926,"QTUMUSDT":-0.3104215486,"USDCUSDT":-0.3337581204,"LTCBNB":-0.3497157287,"XRPPAX":-0.3642307791,"BNTBTC":-0.3680865862,"IOTAUSDT":-0.3841984515,"ADAUSDT":-0.3985980611,"BTGBTC":-0.4358605433,"ENGBTC":-0.6167031024},"startDate":"2019-01-17","endDate":"2019-01-24","numDays":7,"excludedPairs":["LINKPAX","YOYOETH","LOOMETH","BATBNB","ELFETH","NEOBNB","XVGBTC","RENBNB","BCCBNB","DNTBTC","PHXBNB","VIBEBTC","QSPBNB","NPXSBTC","XLMBNB","ADXBNB","MFTETH","VIAETH","BTGETH","ARDRBTC","IOSTBTC","HOTETH","SNGLSETH","SNGLSBTC","CDTETH","VENETH","NULSETH","POEBTC","POABTC","BCPTBNB","TRXBTC","MCOETH","MODETH","WTCBNB","MITHBTC","MANAETH","QSPETH","IOTXETH","CNDBTC","NAVETH","APPCETH","BCCUSDT","NXSBNB","CVCBTC","XZCETH","SUBBTC","IOTXBTC","THETAETH","GRSETH","NCASHETH","RPXBNB","TRIGBNB","INSETH","ZENETH","LOOMBTC","STEEMETH","BCHSVPAX","PHXETH","BTSBNB","WAVESPAX","PPTETH","GOBNB","ARDRBNB","NXSETH","GNTBNB","RDNETH","OSTETH","STORJETH","THETABTC","DENTETH","BCHABCTUSD","POWRBNB","AMBBNB","POEETH","XEMETH","RCNETH","QLCBNB","MTHETH","NEBLETH","PHXBTC","IOTABNB","MTHBTC","BCHABCPAX","BCNBTC","SNMETH","NEBLBNB","ARDRETH","MITHBNB","LENDBTC","LSKETH","NASBNB","REPBNB","HSRBTC","SKYBNB","CHATETH","ONTBNB","BCHSVUSDC","MDAETH","BCCBTC","WANBNB","GNTETH","SALTETH","RVNBNB","DATABTC","XZCBNB","ENJBTC","KMDETH","APPCBNB","WAVESBNB","PAXBTC","POABNB","WTCETH","NULSBNB","CDTBTC","VETBTC","BCHABCUSDC","AIONBNB","BLZETH","CVCBNB","BRDBNB","WPRBTC","MANABTC","NAVBNB","AGIBTC","RPXETH","VENBTC","QSPBTC","VETBNB","DOCKBTC","XZCXRP","CHATBTC","PAXETH","SYSBTC","DGDETH","FUELETH","USDCBTC","QTUMETH","VIBETH","QKCBTC","VENBNB","GNTBTC","NCASHBNB","POAETH","ZILBTC","DCRBNB","REQBTC","ZILBNB","STORMBNB","QLCBTC","GTOBTC","DLTBNB","GOBTC","BCNETH","CVCETH","LOOMBNB","ETCBNB","KEYBTC","IOSTETH","ADABTC","BCDETH","RDNBNB","BRDETH","MTLETH","AMBBTC","SCETH","NPXSETH","ICNETH","CNDETH","NANOETH","ICXETH","SNMBTC","SYSBNB","ASTETH","WAVESTUSD","QKCETH","MCOBNB","AGIETH","SCBNB","HCETH","ICNBTC","GXSETH","ADXETH","EOSTUSD","XVGETH","STEEMBNB","RVNBTC","BCCETH","ZECETH","GVTETH","ZRXETH","REQETH","NASETH","TNTBTC","DASHETH","SUBETH","BTSBTC","FUELBTC","RCNBNB","RCNBTC","WABIETH","HOTBTC","ETCETH","XEMBTC","YOYOBTC","KNCETH","WAVESUSDT","EDOETH","QLCETH","DNTETH","VIBBTC","KEYETH","APPCBTC","XLMBTC","TNBBTC","BLZBTC","ASTBTC","BNTETH","OSTBTC","DATAETH","WABIBNB","TRIGBTC","ZENBNB","TNBETH","AIONETH","BCNBNB","STORMETH","OMGETH","SNTBTC","MFTBNB","LENDETH","WAVESUSDC","RLCBNB","BATETH","WPRETH","PAXBNB","ICXBNB","AMBETH","YOYOBNB","HSRETH","CMTBNB","SCBTC","CLOAKETH","PIVXETH","VIABNB","NCASHBTC","TRIGETH","OSTBNB","SYSETH","FUNBTC","RLCETH","EOSBNB","THETABNB","GTOBNB","ARKETH","AGIBNB","XEMBNB","DENTBTC","RENBTC","USDCBNB","LSKBNB","AEBNB","RPXBTC","BLZBNB","CNDBNB","SKYETH","STORMBTC","ENJETH","PIVXBNB","NANOBNB","BTSETH","ENJBNB","MFTBTC","ENGETH","BCHSVTUSD","VENUSDT","POLYBNB","QTUMBNB"]}