{"data":{"RDNBTC":0.9074228088,"DASHUSDT":0.8975776588,"EDOBTC":0.8874283386,"VIABTC":0.8831490862,"QTUMUSDT":0.8741487779,"POWRBTC":0.8560653354,"ENGBTC":0.8493619597,"BTCUSDT":0.8458066454,"NAVBTC":0.8339850945,"STORJBTC":0.8162533792,"RLCBTC":0.8154581934,"CELRBNB":0.7976320928,"QTUMBTC":0.7943275324,"BNBETH":0.7837424791,"BNBBTC":0.7819730064,"BTCPAX":0.7547153239,"CELRUSDT":0.7534402068,"DASHETH":0.7352487639,"DGDETH":0.7232821441,"MATICBNB":0.719668403,"BATUSDT":0.7168358341,"BCHABCUSDC":0.7166424911,"DGDBTC":0.7139591918,"WANBTC":0.7108712385,"GRSBTC":0.7086721374,"BNBTUSD":0.7056125831,"DASHBTC":0.6971305419,"ETHUSDC":0.6968794878,"IOTAUSDT":0.6891735335,"AEBTC":0.669465645,"LTCBNB":0.6618197174,"ELFBTC":0.661625423,"XRPUSDT":0.6594858072,"LTCUSDC":0.6582563802,"BATETH":0.6565860603,"XRPBTC":0.6559382938,"MATICUSDT":0.6528626554,"EOSBNB":0.6423081299,"XRPTUSD":0.6410611323,"BNBUSDC":0.6384828242,"ETHBTC":0.6343264199,"IOTABTC":0.6303175343,"LUNBTC":0.62822359,"LTCUSDT":0.6204080886,"BTCUSDC":0.6187450137,"BCHABCPAX":0.6094626754,"VETBNB":0.6073762496,"IOTABNB":0.6064803719,"LTCBTC":0.60631875,"ONGUSDT":0.6040384772,"XRPUSDC":0.6000998829,"BTGBTC":0.5927596644,"ETHPAX":0.5911044951,"IOTAETH":0.5834822299,"THETABTC":0.5803166779,"BATBTC":0.5787649076,"TRXUSDC":0.565678974,"KMDBTC":0.55726019,"BNBUSDT":0.5556062295,"OMGUSDT":0.552414485,"BNBPAX":0.5522529444,"ETHUSDT":0.539901094,"BTCTUSD":0.5393579433,"EOSBTC":0.5325693368,"LINKBTC":0.5298320676,"ZENBTC":0.5271070292,"XLMUSDC":0.5241443165,"XMRBTC":0.5174364548,"OMGBTC":0.5164746399,"AIONBTC":0.5104260973,"BATBNB":0.5062733117,"EOSETH":0.5034734219,"STEEMBTC":0.4966033014,"WAVESBTC":0.4894680127,"EOSTUSD":0.4890181221,"BCHABCBTC":0.4884012951,"KNCBTC":0.487964665,"ETCUSDT":0.4822318961,"PIVXBTC":0.4765971964,"BCHABCTUSD":0.4742890092,"NULSUSDT":0.4728099416,"ONGBTC":0.4696902768,"QKCBTC":0.4586859843,"XMRUSDT":0.4529153884,"LTCPAX":0.4507338449,"OAXBTC":0.4453378439,"EOSUSDT":0.4407092391,"VETETH":0.4392705404,"EVXBTC":0.4376356945,"XMRETH":0.4366728399,"NULSBTC":0.4335669596,"ZRXUSDT":0.4280650774,"WABIBTC":0.4119770087,"ETHTUSD":0.411925155,"XLMBNB":0.4076960823,"THETAUSDT":0.4066303173,"XLMUSDT":0.3994351465,"DCRBTC":0.3985575964,"HOTUSDT":0.3904517255,"LINKUSDT":0.3779293396,"VETUSDT":0.3687707477,"NASBTC":0.3673810276,"CVCBTC":0.3614717887,"BTTBNB":0.3611485112,"FETBTC":0.347534276,"MFTETH":0.3428207827,"XRPETH":0.331767345,"BCHABCUSDT":0.3294916245,"MCOBTC":0.3193271354,"WAVESUSDT":0.3001562578,"LTCTUSD":0.2965236563,"ADATUSD":0.2890945628,"NANOUSDT":0.2843175931,"TRXETH":0.2771643402,"ONTBNB":0.2532910687,"BCDBTC":0.2478699067,"ARNBTC":0.2401322463,"ADAETH":0.235404874,"USDCPAX":0.2174761108,"GXSBTC":0.2029579158,"BTTUSDT":0.198247733,"QKCETH":0.1977837781,"ZECETH":0.1920959256,"ADAUSDT":0.1836565185,"NANOBNB":0.1652544288,"VIBETH":0.1523666054,"MTLBTC":0.1421499334,"ZRXBTC":0.1329231302,"BTCUSDS":0.1257318451,"NEOUSDT":0.1250580593,"XRPBNB":0.1220980354,"NEOBNB":0.1024287429,"TRXXRP":0.1006418163,"XRPPAX":0.0762629681,"NANOBTC":0.0650173786,"HCBTC":0.0475690461,"GASBTC":0.0451079511,"PAXTUSD":0.0433890614,"ZECUSDT":0.031341783,"REPBTC":0.027156031,"TUSDUSDT":0.0264060105,"MITHUSDT":0.0253941576,"ZECBTC":0.0126833457,"ADAUSDC":0.0124289077,"DLTBTC":0.0019983263,"LSKBTC":-0.0169259861,"ELFETH":-0.0197952038,"POLYBTC":-0.0264006333,"LTCETH":-0.0267964533,"ADABNB":-0.0344619972,"ZILUSDT":-0.0378227484,"BCPTBTC":-0.044980236,"NEOBTC":-0.0477393795,"LOOMBTC":-0.0615086483,"XZCBTC":-0.0632808027,"XLMETH":-0.0678217835,"TRXBNB":-0.0699475333,"TRXUSDT":-0.0735511029,"NEOTUSD":-0.0813154135,"FUELETH":-0.1149409159,"ONTETH":-0.1200807643,"ONTUSDT":-0.1420016636,"NEOETH":-0.1424071014,"OMGETH":-0.1563968572,"EOSUSDC":-0.1583258137,"ONTBTC":-0.1683124004,"ARKBTC":-0.1694490545,"BQXBTC":-0.1884124994,"ETCBTC":-0.1960709333,"BRDBTC":-0.2071474149,"NXSBTC":-0.2366993151,"FETUSDT":-0.2413327081,"USDCUSDT":-0.285199139,"ENJBTC":-0.2930918391,"RVNBNB":-0.3043637701,"NASETH":-0.3428094397,"NANOETH":-0.3504732862,"WTCBTC":-0.3581846565,"ENJUSDT":-0.359233195,"PAXUSDT":-0.3627932816,"ADXBTC":-0.4344424563,"GVTBTC":-0.4358716743,"ETCETH":-0.4408428962,"ENJETH":-0.5059792968,"INSBTC":-0.512662707,"XEMBTC":-0.5210037069,"SKYBTC":-0.5232431654,"STRATBTC":-0.54340086,"USDCTUSD":-0.5527471463,"MDABTC":-0.5673384498,"ICXUSDT":-0.5693238653,"EOSPAX":-0.5799811651,"ZILETH":-0.5984778551,"RVNBTC":-0.6082158561,"ICXBTC":-0.6499567986,"PPTBTC":-0.6620434778,"IOSTUSDT":-0.690903257,"IOSTETH":-0.7660121513},"startDate":"2019-04-27","endDate":"2019-05-04","numDays":7,"excludedPairs":["BCHSVUSDT","CNDBNB","BTSETH","ATOMBNB","BNTBTC","BTTPAX","VENBTC","TRIGBTC","MANAETH","BCNBTC","BLZETH","GTOETH","GTOBTC","NULSBNB","NEBLETH","XMRBNB","LINKETH","CNDBTC","LUNETH","BNTETH","ICNETH","BRDETH","REPETH","XLMTUSD","USDSTUSD","GNTBTC","VENETH","DLTETH","REQBTC","RDNETH","WTCETH","SYSBTC","POLYBNB","GXSETH","AEBNB","VIABNB","POABNB","ZECPAX","IOSTBTC","FUELBTC","BTSBTC","XZCETH","RLCBNB","NASBNB","BTTTUSD","NEBLBNB","CMTBTC","WINGSETH","ZILBTC","XVGETH","ADXETH","LINKPAX","PHXBTC","BCHSVPAX","REQETH","BLZBTC","FETBNB","CMTBNB","AGIBNB","TRIGETH","DLTBNB","PHXETH","DCRBNB","POWRBNB","LENDBTC","XVGBTC","GVTETH","RPXBTC","SALTETH","LOOMETH","CHATBTC","AEETH","RDNBNB","PAXBTC","YOYOETH","BTTBTC","QTUMETH","SUBETH","MTHETH","QLCBNB","POEBTC","WAVESETH","POWRETH","XEMBNB","ICXBNB","TUSDETH","SNGLSBTC","NCASHETH","KEYETH","RCNBNB","ENGETH","WINGSBTC","WAVESPAX","MITHBTC","USDSUSDT","SNMBTC","USDSPAX","ICXETH","TNTBTC","EVXETH","NPXSETH","SCBTC","LRCBTC","LOOMBNB","ASTETH","POABTC","APPCBTC","SYSETH","DENTBTC","CDTETH","QSPBTC","REPBNB","BCNBNB","YOYOBNB","NEOUSDC","PPTETH","PAXBNB","VENUSDT","ASTBTC","BCCETH","APPCETH","IOTXETH","GNTBNB","ZRXETH","HSRBTC","ONGBNB","XLMBTC","NXSETH","HOTBNB","VIBEETH","MANABTC","WAVESTUSD","MTHBTC","ATOMBTC","MTLETH","SNGLSETH","GNTETH","AMBETH","QTUMBNB","BCPTBNB","VETBTC","IOSTBNB","DASHBNB","TNTETH","NCASHBTC","AGIETH","STEEMETH","NEBLBTC","CNDETH","STRATETH","WABIBNB","PIVXBNB","KMDETH","CLOAKETH","THETAETH","RENBNB","GOBNB","ARDRETH","PAXETH","QSPETH","SCBNB","SNMETH","VIBBTC","RCNBTC","VIBEBTC","CVCBNB","BCNETH","WAVESBNB","KEYBTC","BRDBNB","VENBNB","BCCBNB","EDOETH","BCCBTC","FUNETH","RCNETH","LENDETH","MFTBNB","ADAPAX","LSKBNB","ARKETH","QLCETH","TUSDBNB","INSETH","MCOBNB","CVCETH","TRXTUSD","BCCUSDT","AGIBTC","ZECTUSD","SUBBTC","BCHSVUSDC","TUSDBTC","SCETH","BNBUSDS","NXSBNB","IOTXBTC","STORMETH","QLCBTC","NULSETH","MATICBTC","ARNETH","TNBETH","AIONBNB","BTSBNB","WTCBNB","RPXETH","USDSUSDC","HSRETH","ZECUSDC","QSPBNB","ZRXBNB","PIVXETH","OSTETH","RLCETH","POEETH","TNBBTC","TRXPAX","RENBTC","XZCXRP","TRIGBNB","XZCBNB","DATABTC","POAETH","BCHSVBTC","XLMPAX","HCETH","USDCBTC","USDCBNB","OMGBNB","ARDRBNB","WPRETH","XEMETH","MCOETH","HOTETH","MDAETH","ATOMUSDT","ICNBTC","APPCBNB","STORMBNB","BCHSVTUSD","VIAETH","DATAETH","BTGETH","SALTBTC","BCPTETH","ADXBNB","NAVBNB","CMTETH","NEOPAX","WPRBTC","TRXBTC","MODETH","OSTBNB","BQXETH","STEEMBNB","OAXETH","KNCETH","WABIETH","SNTBTC","BLZBNB","WANBNB","AIONETH","ZECBNB","NAVETH","ARDRBTC","DENTETH","LINKTUSD","AMBBNB","GRSETH","MITHBNB","LRCETH","STORMBTC","OSTBTC","ETCBNB","SKYBNB","MFTBTC","AMBBTC","DNTETH","THETABNB","FUNBTC","SYSBNB","NCASHBNB","MODBTC","ZENBNB","ZENETH","CHATETH","CELRBTC","HOTBTC","GOBTC","LINKUSDC","YOYOBTC","CDTBTC","WAVESUSDC","WANETH","DOCKBTC","ADABTC","BCDETH","DNTBTC","DOCKETH","SKYETH","PHXBNB","SNTETH","GTOBNB","STORJETH","ZILBNB","RPXBNB","NPXSBTC","BTTUSDC","CLOAKBTC","ENJBNB","LSKETH"]}