{"data":{"PHXETH":0.8895264839,"BNBUSDT":0.8891737667,"TRXBTC":0.8715803933,"DLTBTC":0.8655423688,"VIABTC":0.8578106604,"LINKBTC":0.8575798817,"TRXUSDT":0.8487092192,"TRXBNB":0.8485542127,"PPTBTC":0.8404382402,"TRXXRP":0.8371725907,"QTUMBTC":0.8348191641,"BNBBTC":0.8178547968,"TRXETH":0.8091306617,"QTUMUSDT":0.7908354269,"LUNBTC":0.7720464617,"PIVXBTC":0.7563214257,"APPCBTC":0.7376814597,"NEOETH":0.7347372699,"BNBUSDC":0.7227969231,"NEOTUSD":0.717883505,"HCBTC":0.7155540657,"AEBTC":0.7131762184,"INSBTC":0.7113846652,"NEOBTC":0.6982303136,"NEOBNB":0.6840928466,"NEOUSDT":0.680782637,"ZILETH":0.6787592959,"TRXTUSD":0.6770648937,"HCETH":0.6500760184,"WABIBTC":0.6441851583,"POLYBTC":0.6374900981,"WTCBTC":0.6366736114,"WINGSBTC":0.6305992589,"SALTBTC":0.6267502976,"AEETH":0.6201601969,"LINKETH":0.6106246291,"EOSTUSD":0.5852133723,"ZENBTC":0.5821137041,"XZCBTC":0.5756439741,"STEEMBTC":0.5552018658,"GASBTC":0.5488650244,"ENGBTC":0.5389669467,"BCHSVBTC":0.5349382128,"KNCBTC":0.5200436274,"ONTBTC":0.5195567696,"CLOAKBTC":0.5169222635,"BNBPAX":0.5064251585,"BNTBTC":0.4853216836,"VETETH":0.4746623859,"BCHSVUSDT":0.4595207694,"BCDBTC":0.4595188353,"DOCKETH":0.4509416446,"EOSUSDC":0.447643158,"RDNBTC":0.4474871896,"LTCBNB":0.4471581982,"WTCETH":0.4457264811,"NXSBTC":0.4422461907,"BQXBTC":0.4416647917,"MFTETH":0.4401125386,"GVTBTC":0.4333487975,"XVGETH":0.4274649375,"BTGBTC":0.4206804141,"ZECETH":0.4154293865,"REPBTC":0.4144782451,"BNBETH":0.4117048427,"ONTUSDT":0.4003340731,"QTUMETH":0.3896592895,"VETUSDT":0.3718826403,"BTCUSDC":0.3692402024,"ADABNB":0.3650935291,"ZECBTC":0.3642023202,"XEMBTC":0.3596868428,"XLMBTC":0.3365912501,"NANOBTC":0.3242017653,"NASBTC":0.3241071806,"XEMETH":0.3132645758,"ONTETH":0.3105241348,"SKYBTC":0.2907374061,"XRPPAX":0.2905360912,"XMRBTC":0.2898989734,"XLMTUSD":0.283170294,"ARNBTC":0.2802113398,"MODBTC":0.2779026969,"SYSBTC":0.2775731887,"POWRBTC":0.2692131382,"AMBBTC":0.2650123705,"TUSDBTC":0.2616208769,"ADXBTC":0.2550576735,"EOSPAX":0.2437629551,"ETCBTC":0.2368769396,"EOSBNB":0.2300656213,"DASHBTC":0.2278948877,"XLMUSDT":0.2134170279,"ETCUSDT":0.1728068868,"TUSDUSDT":0.1647081671,"SNTETH":0.1621913521,"ARNETH":0.1608681432,"EVXBTC":0.1607639253,"ELFBTC":0.1600673139,"VIBETH":0.1504653335,"XLMUSDC":0.1478440533,"XRPBNB":0.1292400958,"STRATBTC":0.125647762,"MTLBTC":0.1177749871,"EVXETH":0.1123104891,"XRPTUSD":0.1069326605,"MCOBTC":0.0921025464,"XRPBTC":0.0917880126,"WAVESBTC":0.0859275856,"NANOETH":0.0802603271,"XLMETH":0.0789791357,"BATBTC":0.0715901141,"AIONBTC":0.0712753903,"ETCETH":0.0643384454,"LTCBTC":0.0643258929,"ADABTC":0.0608110416,"NULSBTC":0.0491792715,"BTCPAX":0.0491531325,"MANABTC":0.041042208,"MDABTC":0.0291835477,"LTCUSDT":0.0187662283,"LTCETH":0.0124294032,"XLMPAX":-0.0046237341,"TUSDBNB":-0.0056987319,"GTOETH":-0.0057367062,"IOSTETH":-0.0115394015,"USDCUSDT":-0.0135483918,"EOSBTC":-0.0183786523,"WAVESBNB":-0.0198010936,"WAVESETH":-0.0316002175,"STRATETH":-0.0363175256,"XMRETH":-0.0383880796,"BCHABCBTC":-0.0502830703,"EOSETH":-0.0514387629,"XRPUSDC":-0.0712641955,"ADAETH":-0.0747373837,"QKCETH":-0.0816041109,"ICXBTC":-0.0831413187,"ICXUSDT":-0.0837547118,"NULSUSDT":-0.087053182,"XRPUSDT":-0.105548784,"ICXETH":-0.1074101387,"EOSUSDT":-0.1193306041,"BTCUSDT":-0.1286907505,"TUSDETH":-0.1375113722,"ZRXETH":-0.1379019423,"DASHETH":-0.1419209243,"BATETH":-0.1629480914,"XRPETH":-0.1711591917,"OMGBTC":-0.1748430332,"DCRBTC":-0.1792417647,"ADAUSDT":-0.1821237344,"OMGETH":-0.1883350793,"ZRXBTC":-0.2153770846,"KMDBTC":-0.2373430378,"DGDBTC":-0.2523600412,"BCHABCUSDT":-0.2794041321,"ADATUSD":-0.3049798224,"AGIBTC":-0.3069214392,"PAXUSDT":-0.308129812,"NEBLBTC":-0.317638569,"ETHBTC":-0.3456805329,"LSKBTC":-0.3542145734,"IOTABTC":-0.3840265691,"ARKBTC":-0.4475359724,"IOTAETH":-0.4633875859,"WANBTC":-0.5127833959,"IOTAUSDT":-0.544165864,"ETHUSDC":-0.6654655885,"ETHUSDT":-0.673468732,"ETHPAX":-0.6781324363},"startDate":"2019-01-05","endDate":"2019-01-14","numDays":7,"excludedPairs":["ETCBNB","BLZBTC","NPXSETH","RLCBNB","POABNB","TNBETH","STEEMETH","NXSETH","PAXBNB","USDCBTC","CLOAKETH","USDCTUSD","NCASHBTC","MANAETH","USDCBNB","STORMBTC","THETABNB","VIBEBTC","WPRETH","REQETH","CDTBTC","VIAETH","PAXBTC","TRIGBNB","TNTETH","LUNETH","WANBNB","YOYOBTC","MODETH","GXSETH","TRIGBTC","RPXBTC","VIBEETH","NASBNB","STEEMBNB","ZILBNB","DCRBNB","CVCETH","IOTABNB","NASETH","CDTETH","DATABTC","DNTETH","BCCETH","CVCBTC","DNTBTC","AGIETH","XEMBNB","CNDETH","BCCUSDT","AIONBNB","ELFETH","APPCETH","LRCBTC","MITHBTC","GTOBNB","BTSBTC","HSRBTC","XZCXRP","QTUMBNB","DENTETH","ICXBNB","ADXBNB","DOCKBTC","MFTBTC","LOOMBNB","PIVXBNB","SYSBNB","KEYBTC","ARDRBNB","DLTETH","ASTETH","SUBBTC","OSTBTC","VETBTC","GNTBTC","CVCBNB","PHXBTC","INSETH","DLTBNB","SALTETH","IOTXBTC","POAETH","NANOBNB","SCETH","KMDETH","LSKETH","TNBBTC","RCNBNB","RVNBTC","QSPETH","ENJBTC","BTSETH","RVNBNB","FUELBTC","RCNETH","RLCETH","BLZBNB","GVTETH","BCPTETH","SNGLSETH","BCNBTC","MDAETH","SCBNB","KNCETH","CMTETH","BCDETH","BATBNB","YOYOBNB","HOTETH","APPCBNB","XLMBNB","DENTBTC","ARDRBTC","BLZETH","BCPTBTC","BCPTBNB","ARKETH","GRSETH","VENBTC","VENETH","NAVETH","YOYOETH","RDNETH","SCBTC","CHATBTC","XVGBTC","BCCBTC","QSPBNB","OSTBNB","CMTBNB","THETABTC","AEBNB","IOSTBTC","STORJETH","PIVXETH","HOTBTC","BRDETH","REPBNB","ADXETH","GTOBTC","RDNBNB","NULSETH","STORMBNB","AGIBNB","PPTETH","CHATETH","ENJBNB","EDOETH","FUNBTC","NEBLETH","OSTETH","CNDBTC","CMTBTC","OAXBTC","SNMETH","LSKBNB","FUNETH","THETAETH","GNTBNB","SKYBNB","QSPBTC","SNGLSBTC","ZENBNB","WINGSETH","DGDETH","POWRETH","WABIETH","MFTBNB","BRDBTC","KEYETH","RPXETH","EDOBTC","USDCPAX","POWRBNB","BNTETH","REPETH","REQBTC","SUBETH","WANETH","PHXBNB","VENBNB","IOTXETH","QLCETH","NEBLBNB","GOBNB","MITHBNB","NAVBNB","NPXSBTC","NULSBNB","VENUSDT","XZCETH","BCNBNB","ASTBTC","LENDETH","POLYBNB","BTGETH","ICNETH","GRSBTC","DATAETH","MTLETH","NXSBNB","ICNBTC","SNMBTC","VETBNB","BCNETH","RLCBTC","MCOETH","NCASHBNB","BCCBNB","TRIGETH","ZILBTC","ENGETH","MCOBNB","ENJETH","POEBTC","POABTC","RENBTC","PAXETH","BTSBNB","NCASHETH","QKCBTC","VIBBTC","AIONETH","OAXETH","WTCBNB","LENDBTC","BQXETH","MTHBTC","ZENETH","WABIBNB","GOBTC","PAXTUSD","BRDBNB","VIABNB","LOOMETH","MTHETH","AMBETH","WPRBTC","LOOMBTC","SYSETH","NAVBTC","RCNBTC","LRCETH","CNDBNB","ONTBNB","GNTETH","GXSBTC","AMBBNB","RENBNB","QLCBTC","FUELETH","STORJBTC","XZCBNB","RPXBNB","QLCBNB","ARDRETH","TNTBTC","STORMETH","SNTBTC","SKYETH","POEETH","HSRETH"]}