{"data":{"IOSTETH":0.9601650329,"ADAUSDT":0.9558415658,"HCBTC":0.9549173177,"ADABTC":0.9518506077,"NULSUSDT":0.9500932456,"ZECBTC":0.94701528,"ZILUSDT":0.9335912975,"ZECETH":0.9238850059,"AGIBTC":0.9145467493,"OMGETH":0.9100171559,"GRSETH":0.9094900089,"NULSBTC":0.9078466606,"ADAETH":0.9029678306,"ADABNB":0.8931195437,"BNTBTC":0.8871442918,"NAVBTC":0.8846980889,"DGDBTC":0.8633449806,"ZILETH":0.8594051337,"OMGBTC":0.8418549663,"GRSBTC":0.8294884356,"LUNBTC":0.8219604655,"RVNBTC":0.8207080255,"BTTUSDT":0.8108819197,"NEBLBTC":0.8104718839,"XLMBNB":0.8104004981,"XLMBTC":0.7908615796,"VETUSDT":0.7904774197,"RDNBTC":0.7896318858,"MFTETH":0.7844210284,"GASBTC":0.7826254557,"HOTUSDT":0.7696098019,"XLMUSDT":0.7681453606,"RVNBNB":0.7677559085,"ONTBTC":0.7651583798,"MCOBTC":0.7644222603,"WABIBTC":0.7581683866,"ADATUSD":0.7569420543,"ONTUSDT":0.7547451533,"REPBTC":0.7516030134,"CVCBTC":0.7485728306,"BTTBNB":0.7338685381,"XLMETH":0.7326144659,"IOTABTC":0.7310060165,"ENJBNB":0.7255681833,"IOTAUSDT":0.7248497799,"XMRUSDT":0.7192759611,"XLMPAX":0.7190600878,"APPCBTC":0.7189112021,"LOOMETH":0.7102913536,"XZCBTC":0.707073418,"QTUMBTC":0.7063578591,"LSKBTC":0.7049694878,"VIABTC":0.7047404459,"BCDBTC":0.7030652879,"LTCETH":0.6997889984,"ENJBTC":0.696995632,"BTGBTC":0.6893097676,"NANOBTC":0.6878100187,"ARNBTC":0.6829843079,"LTCBTC":0.6804052445,"NASBTC":0.6783042285,"AEBTC":0.6765438858,"VETETH":0.6698143614,"ETCUSDT":0.6626790839,"IOTAETH":0.6608090621,"STEEMBTC":0.6549555068,"BCHSVBTC":0.6525358633,"GXSBTC":0.6432367467,"VETBNB":0.640355803,"ENJETH":0.6325368512,"ETCETH":0.6314072136,"TRXUSDT":0.6275074332,"BCHSVUSDT":0.623352838,"AIONBTC":0.6195007253,"INSBTC":0.6170141143,"WTCBTC":0.615932483,"ETCBTC":0.6022046915,"TRXXRP":0.601961443,"ONTBNB":0.601305249,"GXSETH":0.6008342154,"TRXETH":0.5871096541,"NXSBTC":0.5558608547,"ONTETH":0.5473134633,"BRDBTC":0.5281647087,"HOTBNB":0.5241126093,"BNBPAX":0.50970305,"DLTBTC":0.4893509984,"XLMTUSD":0.4811310691,"LTCUSDT":0.4735462416,"ZRXBTC":0.4667850098,"ENGBTC":0.4566567267,"STORJBTC":0.4532168869,"WAVESBTC":0.4359294367,"ETHUSDT":0.432296162,"QTUMUSDT":0.4273096937,"OAXBTC":0.4206626161,"XMRBTC":0.4185438643,"LINKUSDC":0.4184955729,"ARNETH":0.4082469278,"ETHBTC":0.3864708939,"EVXBTC":0.3838916517,"BNBBTC":0.3779836547,"KNCBTC":0.3667701158,"KMDBTC":0.3514205961,"WANBTC":0.3510271139,"NEOUSDT":0.3451215094,"ICXETH":0.3283552537,"BNBTUSD":0.3209372324,"LINKTUSD":0.3207041755,"ETHUSDC":0.3203695014,"BNBUSDT":0.3197080202,"WAVESUSDT":0.3043087365,"BATBTC":0.303373942,"ZRXUSDT":0.2999871518,"BTCPAX":0.2874237468,"KNCETH":0.2849019303,"NEOTUSD":0.2644134134,"TRXBNB":0.2379183003,"BTCTUSD":0.2344733492,"BNBUSDC":0.2314701176,"BTCUSDT":0.228361527,"BCHABCBTC":0.2229714842,"NEOBTC":0.2155187318,"BNBETH":0.2117571049,"BCPTBTC":0.1965313066,"XRPUSDC":0.1903578351,"THETABTC":0.1892321738,"ARKBTC":0.1698582167,"EOSUSDT":0.1594600063,"XRPTUSD":0.1395814171,"SKYBTC":0.1288164726,"LINKUSDT":0.1271880968,"LINKBTC":0.1217342408,"LTCBNB":0.1111185632,"XRPETH":0.1066779454,"EOSBTC":0.0983901726,"DASHBTC":0.0802247425,"BCHABCPAX":0.0783541108,"PPTBTC":0.0555949393,"RLCBTC":0.0438367734,"BTCUSDC":-0.0127204168,"LTCUSDC":-0.021984073,"NEOETH":-0.033033945,"MTLBTC":-0.0389966149,"ICXBTC":-0.0409653009,"BCHABCUSDT":-0.0490735066,"BATETH":-0.0497679699,"FETBNB":-0.0510391898,"NEOBNB":-0.0540226256,"ETHPAX":-0.0717111642,"ETHTUSD":-0.0764360196,"EOSBNB":-0.0830278996,"THETABNB":-0.0849760799,"XRPUSDT":-0.0856108111,"BCHSVTUSD":-0.1060476076,"GVTBTC":-0.1118609817,"BATUSDT":-0.1250126384,"MDABTC":-0.1359453748,"PIVXBTC":-0.150456214,"ICXUSDT":-0.1508930278,"USDCUSDT":-0.1755593853,"EOSTUSD":-0.1779315006,"THETAETH":-0.178128691,"BCHABCTUSD":-0.2073444026,"XRPBTC":-0.243095871,"XRPBNB":-0.2522650335,"FUELETH":-0.2758413103,"MDAETH":-0.285201416,"LTCTUSD":-0.2881360345,"EOSUSDC":-0.3451794089,"ONGUSDT":-0.385005235,"XRPPAX":-0.3917569668,"ONGBTC":-0.4072230387,"STRATBTC":-0.4279931898,"FETBTC":-0.4372155393,"PAXUSDT":-0.4481346024,"ADXBTC":-0.4577904529,"EOSETH":-0.4785066945,"ZENBTC":-0.4950558657,"TUSDUSDT":-0.50567375,"USDSPAX":-0.5123848682,"EDOBTC":-0.5550292718,"DCRBTC":-0.5976872658,"FETUSDT":-0.6023242565,"BQXBTC":-0.6941831423,"USDCPAX":-0.8723066559},"startDate":"2019-03-17","endDate":"2019-03-24","numDays":7,"excludedPairs":["MFTBTC","DATAETH","BCNBNB","EVXETH","NCASHETH","OSTETH","WPRBTC","BCCETH","GNTBNB","NASBNB","QLCBNB","ZENETH","BTTPAX","TRIGBTC","BCNBTC","SYSETH","USDSUSDC","HSRETH","RLCETH","OAXETH","USDCBTC","APPCBNB","CHATBTC","LTCPAX","BTSBNB","AIONETH","YOYOETH","IOSTUSDT","MODBTC","LOOMBNB","EOSPAX","DNTBTC","MCOETH","REQBTC","STRATETH","POWRBNB","ENGETH","AMBBTC","LRCBTC","VIBEETH","WAVESBNB","TRXTUSD","NANOETH","BCHSVUSDC","QTUMETH","RENBTC","IOSTBNB","BLZBNB","NXSETH","PAXBTC","ARDRBTC","SCBTC","BTTTUSD","ICNETH","INSETH","RPXETH","BRDETH","PAXBNB","GOBNB","PHXBTC","WAVESTUSD","XZCETH","FUELBTC","ELFBTC","SYSBNB","BTSBTC","ZILBTC","QKCETH","SNMETH","NAVBNB","BCCBTC","CVCBNB","ETCBNB","NEBLETH","VENETH","WINGSETH","GTOETH","DGDETH","POEBTC","SUBBTC","WAVESUSDC","USDSUSDT","BNBUSDS","TNBBTC","TNTBTC","OSTBTC","NXSBNB","WABIBNB","LSKETH","MITHBNB","BLZBTC","BNTETH","BCPTBNB","BCCBNB","CMTBNB","QTUMBNB","TUSDBTC","SALTETH","ZECBNB","TRXPAX","REQETH","KMDETH","NPXSETH","DNTETH","XVGETH","XVGBTC","IOTXBTC","DENTBTC","TNBETH","VETBTC","WTCETH","TRIGETH","RENBNB","LENDBTC","FUNETH","EDOETH","BRDBNB","ZECUSDT","XZCBNB","DLTETH","PIVXBNB","STORMBNB","VIAETH","RPXBNB","NPXSBTC","REPETH","MFTBNB","RCNBNB","PHXETH","TRXUSDC","MCOBNB","CNDBNB","AGIETH","AIONBNB","RDNBNB","LINKETH","HOTBTC","PAXTUSD","CHATETH","BTTUSDC","CNDETH","SCBNB","QSPETH","HCETH","VENUSDT","SNMBTC","POABNB","POLYBNB","LRCETH","IOTXETH","MANAETH","VENBNB","BQXETH","KEYBTC","NCASHBTC","SNTBTC","ICXBNB","ARDRBNB","WINGSBTC","XEMBTC","PHXBNB","BTCUSDS","WANETH","USDSTUSD","STEEMETH","GNTETH","POLYBTC","DENTETH","VIABNB","PAXETH","BATBNB","ELFETH","FUNBTC","SALTBTC","NASETH","ICNBTC","GTOBNB","ARDRETH","MTLETH","ZECUSDC","XEMETH","BCDETH","AEETH","ZECPAX","SNGLSBTC","APPCETH","XLMUSDC","DCRBNB","RCNETH","NULSBNB","WPRETH","ONGBNB","XZCXRP","ARKETH","GOBTC","HSRBTC","OSTBNB","LSKBNB","AMBBNB","RDNETH","POWRBTC","NCASHBNB","VIBEBTC","DATABTC","XMRETH","TRIGBNB","WTCBNB","IOTABNB","ZRXETH","BCNETH","SNTETH","QKCBTC","QSPBTC","BCCUSDT","YOYOBNB","LOOMBTC","MTHBTC","ZRXBNB","REPBNB","CMTETH","XMRBNB","CMTBTC","CVCETH","LINKPAX","MODETH","STEEMBNB","TUSDBNB","QLCETH","USDCBNB","QSPBNB","PIVXETH","SYSBTC","ASTBTC","ZILBNB","KEYETH","MTHETH","BLZETH","QLCBTC","CNDBTC","STORMETH","CLOAKETH","NULSETH","TNTETH","TRXBTC","NAVETH","PPTETH","BTGETH","ADXETH","DASHETH","DLTBNB","BCHABCUSDC","SNGLSETH","HOTETH","AEBNB","WAVESETH","ZECTUSD","GNTBTC","POWRETH","BTTBTC","XEMBNB","WABIETH","BCHSVPAX","MITHBTC","GTOBTC","RLCBNB","CLOAKBTC","POAETH","IOSTBTC","ASTETH","TUSDETH","WAVESPAX","RCNBTC","AGIBNB","STORJETH","SCETH","USDCTUSD","YOYOBTC","MANABTC","DOCKBTC","VIBBTC","VENBTC","WANBNB","POEETH","NEBLBNB","VIBETH","RPXBTC","LENDETH","ADXBNB","ZENBNB","CDTBTC","GVTETH","SUBETH","AMBETH","BCPTETH","STORMBTC","DOCKETH","CDTETH","LUNETH","SKYBNB","NANOBNB","SKYETH","BTSETH","POABTC"]}