{"data":{"WABIBTC":0.9721138732,"NULSUSDT":0.9480707504,"WANBNB":0.9394821128,"WANBTC":0.9386606443,"RVNBNB":0.9330319213,"COSUSDT":0.9247332649,"EVXBTC":0.9240631781,"ICXBNB":0.9167495799,"ERDUSDT":0.9117177403,"ZILUSDT":0.9109397905,"AIONBTC":0.9106904071,"FUNETH":0.9106860099,"NULSBTC":0.9063026333,"EVXETH":0.9019871214,"GVTBTC":0.8981159048,"MTHETH":0.8911420192,"MITHUSDT":0.8852807865,"NEBLBTC":0.8843318109,"ZILETH":0.883012302,"ZRXBTC":0.8754200833,"CVCETH":0.8626492186,"DUSKUSDT":0.8546126708,"REPBTC":0.851528067,"AIONETH":0.8423825732,"ADXBTC":0.8419629454,"ONEUSDT":0.8395843861,"ENJUSDT":0.8328972545,"SKYBTC":0.8293018841,"XMRUSDT":0.8140257861,"ERDBNB":0.8102781402,"ZRXUSDT":0.809015936,"MATICUSDT":0.8046917116,"ZRXETH":0.7934719553,"MCOBTC":0.7850128508,"WANETH":0.7821149073,"ICXBTC":0.7778573408,"VETUSDT":0.774729491,"ENJBTC":0.772693812,"ONGUSDT":0.7724412038,"STEEMBTC":0.7710897161,"ATOMUSDT":0.7668275197,"LINKBTC":0.7602664912,"ONTBTC":0.7584662985,"ONTUSDT":0.757053729,"ICXUSDT":0.7499816085,"COSBNB":0.7492485732,"USDCPAX":0.74249119,"HCBTC":0.7335525472,"ENJBNB":0.728954153,"TFUELUSDT":0.7250941554,"ADAUSDT":0.722749599,"ALGOUSDT":0.7133801498,"ALGOBTC":0.7131856116,"FTMUSDT":0.6927597519,"NCASHETH":0.6859542196,"WINUSDC":0.6835290647,"AEBTC":0.676292119,"ONTETH":0.6668927531,"ARNBTC":0.653779613,"ICXETH":0.6534457304,"BTGBTC":0.6504766156,"NXSBTC":0.6455506184,"HOTUSDT":0.6406729183,"ADAUSDC":0.6323801981,"KMDBTC":0.6173669478,"GASBTC":0.6096746378,"ETCUSDT":0.5973184797,"VETETH":0.5944568846,"DUSKBTC":0.59202142,"CELRUSDT":0.5919856712,"LINKUSDT":0.5908364557,"ENGBTC":0.5824582738,"BNBUSDT":0.5774565769,"VIABTC":0.568352408,"ATOMBTC":0.5680832987,"WINUSDT":0.5625589596,"NASBTC":0.5539076749,"CELRBNB":0.5533477123,"XMRBTC":0.5524900373,"TRXBNB":0.5414989767,"RDNBTC":0.5359387868,"STRATBTC":0.5358230756,"LTCTUSD":0.5312499672,"LTCUSDC":0.5307718726,"ANKRUSDT":0.5253766084,"GXSBTC":0.5220289591,"MATICBNB":0.5195598554,"LUNBTC":0.5180274722,"OMGBTC":0.5173523775,"MTLETH":0.5153722662,"ETCBNB":0.509649114,"XMRBNB":0.4980819256,"IOTABNB":0.4950812743,"NANOBTC":0.491097121,"LTCBTC":0.4887323313,"MDABTC":0.485914039,"NANOUSDT":0.4767150438,"STORJBTC":0.4669797035,"BCDBTC":0.4647455402,"ALGOBNB":0.4643932709,"DUSKBNB":0.462042024,"NAVBTC":0.4507103207,"IOTAUSDT":0.4389549669,"GRSBTC":0.4349524943,"EOSPAX":0.433660296,"HOTBNB":0.4269554472,"TRXXRP":0.4207717999,"LTCUSDT":0.4160579166,"BCHABCUSDT":0.4154814176,"ZENBTC":0.4052487172,"LTCETH":0.3907381304,"WAVESUSDT":0.3893098619,"ETCBTC":0.3872229188,"BTCTUSD":0.3827852811,"TRXUSDT":0.3820958054,"TRXETH":0.3816172998,"USDCTUSD":0.3687664249,"XLMUSDT":0.3538966798,"ETHTUSD":0.3525082495,"THETAETH":0.3461533517,"BCHABCBTC":0.3388837738,"LINKPAX":0.3270179608,"BTCUSDT":0.3257538643,"PPTBTC":0.3211626673,"THETAUSDT":0.3202003232,"BATBTC":0.3161348533,"TUSDUSDT":0.3147624285,"ZECBTC":0.3140902116,"ZECUSDT":0.3123644274,"QTUMBTC":0.3059410052,"ADAETH":0.3029460558,"WAVESBTC":0.2996037012,"ADABNB":0.2994000386,"ONGBTC":0.2922666032,"DASHBTC":0.285359049,"IOTAETH":0.2830325097,"ENJETH":0.2806181147,"BTCPAX":0.2768376257,"TRXUSDC":0.2612906668,"LINKETH":0.2541358235,"BATUSDT":0.2526426017,"XLMETH":0.2525918635,"BATETH":0.2503860295,"DASHUSDT":0.2424424517,"IOTABTC":0.2423796932,"NEOETH":0.237703623,"ETHUSDC":0.2323217512,"BTCUSDC":0.2204018567,"RLCBTC":0.2133264975,"NEOBTC":0.2068492534,"BTTUSDT":0.1808072376,"ETCETH":0.1681982018,"XMRETH":0.1605171493,"OMGETH":0.160086093,"EDOBTC":0.1576928079,"INSETH":0.1509325884,"XRPTUSD":0.1483032706,"NEOBNB":0.1370904658,"OMGUSDT":0.1365637263,"BNBPAX":0.1202506699,"LTCPAX":0.1109818208,"EOSUSDC":0.103810984,"LINKUSDC":0.1006058485,"KNCETH":0.097910719,"BNBTUSD":0.0927084626,"THETABTC":0.0884541018,"BATBNB":0.0874513025,"ETHUSDT":0.0871419737,"WAVESETH":0.0868481637,"BCHABCUSDC":0.0764720941,"QTUMUSDT":0.0738040652,"LTCBNB":0.0728781742,"INSBTC":0.0686690057,"ONEBNB":0.0676222305,"BNBBTC":0.060050067,"LINKTUSD":0.0449482391,"DASHETH":0.0299388981,"DOGEUSDT":0.027365387,"EOSUSDT":0.0194551022,"XRPETH":0.0140906509,"MTLBTC":0.0014400572,"WTCBTC":-0.0007079715,"BCHABCTUSD":-0.0127444392,"PAXUSDT":-0.0390171493,"KNCBTC":-0.0422248549,"EOSBTC":-0.0565955175,"XRPUSDT":-0.0571836466,"BTCUSDS":-0.0660654218,"PAXTUSD":-0.0696224762,"PIVXBTC":-0.0945978088,"EOSBNB":-0.1041558351,"USDCUSDT":-0.1070668885,"XRPUSDC":-0.1222357877,"XRPBTC":-0.1271646273,"XRPBNB":-0.1349360654,"BRDBTC":-0.1467149047,"ARKBTC":-0.168858731,"FETUSDT":-0.1835863793,"BTTBNB":-0.2092390063,"ETHPAX":-0.2193891351,"ETHBTC":-0.2216091706,"NEOUSDT":-0.27020819,"NPXSUSDT":-0.271682052,"XRPPAX":-0.2891233724,"EOSETH":-0.3724442226,"RENBTC":-0.3854978581,"DGDBTC":-0.4013086827,"RENBNB":-0.4052336099,"LSKBTC":-0.4054255463,"BNBETH":-0.4064499867,"BCHABCPAX":-0.4137490104,"IOSTUSDT":-0.50367779,"BNBUSDC":-0.5315729562,"XZCBTC":-0.6206844718,"DCRBTC":-0.8463805374},"startDate":"2019-08-15","endDate":"2019-08-26","numDays":7,