{"data":{"RLCBTC":0.9906991858,"VIABTC":0.9637638071,"MCOBTC":0.9553476832,"QTUMUSDT":0.9537144089,"BRDBTC":0.9501237798,"HCBTC":0.9487862797,"OMGBTC":0.9450605851,"OAXBTC":0.9425376474,"VIAETH":0.9366148113,"XZCBTC":0.9336983296,"NAVBTC":0.9273881693,"QTUMETH":0.9264883268,"QTUMBTC":0.9249779823,"BLZBTC":0.9192078587,"LSKBTC":0.9149601654,"KMDBTC":0.9062789415,"EVXBTC":0.9058666632,"ONGBTC":0.9008992889,"ARNBTC":0.894632694,"STORJBTC":0.8944883833,"ARKBTC":0.8892177916,"OMGETH":0.8850582009,"DCRBTC":0.8842589131,"ONGUSDT":0.8815902512,"NEBLBTC":0.8748549207,"KMDETH":0.8745585819,"ENGBTC":0.8743603896,"VETETH":0.8719494879,"GRSETH":0.871797126,"VETUSDT":0.8662482974,"GVTBTC":0.8493154054,"GRSBTC":0.8452283355,"NANOBTC":0.8447663609,"NASBTC":0.8404486343,"XZCXRP":0.8400128033,"NXSBTC":0.8390996474,"NANOETH":0.838193869,"BTTUSDT":0.8359271928,"LOOMETH":0.8353218147,"ZENBTC":0.8349828062,"DASHBTC":0.8216838429,"DLTBTC":0.821514795,"ARDRBTC":0.8212338379,"RVNBTC":0.8142401712,"PPTBTC":0.8139044924,"ARNETH":0.8058090834,"BTTBNB":0.8036230353,"GNTBTC":0.8009186171,"AEBTC":0.7993347625,"EDOBTC":0.7734640051,"GASBTC":0.7723448318,"DGDBTC":0.7669352559,"REPBTC":0.7615993853,"RDNBTC":0.7476134308,"APPCBTC":0.7445894291,"CVCBTC":0.740592762,"HOTUSDT":0.7405736168,"THETAETH":0.7376866131,"PIVXBTC":0.7375311145,"THETABTC":0.7273081508,"POWRBTC":0.7242587728,"ONGBNB":0.7202190668,"MITHBTC":0.7178765181,"INSBTC":0.7128129645,"ADXBTC":0.6980166424,"WABIBTC":0.697952829,"ONTBTC":0.6934970444,"BCDBTC":0.6933185787,"LUNBTC":0.6921497807,"BTGBTC":0.6891315093,"XLMBTC":0.6885647212,"ONTETH":0.6848115912,"MDAETH":0.6804843993,"MDABTC":0.6736316984,"XRPUSDT":0.6518630787,"XEMBTC":0.646387744,"XLMBNB":0.6445174803,"XRPBTC":0.6380877824,"AMBBTC":0.6285141677,"RVNBNB":0.6226318773,"CMTBTC":0.6094885467,"XLMUSDT":0.6028437879,"BATBTC":0.5951216326,"BCHABCUSDT":0.5849209447,"XLMTUSD":0.5801265626,"XLMETH":0.5731043645,"BQXBTC":0.5712885103,"BCHABCBTC":0.5636547909,"STRATBTC":0.5612710049,"WAVESUSDT":0.5606161104,"BNTBTC":0.5418810539,"KNCBTC":0.5380676898,"ONTUSDT":0.537687287,"NEOUSDT":0.5368022615,"IOTABTC":0.51200093,"XRPETH":0.5097843246,"ZECBTC":0.509394283,"ZRXETH":0.5065319641,"THETABNB":0.5063773764,"ZRXBTC":0.5061496463,"ONTBNB":0.5052147904,"BCHSVUSDT":0.5019793652,"TRXXRP":0.5005805653,"ENJBTC":0.4983800624,"BCHSVBTC":0.4898884537,"XMRBTC":0.4861160259,"WAVESBTC":0.4837396519,"XRPBNB":0.4674332082,"ADAUSDT":0.4639403019,"POLYBTC":0.46284958,"BATETH":0.4623457305,"XRPTUSD":0.4476966873,"XLMUSDC":0.4429021871,"BATUSDT":0.4380106308,"NEOTUSD":0.4302911421,"ADABNB":0.4264055059,"WANBTC":0.4247609368,"BNBUSDT":0.409279444,"IOTAUSDT":0.4046328239,"BNBBTC":0.4023695988,"BNBPAX":0.3996204475,"LINKBTC":0.3896659387,"ICXBTC":0.3878579378,"NEOBTC":0.3865079274,"ENJBNB":0.3741208252,"NULSUSDT":0.3715464009,"ADAETH":0.3593244163,"BNBETH":0.3579221828,"ETCUSDT":0.3487650408,"ICXUSDT":0.3377544349,"TRXUSDT":0.3345211876,"ETCBTC":0.33443721,"USDCPAX":0.3243812847,"ENJETH":0.3212019518,"BNTETH":0.3189996782,"NULSBTC":0.3170698627,"ELFBTC":0.3063717761,"EOSBNB":0.3021987192,"FETBTC":0.2979944186,"TRXETH":0.2941829433,"TRXBNB":0.2819254156,"NEOETH":0.2802541167,"STEEMBTC":0.2768485288,"LTCBNB":0.2653880826,"KNCETH":0.2561219749,"LTCBTC":0.2560159255,"XRPPAX":0.2487656914,"ETHUSDC":0.2473120524,"WTCBTC":0.2357412102,"LTCETH":0.2349954377,"ZILETH":0.2214913535,"ZRXUSDT":0.2210429834,"WANETH":0.2207066508,"ICXETH":0.2193682768,"TUSDUSDT":0.2163500037,"ETHBTC":0.2096044685,"LTCPAX":0.2089876619,"FETUSDT":0.1976502915,"PAXUSDT":0.1945636483,"ETHUSDT":0.1823851031,"FETBNB":0.168919668,"ETHPAX":0.1490272255,"MTLBTC":0.1453611414,"ZILUSDT":0.1356023077,"LINKETH":0.1288739058,"BTCPAX":0.1021308709,"USDCUSDT":0.0679848425,"LINKUSDT":0.064272686,"BCHABCTUSD":0.0448843101,"BTCUSDC":0.034249394,"GXSBTC":0.0302436073,"AIONBTC":0.0234878505,"FUELETH":0.0109496966,"BTCUSDT":0.0036828555,"LTCTUSD":0.0024979872,"SKYBTC":0.001825044,"ADATUSD":-0.0154499663,"LTCUSDT":-0.0462083869,"AGIBTC":-0.084869582,"WAVESETH":-0.1165696784,"EOSUSDT":-0.1731843734,"EOSBTC":-0.2403950155,"EOSETH":-0.2671182484,"EOSPAX":-0.275627509,"LINKTUSD":-0.3346802454,"LINKUSDC":-0.3367841504,"PAXTUSD":-0.3398838611,"EOSUSDC":-0.4277625955,"EOSTUSD":-0.5654504432},"startDate":"2019-03-09","endDate":"2019-03-17","numDays":7,"excludedPairs":["LSKETH","NCASHETH","MFTBTC","STEEMBNB","XEMBNB","REPBNB","TRIGETH","PHXETH","NPXSETH","TNTETH","POAETH","REPETH","SYSBTC","DOCKETH","FUNETH","BTTUSDC","NASETH","NXSETH","WPRETH","SUBBTC","NCASHBTC","NEOBNB","ETCETH","BNBTUSD","SCETH","CNDETH","WTCBNB","XZCBNB","NEBLBNB","STORMETH","BTTBTC","BNBUSDS","CHATBTC","PPTETH","DATABTC","STORJETH","GOBTC","SNMETH","GXSETH","WAVESBNB","PIVXETH","BCHSVTUSD","BATBNB","TRIGBNB","MTLETH","YOYOETH","QLCBNB","CLOAKBTC","TUSDBTC","CDTBTC","INSETH","DLTBNB","RDNBNB","MTHBTC","QTUMBNB","PAXBTC","BCCETH","PHXBNB","SYSBNB","YOYOBTC","BTCTUSD","BCHSVUSDC","ENGETH","BCCBNB","BRDETH","RENBTC","LOOMBTC","QSPBNB","BTSETH","SKYETH","BCHABCPAX","IOTABNB","LSKBNB","DOCKBTC","VETBTC","RDNETH","IOTXBTC","MODETH","IOTXETH","OSTBTC","XMRBNB","TRIGBTC","GTOBNB","ICNBTC","POABTC","DENTETH","NANOBNB","DASHETH","ICNETH","CLOAKETH","CMTETH","QSPETH","LOOMBNB","DNTETH","PAXETH","HOTBNB","BCCBTC","CNDBNB","VIBEETH","KEYBTC","LRCBTC","USDCBTC","USDCTUSD","ZENETH","MCOBNB","BTCUSDS","STRATETH","USDSUSDC","BLZBNB","AEBNB","TUSDETH","NCASHBNB","WAVESUSDC","BCPTETH","SKYBNB","CHATETH","BCHSVPAX","AGIBNB","MODBTC","BCHABCUSDC","ZENBNB","AIONBNB","BCDETH","MANAETH","AMBBNB","IOSTBTC","AIONETH","MTHETH","BCNETH","APPCETH","AGIETH","RCNETH","AMBETH","TRXUSDC","ETCBNB","OSTETH","WPRBTC","DENTBTC","USDSUSDT","ELFETH","XVGETH","TNBBTC","GTOBTC","BCCUSDT","TRXBTC","DATAETH","VIBBTC","VETBNB","HOTETH","XRPUSDC","AEETH","HSRETH","WINGSBTC","BTSBNB","STORMBTC","XZCETH","ASTBTC","ADXETH","EVXETH","QSPBTC","VENUSDT","WABIBNB","USDSTUSD","BCNBTC","SALTETH","ZECETH","VENBTC","MCOETH","VENBNB","QKCBTC","QKCETH","HSRBTC","ICXBNB","YOYOBNB","BCNBNB","STORMBNB","OAXETH","NAVETH","SNGLSBTC","SYSETH","MANABTC","ARDRETH","QLCBTC","SUBETH","FUELBTC","WABIETH","BTGETH","ZILBTC","XLMPAX","TRXTUSD","BNBUSDC","BTSBTC","RCNBNB","DLTETH","ZILBNB","XVGBTC","PIVXBNB","POEBTC","RLCETH","POLYBNB","LTCUSDC","BCPTBNB","CDTETH","TNTBTC","SNTETH","POWRETH","WINGSETH","NASBNB","VIABNB","NULSETH","POABNB","CNDBTC","NULSBNB","ZRXBNB","XEMETH","PHXBTC","WAVESPAX","MFTBNB","MFTETH","XMRUSDT","EDOETH","SCBNB","KEYETH","IOSTETH","POWRBNB","NAVBNB","WTCETH","TUSDBNB","FUNBTC","DGDETH","WAVESTUSD","BRDBNB","LRCETH","PAXBNB","BTTPAX","SNMBTC","LENDBTC","RPXETH","APPCBNB","ASTETH","VIBETH","NXSBNB","BTTTUSD","VIBEBTC","ADABTC","OSTBNB","RENBNB","GVTETH","LUNETH","RPXBTC","XMRETH","IOTAETH","CMTBNB","LENDETH","USDCBNB","SALTBTC","DCRBNB","BCPTBTC","NPXSBTC","ADXBNB","GNTBNB","USDSPAX","GTOETH","VENETH","DNTBTC","WANBNB","ETHTUSD","SNTBTC","NEBLETH","BQXETH","QLCETH","CVCETH","CVCBNB","STEEMETH","ARKETH","REQETH","POEETH","BLZETH","ARDRBNB","REQBTC","RPXBNB","MITHBNB","RLCBNB","GNTETH","GOBNB","TRXPAX","LINKPAX","TNBETH","HCETH","HOTBTC","RCNBTC","SNGLSETH","SCBTC"]}