{"data":{"ONTUSDT":0.9422035214,"MCOETH":0.9364673803,"BTGBTC":0.9286442896,"ONTBTC":0.9265052182,"ARKBTC":0.9233158395,"NULSBTC":0.9212442424,"MCOBTC":0.906090757,"APPCBTC":0.9059508256,"ELFBTC":0.888981519,"RDNETH":0.8778408831,"DLTBTC":0.8776238923,"POWRBTC":0.8774264357,"GRSBTC":0.8755981112,"ONTETH":0.868746267,"LINKUSDT":0.8602567325,"KNCBTC":0.853265093,"HCBTC":0.8529262906,"LUNBTC":0.8435173186,"NEBLBTC":0.8420492209,"ELFETH":0.8356161654,"ADXBTC":0.8290749086,"ZENBTC":0.8274171533,"NULSUSDT":0.8231542118,"RDNBTC":0.8175590882,"ARKETH":0.8157628105,"STORJETH":0.8087577365,"REPBTC":0.8054342288,"ARNBTC":0.8015162684,"STRATBTC":0.8011273794,"STORJBTC":0.7994117117,"LRCBTC":0.7776300925,"KMDBTC":0.77057097,"GASBTC":0.7675819548,"EDOBTC":0.7607360355,"IOSTETH":0.7485800997,"BCHSVUSDT":0.7458294634,"WTCBTC":0.7301352586,"MDABTC":0.729918581,"INSBTC":0.7283714326,"HOTETH":0.7259828041,"VIABTC":0.7215582327,"LINKBTC":0.7192107725,"EOSBTC":0.7188427339,"ENGBTC":0.6975219468,"STEEMBTC":0.6889540433,"BNBBTC":0.6862798401,"WABIBTC":0.6825209307,"BCHSVBTC":0.6806778408,"CVCBTC":0.6806773745,"QTUMBTC":0.6611927025,"PIVXBTC":0.6578868075,"XRPBTC":0.656670963,"GVTBTC":0.655729153,"BTTUSDT":0.6556965167,"XLMBTC":0.6394048179,"AEBTC":0.6334641517,"BNBUSDC":0.62988688,"ETCBTC":0.6259238124,"ICXUSDT":0.6170298527,"ENJETH":0.6162006598,"WAVESBTC":0.6142216376,"VETUSDT":0.6104717081,"ETHUSDT":0.6027593905,"XRPPAX":0.5963318468,"BNBUSDT":0.5956521251,"BATBTC":0.5948380935,"TRXUSDT":0.5929661463,"MODBTC":0.5831682533,"BTTBNB":0.5799684635,"ONTBNB":0.5697850968,"XLMUSDT":0.5594959594,"THETABTC":0.5581001521,"IOTAUSDT":0.5534986486,"EOSUSDT":0.5494217542,"MITHBTC":0.5410423118,"XRPUSDT":0.5385294422,"QTUMUSDT":0.5365838285,"NEOUSDT":0.5362846391,"OMGBTC":0.5356284573,"XLMBNB":0.5332443169,"EOSETH":0.5321561751,"LTCBTC":0.5312664005,"ARNETH":0.5273902682,"SKYBTC":0.526355725,"NEOBNB":0.5249924066,"ETHPAX":0.520827244,"ETHBTC":0.5177968187,"BCHABCBTC":0.5115005196,"ADAUSDT":0.5065153984,"MTLBTC":0.5035167604,"XLMETH":0.5031017841,"EOSPAX":0.5026782924,"ETHUSDC":0.5026175013,"LTCUSDT":0.4986912987,"NXSBTC":0.4942497623,"THETABNB":0.4889581501,"NEOBTC":0.4864772021,"XZCBTC":0.4861891985,"TRXBNB":0.4789728727,"EOSBNB":0.4786190602,"DCRBTC":0.4725979682,"BATETH":0.4706767111,"DASHBTC":0.4684695608,"NEOETH":0.4642277237,"BCDBTC":0.4601208593,"ZILETH":0.4599450427,"MODETH":0.4366578304,"ETCUSDT":0.4320977849,"BTCUSDT":0.418345276,"THETAETH":0.4120171352,"XRPTUSD":0.4039784394,"NANOBTC":0.4033722565,"BTCUSDC":0.3895991468,"LTCUSDC":0.3762374735,"ZECBTC":0.364746093,"IOTABTC":0.3599897708,"NASBTC":0.3597548612,"BNBETH":0.3597314958,"WAVESUSDT":0.3531144796,"XLMPAX":0.3512153792,"TRXTUSD":0.349545401,"LINKETH":0.3461885404,"BNBPAX":0.3424778423,"BQXBTC":0.3401094906,"BTCPAX":0.3335813061,"TRXXRP":0.3323315928,"BCHABCUSDT":0.3283314389,"XRPUSDC":0.3282120127,"LTCTUSD":0.3279568714,"OAXBTC":0.3234156403,"WAVESETH":0.3216900414,"LSKBTC":0.3156102529,"EVXBTC":0.3112295517,"TRXETH":0.3077545297,"XRPBNB":0.3057944268,"XLMTUSD":0.2962271546,"BCHSVTUSD":0.2939678744,"PPTBTC":0.2912415921,"EOSUSDC":0.2821119788,"ETCETH":0.2787351093,"NEOTUSD":0.2783665102,"XRPETH":0.2718198239,"LTCBNB":0.2484401413,"OMGETH":0.2412924882,"EVXETH":0.2341185072,"ICXBTC":0.2337970852,"EOSTUSD":0.2290285783,"FUELETH":0.2150246131,"POLYBTC":0.2144596915,"ZRXBTC":0.2027818979,"XLMUSDC":0.1986863097,"IOTAETH":0.1911806755,"ADABNB":0.1862867461,"GXSBTC":0.1832185612,"ZRXETH":0.1742251626,"ICXETH":0.1626894572,"ADAETH":0.1360946924,"XMRETH":0.1333200822,"VETETH":0.1332908529,"BCHABCUSDC":0.1323794304,"LTCETH":0.1303381962,"NAVBTC":0.1214152504,"USDCPAX":0.1115726833,"TUSDETH":0.0572031679,"ADATUSD":0.0522789053,"PAXTUSD":0.0493958296,"TUSDBTC":0.0451414573,"XMRBTC":0.0408206737,"TUSDBNB":0.018062752,"BTCUSDS":0.0168618648,"USDCUSDT":-0.0230728301,"USDCTUSD":-0.0246836268,"BCHABCTUSD":-0.1001730849,"PAXUSDT":-0.1033003137,"TUSDUSDT":-0.1160244328,"WANBTC":-0.1946663233,"DGDBTC":-0.2516319371,"CLOAKBTC":-0.4373188532,"WINGSBTC":-0.4674428608,"AIONBTC":-0.6020750954,"SUBBTC":-0.6132634402,"SALTBTC":-0.7006551896},"startDate":"2019-02-14","endDate":"2019-02-21","numDays":7,"excludedPairs":["WINGSETH","QSPETH","XVGBTC","MANAETH","VENBNB","ASTETH","ARDRBTC","LUNETH","LSKETH","DENTETH","IOTXBTC","APPCETH","BLZETH","AGIBTC","VENUSDT","LINKUSDC","BCCUSDT","YOYOBNB","ADABTC","PHXETH","NXSETH","AEBNB","ICNBTC","AMBBTC","NXSBNB","NAVETH","AMBBNB","VENETH","MTHETH","BCNBTC","NANOETH","HOTUSDT","ENGETH","BATBNB","RENBTC","PAXBNB","GVTETH","ARDRETH","AMBETH","PIVXETH","WABIETH","ONGBTC","DCRBNB","IOTABNB","BCHSVUSDC","NAVBNB","CMTBTC","QLCBTC","DATAETH","BTTPAX","VIBEBTC","LENDBTC","USDCBNB","SCBTC","BRDBNB","LINKPAX","ZENETH","NEBLETH","XEMETH","ZENBNB","RCNBNB","GNTETH","BCNETH","POAETH","DOCKBTC","CNDETH","ICXBNB","WAVESPAX","GNTBNB","PHXBNB","QKCBTC","SNGLSETH","POWRBNB","QTUMETH","DLTETH","TRIGETH","TNBETH","DLTBNB","LOOMBNB","SYSETH","ENJBNB","ENJBTC","IOSTBTC","VIBBTC","TRXPAX","BNTBTC","OAXETH","LRCETH","CMTBNB","BCCBNB","INSETH","ICNETH","YOYOBTC","XZCXRP","ZECETH","DOCKETH","XVGETH","BTSBTC","TRXBTC","GXSETH","CMTETH","CHATETH","LSKBNB","TNTETH","REPBNB","GOBNB","BNTETH","MTHBTC","AIONETH","VIAETH","BCCETH","TRIGBNB","STORMETH","USDSTUSD","QSPBNB","BCNBNB","ZILUSDT","APPCBNB","SKYETH","AIONBNB","MFTETH","PHXBTC","LENDETH","REPETH","XEMBTC","XZCETH","STEEMETH","MDAETH","USDSPAX","VETBTC","GTOBNB","WANETH","MCOBNB","RPXBNB","TRXUSDC","OSTETH","AGIBNB","SYSBNB","EDOETH","RLCBNB","SKYBNB","XEMBNB","STORMBTC","IOTXETH","ZILBTC","SYSBTC","WPRBTC","XZCBNB","DGDETH","PPTETH","STEEMBNB","VIBEETH","BTSBNB","YOYOETH","FUELBTC","SUBETH","BTTUSDC","HOTBNB","BLZBNB","CNDBNB","ONGUSDT","NPXSBTC","LINKTUSD","RCNETH","GNTBTC","DENTBTC","HSRBTC","SNTETH","NCASHBNB","QSPBTC","CNDBTC","BRDETH","MTLETH","SNTBTC","USDSUSDT","RPXBTC","AEETH","LOOMBTC","KEYBTC","BCPTBNB","GRSETH","ARDRBNB","POWRETH","PIVXBNB","SNGLSBTC","BLZBTC","NEBLBNB","WPRETH","MANABTC","FUNBTC","POEETH","FUNETH","VENBTC","HSRETH","BCPTETH","CVCETH","DATABTC","BCDETH","BTTBTC","PAXETH","POABNB","QLCBNB","RDNBNB","WTCETH","ADXETH","TRIGBTC","OSTBNB","WAVESBNB","GTOBTC","BTSETH","BCCBTC","ONGBNB","BCPTBTC","NASETH","NCASHBTC","REQBTC","KMDETH","BCHSVPAX","WAVESUSDC","RVNBNB","GOBTC","SCBNB","PAXBTC","HOTBTC","RENBNB","QTUMBNB","MITHBNB","DASHETH","STRATETH","GTOETH","QKCETH","NASBNB","ETCBNB","WAVESTUSD","CDTBTC","NCASHETH","USDCBTC","CDTETH","BNBUSDS","SNMBTC","TNBBTC","HCETH","RVNBTC","POLYBNB","VIBETH","BTTTUSD","TNTBTC","QLCETH","USDSUSDC","VETBNB","WABIBNB","BQXETH","CLOAKETH","SALTETH","DNTBTC","RPXETH","STORMBNB","POABTC","SCETH","NULSETH","LOOMETH","VIABNB","SNMETH","BCHABCPAX","WTCBNB","CVCBNB","NPXSETH","WANBNB","RLCBTC","REQETH","ZILBNB","RCNBTC","NULSBNB","ASTBTC","DNTETH","LTCPAX","KEYETH","POEBTC","BTGETH","AGIETH","ADXBNB","NANOBNB","MFTBTC","BRDBTC","MFTBNB","CHATBTC","RLCETH","KNCETH","OSTBTC"]}