{"data":{"BCDBTC":0.9632695435,"HOTUSDT":0.9287835025,"THETABTC":0.9121704861,"AEBTC":0.9052310099,"BATBTC":0.8720890451,"ENJBNB":0.8473745889,"ARNBTC":0.8437870607,"ENJBTC":0.8400541571,"WABIBTC":0.8381757238,"BATUSDT":0.8362952668,"BCHABCPAX":0.8356480958,"OAXETH":0.8328165004,"ONGBTC":0.8248129319,"OAXBTC":0.8136164872,"THETAUSDT":0.8069358347,"XRPPAX":0.7990692395,"BTCPAX":0.7987423018,"THETAETH":0.7963733103,"NULSUSDT":0.7954730376,"ONGUSDT":0.7929686814,"FUELETH":0.791129904,"ENJETH":0.7880227843,"GVTBTC":0.7848163893,"STRATBTC":0.780438043,"WABIBNB":0.7802166012,"ETHTUSD":0.7660662147,"GRSBTC":0.7566159767,"ETHBTC":0.7447036138,"XRPBTC":0.7435734996,"MTLETH":0.7430193458,"MTLBTC":0.7390071821,"EOSETH":0.738101064,"ADXBTC":0.7373976105,"BTTUSDC":0.7370322176,"ETHUSDC":0.7336169328,"WAVESUSDT":0.7325296706,"BTGBTC":0.731224283,"ZENBTC":0.7293088404,"XRPETH":0.7292573677,"MFTBNB":0.7237667146,"BTCUSDS":0.707648813,"ADABNB":0.7060748396,"TRXETH":0.7058781969,"WABIETH":0.6997761292,"ENGBTC":0.6980255397,"PPTBTC":0.6893761104,"TRXUSDT":0.6819109058,"ICXETH":0.6771939056,"BCHABCBTC":0.6715230841,"ETHUSDT":0.6703874272,"TRXTUSD":0.6687986436,"XRPTUSD":0.6674372931,"RLCBTC":0.6611403505,"MFTETH":0.6595403874,"APPCBTC":0.6573710084,"BCHABCTUSD":0.646967197,"TRXBNB":0.645042161,"NAVBTC":0.6438727627,"ZRXUSDT":0.6334966969,"EVXETH":0.6311523138,"CELRUSDT":0.6278724006,"WAVESBNB":0.624763283,"GASBTC":0.6232801932,"XRPUSDC":0.6167882416,"BNBBTC":0.6159659623,"XRPUSDT":0.6081510728,"BTTUSDT":0.6060406834,"KMDBTC":0.6038238659,"STEEMBTC":0.6008814252,"XLMETH":0.5998914594,"INSBTC":0.5993522942,"WTCBTC":0.5927272431,"QTUMBTC":0.5914049861,"IOSTETH":0.5909639962,"BNTBTC":0.5904409519,"EOSBNB":0.5897904681,"LTCUSDC":0.5803910277,"NEOETH":0.5789191706,"PIVXBTC":0.576817553,"BATETH":0.5686218628,"BCHABCUSDT":0.5685256379,"EOSBTC":0.5652427399,"LUNBTC":0.5643972199,"ZRXBTC":0.5637462447,"ETCBTC":0.5630574406,"DASHBTC":0.5588394959,"QTUMUSDT":0.5574653909,"OMGETH":0.5558795624,"BNBUSDT":0.5530314044,"LTCETH":0.55005444,"TRXXRP":0.5412399171,"BQXBTC":0.5399154379,"ETCUSDT":0.5375755512,"BLZBTC":0.5353410562,"ZECETH":0.5217470973,"NULSBTC":0.5198246167,"XMRETH":0.5174672416,"ONTBTC":0.515620184,"GNTBTC":0.5144769274,"OMGUSDT":0.5094582922,"ADAUSDT":0.5072420226,"FETBNB":0.5031668247,"NEOUSDT":0.4967994167,"ETHPAX":0.4894944921,"NEOBTC":0.4884598162,"AIONBTC":0.4883871651,"EVXBTC":0.4863062702,"DGDBTC":0.4841414851,"LRCBTC":0.4810525984,"ICXBTC":0.4777670892,"XLMUSDT":0.4764674117,"RVNBNB":0.4706613346,"NASBTC":0.4676785752,"EOSTUSD":0.4665920586,"XMRUSDT":0.4617452834,"ICXUSDT":0.4594219916,"EDOBTC":0.4536850612,"CVCBTC":0.4459909415,"ADAETH":0.4421381821,"ZECUSDT":0.4376687719,"IOSTUSDT":0.436790262,"EOSUSDC":0.4359886689,"NEBLBTC":0.4328008015,"BRDBTC":0.4220421794,"ZECBTC":0.4205871278,"LTCPAX":0.4167229185,"EOSUSDT":0.40987394,"STORJBTC":0.4019252033,"NANOBTC":0.3867198156,"LTCTUSD":0.3794691913,"WAVESBTC":0.3774277546,"BCHABCUSDC":0.3748936073,"BTCTUSD":0.3710990492,"ZILUSDT":0.3632068478,"NANOETH":0.3608215892,"XMRBTC":0.3601713776,"ONTUSDT":0.3583046733,"LTCBNB":0.3540172957,"DASHUSDT":0.3411016113,"BCHSVTUSD":0.3405675297,"RVNBTC":0.3402468112,"NASETH":0.3393770241,"ZILETH":0.3368777135,"RDNBTC":0.3353077211,"BTCUSDT":0.3268083981,"XRPBNB":0.3248097752,"WAVESETH":0.3151530541,"ADATUSD":0.3097376289,"EOSPAX":0.3027505416,"KNCBTC":0.2970835836,"ONTETH":0.2889763603,"OMGBTC":0.2885165833,"NEOBNB":0.2865219497,"WANBTC":0.28220499,"BTCUSDC":0.2794484264,"LTCBTC":0.2713851994,"LINKBTC":0.2689933509,"XZCBTC":0.260917957,"USDCTUSD":0.2609048701,"FETUSDT":0.2592996076,"ARKBTC":0.2532485,"PAXTUSD":0.2262540958,"LTCUSDT":0.2149049568,"NANOUSDT":0.1942385814,"VIABTC":0.1860290302,"HCBTC":0.1708512849,"QKCETH":0.1321023059,"FETBTC":0.1198545005,"ELFBTC":0.1173647491,"REPBTC":0.077114845,"DCRBTC":0.0744017046,"POWRBTC":-0.0249541978,"BCHSVUSDT":-0.1307710869,"USDCUSDT":-0.1560121537,"MDABTC":-0.1998116304,"SKYBTC":-0.2252143834,"USDSPAX":-0.2262986526,"TUSDUSDT":-0.2316042784,"DLTBTC":-0.2321070234,"LINKUSDT":-0.2402203371,"VETETH":-0.2617653688,"IOTAUSDT":-0.2618079707,"GXSBTC":-0.2655614522,"NXSBTC":-0.2684539193,"USDCPAX":-0.2798730988,"PAXUSDT":-0.2997014706,"MCOBTC":-0.3108033019,"BNBETH":-0.3670365797,"BTTBNB":-0.3849513244,"BCHSVBTC":-0.3955046542,"IOTAETH":-0.4071810394,"BNBTUSD":-0.4150221952,"LSKBTC":-0.4238409126,"IOTABTC":-0.4422820783,"VETUSDT":-0.4839464863,"BNBUSDC":-0.6310782146},"startDate":"2019-04-11","endDate":"2019-04-18","numDays":7,"excludedPairs":["BCPTETH","BTTTUSD","SYSBNB","MTHETH","XEMBNB","POLYBTC","NCASHBNB","BCPTBNB","XVGETH","IOTXBTC","VENBTC","DOCKETH","DASHETH","DLTETH","AGIBNB","QTUMETH","ARNETH","RCNETH","ICNETH","ZENETH","LUNETH","BTTPAX","BTSBTC","LINKUSDC","RCNBTC","ADAUSDC","INSETH","BCCBNB","ICXBNB","STORJETH","ASTBTC","SCETH","ZECTUSD","CDTBTC","NCASHBTC","VIAETH","SALTBTC","OMGBNB","XVGBTC","VENETH","NASBNB","USDSUSDC","QLCBTC","XLMBNB","GVTETH","XLMBTC","GTOBTC","SNGLSBTC","POWRETH","TRXPAX","LOOMETH","PIVXBNB","SCBNB","RCNBNB","ADXETH","BCCBTC","FUNETH","HCETH","REPETH","USDSUSDT","LOOMBTC","NULSBNB","DNTETH","BQXETH","BCCETH","USDCBNB","DCRBNB","WANBNB","BCHSVUSDC","CLOAKETH","ENGETH","TUSDBNB","POEBTC","VIBETH","RLCBNB","USDSTUSD","DATAETH","AMBBNB","OSTETH","BCNETH","PPTETH","SCBTC","VIBBTC","WINGSETH","WANETH","VENUSDT","IOSTBNB","MDAETH","GOBNB","YOYOBNB","GTOBNB","CNDBTC","RDNETH","LSKBNB","DATABTC","BNBUSDS","ADABTC","WTCETH","REQETH","NULSETH","BCNBTC","PHXBTC","XZCBNB","REQBTC","LENDETH","HOTBNB","LSKETH","KEYBTC","HOTBTC","PAXBTC","CLOAKBTC","DNTBTC","XZCETH","VETBNB","PAXBNB","BCHSVPAX","DENTBTC","TUSDETH","QLCETH","RDNBNB","BCPTBTC","NANOBNB","WPRETH","WAVESTUSD","AGIETH","YOYOBTC","FUNBTC","LENDBTC","TNTETH","HSRBTC","LRCETH","OSTBTC","SYSBTC","DGDETH","CNDBNB","SKYBNB","STORMBNB","QSPBTC","DLTBNB","RPXBNB","STEEMETH","MODBTC","CMTBNB","NCASHETH","DASHBNB","XZCXRP","ELFETH","OSTBNB","TRXBTC","XLMPAX","NAVETH","XEMETH","VIABNB","AGIBTC","CELRBNB","TRIGBTC","XEMBTC","CVCETH","AMBETH","ONGBNB","ARKETH","POWRBNB","LINKETH","LINKTUSD","NAVBNB","GNTETH","AIONBNB","XLMTUSD","MFTBTC","MITHBTC","NXSBNB","SALTETH","STEEMBNB","ARDRETH","BTSETH","XLMUSDC","REPBNB","NEOTUSD","GNTBNB","PIVXETH","VETBTC","POLYBNB","CMTETH","TNBETH","NEBLBNB","LOOMBNB","MCOBNB","WTCBNB","GRSETH","TNBBTC","IOTXETH","CELRBTC","IOSTBTC","POABTC","QSPBNB","BCCUSDT","EDOETH","QKCBTC","ZECUSDC","MANAETH","GTOETH","CHATBTC","BATBNB","NEOUSDC","STORMBTC","TNTBTC","NEBLETH","ZENBNB","RENBTC","STRATETH","CVCBNB","CHATETH","SNMBTC","POEETH","CNDETH","POAETH","FUELBTC","ZRXBNB","APPCETH","QLCBNB","MANABTC","RPXETH","THETABNB","ETCETH","WAVESPAX","TRIGETH","BLZBNB","SNTBTC","GXSETH","TUSDBTC","ZECBNB","KNCETH","RPXBTC","AEBNB","KEYETH","BNBPAX","BTSBNB","STORMETH","PHXBNB","APPCBNB","WINGSBTC","KMDETH","BRDBNB","CMTBTC","BTTBTC","RENBNB","AMBBTC","ADXBNB","VIBEETH","BCDETH","PAXETH","BCNBNB","NXSETH","ARDRBTC","DOCKBTC","MITHBNB","ASTETH","SNGLSETH","CDTETH","NPXSETH","BTGETH","ONTBNB","PHXETH","MODETH","VENBNB","QTUMBNB","DENTETH","USDCBTC","TRIGBNB","LINKPAX","MTHBTC","NPXSBTC","HSRETH","BNTETH","AEETH","BRDETH","HOTETH","BLZETH","ZILBTC","SKYETH","ADAPAX","TRXUSDC","NEOPAX","WPRBTC","RLCETH","VIBEBTC","WAVESUSDC","SYSETH","ZECPAX","GOBTC","POABNB","SNTETH","ZRXETH","MCOETH","YOYOETH","ETCBNB","QSPETH","ICNBTC","ARDRBNB","SUBBTC","SNMETH","SUBETH","IOTABNB","XMRBNB","ZILBNB","AIONETH"]}