{"data":{"STRATBTC":0.9576499434,"CELRUSDT":0.9105394617,"QKCETH":0.8860484419,"HOTUSDT":0.865094026,"MANAETH":0.8477521805,"GVTBTC":0.8462217571,"HOTBNB":0.8342274192,"NULSUSDT":0.8115444712,"XZCBTC":0.8091631198,"MATICUSDT":0.8013815417,"VIABTC":0.7890937051,"GRSBTC":0.7786859468,"STORJBTC":0.7781631071,"LINKUSDT":0.7587416655,"INSBTC":0.7572801044,"CELRBNB":0.7553673629,"NAVBTC":0.7542530967,"BQXBTC":0.7535058877,"PIVXBTC":0.745618906,"ASTBTC":0.7451966407,"BATUSDT":0.7442185124,"LINKETH":0.7414337876,"NULSBTC":0.7392206797,"LINKBTC":0.7391960847,"POWRBTC":0.7375045067,"ARKBTC":0.734127685,"TNTBTC":0.7245792662,"PPTBTC":0.7179559204,"EVXBTC":0.7094122381,"RENBTC":0.7088801716,"RENBNB":0.6919792958,"LINKUSDC":0.6881399371,"ARNBTC":0.6816779267,"ELFBTC":0.6772425447,"BATBTC":0.6760480485,"TNTETH":0.6608634765,"MATICBNB":0.64061702,"KMDBTC":0.6379248484,"LINKPAX":0.6310112696,"FTMUSDT":0.6176024043,"CMTBNB":0.6156832926,"WTCBTC":0.6091381047,"MCOBTC":0.6056721739,"ONGBTC":0.6019144981,"BRDBTC":0.6017147578,"LTCTUSD":0.6006875525,"BATBNB":0.5998597362,"ADXBTC":0.5814542414,"MTLBTC":0.5794112002,"VETUSDT":0.5751238322,"ONEUSDT":0.5746140548,"MITHUSDT":0.5666247412,"GXSBTC":0.5555609658,"FETBTC":0.5515038779,"NASBTC":0.5297147232,"LINKTUSD":0.5292413891,"FETUSDT":0.513631498,"NEBLBTC":0.5053024155,"ZENBTC":0.4906404026,"LTCBTC":0.4841114865,"FTMBNB":0.462868168,"CMTETH":0.46068787,"ENGBTC":0.4587860257,"BTTUSDT":0.4585956136,"MDABTC":0.4560436571,"LTCUSDT":0.44345445,"CDTETH":0.4425171711,"BNTBTC":0.4340484541,"BATETH":0.4149987347,"LTCETH":0.4110615104,"APPCBTC":0.4026831925,"LOOMBTC":0.4010764326,"BNBUSDT":0.3985432452,"DLTBTC":0.39180632,"PAXUSDT":0.3820043706,"DGDBTC":0.3774444129,"ENJUSDT":0.3739422642,"BNBBTC":0.3733552596,"LTCPAX":0.3711565879,"LUNBTC":0.3710403308,"TFUELUSDT":0.3693417079,"TUSDUSDT":0.3565732158,"WABIBTC":0.352923486,"WTCETH":0.3495584872,"VETETH":0.3411795562,"THETAUSDT":0.3334210877,"USDCPAX":0.3251862079,"ZILBNB":0.3164640896,"HCBTC":0.3010462924,"POLYBTC":0.3004209296,"VETBNB":0.2858729162,"BNBETH":0.2793150207,"NANOBTC":0.2743266755,"ZILUSDT":0.2703755939,"WANBTC":0.2619850961,"HCETH":0.2559288382,"XLMUSDT":0.2509927478,"QTUMBTC":0.2410983765,"RLCBTC":0.2381030951,"SKYBTC":0.2317964601,"ONEBNB":0.2302385216,"ZRXUSDT":0.2290356108,"LTCBNB":0.221760733,"ONTUSDT":0.2175475292,"FETBNB":0.2150565763,"USDCUSDT":0.2127242818,"RVNBNB":0.2043115614,"ONTBTC":0.2034472158,"NANOUSDT":0.2010145089,"ENJBTC":0.1937006034,"EDOBTC":0.1834278199,"WAVESBTC":0.1704703787,"ONGUSDT":0.1553287349,"OAXBTC":0.1552725806,"IOTAETH":0.1505927424,"ZRXBTC":0.1496927361,"ICXUSDT":0.1468251399,"WAVESUSDT":0.1461548329,"THETABTC":0.1249280868,"PAXTUSD":0.1214577391,"BTTBNB":0.1038294929,"QTUMUSDT":0.0930262652,"KNCBTC":0.0711740568,"STEEMBTC":0.0608080792,"NEOETH":0.0558589855,"NEOBNB":0.0363086416,"ZILETH":0.0148947338,"USDSUSDT":-0.0208540017,"EOSUSDC":-0.0215185346,"ONTETH":-0.0230874271,"BTCUSDS":-0.0248839588,"XEMBTC":-0.0263867518,"EOSETH":-0.0276879653,"ALGOBTC":-0.0334881629,"QTUMETH":-0.0376231804,"XLMETH":-0.0396774062,"USDCTUSD":-0.0405379793,"TRXETH":-0.049725162,"OMGUSDT":-0.05049322,"BCHABCUSDC":-0.0669348833,"AIONBTC":-0.0670524636,"LSKBTC":-0.0695397485,"ICXBTC":-0.0721149044,"IOSTUSDT":-0.0743184557,"ICXETH":-0.0815920198,"ALGOUSDT":-0.0874405009,"BCHABCBTC":-0.092243878,"ZECETH":-0.096548564,"DCRBTC":-0.1013204674,"BCDBTC":-0.1040006925,"BNBPAX":-0.1049639661,"NEOUSDT":-0.107503856,"XRPBNB":-0.1122536791,"BTGBTC":-0.1179903427,"LTCUSDC":-0.1219275256,"XLMBTC":-0.1278165926,"XRPTUSD":-0.1351566206,"WAVESTUSD":-0.13771365,"ETCUSDT":-0.1396180027,"NEOBTC":-0.1424970029,"OMGBTC":-0.1481524963,"TRXXRP":-0.1505113128,"XRPBTC":-0.1524441365,"GASBTC":-0.1545041235,"TRXUSDT":-0.1547744321,"OMGETH":-0.1571603585,"IOTAUSDT":-0.1584844829,"DASHBTC":-0.1587081597,"ETCBTC":-0.1800379312,"XRPETH":-0.1807181337,"AEBTC":-0.181325527,"REPBTC":-0.1890939616,"XRPUSDT":-0.1914489999,"IOTABTC":-0.1920119171,"ZECBTC":-0.1980907173,"ETHTUSD":-0.2232438614,"ADABNB":-0.228605608,"TRXBNB":-0.2346074284,"XRPPAX":-0.237041709,"ATOMBNB":-0.2416457873,"ADAETH":-0.2455394684,"WAVESETH":-0.2507049584,"XMRBTC":-0.2508255129,"XRPUSDC":-0.2561788134,"ETHBTC":-0.2758593818,"EOSPAX":-0.2792230601,"ADATUSD":-0.2799183679,"ALGOBNB":-0.2813136523,"ETHPAX":-0.2816676907,"EOSBNB":-0.2846464809,"ADAUSDC":-0.3004969983,"EOSBTC":-0.3036848687,"BCHABCUSDT":-0.3044133649,"ATOMUSDT":-0.3058703445,"ADABTC":-0.3058918839,"BTCUSDT":-0.3109874432,"BCHABCTUSD":-0.3161982924,"XLMBNB":-0.3285273729,"BNBUSDC":-0.3296854089,"ETHUSDC":-0.3367231773,"ETHUSDT":-0.3502430785,"BTCPAX":-0.3527457523,"BNBTUSD":-0.3535585082,"ZECUSDT":-0.3618716455,"XMRETH":-0.369540984,"DASHUSDT":-0.3749289583,"ATOMBTC":-0.3836495916,"BTCTUSD":-0.386254896,"ADAUSDT":-0.3965999795,"XMRUSDT":-0.3994428984,"BTCUSDC":-0.4364802298,"EOSTUSD":-0.4456100336,"NEOTUSD":-0.483435605,"EOSUSDT":-0.5237254301,"NCASHETH":-0.5360316656,"BCHABCPAX":-0.6088778055,"RDNBTC":-0.6520634378},"startDate":"2019-06-28","endDate":"2019-07-05","numDays":7,