{"data":{"STORJBTC":0.9685831616,"BQXBTC":0.94126018,"LUNBTC":0.9373175123,"GRSBTC":0.9092140781,"LTCTUSD":0.9039715533,"LTCBTC":0.8831994106,"BQXETH":0.8821035734,"XLMTUSD":0.8819679079,"EVXBTC":0.8801466626,"EDOBTC":0.8687781095,"SUBBTC":0.866095461,"WAVESBTC":0.8647767004,"WINGSBTC":0.8555362072,"VIABTC":0.8467933191,"XLMBNB":0.8444282693,"PHXETH":0.8421170693,"XLMETH":0.8329991567,"EOSPAX":0.8287914329,"XLMBTC":0.8236464155,"ONTETH":0.8195352563,"RLCBTC":0.8162978116,"ARNBTC":0.811943898,"OAXBTC":0.8118878399,"WAVESUSDT":0.8112479545,"REPBTC":0.8055093314,"LTCUSDT":0.8026534374,"WAVESETH":0.7971234589,"OAXETH":0.7958984613,"XLMUSDT":0.7948190351,"ZILETH":0.7802436637,"MTLBTC":0.7571481751,"VIBEBTC":0.7562132702,"ARNETH":0.7561485941,"MFTETH":0.755888171,"ADXBTC":0.7473252565,"WANBTC":0.7453093493,"ONTBTC":0.7196780288,"LRCBTC":0.7100136526,"STEEMBTC":0.695906435,"XLMUSDC":0.6944559883,"IOTAETH":0.6934716272,"XRPUSDT":0.6908664309,"XRPBTC":0.684443718,"GASBTC":0.6730731021,"WAVESBNB":0.6699549021,"NULSBTC":0.6696595127,"PPTBTC":0.6676149877,"EVXETH":0.665508768,"MTLETH":0.6635576428,"STRATETH":0.6621753852,"EOSTUSD":0.6599735277,"GVTBTC":0.6557815804,"STRATBTC":0.6531887041,"TRXUSDC":0.6522882225,"ZRXBTC":0.6499572219,"WAVESTUSD":0.6485563824,"PIVXBTC":0.6404520567,"THETABTC":0.6305287674,"ZECBTC":0.6298260243,"BNBUSDT":0.6120262762,"GXSBTC":0.6107512043,"TRXXRP":0.6006519999,"BNBBTC":0.5970118068,"TRXETH":0.5831142594,"XRPETH":0.5802045665,"NEBLBTC":0.5783385428,"ONTUSDT":0.5772345254,"HOTETH":0.5767303429,"XRPPAX":0.571220369,"DLTETH":0.5684724523,"LINKBTC":0.5662579591,"BCHSVBTC":0.5623199102,"EOSUSDC":0.5613459057,"BNTBTC":0.5485969532,"XRPTUSD":0.5472663442,"CLOAKBTC":0.5368472866,"ADATUSD":0.5341777082,"BRDBTC":0.5302366309,"IOTAUSDT":0.5183755143,"DGDBTC":0.511622833,"TUSDETH":0.5103208348,"MCOBTC":0.4848141522,"IOTABTC":0.4781441468,"INSBTC":0.4753348853,"LINKETH":0.47315726,"LINKUSDT":0.4684094984,"MITHBTC":0.4636974806,"LTCETH":0.4613334369,"LTCBNB":0.4572338785,"TRXTUSD":0.4554056059,"BCDBTC":0.4552150901,"LRCETH":0.4531215509,"REPETH":0.4492486916,"XRPUSDC":0.4251474038,"NULSUSDT":0.4217003486,"SKYBTC":0.4006006674,"DLTBTC":0.3978634766,"RDNBTC":0.38875376,"DCRBTC":0.3879532061,"TRXUSDT":0.3840330977,"WTCBTC":0.3816233334,"XLMPAX":0.3785591334,"ICXUSDT":0.3744646451,"LINKTUSD":0.3720961855,"USDCPAX":0.3571912712,"BCHABCUSDT":0.349272701,"NANOBTC":0.3182322967,"LSKBTC":0.3167894682,"TRXBNB":0.313097325,"ETCBTC":0.3126756401,"POLYBTC":0.3046328667,"XRPBNB":0.3005791581,"BATBTC":0.2985451632,"ETHUSDC":0.2729157969,"AGIBTC":0.2668669302,"BCHABCBTC":0.2663177617,"SALTBTC":0.2607915469,"ICXBTC":0.2549825092,"BTGBTC":0.2487990475,"BCHSVUSDT":0.2364792533,"TUSDBTC":0.2264414855,"MDABTC":0.2161453557,"MODBTC":0.2093431067,"VETETH":0.2088881756,"POWRBTC":0.176083747,"DASHBTC":0.1675678836,"BCHABCTUSD":0.1586547104,"VETUSDT":0.1524541305,"NAVBTC":0.1493243685,"ADAETH":0.1443714234,"HCBTC":0.1420370644,"LINKUSDC":0.1338302749,"QTUMUSDT":0.1234583436,"ICXETH":0.115501746,"NASBTC":0.1115059351,"NEOETH":0.1076812809,"ETCUSDT":0.0890636806,"WABIBTC":0.0814444429,"AEBTC":0.0762501795,"XMRETH":0.0526593701,"OMGBTC":0.0508497405,"ZENBTC":0.0488660107,"XZCBTC":0.021331141,"BNBETH":0.0032257373,"BNBPAX":-0.0027721795,"ARKBTC":-0.0336239175,"NEOBTC":-0.0436006662,"AIONBTC":-0.0453883351,"BNBUSDC":-0.0661399294,"NEOTUSD":-0.0737633475,"NANOETH":-0.0776032885,"EOSBNB":-0.0948351723,"USDCTUSD":-0.1098074088,"ADAUSDT":-0.1214441912,"ENGBTC":-0.1321897413,"ADABNB":-0.1345895224,"NXSBTC":-0.1353072768,"XEMBTC":-0.1618074487,"QTUMBTC":-0.1666428031,"XEMETH":-0.1887917783,"DOCKETH":-0.2009046308,"NEOUSDT":-0.2350545416,"KMDBTC":-0.2373806354,"BTCUSDC":-0.2502639464,"ETHPAX":-0.322751552,"EOSUSDT":-0.3233511065,"XMRBTC":-0.3325731107,"PAXUSDT":-0.3751769418,"PAXTUSD":-0.4200749304,"ETHBTC":-0.447556061,"ETHUSDT":-0.5039174127,"BTCPAX":-0.5052374125,"TUSDBNB":-0.5251009243,"OMGETH":-0.5561476857,"EOSETH":-0.5657978787,"EOSBTC":-0.5674474832,"TUSDUSDT":-0.6200319746,"VETBNB":-0.620176528,"USDCUSDT":-0.6531784062,"FUNETH":-0.7175514375,"BTCUSDT":-0.7282287657},"startDate":"2019-01-29","endDate":"2019-02-05","numDays":7,"excludedPairs":["POAETH","GNTBNB","DASHETH","REQETH","IOTABNB","TNBETH","CVCETH","ETCETH","ZRXETH","AEBNB","BTSETH","STEEMETH","LINKPAX","VENBTC","ASTETH","CNDBNB","USDCBTC","FUELETH","CHATETH","THETAETH","LOOMBTC","BCCBNB","ZILBNB","BCHABCPAX","SNGLSETH","AEETH","NXSETH","MANAETH","RCNBNB","GOBNB","QLCETH","BCHSVPAX","NULSETH","OSTETH","REQBTC","DATABTC","SNTETH","USDCBNB","BTSBTC","BCPTBTC","WPRETH","RVNBNB","GTOETH","BATETH","RENBNB","ICNBTC","DOCKBTC","ENJBTC","PAXBNB","BCDETH","GVTETH","VETBTC","IOTXBTC","WABIETH","SCBNB","POABTC","LTCUSDC","POABNB","ZENETH","POWRBNB","QKCBTC","BCHSVUSDC","XZCETH","XVGBTC","VIAETH","WAVESPAX","NCASHETH","MFTBTC","NULSBNB","IOTXETH","KNCBTC","WANETH","ICXBNB","BCHABCUSDC","BRDETH","RCNETH","WANBNB","LTCPAX","NEBLETH","LUNETH","RLCBNB","TNBBTC","BCPTETH","OSTBNB","XZCBNB","YOYOBTC","CMTETH","AMBBNB","SCETH","TRIGETH","WTCETH","RCNBTC","NEBLBNB","POEETH","ELFETH","ADABTC","TRIGBTC","STEEMBNB","TNTETH","NASBNB","WAVESUSDC","BLZETH","NCASHBTC","POEBTC","SNTBTC","POLYBNB","NPXSETH","XEMBNB","BCCUSDT","WTCBNB","AGIETH","PAXBTC","ENJBNB","FUELBTC","WINGSETH","TRIGBNB","HSRETH","QSPETH","SYSBNB","MDAETH","STORJETH","APPCBTC","ARKETH","RDNETH","RVNBTC","ASTBTC","NXSBNB","DNTBTC","VENUSDT","SNMETH","GTOBNB","PIVXBNB","CMTBTC","ZECETH","CLOAKETH","VENETH","MCOETH","PHXBNB","RENBTC","BCPTBNB","MITHBNB","AMBBTC","KEYETH","GNTBTC","NAVBNB","MFTBNB","NPXSBTC","POWRETH","QLCBTC","NANOBNB","APPCBNB","ENJETH","SYSBTC","LENDETH","BCCBTC","BATBNB","TNTBTC","ADXBNB","AMBETH","PAXETH","DATAETH","SKYETH","MODETH","VIABNB","BTTBTC","RPXETH","CDTBTC","DGDETH","PPTETH","DENTBTC","NAVETH","OSTBTC","NCASHBNB","QSPBNB","CMTBNB","GNTETH","GXSETH","PIVXETH","TRXPAX","ELFBTC","ENGETH","BCNBNB","SNMBTC","YOYOETH","HCETH","SALTETH","MANABTC","THETABNB","IOSTBTC","CNDETH","CHATBTC","HOTBTC","PHXBTC","WPRBTC","CDTETH","BTSBNB","KMDETH","BLZBTC","AIONBNB","BTTUSDT","BLZBNB","SKYBNB","ZILBTC","BNTETH","STORMBNB","DENTETH","XZCXRP","VIBETH","FUNBTC","LSKETH","LOOMBNB","ETCBNB","HSRBTC","SYSETH","BCNETH","VIBBTC","VENBNB","DLTBNB","AIONETH","MTHETH","REPBNB","GTOBTC","SNGLSBTC","ONTBNB","ARDRBNB","BTGETH","RPXBTC","KNCETH","BRDBNB","YOYOBNB","IOSTETH","SUBETH","INSETH","DNTETH","VIBEETH","CVCBTC","MTHBTC","ARDRBTC","QSPBTC","CNDBTC","QLCBNB","EDOETH","ADXETH","XVGETH","NASETH","BTTBNB","ICNETH","SCBTC","STORMBTC","RPXBNB","QKCETH","APPCETH","LOOMETH","DCRBNB","RDNBNB","GOBTC","BCCETH","AGIBNB","TRXBTC","KEYBTC","ARDRETH","LSKBNB","RLCETH","STORMETH","LENDBTC","BCHSVTUSD","QTUMBNB","BCNBTC","CVCBNB","GRSETH","WABIBNB","QTUMETH","ZENBNB","MCOBNB","NEOBNB"]}