{"data":{"PHBBNB":0.9702735693,"DGDBTC":0.9600065118,"BCPTBTC":0.9170801245,"ASTBTC":0.9162683505,"GXSETH":0.9086051665,"NEOBTC":0.9063203313,"GXSBTC":0.901946864,"ARDRBTC":0.8925532935,"NEOETH":0.8890192315,"ENGBTC":0.8804296407,"AEBTC":0.8789341115,"ASTETH":0.8734568881,"NEOUSDT":0.8534716272,"NAVBTC":0.8399124247,"IOSTUSDT":0.830874344,"SYSBTC":0.8090421358,"NEBLBTC":0.8042837396,"SKYBTC":0.80296462,"EDOBTC":0.8026275144,"QTUMUSDT":0.7915561076,"BCHABCUSDT":0.777391543,"GVTBTC":0.7615241479,"DASHBTC":0.7503688023,"GASBTC":0.7420999508,"NEOBNB":0.7353578999,"TNTETH":0.7244780916,"NANOUSDT":0.7204717499,"EVXBTC":0.7196678271,"PPTBTC":0.711804044,"ARNBTC":0.7094814962,"ONTUSDT":0.6935588283,"DASHUSDT":0.6903214889,"QTUMBTC":0.6878381286,"HCBTC":0.6758277117,"APPCBTC":0.6672290264,"RVNBTC":0.6632137953,"XRPUSDC":0.6618953831,"BCHABCBTC":0.6430214687,"XRPUSDT":0.6408048044,"XLMUSDT":0.6370903686,"RDNBTC":0.6334815225,"CMTBTC":0.6284661261,"BNTBTC":0.6046463846,"ADATUSD":0.5999492975,"INSBTC":0.5948928749,"ONGUSDT":0.5937950267,"NANOBTC":0.5921035781,"ETHPAX":0.5794722762,"XRPBTC":0.5670404851,"NXSBTC":0.5648398701,"XZCBTC":0.553622077,"XRPETH":0.5531494965,"LUNBTC":0.5518454026,"BTCUSDT":0.5432257312,"XMRUSDT":0.5419392016,"XMRETH":0.5302594671,"NEOTUSD":0.5280083405,"CVCBTC":0.5268853699,"ZECUSDT":0.5257568469,"XRPTUSD":0.5176425263,"BTGBTC":0.5173083144,"OMGUSDT":0.5132874202,"BTCUSDC":0.5119528164,"POWRBTC":0.5089380559,"KNCBTC":0.5019609003,"BTCUSDS":0.5006428715,"TRXUSDT":0.4995541343,"LRCBTC":0.4992401954,"MDABTC":0.4777371647,"ONEUSDT":0.4666825608,"BCHABCTUSD":0.4549791665,"BTCTUSD":0.4542958987,"ETHUSDT":0.4483475257,"LTCBTC":0.4431388812,"BTCPAX":0.4431102331,"BRDBTC":0.4395481381,"XMRBTC":0.4383369013,"TRXXRP":0.4375481474,"BCHABCUSDC":0.4370789854,"ETHBTC":0.4233947579,"ZECBTC":0.4193119329,"WAVESBTC":0.4162811441,"ONTBTC":0.4138838751,"RLCBTC":0.4120453387,"ZENBTC":0.4040187577,"GNTBTC":0.398596606,"BTTUSDT":0.3883892328,"WABIBTC":0.3862874334,"ADAUSDT":0.382463381,"ONGBTC":0.3793044984,"ARKBTC":0.3785368805,"ETCUSDT":0.3764664503,"XEMBTC":0.3521407648,"WAVESETH":0.3478981509,"XRPPAX":0.3459675098,"ZECETH":0.3448100513,"BNBETH":0.3440676088,"MATICUSDT":0.3353836844,"FUELETH":0.3295992206,"DCRBTC":0.3214523906,"BNBBTC":0.3100807074,"EOSBTC":0.3053343895,"ZECBNB":0.3037837263,"LINKUSDT":0.3018528724,"NULSBTC":0.2984289212,"EOSUSDT":0.2841341107,"XRPBNB":0.2818205423,"ETHTUSD":0.2770964133,"LTCUSDT":0.2748074225,"ATOMUSDT":0.2668180346,"BCHABCPAX":0.2649686534,"IOTAETH":0.2638883949,"KMDBTC":0.263682292,"XLMBTC":0.2622738922,"XMRBNB":0.2594973019,"FETBTC":0.2548121935,"ADAUSDC":0.2544399833,"HOTUSDT":0.2510010286,"ETCBTC":0.2454820777,"TRXETH":0.2407799615,"BNBUSDT":0.2405658897,"POLYBTC":0.2262236885,"LTCUSDC":0.2254302139,"ETHUSDC":0.2253277591,"EOSETH":0.2236411936,"LTCETH":0.2234499403,"BCDBTC":0.215859891,"NASBTC":0.1965009785,"ONEBNB":0.1884000133,"USDCTUSD":0.1838222192,"DLTBTC":0.1838076403,"FETUSDT":0.1834581176,"OMGBTC":0.1744280081,"HOTBNB":0.1739938478,"WAVESUSDT":0.1678339815,"ATOMBTC":0.1536608177,"THETAUSDT":0.1454090059,"LTCPAX":0.1452792786,"STEEMBTC":0.1452437743,"LTCTUSD":0.144879046,"XLMETH":0.1429783947,"LTCBNB":0.1279522652,"ZRXBTC":0.1253476871,"REPBTC":0.1189069305,"ADABNB":0.1176923104,"STRATBTC":0.1160388948,"VETUSDT":0.1091190742,"EOSTUSD":0.1051025099,"VIABTC":0.097575955,"BNBTUSD":0.0948324161,"BNBPAX":0.0913655321,"FETBNB":0.0770468366,"LINKBTC":0.0750722943,"MTLBTC":0.0726158793,"TFUELUSDT":0.0693437371,"OMGETH":0.0690124602,"ONTETH":0.0637553962,"XLMBNB":0.0487423319,"ELFBTC":0.0460051608,"BTTBNB":0.031719937,"MATICBNB":0.0311091659,"TRXBNB":0.0310404186,"THETABTC":0.0127710327,"BNBUSDC":0.0122446237,"GRSBTC":0.005102782,"CELRUSDT":0.0045782711,"BATETH":-0.0020367787,"FTMUSDT":-0.0088788208,"RVNBNB":-0.0089655405,"ADABTC":-0.0096091333,"ICXUSDT":-0.0155372543,"BQXBTC":-0.0166785313,"CELRBNB":-0.0247000726,"ATOMBNB":-0.0266198869,"NULSUSDT":-0.0341349679,"LINKUSDC":-0.0392191285,"LOOMBTC":-0.0507679238,"PIVXBTC":-0.0650939491,"STORJBTC":-0.0817528329,"PAXTUSD":-0.0885604115,"ICXBTC":-0.0906812503,"ZRXUSDT":-0.0925544794,"OAXBTC":-0.0946774417,"EOSBNB":-0.0954450851,"MITHUSDT":-0.1019940285,"EOSPAX":-0.1089415453,"USDCPAX":-0.11298557,"ADAETH":-0.1142644124,"LINKETH":-0.1228090676,"MITHBNB":-0.1318186695,"MANABTC":-0.139653012,"BATUSDT":-0.1451491809,"WTCBTC":-0.1618955384,"MFTETH":-0.1722470756,"ENJUSDT":-0.1762086906,"MITHBTC":-0.1805551618,"ZILUSDT":-0.1861001548,"VETBNB":-0.2005279677,"USDSUSDT":-0.2053479276,"USDCUSDT":-0.2386248961,"FTMBNB":-0.2439754388,"WANBTC":-0.2481992743,"ZILBNB":-0.2762245969,"ZILETH":-0.291138418,"TUSDUSDT":-0.296423856,"ICXETH":-0.3037448452,"IOTABTC":-0.3073791071,"ENJBTC":-0.3095600954,"VETETH":-0.3336370497,"LSKBTC":-0.3371287452,"BATBTC":-0.3788975059,"MCOBTC":-0.4021757818,"QKCETH":-0.4368867317,"AIONBTC":-0.4858831786,"IOTABNB":-0.4923633575,"PAXUSDT":-0.4988591996,"IOTAUSDT":-0.6182038445},"startDate":"2019-06-17","endDate":"2019-06-25","numDays":7,