{"data":{"ONTUSDT":0.939505202,"MCOETH":0.9374950994,"ONTBTC":0.9247036613,"BTGBTC":0.9244997684,"ARKBTC":0.9200984925,"NULSBTC":0.9174979432,"MCOBTC":0.9130237941,"ELFBTC":0.90180022,"DLTBTC":0.8862881876,"ONTETH":0.8768551625,"RDNETH":0.8764335747,"POWRBTC":0.8717756105,"GRSBTC":0.8564083046,"ELFETH":0.8443454976,"LUNBTC":0.8432346116,"NEBLBTC":0.8401333849,"KNCBTC":0.8389002063,"ZENBTC":0.8348941366,"ADXBTC":0.8333501046,"STORJETH":0.8220721345,"SYSBTC":0.8175610967,"ARNBTC":0.8158120832,"RDNBTC":0.8142707274,"VIABTC":0.8123440166,"ARKETH":0.8115227048,"NULSUSDT":0.8025665795,"STORJBTC":0.7993854282,"LINKUSDT":0.795980841,"PIVXBTC":0.786483432,"INSBTC":0.781217466,"STRATBTC":0.7699716089,"BTTUSDT":0.7679763212,"GASBTC":0.7660452371,"HCBTC":0.7605608974,"EDOBTC":0.75953229,"IOSTETH":0.7570375976,"REPBTC":0.7532696087,"WTCBTC":0.7453920311,"KMDBTC":0.7403288364,"BCHSVUSDT":0.7389711385,"VETUSDT":0.7340625243,"EOSBTC":0.7334354209,"BCHSVBTC":0.730813264,"GVTBTC":0.7232828785,"MDABTC":0.7162670263,"HOTETH":0.7029804732,"BTTBNB":0.7001920736,"WABIBTC":0.6989969712,"ENGBTC":0.6947452814,"STEEMBTC":0.6896929098,"XLMBTC":0.6862168671,"CVCBTC":0.684170732,"APPCBTC":0.6726482606,"BCHABCBTC":0.6634142312,"AEBTC":0.6426597553,"ENJETH":0.6381193867,"ETCBTC":0.6307382493,"BNBBTC":0.6280109839,"THETABTC":0.6174820512,"XLMUSDT":0.6160387884,"QTUMBTC":0.6139742296,"ETHUSDT":0.6125793138,"BNBUSDC":0.6075099431,"SKYBTC":0.6052966929,"ICXUSDT":0.597258637,"EOSPAX":0.5907358713,"MODBTC":0.5843785461,"WAVESBTC":0.5841942902,"LTCBTC":0.5841354844,"ONTBNB":0.5728657402,"EOSETH":0.5683002413,"LINKBTC":0.5648231022,"EOSUSDT":0.5600054561,"BNBUSDT":0.5530390032,"LTCUSDT":0.550429653,"NEOUSDT":0.5457554648,"XRPBTC":0.5431820568,"RLCBTC":0.5388148432,"LRCBTC":0.5373240563,"ETHBTC":0.5260200915,"FUELETH":0.5244884487,"XLMBNB":0.5241100522,"NEOETH":0.52255078,"MTLBTC":0.5223939294,"TRXUSDT":0.5162831881,"ETHPAX":0.5149948721,"NEOBNB":0.5121058007,"XLMETH":0.5110398382,"ARNETH":0.5033250024,"DASHBTC":0.4872925428,"BCHSVTUSD":0.4870862762,"ETHUSDC":0.4832075876,"IOTAUSDT":0.4787726498,"ZILETH":0.4743570319,"EOSBNB":0.4741823894,"XRPUSDT":0.4725853116,"ETCUSDT":0.4648421237,"QTUMUSDT":0.4616644848,"XRPPAX":0.4584600345,"NXSBTC":0.458403363,"BCHABCUSDT":0.4531086325,"TRXBNB":0.4507730698,"ADAUSDT":0.4466084151,"THETAETH":0.4432896954,"NEOBTC":0.4323858566,"BTCUSDT":0.4294695182,"BCDBTC":0.4288557261,"DCRBTC":0.4258227002,"XLMPAX":0.4241853149,"OMGBTC":0.4192584098,"LSKBTC":0.4162612056,"XZCBTC":0.4139148139,"BTCUSDC":0.4028147818,"WAVESUSDT":0.3950594721,"BNBETH":0.3884077606,"IOTABTC":0.383737938,"LTCTUSD":0.3695820419,"ZRXBTC":0.3654400368,"BNBPAX":0.3573003605,"BTCPAX":0.3522643255,"XRPTUSD":0.3502068062,"XLMTUSD":0.3358668464,"BATBTC":0.334570285,"NANOBTC":0.3330775516,"NASBTC":0.3264553377,"MITHBTC":0.3193964333,"THETABNB":0.3191192097,"TRXXRP":0.3092924252,"EOSTUSD":0.3074451303,"BCHABCUSDC":0.3045059369,"ZECETH":0.3043668209,"LINKETH":0.3000379502,"EOSUSDC":0.2962772266,"MODETH":0.294641342,"BATETH":0.2922275442,"WAVESETH":0.2781457474,"EVXBTC":0.2694392512,"LTCUSDC":0.2637117097,"TRXETH":0.2609756056,"XLMUSDC":0.2578868704,"VETETH":0.2445107162,"LTCBNB":0.2411522931,"XRPETH":0.2389986313,"XRPBNB":0.2374181378,"NEOTUSD":0.2364611007,"ZECBTC":0.2296046872,"XMRETH":0.220562993,"ICXBTC":0.2176053915,"XMRBTC":0.2081264345,"IOTAETH":0.2047718779,"GXSBTC":0.2034789335,"BCHABCTUSD":0.2001306785,"ICXETH":0.1855162152,"PPTBTC":0.1785291003,"XRPUSDC":0.1743185876,"BQXBTC":0.1729129702,"ZRXETH":0.1688721263,"POLYBTC":0.1564924451,"LTCETH":0.1475695851,"USDCPAX":0.1411837813,"ADABNB":0.1374126274,"OMGETH":0.1197376929,"ADAETH":0.1018427137,"USDSPAX":0.0977647109,"NAVBTC":0.0957099033,"BTCUSDS":0.0747050513,"TUSDBTC":0.0481725048,"TRXTUSD":0.0402493197,"TUSDETH":0.0026369478,"TUSDBNB":-0.0136648513,"USDCUSDT":-0.0234288174,"USDCTUSD":-0.0296812462,"WANBTC":-0.0489193743,"ADATUSD":-0.0657568069,"OAXBTC":-0.0698641165,"USDSTUSD":-0.1064674246,"TUSDUSDT":-0.1131536252,"PAXUSDT":-0.163191299,"PAXTUSD":-0.2759233832,"DGDBTC":-0.3282116177,"CLOAKBTC":-0.4348222489,"WINGSBTC":-0.4609121767,"SUBBTC":-0.6089335654,"AIONBTC":-0.6424854954,"SALTBTC":-0.7000542123},"startDate":"2019-02-15","endDate":"2019-02-22","numDays":7,"excludedPairs":["IOTXETH","NCASHBNB","YOYOETH","ENJBTC","CNDETH","BLZBTC","LENDETH","SNGLSETH","QLCBNB","BTSETH","ADABTC","FUNETH","SNTBTC","RENBTC","BCCETH","SALTETH","DNTBTC","ETCETH","USDSUSDC","OAXETH","BQXETH","TRIGBNB","NULSETH","LSKBNB","SYSETH","ARDRBNB","SCBNB","CMTBTC","BCHSVPAX","WAVESTUSD","BTTPAX","ETCBNB","XVGBTC","KEYBTC","DATABTC","BCCBNB","QLCBTC","HOTUSDT","BCPTETH","LRCETH","ADXBNB","NXSBNB","VENBNB","GXSETH","VIBEETH","IOTXBTC","DLTETH","CMTBNB","TNBETH","DATAETH","GTOBNB","BCNBNB","POWRETH","QSPBNB","ONGBTC","ZILUSDT","CNDBNB","CLOAKETH","AEBNB","XEMBNB","RVNBTC","INSETH","PIVXBNB","APPCBNB","POAETH","KEYETH","TRIGBTC","MFTBTC","DENTETH","SKYETH","BCHSVUSDC","QKCETH","STORMBTC","NASBNB","REQETH","RVNBNB","NPXSBTC","RCNETH","LENDBTC","RDNBNB","SKYBNB","BATBNB","EVXETH","NCASHBTC","SNGLSBTC","XZCXRP","VENUSDT","CHATBTC","RLCBNB","VETBTC","USDCBNB","DNTETH","SCBTC","AMBBTC","NASETH","TRXBTC","VIABNB","PAXBTC","BTTTUSD","MANABTC","TNBBTC","NEBLBNB","POEETH","SCETH","TRIGETH","STRATETH","DENTBTC","TNTETH","ZILBNB","NAVBNB","POEBTC","APPCETH","CVCETH","WABIBNB","VIAETH","QTUMBNB","QSPBTC","MTHBTC","WAVESPAX","WPRBTC","IOSTBTC","LINKTUSD","LSKETH","ONGBNB","ARDRBTC","PPTETH","RENBNB","BTSBNB","VIBEBTC","NPXSETH","KNCETH","BLZBNB","PHXETH","AMBETH","BNTBTC","STEEMBNB","ICNBTC","LOOMBTC","BRDBNB","GOBNB","QLCETH","XVGETH","MDAETH","WPRETH","STORMETH","GTOBTC","BRDETH","USDCBTC","HSRBTC","NANOETH","XEMBTC","BCCUSDT","PHXBTC","KMDETH","RPXBNB","ENJBNB","BCDETH","QKCBTC","BCNETH","RPXBTC","LUNETH","OSTBTC","NCASHETH","ICNETH","VENBTC","GVTETH","VIBBTC","BCPTBTC","PIVXETH","BCCBTC","AIONBNB","STEEMETH","DLTBNB","MTHETH","OSTBNB","OSTETH","ENGETH","GOBTC","RPXETH","WINGSETH","POABTC","GTOETH","GNTBTC","HOTBNB","BCNBTC","DASHETH","DOCKBTC","WAVESUSDC","ZENBNB","MITHBNB","BTGETH","WTCBNB","AGIBTC","WTCETH","PAXETH","LINKPAX","USDSUSDT","BRDBTC","POLYBNB","ONGUSDT","GNTETH","ASTETH","TRXPAX","SNTETH","TNTBTC","NEBLETH","TRXUSDC","MFTBNB","SNMETH","PHXBNB","LINKUSDC","IOTABNB","HCETH","XEMETH","WAVESBNB","CDTETH","WANETH","HSRETH","ARDRETH","REPBNB","AMBBNB","LOOMBNB","CVCBNB","SNMBTC","BTTUSDC","MCOBNB","ZILBTC","YOYOBNB","NULSBNB","CDTBTC","POWRBNB","GRSETH","BTTBTC","YOYOBTC","BNBUSDS","AGIETH","CHATETH","MFTETH","EDOETH","REPETH","VETBNB","PAXBNB","RCNBNB","CNDBTC","WANBNB","XZCBNB","FUELBTC","MTLETH","AEETH","QSPETH","DGDETH","VIBETH","NXSETH","REQBTC","BTSBTC","NAVETH","ZENETH","SUBETH","LTCPAX","ICXBNB","DOCKETH","SYSBNB","BNTETH","POABNB","MANAETH","DCRBNB","CMTETH","HOTBTC","GNTBNB","AGIBNB","VENETH","NANOBNB","WABIETH","ADXETH","XZCETH","RCNBTC","RLCETH","BCHABCPAX","AIONETH","QTUMETH","BLZETH","LOOMETH","ASTBTC","BCPTBNB","FUNBTC","STORMBNB"]}