{"data":{"VIABTC":0.9816112511,"BRDBTC":0.9787775923,"LUNBTC":0.9370050053,"ENGBTC":0.9344786417,"GASBTC":0.9155468512,"HCBTC":0.8808884924,"EVXETH":0.8647638561,"GRSBTC":0.8458158815,"ONTUSDT":0.8446327696,"ONTBTC":0.8344236188,"BNTBTC":0.8336014641,"POLYBTC":0.7997464488,"RVNBTC":0.7829299867,"NAVBTC":0.7761899754,"TRXTUSD":0.7580751092,"NULSUSDT":0.7509640155,"ONTBNB":0.7509580306,"IOSTETH":0.7445125697,"RVNBNB":0.7434760707,"DGDBTC":0.7385008506,"ZECBTC":0.737968292,"ZECETH":0.737686028,"POLYBNB":0.7338114737,"SKYBTC":0.7284885569,"ARNBTC":0.7061936414,"GRSETH":0.6965677814,"NASBTC":0.6914340376,"XZCBTC":0.6828545936,"ONTETH":0.6805324582,"DCRBTC":0.6771674951,"ARKBTC":0.6696897295,"NULSBTC":0.6414175439,"GXSBTC":0.635647431,"POWRBTC":0.6267327623,"GXSETH":0.6186876775,"EVXBTC":0.6168387024,"ARNETH":0.6006734428,"ELFBTC":0.5995056368,"ZRXBTC":0.5938467987,"TRXETH":0.5901023854,"BNBETH":0.5794004578,"WABIBTC":0.5782652301,"ETCUSDT":0.5770063849,"LOOMBTC":0.5707608143,"TRXUSDT":0.5572234484,"BATBTC":0.5547904419,"LOOMETH":0.5507152058,"LINKBTC":0.5489369262,"TRXXRP":0.5398769113,"QTUMUSDT":0.5275100325,"ETCBTC":0.5088756011,"OMGBTC":0.4805910197,"OMGETH":0.4766384958,"QTUMBTC":0.4724333368,"USDSTUSD":0.4675718189,"ADABTC":0.444657715,"STORJBTC":0.4397152151,"BNBTUSD":0.4384863574,"MFTETH":0.4228505806,"MTLBTC":0.4200453292,"STEEMBTC":0.3989097271,"ADAETH":0.3945249004,"ICXETH":0.3893297109,"TRXBNB":0.3855122536,"ADAUSDT":0.3808539862,"ZRXUSDT":0.3687602819,"BNBBTC":0.3644228097,"INSBTC":0.3573694904,"ICXBTC":0.340192427,"BTTUSDT":0.3267504887,"ADABNB":0.3161442873,"ENJBTC":0.315343134,"OAXBTC":0.3117081199,"RLCBTC":0.3083153876,"THETABTC":0.2986666696,"BNBUSDC":0.2869345419,"ETCETH":0.286440141,"BATUSDT":0.2842581859,"KMDBTC":0.2797142409,"MCOBTC":0.2763078453,"VETUSDT":0.2668751521,"BCHSVUSDT":0.2663707457,"RDNBTC":0.2447845151,"FUELETH":0.2438372311,"ENJBNB":0.2290773213,"ZILETH":0.2269001962,"ICXBNB":0.2199472847,"FETBTC":0.2113155706,"LINKUSDT":0.2063548268,"BTTBNB":0.1905259613,"ENJETH":0.1887767233,"ICXUSDT":0.1874198364,"VETBNB":0.1733378983,"KNCBTC":0.1707342061,"BNBUSDT":0.1578282483,"BNBPAX":0.1563112897,"FETBNB":0.152527426,"LTCUSDT":0.1497608261,"APPCBTC":0.1484642426,"BCPTBTC":0.1471779148,"XRPBNB":0.1434906416,"BCDBTC":0.1429891219,"IOTAETH":0.142985254,"ADATUSD":0.1329227698,"AIONBTC":0.1306328359,"BATETH":0.1305515213,"AEBTC":0.1201530459,"REPBTC":0.1180975266,"ONGBTC":0.1151990725,"HOTBNB":0.1028598462,"BCHSVBTC":0.1024142041,"LTCBTC":0.1022525693,"VETETH":0.0927934506,"ZENBTC":0.0924171771,"PIVXBTC":0.0919854571,"FETUSDT":0.0873834122,"LTCTUSD":0.0839138484,"IOTABTC":0.0778459505,"NEBLBTC":0.0671360135,"LSKBTC":0.0599314266,"ZILUSDT":0.0491223145,"IOTAUSDT":0.044689758,"LTCBNB":0.0089032134,"WAVESUSDT":-0.0001606503,"WAVESBTC":-0.0154678798,"THETAETH":-0.0224192424,"ONGUSDT":-0.025027627,"MDABTC":-0.0392803431,"THETABNB":-0.0483838706,"USDCPAX":-0.0576826503,"XMRBTC":-0.0600273777,"NEOETH":-0.069947984,"LTCETH":-0.0814322804,"EOSBNB":-0.0882565846,"USDSUSDC":-0.0980571887,"XRPUSDT":-0.099306655,"NEOBTC":-0.1099946793,"USDCUSDT":-0.1173388156,"MDAETH":-0.1231669349,"XLMPAX":-0.1236154945,"STRATBTC":-0.1280500141,"LTCUSDC":-0.1320914492,"NEOBNB":-0.1389031395,"PPTBTC":-0.1393270584,"XRPBTC":-0.162052538,"BQXBTC":-0.1750984108,"EOSTUSD":-0.1784631685,"DASHBTC":-0.1810547254,"BTCTUSD":-0.1817341475,"BCHABCBTC":-0.1932738477,"NXSBTC":-0.2025894736,"XLMBNB":-0.2146006185,"XRPETH":-0.2271271956,"XLMBTC":-0.2329166716,"BCHSVTUSD":-0.2371734323,"WTCBTC":-0.2441042533,"KNCETH":-0.2598431029,"ETHPAX":-0.2684919791,"ETHUSDC":-0.2727673941,"BCHABCPAX":-0.2746152348,"BTCPAX":-0.2888999353,"ETHTUSD":-0.2895761294,"XRPPAX":-0.293865478,"NEOUSDT":-0.2951913178,"TUSDUSDT":-0.2974243582,"BCHABCUSDT":-0.2974803776,"XLMETH":-0.3073839413,"WANBTC":-0.3116342653,"XRPTUSD":-0.3355058502,"GVTBTC":-0.3638674919,"XLMUSDT":-0.3776526888,"XMRUSDT":-0.3836184533,"HOTUSDT":-0.3888307716,"ETHBTC":-0.3978637603,"XLMTUSD":-0.4229346838,"BTGBTC":-0.42623978,"EOSUSDT":-0.4409808225,"EOSUSDC":-0.4445825376,"ETHUSDT":-0.4565564476,"BTCUSDT":-0.4988907703,"BTCUSDC":-0.5136526873,"NANOBTC":-0.5138182062,"EOSETH":-0.5343126971,"BCHABCTUSD":-0.5439440757,"EOSBTC":-0.5581399598,"EDOBTC":-0.6422909214,"PAXUSDT":-0.7182912691},"startDate":"2019-03-19","endDate":"2019-03-26","numDays":7,"excludedPairs":["CMTBTC","AGIBNB","HSRBTC","CMTETH","VENBTC","DNTBTC","STORMBNB","BCNBTC","KMDETH","ZENBNB","VENUSDT","ASTBTC","NCASHBNB","YOYOBTC","BRDBNB","AEBNB","REPBNB","MFTBNB","CELRBTC","QKCBTC","LENDETH","XEMETH","OAXETH","EOSPAX","RCNBTC","USDSPAX","WABIETH","WTCBNB","SYSETH","DNTETH","POEETH","HOTBTC","TRIGBNB","BCCETH","SYSBNB","LSKBNB","STORMBTC","BCDETH","ZECTUSD","BCNBNB","NXSBNB","TUSDBTC","KEYETH","TRXPAX","NCASHBTC","WINGSBTC","BNBUSDS","NANOETH","VENETH","NASETH","MANAETH","IOSTBTC","RDNBNB","REQBTC","IOTXETH","LINKUSDC","LRCBTC","TRXUSDC","QTUMETH","BCCUSDT","DENTETH","ELFETH","PIVXBNB","BCHABCUSDC","DATAETH","ADXETH","CHATETH","HOTETH","WTCETH","REPETH","MTHBTC","BTCUSDS","ZECUSDT","BCNETH","BTGETH","ICNETH","ICNBTC","EDOETH","GTOBNB","WAVESPAX","NPXSETH","APPCBNB","QLCBTC","QLCBNB","PAXBTC","NULSETH","STEEMBNB","PAXETH","RPXETH","RPXBTC","DOCKETH","TUSDETH","PPTETH","TNTBTC","POABNB","ZILBTC","GTOETH","LRCETH","DOCKBTC","BTTUSDC","ARKETH","NANOBNB","XVGBTC","XVGETH","ONGBNB","VIBEBTC","GNTBNB","SCBNB","BATBNB","NULSBNB","MCOETH","CDTBTC","BCCBTC","TRXBTC","CVCETH","KEYBTC","MANABTC","SALTETH","VIAETH","RLCBNB","STEEMETH","VIBETH","YOYOETH","BCHSVUSDC","QSPETH","PAXBNB","GOBTC","MTHETH","DLTBTC","VIABNB","MODBTC","BLZBNB","ZRXETH","ZECBNB","FUNETH","WAVESETH","SKYETH","SALTBTC","IOTABNB","TRIGETH","WPRETH","LTCPAX","TRIGBTC","AMBBTC","VETBTC","OSTBNB","CELRUSDT","SNTBTC","BCPTBNB","ETCBNB","CVCBNB","GNTETH","WAVESBNB","DASHETH","ASTETH","BTSBTC","GTOBTC","BTSBNB","CDTETH","ARDRETH","XMRBNB","ZECUSDC","SUBETH","LINKTUSD","QTUMBNB","WINGSETH","LENDBTC","RLCETH","RCNETH","USDCTUSD","XEMBTC","LINKPAX","CHATBTC","WAVESTUSD","ARDRBTC","OSTETH","TUSDBNB","MCOBNB","LOOMBNB","SKYBNB","MFTBTC","ADXBNB","SNTETH","GVTETH","RPXBNB","FUNBTC","SNGLSBTC","WANETH","LUNETH","MODETH","SNMETH","PHXBTC","FUELBTC","PAXTUSD","AMBETH","DLTETH","BNTETH","CNDBNB","SYSBTC","WAVESUSDC","USDCBTC","NEBLETH","NXSETH","MITHBNB","ZRXBNB","QKCETH","PHXBNB","QSPBNB","NAVETH","AEETH","ENGETH","CMTBNB","RCNBNB","CLOAKBTC","BCCBNB","AIONETH","SCETH","SCBTC","CLOAKETH","DGDETH","BLZBTC","STORMETH","DLTBNB","WABIBNB","QSPBTC","ADXBTC","TNTETH","XZCXRP","NAVBNB","CVCBTC","POABTC","USDSUSDT","LINKETH","RENBTC","REQETH","NPXSBTC","POAETH","BTTPAX","USDCBNB","ARDRBNB","GNTBTC","BCHSVPAX","VIBEETH","SNMBTC","ZILBNB","BCPTETH","AGIBTC","NASBNB","PHXETH","YOYOBNB","RDNETH","IOSTUSDT","XLMUSDC","XZCBNB","BTTTUSD","VENBNB","VIBBTC","XZCETH","SUBBTC","AIONBNB","IOTXBTC","TNBETH","BQXETH","IOSTBNB","NEBLBNB","ZECPAX","HSRETH","AMBBNB","BRDETH","QLCETH","INSETH","POWRETH","CNDETH","TNBBTC","GOBNB","XEMBNB","NCASHETH","CELRBNB","POWRBNB","MTLETH","PIVXETH","CNDBTC","POEBTC","NEOTUSD","WPRBTC","ZENETH","HCETH","AGIETH","BLZETH","DENTBTC","OSTBTC","XRPUSDC","DATABTC","XMRETH","MITHBTC","STORJETH","STRATETH","RENBNB","SNGLSETH","DCRBNB","BTTBTC","APPCETH","BTSETH","LSKETH","WANBNB"]}