{"data":{"BTGBTC":0.8979011908,"WABIBTC":0.8896898928,"RCNBTC":0.8716727676,"WAVESBTC":0.8688624279,"IOSTUSDT":0.8666153871,"BLZBTC":0.8662380146,"ICXETH":0.8487917025,"XRPUSDT":0.8425641001,"WAVESUSDT":0.8375170165,"HOTUSDT":0.8133257612,"IOSTBNB":0.7954956778,"QLCBTC":0.7929401473,"BTTUSDT":0.7890278185,"XRPBTC":0.7857655412,"ENJBTC":0.7766041284,"TRXXRP":0.764324691,"BCHABCUSDT":0.7614928744,"ETHUSDT":0.75965131,"BCHABCPAX":0.7573493305,"BCHABCUSDC":0.7523976594,"BCDBTC":0.750064122,"ENJBNB":0.7489828504,"GVTBTC":0.7386749063,"XRPTUSD":0.7368288455,"BCHSVUSDT":0.734434311,"DLTBTC":0.7343851516,"ICXUSDT":0.730906474,"BCHABCBTC":0.7266560631,"AMBBTC":0.7262844117,"BTTBNB":0.726235315,"ONGBTC":0.7247402136,"XRPETH":0.7212577765,"XRPUSDC":0.720537713,"XLMETH":0.7141264108,"ZILUSDT":0.7077229251,"ADATUSD":0.7071694518,"XRPPAX":0.7068036489,"BCHSVBTC":0.7027337505,"IOTAUSDT":0.7008773435,"ENJETH":0.6940386904,"TRXUSDT":0.6931589029,"BCHABCTUSD":0.6889463013,"XMRUSDT":0.6878469878,"OAXBTC":0.6865122984,"EOSUSDC":0.6840015184,"LTCUSDT":0.6754639011,"REPBTC":0.6741509865,"TRXETH":0.6717159957,"XRPBNB":0.6694324059,"ENGBTC":0.6683076612,"NEOUSDT":0.6616785541,"BQXBTC":0.6608478711,"ETHUSDC":0.6590317983,"ICXBTC":0.6549540057,"BTCUSDT":0.6534425552,"BTCPAX":0.6518694846,"POABTC":0.6494032498,"EOSTUSD":0.6480320634,"CELRUSDT":0.6475679986,"ADAUSDT":0.6456229566,"EVXBTC":0.6437234683,"GRSBTC":0.6419268215,"BCHSVTUSD":0.6395545202,"BTCUSDC":0.6389085351,"IOTABTC":0.6370809691,"LSKBTC":0.6363905229,"ETHTUSD":0.6329429254,"IOTAETH":0.6326481067,"VETETH":0.6289141746,"QTUMUSDT":0.6268854175,"IOSTETH":0.6263218642,"FETUSDT":0.6205550507,"LTCBTC":0.6183353531,"EOSUSDT":0.616167558,"ETHBTC":0.6148606795,"NEOBTC":0.6145579883,"XLMUSDT":0.6142007229,"WANBTC":0.6077647656,"EVXETH":0.6062576689,"NEOETH":0.5923251326,"EOSBTC":0.5922308604,"LINKUSDT":0.5921855248,"BNBETH":0.5918045777,"ZRXUSDT":0.5896921071,"STEEMBTC":0.5879653605,"KNCBTC":0.5836777188,"LTCUSDC":0.5755123154,"ETCUSDT":0.5748976537,"BNBUSDC":0.5625419654,"XEMBTC":0.5596345236,"OMGBTC":0.5557799923,"ETHPAX":0.5522502004,"LTCTUSD":0.5521808145,"ADAETH":0.548150498,"MTLETH":0.5480058364,"LTCBNB":0.5467862042,"VETBNB":0.5433522848,"ADABTC":0.5415980367,"FETBTC":0.5375180109,"AGIBTC":0.5368527899,"LUNBTC":0.5306411161,"ZILETH":0.5260057877,"XMRBTC":0.5255349865,"XLMBNB":0.5249002107,"LTCETH":0.522144146,"VETUSDT":0.5028654871,"LTCPAX":0.5009988889,"XLMBTC":0.4996054709,"OMGETH":0.4957427311,"BATUSDT":0.4933432477,"FETBNB":0.492941205,"EOSETH":0.491951721,"ONTETH":0.4843609236,"ETCBTC":0.4828585341,"ELFBTC":0.4814191823,"MTLBTC":0.4799401739,"BATETH":0.4753960575,"ONTBNB":0.4701086801,"THETABTC":0.4570615711,"ZECUSDT":0.4564931836,"ZECBTC":0.4550021572,"ADABNB":0.4470573026,"GASBTC":0.4464029345,"ARNBTC":0.4450014344,"ZRXBTC":0.4448417628,"NEOBNB":0.4424282604,"ARKBTC":0.4334079779,"ONTBTC":0.432524127,"INSBTC":0.4285974236,"ONTUSDT":0.4262101577,"NANOETH":0.4174924905,"BTCTUSD":0.4167828068,"LINKETH":0.4148142428,"ZECETH":0.4100672429,"TRXBNB":0.4051947953,"LINKBTC":0.4042816134,"STORJBTC":0.3948320335,"DCRBTC":0.3939511035,"KMDBTC":0.3938899791,"BNTBTC":0.3936301446,"APPCBTC":0.3929599923,"SKYBTC":0.3805489082,"XZCBTC":0.3801022817,"BNBTUSD":0.3740306803,"AIONBTC":0.3646811574,"NANOBTC":0.3463000705,"CMTBTC":0.339634586,"PPTBTC":0.3332877711,"NEBLBTC":0.3248902073,"ONGUSDT":0.3216551832,"TRXTUSD":0.3169760534,"BTCUSDS":0.301486506,"LRCBTC":0.2871795078,"RVNBTC":0.2838171632,"STRATBTC":0.2765628484,"USDCTUSD":0.2437268058,"DASHUSDT":0.2427621645,"RVNBNB":0.2333646056,"DASHETH":0.2296398224,"EOSBNB":0.2222377964,"NULSUSDT":0.2189108462,"BNBPAX":0.2167738466,"NXSBTC":0.1894197393,"GNTBTC":0.1711213555,"NEOTUSD":0.1515696009,"SYSBTC":0.1297649968,"LOOMBTC":0.1296495606,"FUELETH":0.1122481862,"GXSBTC":0.1116315577,"DASHBTC":0.0926895556,"BNBUSDT":0.0884254644,"NASBTC":0.066873257,"MCOBTC":0.0638912228,"GOBTC":0.0541770784,"BNBBTC":0.0504155248,"WTCBTC":0.0214284272,"BATBTC":0.0154120793,"ASTBTC":0.0131125295,"POWRBTC":-0.0354730691,"EDOBTC":-0.0984941164,"VIABTC":-0.1079946063,"CVCBTC":-0.13433032,"BCPTBTC":-0.179398808,"POLYBTC":-0.1800022219,"VIBEBTC":-0.1805756462,"ARDRBTC":-0.2038325447,"ADXBTC":-0.2404957289,"PIVXBTC":-0.2422100755,"HCBTC":-0.2913894593,"QTUMBTC":-0.3118110619,"NULSBTC":-0.3162134374,"NAVBTC":-0.3369912206,"DGDBTC":-0.3514355087,"RDNBTC":-0.3540671728,"RLCBTC":-0.3713015835,"BRDBTC":-0.3854834568,"AEBTC":-0.4100360162,"USDSUSDT":-0.6351429276,"TUSDUSDT":-0.8319287626,"MDABTC":-0.8384918305,"USDCUSDT":-0.8465837753,"PAXUSDT":-0.8533128854,"USDCPAX":-0.860155303,"USDSPAX":-0.8897317185},"startDate":"2019-03-31","endDate":"2019-04-07","numDays":7,"excludedPairs":["ZECTUSD","USDCBNB","LUNETH","MCOETH","SKYBNB","OSTETH","TRXPAX","WPRETH","BTTPAX","REQBTC","ETCETH","BCCBNB","ARDRETH","NCASHBTC","USDSTUSD","CVCBNB","REPBNB","SUBETH","CELRBTC","XZCETH","MTHETH","QLCBNB","STRATETH","THETABNB","SCBTC","IOTXBTC","TNBBTC","BTTTUSD","POWRETH","AGIETH","AIONBNB","NEOPAX","XMRBNB","MFTBNB","ZILBNB","NCASHETH","ONGBNB","XVGETH","SNMBTC","NAVETH","WABIETH","YOYOBNB","DENTETH","RPXETH","TRXBTC","FUELBTC","WTCBNB","MTHBTC","GTOBNB","NPXSBTC","PPTETH","FUNETH","SNTETH","WANETH","XMRETH","GRSETH","STEEMETH","HOTBNB","TNTBTC","INSETH","BCNBNB","NASETH","LSKBNB","IOTABNB","PAXETH","DOCKETH","MFTBTC","DENTBTC","SNMETH","ARDRBNB","REQETH","GTOETH","BLZETH","WAVESUSDC","CMTETH","AIONETH","ZECPAX","MODETH","IOSTBTC","AGIBNB","LINKUSDC","BCCBTC","ZENBTC","ARNETH","DGDETH","STORMBTC","POAETH","DOCKBTC","VIBBTC","TRIGBTC","CNDBTC","BCPTETH","SCBNB","ZENETH","STORJETH","RLCBNB","CELRBNB","BTSBTC","TNBETH","VENETH","VENBTC","CDTETH","NPXSETH","PIVXETH","OMGBNB","DLTBNB","ZRXETH","YOYOETH","CNDETH","QSPBNB","BTSBNB","ADAPAX","RENBNB","BNTETH","WAVESBNB","OSTBNB","LOOMBNB","PHXBTC","KEYBTC","ADXBNB","HSRETH","FUNBTC","NEBLBNB","QSPBTC","BCNETH","BCCETH","ZENBNB","BTGETH","MDAETH","QTUMETH","QKCETH","HSRBTC","CVCETH","MCOBNB","PAXTUSD","STORMETH","SCETH","NANOUSDT","DLTETH","DATABTC","AMBBNB","LINKTUSD","BTSETH","RDNBNB","RENBTC","TRIGBNB","HOTETH","VIAETH","ADAUSDC","BCHSVUSDC","AEBNB","BCDETH","WINGSETH","POLYBNB","ENGETH","SUBBTC","CLOAKBTC","PHXBNB","BLZBNB","XLMPAX","KEYETH","VIBETH","SALTETH","NEOUSDC","BCNBTC","MITHBNB","GXSETH","ASTETH","CDTBTC","SNGLSBTC","NULSETH","RLCETH","KNCETH","CHATETH","XEMBNB","BNBUSDS","LENDBTC","MANABTC","BCPTBNB","POEBTC","ELFETH","LOOMETH","WAVESETH","HCETH","ICXBNB","LSKETH","AEETH","AMBETH","XLMUSDC","VENUSDT","NEBLETH","ZILBTC","RCNBNB","HOTBTC","DASHBNB","USDCBTC","ICNETH","WTCETH","VIBEETH","CNDBNB","RCNETH","OSTBTC","BCCUSDT","MODBTC","SKYETH","TUSDBNB","LRCETH","QTUMBNB","NAVBNB","CMTBNB","PHXETH","DATAETH","ZRXBNB","WINGSBTC","TRXUSDC","ADXETH","APPCBNB","XZCXRP","IOTXETH","XVGBTC","BTTUSDC","STEEMBNB","ICNBTC","BRDETH","DCRBNB","ETCBNB","WAVESTUSD","TUSDETH","QSPETH","SALTBTC","POWRBNB","NXSETH","THETAETH","APPCETH","PIVXBNB","LENDETH","ZECBNB","NCASHBNB","BCHSVPAX","MFTETH","ARKETH","SNTBTC","RPXBTC","ZECUSDC","PAXBTC","SNGLSETH","XEMETH","BRDBNB","USDSUSDC","WANBNB","RPXBNB","NASBNB","SYSETH","POABNB","NXSBNB","SYSBNB","CLOAKETH","QKCBTC","BQXETH","GNTETH","TRIGETH","EDOETH","QLCETH","OAXETH","GVTETH","VENBNB","EOSPAX","NANOBNB","TNTETH","GTOBTC","WAVESPAX","REPETH","LINKPAX","TUSDBTC","YOYOBTC","DNTBTC","RDNETH","VIABNB","OMGUSDT","WPRBTC","VETBTC","XZCBNB","XLMTUSD","NULSBNB","PAXBNB","STORMBNB","WABIBNB","POEETH","BTTBTC","KMDETH","GNTBNB","CHATBTC","MANAETH","DNTETH","GOBNB","BATBNB","MITHBTC"]}