{"data":{"QTUMUSDT":0.9169839726,"GRSBTC":0.8977002916,"EVXBTC":0.8764842653,"XZCBTC":0.8530685552,"BTCUSDS":0.8130508837,"BQXBTC":0.7999087404,"BTGBTC":0.7937615743,"BTCUSDT":0.7821517663,"EVXETH":0.7778981071,"BCDBTC":0.7776612392,"IOSTUSDT":0.7752800613,"BCHSVBTC":0.7695962331,"ENJBTC":0.765529323,"BTCUSDC":0.7638358045,"XRPBTC":0.7259199619,"QLCBTC":0.7185523891,"REPBTC":0.7170861483,"ZILUSDT":0.7166482386,"BCHABCBTC":0.7151569122,"LRCBTC":0.7022508184,"BCHSVUSDT":0.7005822552,"IOSTETH":0.6900631511,"BCHABCUSDT":0.6875358495,"XRPUSDT":0.6796758769,"TRXUSDT":0.6771715182,"HCBTC":0.6737339886,"OAXBTC":0.6722702158,"DASHUSDT":0.6712442276,"LTCUSDC":0.6705625349,"XRPETH":0.6704454324,"BATUSDT":0.6701888783,"LTCUSDT":0.6695284943,"MTLBTC":0.6621011821,"XRPUSDC":0.6563991666,"CMTBTC":0.6518325151,"LTCBTC":0.6517485108,"ETCBTC":0.6478040212,"ICXBTC":0.6432666104,"NEOBTC":0.6378101043,"APPCBTC":0.6342437777,"INSBTC":0.6327126099,"LOOMBTC":0.6264592354,"BLZBTC":0.6220973505,"LTCBNB":0.6218431531,"LTCTUSD":0.6195868404,"XEMBTC":0.6115580589,"ZILETH":0.6107143073,"TRXETH":0.6105425094,"BCPTBTC":0.6093818798,"HOTUSDT":0.6082519971,"MTLETH":0.6073209311,"PIVXBTC":0.6017989803,"ELFBTC":0.6015812826,"GASBTC":0.5979774334,"EOSBTC":0.594750821,"BTCPAX":0.5918856917,"XRPTUSD":0.5915727369,"LTCETH":0.5886220925,"IOSTBNB":0.5865947901,"ETCUSDT":0.5818599268,"BATBTC":0.580465694,"POWRBTC":0.5772668217,"ENJBNB":0.574694896,"XLMBTC":0.572862992,"AMBBTC":0.5635648616,"RVNBTC":0.559797259,"AEBTC":0.5548758968,"ETHUSDC":0.5517003359,"QKCETH":0.5455008388,"POLYBTC":0.5420785567,"NANOETH":0.5382812724,"BCHABCUSDC":0.5378760042,"EOSUSDC":0.5378128988,"STRATBTC":0.5336342768,"THETABTC":0.5332917223,"TRXTUSD":0.5300111921,"TRXXRP":0.5285839975,"VIABTC":0.5284486711,"WTCBTC":0.5275790596,"XLMETH":0.5268933854,"BATETH":0.5251425676,"CELRUSDT":0.5219703281,"ENJETH":0.5188302746,"TRXBNB":0.5170407292,"RCNBTC":0.5140428222,"ADABTC":0.511101894,"STEEMBTC":0.5092715657,"LINKBTC":0.5064969192,"ETCETH":0.5062512187,"NEOETH":0.5052316886,"ONTETH":0.50418936,"LUNBTC":0.5038477829,"ZECBTC":0.5011586201,"ETHBTC":0.4992113725,"EOSETH":0.4985120895,"NASBTC":0.4951861708,"BTCTUSD":0.4922386729,"NEOUSDT":0.4917580845,"XRPBNB":0.4913074654,"DCRBTC":0.4869672917,"WAVESBTC":0.4837887487,"EOSUSDT":0.4836615079,"NANOBTC":0.4819051574,"NAVBTC":0.4816650885,"EOSTUSD":0.4746003741,"LSKBTC":0.4712873595,"BCHABCTUSD":0.4530305498,"ETHUSDT":0.4485732281,"SKYBTC":0.4478959781,"ETHTUSD":0.4445175839,"BTTUSDT":0.4421470314,"ONTBTC":0.4393105624,"LINKETH":0.4342825319,"ADAETH":0.433457769,"ADAUSDT":0.431142263,"LINKUSDT":0.4299358569,"DASHETH":0.4293274232,"BNTBTC":0.4271704192,"ZECETH":0.4249573113,"STORJBTC":0.4208122116,"BNBBTC":0.418401701,"DLTBTC":0.4143725521,"RVNBNB":0.4098962056,"IOTAUSDT":0.4084933652,"BRDBTC":0.4057104386,"ICXUSDT":0.398933308,"NULSBTC":0.3905099215,"NEBLBTC":0.3903479918,"XLMUSDT":0.3880364049,"AIONBTC":0.3853240723,"DASHBTC":0.3791050221,"IOTABTC":0.3771192486,"NULSUSDT":0.3732575016,"ASTBTC":0.369309856,"ARNBTC":0.3619777947,"KMDBTC":0.3610476249,"BTTBNB":0.3548712638,"IOTAETH":0.3546189303,"RLCBTC":0.3545610469,"VETETH":0.3523844781,"VETUSDT":0.3500515663,"DGDBTC":0.3478464536,"GNTBTC":0.3444642959,"OMGBTC":0.3418211052,"ONGBTC":0.3395982807,"KNCBTC":0.338370441,"WANBTC":0.3334713995,"FETBTC":0.3214809209,"ONTUSDT":0.3200724749,"ZECUSDT":0.3147650851,"MCOBTC":0.3128698052,"BNBETH":0.2985815895,"WAVESETH":0.2980910791,"ONTBNB":0.2906798025,"XLMBNB":0.2886231946,"EOSBNB":0.2745179076,"ADATUSD":0.2739114182,"ZRXBTC":0.268007879,"OMGETH":0.2665464665,"ICXETH":0.2658973911,"VETBNB":0.2617873823,"FETBNB":0.2608394117,"XMRBTC":0.2602799852,"LTCPAX":0.2575554316,"WAVESUSDT":0.2564601341,"FETUSDT":0.255283429,"BCHSVTUSD":0.241552382,"BCHABCPAX":0.2384610245,"QTUMBTC":0.2364908219,"ADXBTC":0.2353430515,"GVTBTC":0.2326534968,"WABIBTC":0.1927460098,"CVCBTC":0.1917751817,"BNBTUSD":0.1895555837,"BNBUSDC":0.1876757959,"MDABTC":0.1771437237,"USDCTUSD":0.176438344,"BNBPAX":0.1695879373,"FUELETH":0.1688496372,"ETHPAX":0.1602511307,"ADABNB":0.149528412,"XRPPAX":0.1370033114,"XMRUSDT":0.1287458696,"BNBUSDT":0.1272738867,"ARKBTC":0.1164109253,"NEOBNB":0.1013909625,"NEOTUSD":0.0904187747,"PPTBTC":0.0888875154,"ONGUSDT":0.0710932453,"NXSBTC":0.024661722,"GXSBTC":0.0242930567,"RDNBTC":0.0165188674,"USDSUSDT":-0.0118287902,"ZRXUSDT":-0.0721337172,"SYSBTC":-0.1074970315,"PAXTUSD":-0.1889248088,"USDCPAX":-0.1917909498,"EDOBTC":-0.4280493842,"TUSDUSDT":-0.4883478126,"ENGBTC":-0.5355268622,"USDSPAX":-0.6055030468,"USDCUSDT":-0.6266301366,"PAXUSDT":-0.7572996034},"startDate":"2019-04-01","endDate":"2019-04-08","numDays":7,"excludedPairs":["TNTETH","HOTETH","DNTBTC","RCNETH","NANOBNB","CMTBNB","SALTETH","OSTBTC","TRXBTC","POWRETH","ASTETH","TUSDBNB","MFTETH","KMDETH","BCHSVPAX","RLCBNB","ADXBNB","MTHETH","LSKBNB","TNBBTC","USDSTUSD","NEBLBNB","QLCBNB","REPBNB","ZILBNB","SKYETH","SYSETH","QLCETH","LSKETH","SNMETH","BTSETH","WINGSETH","BCCBNB","QSPBNB","GOBTC","ZRXBNB","ZECPAX","CNDETH","RPXBNB","WAVESPAX","BTTPAX","XZCETH","WABIETH","LENDETH","EOSPAX","WABIBNB","GTOBTC","DNTETH","BCCETH","ICXBNB","GTOBNB","QKCBTC","XLMTUSD","APPCETH","AGIETH","TRXUSDC","BQXETH","NPXSBTC","BLZETH","TRIGBNB","BTSBNB","LOOMBNB","TUSDETH","WAVESBNB","PPTETH","TRIGETH","VENBTC","SNTBTC","YOYOBTC","PAXBNB","STORJETH","NULSBNB","MFTBNB","ICNBTC","DOCKBTC","GOBNB","ELFETH","VIBEETH","DGDETH","MITHBNB","AEBNB","WANETH","NXSBNB","CELRBTC","BTGETH","HCETH","RLCETH","RPXETH","ONGBNB","IOTXBTC","GNTBNB","ZENBNB","MITHBTC","BCCBTC","SCBTC","EDOETH","SKYBNB","POEETH","LENDBTC","BNTETH","ETCBNB","PHXBNB","BRDBNB","CLOAKETH","ZRXETH","LINKPAX","LOOMETH","YOYOBNB","XLMPAX","POEBTC","BATBNB","NASBNB","KNCETH","ZENBTC","SNTETH","CNDBTC","WAVESTUSD","NAVBNB","VETBTC","GVTETH","XZCXRP","MODETH","BCCUSDT","VIABNB","CHATBTC","BCNBTC","BCNBNB","CVCBNB","YOYOETH","NANOUSDT","SNGLSBTC","SNGLSETH","NEOPAX","ZECBNB","BNBUSDS","VIBETH","NASETH","SCETH","NCASHETH","NEBLETH","ADAPAX","NPXSETH","TRIGBTC","BLZBNB","STEEMBNB","OSTBNB","NCASHBNB","HOTBNB","LUNETH","CVCETH","RDNETH","SUBBTC","LRCETH","WPRBTC","THETAETH","BTSBTC","CHATETH","QSPETH","SNMBTC","ARDRETH","TNBETH","FUNETH","AGIBTC","IOSTBTC","SALTBTC","USDCBNB","MCOETH","GNTETH","KEYETH","HSRETH","CLOAKBTC","XEMETH","POLYBNB","DCRBNB","BCDETH","MANABTC","GTOETH","BRDETH","AEETH","FUNBTC","CDTETH","BCHSVUSDC","CNDBNB","REQBTC","AIONETH","ADAUSDC","PAXBTC","HSRBTC","XZCBNB","INSETH","RENBNB","NAVETH","WANBNB","IOTABNB","WINGSBTC","BTTBTC","POWRBNB","DENTBTC","BCPTETH","LINKUSDC","BTTTUSD","QTUMBNB","REPETH","STORMBTC","DLTBNB","DLTETH","STEEMETH","ZILBTC","XVGETH","RENBTC","ENGETH","VIAETH","FUELBTC","USDSUSDC","NCASHBTC","LINKTUSD","QSPBTC","AMBETH","XLMUSDC","ZENETH","MANAETH","MCOBNB","ADXETH","XVGBTC","STORMBNB","XMRBNB","ARKETH","PIVXETH","ZECUSDC","CDTBTC","RCNBNB","ARNETH","PIVXBNB","MFTBTC","CELRBNB","RDNBNB","VENBNB","ZECTUSD","SYSBNB","OMGBNB","OMGUSDT","VENETH","DATAETH","WTCETH","KEYBTC","CMTETH","ARDRBTC","DENTETH","GXSETH","POABNB","BTTUSDC","MDAETH","XMRETH","GRSETH","PHXETH","IOTXETH","MODBTC","OSTETH","AGIBNB","SCBNB","OAXETH","BCPTBNB","STRATETH","THETABNB","USDCBTC","STORMETH","WAVESUSDC","MTHBTC","NXSETH","TUSDBTC","RPXBTC","TNTBTC","XEMBNB","VENUSDT","POABTC","WTCBNB","DATABTC","PHXBTC","AIONBNB","BCNETH","QTUMETH","DOCKETH","REQETH","APPCBNB","HOTBTC","POAETH","DASHBNB","VIBBTC","ICNETH","TRXPAX","SUBETH","PAXETH","NEOUSDC","AMBBNB","VIBEBTC","NULSETH","WPRETH","ARDRBNB"]}