{"data":{"ENJBTC":0.9735488389,"VIABTC":0.9443265059,"ENJBNB":0.9420548798,"NAVBTC":0.9368900853,"MCOBTC":0.9321090485,"BNTBTC":0.9239756961,"GASBTC":0.920288352,"GRSBTC":0.9133876585,"GNTBTC":0.9098223794,"ENJETH":0.909603114,"ONTBTC":0.8857988933,"ONTUSDT":0.881883384,"KNCBTC":0.8586756859,"ONTBNB":0.851700949,"CVCBTC":0.8371408143,"GRSETH":0.8176874999,"GXSBTC":0.8124671535,"RVNBTC":0.8061304705,"WABIBTC":0.793171712,"NEBLBTC":0.7629533181,"ZECBTC":0.7470285679,"KMDBTC":0.7304779169,"IOSTETH":0.7266402965,"QTUMBTC":0.7235016989,"ARKBTC":0.7232330098,"DGDBTC":0.7185088344,"ONTETH":0.70843051,"ETCUSDT":0.7069571105,"RVNBNB":0.6899858071,"DLTBTC":0.6728340986,"KNCETH":0.6657862444,"HOTBNB":0.6646913521,"XLMBNB":0.6601272907,"ETCBTC":0.6599467675,"REPBTC":0.6528978861,"QTUMUSDT":0.6506720081,"LUNBTC":0.6383445841,"NASBTC":0.6259934346,"OAXBTC":0.6240755517,"BCDBTC":0.6237181473,"QTUMETH":0.6181656212,"NANOBTC":0.6154104967,"ELFBTC":0.5984618151,"MFTETH":0.5941431232,"HCBTC":0.5771467169,"BCHSVUSDT":0.5722090672,"HOTUSDT":0.5658038692,"ZENBTC":0.560703198,"RDNBTC":0.5517506972,"GXSETH":0.5473760591,"ARNBTC":0.5466642478,"BTTUSDT":0.5304274054,"BCHSVBTC":0.5297976063,"XLMBTC":0.5141092506,"OMGBTC":0.5080242554,"VETUSDT":0.4991604216,"PPTBTC":0.498953343,"LSKBTC":0.496178635,"BRDBTC":0.4853752652,"APPCBTC":0.4825484648,"DCRBTC":0.4734247564,"XLMETH":0.4655131349,"STORJBTC":0.452756267,"NXSBTC":0.4392427012,"STEEMBTC":0.435093697,"ARNETH":0.419744646,"VETETH":0.4166420979,"XLMTUSD":0.4166076616,"BCHSVTUSD":0.3998431821,"BTTBNB":0.3983497227,"RLCBTC":0.3964834746,"ONGBNB":0.3945515173,"ETHPAX":0.3681206893,"OMGETH":0.3613468514,"ADAUSDT":0.3572604267,"ONGUSDT":0.3332380296,"ONGBTC":0.3225183806,"XLMUSDT":0.3221355912,"THETABTC":0.3077941614,"BCHABCBTC":0.2882832043,"SKYBTC":0.2730449129,"AGIBTC":0.2619817564,"BCPTBTC":0.2466749436,"PIVXBTC":0.2453647334,"POWRBTC":0.2452482369,"FETBNB":0.2412142335,"TRXXRP":0.2374411269,"LTCETH":0.2247868983,"ADAETH":0.2187581237,"BATBTC":0.2180745294,"MTLBTC":0.217097851,"XMRBTC":0.2103438092,"WAVESBTC":0.206173076,"BTCPAX":0.1967047183,"EVXBTC":0.1965600296,"TRXETH":0.1774878597,"THETAETH":0.1753326761,"NULSBTC":0.1699614234,"EOSBNB":0.1684322564,"AGIETH":0.1678658678,"AEBTC":0.1638806242,"INSBTC":0.1637551146,"LTCBNB":0.1547469179,"LTCBTC":0.1459162594,"ETHUSDT":0.1404892444,"ICXETH":0.1388393864,"XRPBTC":0.1342898774,"XRPUSDT":0.1299718954,"BTGBTC":0.1195659196,"ADXBTC":0.1184184898,"ENGBTC":0.1168749622,"ZRXBTC":0.1148165663,"ZECETH":0.1045703913,"XLMUSDC":0.0990479791,"ETHBTC":0.0868828778,"LTCPAX":0.0838805796,"BCHABCUSDT":0.0828720543,"ZILUSDT":0.0725698365,"TRXUSDT":0.0675993515,"WTCBTC":0.0670817521,"ADABNB":0.0535207801,"XRPPAX":0.0532704671,"AIONBTC":0.0532205231,"ETCETH":0.0476154097,"LTCUSDT":0.044161501,"ETHTUSD":0.0424049175,"WAVESUSDT":0.039656164,"IOTAUSDT":0.0347416672,"FUELETH":0.0186384546,"XRPETH":0.0163847618,"ETHUSDC":0.0125138444,"IOTABTC":0.0085593703,"BTCTUSD":-0.0096227389,"NEOBTC":-0.009850328,"DASHBTC":-0.025465589,"XRPBNB":-0.0297690521,"TRXBNB":-0.0336742905,"NEOUSDT":-0.0451686132,"BTCUSDT":-0.0467513398,"FETBTC":-0.0524121145,"NEOETH":-0.0778254914,"LTCTUSD":-0.0978446252,"ICXUSDT":-0.1003442789,"BATUSDT":-0.1042130939,"LTCUSDC":-0.1105092437,"BTCUSDC":-0.1378739349,"ZRXUSDT":-0.1536832583,"NEOBNB":-0.1610100905,"USDCPAX":-0.1680549834,"USDCUSDT":-0.1686185214,"FETUSDT":-0.1900263276,"ADATUSD":-0.1941702772,"ICXBTC":-0.1986033558,"BNBBTC":-0.2100750494,"BNBUSDC":-0.2148808672,"EOSETH":-0.2153864841,"MDABTC":-0.2360414525,"WANBTC":-0.2366755733,"EOSUSDT":-0.243674278,"WANETH":-0.2704675527,"MDAETH":-0.2736416159,"XRPTUSD":-0.2748596812,"BNBUSDT":-0.2957069487,"BNBETH":-0.3017352033,"THETABNB":-0.3150549702,"BQXBTC":-0.3269585367,"TUSDUSDT":-0.3406873329,"EOSTUSD":-0.3540398837,"EOSBTC":-0.3850805504,"BNBTUSD":-0.3895905882,"LINKBTC":-0.3959513141,"NULSUSDT":-0.3967763424,"BCHABCTUSD":-0.4031323658,"XZCBTC":-0.422664147,"USDSPAX":-0.4284892505,"LINKUSDC":-0.4738077834,"BNBPAX":-0.4892932096,"LINKUSDT":-0.5538470075,"EOSUSDC":-0.5589221575,"BCHABCPAX":-0.5696759038,"GVTBTC":-0.5801711253,"STRATBTC":-0.5884748242,"LINKTUSD":-0.5951971042,"NEOTUSD":-0.6086921961,"EOSPAX":-0.6150832236,"EDOBTC":-0.6393847836,"PAXUSDT":-0.6910945012},"startDate":"2019-03-15","endDate":"2019-03-22","numDays":7,"excludedPairs":["BTTTUSD","LOOMBTC","NEBLBNB","QLCBTC","MCOETH","CNDETH","BCNBTC","VIBEETH","STORMETH","BCCETH","IOSTBTC","BCHSVPAX","NCASHBNB","VETBNB","POABTC","QTUMBNB","NEBLETH","PAXBNB","OAXETH","NULSETH","VIAETH","BCDETH","LOOMETH","CHATBTC","NCASHBTC","ICNBTC","MODBTC","HSRBTC","TRIGBTC","AMBBTC","PIVXETH","REQBTC","BRDETH","CHATETH","SKYBNB","VENBNB","EVXETH","STEEMETH","USDCTUSD","HOTETH","QLCBNB","XVGETH","WTCETH","YOYOBTC","KEYBTC","ZRXETH","ARDRBNB","AIONBNB","WPRETH","SYSETH","BTGETH","ICNETH","SNGLSETH","TUSDBNB","SCETH","QKCBTC","PHXBNB","GNTETH","SCBNB","BCPTETH","BNTETH","WAVESUSDC","TRXTUSD","LUNETH","VENUSDT","CVCBNB","WABIBNB","XEMBNB","POWRBNB","ENGETH","DNTBTC","WAVESTUSD","LENDBTC","LSKBNB","ETCBNB","APPCBNB","MFTBTC","XZCXRP","ZECPAX","ZENETH","QSPETH","KEYETH","GOBNB","BTTUSDC","BTSBTC","CNDBNB","CMTBTC","ADXBNB","OSTBNB","USDSTUSD","DASHETH","STORJETH","LINKPAX","PAXETH","SALTBTC","RDNETH","ZECUSDC","BCPTBNB","FUNETH","STORMBTC","REQETH","AMBETH","DGDETH","LRCBTC","LINKETH","MTLETH","MITHBNB","VIBBTC","DOCKBTC","SUBBTC","CMTETH","RPXBNB","CNDBTC","RENBNB","MFTBNB","BLZBTC","TNTETH","VENETH","BCNBNB","BCCBTC","XVGBTC","MCOBNB","ASTBTC","ADABTC","GVTETH","POLYBNB","USDSUSDC","DLTBNB","BATETH","PPTETH","XEMBTC","OSTBTC","PHXBTC","MODETH","SCBTC","VIBETH","MANABTC","CLOAKBTC","PAXTUSD","STEEMBNB","RLCBNB","LENDETH","POAETH","NAVBNB","NXSBNB","REPBNB","DNTETH","XZCETH","XLMPAX","ZILBNB","MTHBTC","LSKETH","ARKETH","BTTBTC","DATAETH","ZECTUSD","POEETH","XEMETH","LRCETH","WAVESETH","BLZBNB","BCHABCUSDC","YOYOETH","RPXETH","BTCUSDS","QKCETH","TRXPAX","TUSDETH","MTHETH","RLCETH","PHXETH","NASBNB","SNTETH","NULSBNB","BCHSVUSDC","IOTXBTC","ZILETH","BTSETH","ZILBTC","STORMBNB","NXSETH","AEETH","AMBBNB","PAXBTC","USDCBTC","VIBEBTC","XMRUSDT","AIONETH","SYSBTC","XMRETH","BATBNB","TRIGETH","DLTETH","GTOETH","XMRBNB","TNBETH","NCASHETH","REPETH","IOTAETH","SALTETH","SNTBTC","ELFETH","RCNBNB","NAVETH","QSPBTC","DATABTC","XZCBNB","BTTPAX","DENTBTC","FUNBTC","CVCETH","POEBTC","WABIETH","VETBTC","HCETH","ARDRETH","ZECBNB","RDNBNB","EDOETH","MITHBTC","AEBNB","BCNETH","BCCUSDT","SNMETH","SNMBTC","MANAETH","BRDBNB","GTOBTC","DOCKETH","TRXBTC","ZECUSDT","POWRETH","BLZETH","ADXETH","RCNETH","AGIBNB","HSRETH","KMDETH","GOBTC","WINGSETH","DENTETH","WAVESPAX","TUSDBTC","INSETH","HOTBTC","YOYOBNB","TRIGBNB","PIVXBNB","SUBETH","BTSBNB","SKYETH","SYSBNB","WINGSBTC","POABNB","CLOAKETH","IOTXETH","VIABNB","ARDRBTC","RPXBTC","ASTETH","BQXETH","POLYBTC","QSPBNB","GTOBNB","IOTABNB","OSTETH","RENBTC","DCRBNB","NANOBNB","NPXSBTC","FUELBTC","BCCBNB","LOOMBNB","TNBBTC","WANBNB","CDTBTC","USDSUSDT","TRXUSDC","WTCBNB","CDTETH","USDCBNB","APPCETH","NANOETH","NPXSETH","GNTBNB","SNGLSBTC","STRATETH","QLCETH","ZRXBNB","VENBTC","ZENBNB","XRPUSDC","WPRBTC","TNTBTC","BNBUSDS","WAVESBNB","CMTBNB","RCNBTC","ICXBNB","NASETH"]}