{"data":{"DOGEUSDT":0.9561094967,"COSUSDT":0.9468115419,"REPBTC":0.9410865924,"COSBTC":0.9377910388,"DUSKBNB":0.9054463201,"ETCUSDT":0.9034433778,"ALGOUSDT":0.9020298895,"DUSKBTC":0.9019287662,"DUSKUSDT":0.8972435642,"CELRUSDT":0.8934507945,"EVXBTC":0.8855598144,"CELRBNB":0.8827935945,"ALGOBTC":0.8806454853,"MATICBNB":0.8797885007,"COSBNB":0.8778481027,"MATICUSDT":0.8754716042,"EDOBTC":0.8629131061,"WINBNB":0.8606483605,"ERDBNB":0.8424679272,"ZENBTC":0.8424331037,"ALGOBNB":0.8414878154,"RENBTC":0.8352792016,"ONEBNB":0.8325345749,"VIABTC":0.8291045806,"ONEUSDT":0.79930601,"ERDUSDT":0.798352187,"FETBNB":0.7921684391,"LINKTUSD":0.7900726301,"ARDRBTC":0.7868841367,"WAVESUSDT":0.7724636683,"DGDBTC":0.7689086392,"ETCETH":0.7608476369,"LINKBTC":0.7566121392,"BNBUSDT":0.7508488245,"LINKUSDT":0.7493125419,"FUELETH":0.7283767211,"DASHBTC":0.726772484,"LINKUSDC":0.7236458366,"BTTBNB":0.7216980543,"ETCBTC":0.7158842005,"WAVESBTC":0.7136594467,"MDABTC":0.7131153777,"LTCUSDT":0.710207807,"NAVBTC":0.7077864801,"LTCTUSD":0.7033246477,"BTTUSDT":0.7025327833,"LTCBTC":0.6954468753,"GXSBTC":0.6947781434,"BNBBTC":0.6946174221,"RENBNB":0.6931951239,"DASHUSDT":0.685106271,"LTCBNB":0.6783071723,"LUNBTC":0.67431411,"NASBTC":0.6738602282,"BTCUSDT":0.6725118495,"FETUSDT":0.6659832246,"LTCETH":0.6650029144,"QKCETH":0.6597898288,"DCRBTC":0.6505786798,"LTCUSDC":0.6482424084,"BNBETH":0.6409038778,"XMRETH":0.6400261074,"ETHTUSD":0.6384994496,"XMRUSDT":0.6236031408,"LINKETH":0.6169205573,"KNCETH":0.6151328615,"THETABTC":0.6139033822,"FETBTC":0.6075337107,"ETHPAX":0.6037996232,"DASHETH":0.5961192858,"LTCPAX":0.5800707349,"ETHUSDT":0.5768548667,"ALGOUSDC":0.5768097474,"NULSBTC":0.5621012985,"BCHABCUSDT":0.5601999986,"BNBTUSD":0.5498058039,"BTCUSDC":0.5327701527,"STORJBTC":0.5279576136,"ICXUSDT":0.5271313253,"WAVESETH":0.5246407013,"XMRBTC":0.5074369712,"PPTBTC":0.4930093965,"NULSUSDT":0.4888083972,"GRSBTC":0.4879875238,"MITHUSDT":0.482422416,"XRPUSDT":0.4817421463,"XMRBNB":0.47818532,"WINUSDT":0.4708198996,"NEOUSDT":0.4640814774,"ENGBTC":0.4617260819,"SKYBTC":0.4553968024,"NANOUSDT":0.4538518393,"ANKRUSDT":0.4499786308,"USDSUSDT":0.4483555379,"THETAUSDT":0.4245909701,"WTCBTC":0.419210935,"TRXUSDT":0.4066989164,"BTGBTC":0.4063719282,"ETHUSDC":0.4040177154,"ONTETH":0.4030099187,"XLMBTC":0.3809846207,"STRATBTC":0.37471482,"TRXBNB":0.3730882608,"ETHBTC":0.3683027663,"NANOBTC":0.3681264878,"BCHABCBTC":0.3655622923,"RLCBTC":0.3568812132,"QTUMUSDT":0.3522382537,"BTCTUSD":0.3414172366,"HOTBNB":0.3377640716,"IOSTUSDT":0.326647965,"STEEMBTC":0.3185328012,"USDCPAX":0.2934439488,"NXSBTC":0.2933874779,"OMGBTC":0.2922402394,"ZECUSDT":0.2919748655,"WINUSDC":0.2843598872,"ONTBTC":0.2796920899,"BNBPAX":0.2781900027,"ONTUSDT":0.2755202062,"ZECBTC":0.2558966318,"BATBTC":0.2456900571,"KNCBTC":0.242980348,"ADXBTC":0.2398587788,"BTCUSDS":0.2371224557,"EOSPAX":0.2365659387,"FTMUSDT":0.2289035111,"NANOETH":0.2275416497,"QTUMBTC":0.2263030491,"IOSTETH":0.2135344391,"FTMBNB":0.2007637133,"LINKPAX":0.1860431124,"AEBTC":0.1854984255,"VETBNB":0.1789446636,"GVTBTC":0.1632087404,"BNBUSDC":0.1489773367,"EOSBTC":0.1393958292,"USDCUSDT":0.1389684115,"ARKBTC":0.1383051502,"ARNBTC":0.1207623832,"USDCTUSD":0.1196776757,"EOSUSDT":0.106312752,"BRDBNB":0.1052738119,"ZECETH":0.0996402415,"BCHABCPAX":0.0894895834,"WABIBTC":0.0862089217,"XRPTUSD":0.0824169682,"NEOBTC":0.0787888563,"ICXETH":0.0760069111,"BTCPAX":0.0751951698,"XRPUSDC":0.0617685419,"BCHABCUSDC":0.0436678551,"POLYBTC":0.0217328527,"OAXBTC":0.0177337311,"BQXBTC":0.0161629398,"WANBTC":0.009395794,"TUSDUSDT":0.003255989,"RDNBTC":-0.0024963696,"XRPPAX":-0.0033700911,"ADABTC":-0.0123865145,"BATBNB":-0.0149472745,"NEBLBTC":-0.0188278449,"KMDBTC":-0.0211646917,"PAXTUSD":-0.0350807547,"OMGUSDT":-0.0403078315,"NEOBNB":-0.045690796,"ENJBTC":-0.0469384255,"XRPBTC":-0.0525290824,"GASBTC":-0.0591588646,"BATUSDT":-0.0622364108,"EOSBNB":-0.0752304338,"ICXBTC":-0.0967873077,"XRPETH":-0.1003099518,"NEOETH":-0.1053759538,"AIONBTC":-0.1071183046,"XLMBNB":-0.1091293834,"ATOMBNB":-0.1199444367,"TRXUSDC":-0.140774187,"TFUELUSDT":-0.1505484604,"OMGETH":-0.1816627523,"EOSUSDC":-0.1854202253,"ANKRBNB":-0.2020777936,"ZILETH":-0.203767733,"XRPBNB":-0.2139330808,"EOSETH":-0.2182814442,"VETUSDT":-0.2235276727,"TRXETH":-0.235490191,"BCHABCTUSD":-0.2366118933,"ATOMBTC":-0.2405148982,"RVNBNB":-0.2435380053,"ZRXBTC":-0.2532554762,"ZILUSDT":-0.2793870802,"HOTUSDT":-0.2937104786,"XZCBTC":-0.2945821024,"INSBTC":-0.2978764675,"XLMUSDT":-0.3211738581,"ADAUSDC":-0.3263572421,"ZECBNB":-0.3306426474,"HCBTC":-0.3460659235,"VETETH":-0.3565460607,"PAXUSDT":-0.3762827744,"ENJUSDT":-0.383837233,"ADABNB":-0.4156409472,"BCDBTC":-0.418500175,"BATETH":-0.419555187,"LSKBTC":-0.4240182538,"PIVXBTC":-0.432620914,"MTLBTC":-0.4394195903,"BRDBTC":-0.4746027062,"ADAUSDT":-0.4837545163,"ZRXETH":-0.5051945121,"ATOMUSDT":-0.5277165099,"IOTAUSDT":-0.599802587,"ZRXUSDT":-0.6057090571,"ADAETH":-0.6451001111,"MCOBTC":-0.6462263967,"XLMETH":-0.649635915,"IOTAETH":-0.6518386722,"TRXXRP":-0.6520194102,"ELFBTC":-0.6607775965,"IOTABTC":-0.7346611159,"ENJETH":-0.9372592537},"startDate":"2019-08-03","endDate":"2019-08-10","numDays":7,