{"data":{"LUNETH":0.9840979626,"LUNBTC":0.9829123224,"WAVESBTC":0.9794644264,"ARNBTC":0.9719087486,"ADXBTC":0.965813788,"ARNETH":0.9596462817,"VIABTC":0.9591295553,"WAVESETH":0.9480944871,"NANOBTC":0.9178170126,"BCPTBTC":0.9146025624,"TNTETH":0.9114863843,"STORJBTC":0.8976593339,"EVXBTC":0.8947786291,"RDNBTC":0.8928605563,"FUNETH":0.8898617412,"BCPTETH":0.8875142867,"STRATBTC":0.8729235665,"SALTBTC":0.8728452193,"GXSBTC":0.8505632819,"DGDBTC":0.8428798081,"WABIBTC":0.8388460835,"GVTBTC":0.8374493384,"MTLBTC":0.8325984112,"CLOAKBTC":0.8304911166,"GTOETH":0.8301661529,"NEOBTC":0.8294984452,"ELFBTC":0.8257259884,"AEETH":0.8238817449,"NEOTUSD":0.823181744,"LINKTUSD":0.8119635926,"MDABTC":0.8111908198,"AEBTC":0.8087557375,"LINKUSDT":0.8043779712,"RLCBTC":0.8008483053,"WTCBTC":0.8002898718,"VIBEETH":0.7940236368,"EVXETH":0.7884034239,"SKYBTC":0.7846717141,"VETUSDT":0.7795502324,"ETHUSDC":0.7692950296,"DOCKETH":0.7654944677,"STRATETH":0.76188169,"WINGSETH":0.757897364,"LINKUSDC":0.755528816,"BCDBTC":0.7371198069,"WINGSBTC":0.7366227699,"ZENBTC":0.7343579186,"NEBLBTC":0.7337633966,"VETETH":0.7322627703,"INSBTC":0.7282268467,"MODBTC":0.7077777439,"KMDBTC":0.7074918189,"NXSBTC":0.7056471588,"LRCETH":0.705010213,"NEOETH":0.7047749626,"MCOBTC":0.693999311,"XRPPAX":0.6884323077,"LINKBTC":0.6776600563,"NASBTC":0.6727729042,"EDOBTC":0.6625563346,"ETCBTC":0.6603948386,"PIVXBTC":0.6591744441,"ADABNB":0.6569680822,"XLMPAX":0.6516812435,"LRCBTC":0.6465263403,"TRXXRP":0.6436620863,"ADAETH":0.6407615598,"EOSUSDC":0.6403717657,"XZCBTC":0.6350962003,"AIONBTC":0.6244099401,"TRXUSDT":0.6217602316,"BRDBTC":0.6029461022,"ARKBTC":0.6024051231,"ONTETH":0.6004911753,"GRSBTC":0.586882137,"BCHABCUSDT":0.5865345453,"ZILETH":0.5832555981,"BQXBTC":0.5812545377,"POLYBTC":0.5729145537,"CMTBTC":0.5702126513,"NULSBTC":0.5574136108,"XRPBTC":0.5527205806,"ZRXBTC":0.546127457,"BQXETH":0.5426248172,"ZECBTC":0.5387483026,"GASBTC":0.5352645788,"NAVBTC":0.5347353383,"ETHPAX":0.5256126599,"TUSDBTC":0.5228233853,"DLTETH":0.5212876269,"WANETH":0.5172108993,"DLTBTC":0.4939409864,"BCHSVUSDT":0.4921474018,"XLMETH":0.4852336899,"OMGBTC":0.482753635,"SNTETH":0.4799049275,"ONTBTC":0.4757398024,"KNCBTC":0.4654250305,"BCHABCBTC":0.4627170077,"TRXTUSD":0.4434894253,"XLMTUSD":0.4330018495,"LINKETH":0.4224067229,"ADATUSD":0.4154666654,"NEOUSDT":0.4132707132,"TRXBNB":0.3935725219,"TRXETH":0.370866721,"BATBTC":0.3702914792,"ONTUSDT":0.3459464537,"XMRBTC":0.342591298,"WANBTC":0.3178097617,"ETHBTC":0.3090600787,"DCRBTC":0.3079913807,"ETCUSDT":0.2908562166,"ICXBTC":0.2862271908,"OAXBTC":0.2831012613,"XLMUSDC":0.2789767147,"ADAUSDT":0.2784182408,"ETHUSDT":0.2686177712,"XRPBNB":0.2684880036,"EOSBTC":0.2679643004,"OAXETH":0.2658813708,"NULSUSDT":0.2594909398,"BTGBTC":0.2434752853,"DASHBTC":0.2265336924,"XRPUSDT":0.2155573313,"LTCBTC":0.2123423507,"REPETH":0.2090524298,"BNBBTC":0.1990314998,"PPTBTC":0.1440615786,"EOSPAX":0.1388186982,"XRPTUSD":0.1235008955,"BTCUSDC":0.0827863555,"XMRETH":0.0823088586,"LTCUSDT":0.0791102347,"PAXTUSD":0.0701968422,"HCBTC":0.049446911,"IOTAETH":0.0262338388,"POWRETH":0.0177247257,"BNBPAX":0.0139602798,"IOTAUSDT":-0.0010514233,"CMTETH":-0.0104844836,"XLMUSDT":-0.0191730927,"LTCETH":-0.0207025353,"TUSDUSDT":-0.0276437127,"BNBUSDT":-0.0302626589,"POWRBTC":-0.0464202193,"BTCPAX":-0.0523607437,"BTCUSDT":-0.0634224773,"LTCBNB":-0.064681702,"ICXUSDT":-0.0662160423,"EOSUSDT":-0.0909297378,"REPBTC":-0.1194143697,"TUSDETH":-0.136741248,"XRPETH":-0.1443020729,"XRPUSDC":-0.1491783257,"USDCTUSD":-0.1521062854,"QTUMBTC":-0.1625305307,"ENGBTC":-0.1726869122,"IOTABTC":-0.2098607801,"BNBETH":-0.2807710406,"TUSDBNB":-0.3076107482,"STEEMBTC":-0.3300442775,"QTUMUSDT":-0.3319355557,"BCHSVBTC":-0.3334545652,"LSKBTC":-0.4378110633,"BNBUSDC":-0.4727937909,"PAXUSDT":-0.5518202808,"EOSETH":-0.5893420749,"USDCUSDT":-0.5989636583,"BNTBTC":-0.7026909798,"USDCPAX":-0.7418188926},"startDate":"2019-01-17","endDate":"2019-01-24","numDays":7,"excludedPairs":["LINKPAX","YOYOETH","LOOMETH","BATBNB","ELFETH","NEOBNB","XVGBTC","RENBNB","BCCBNB","DNTBTC","PHXBNB","VIBEBTC","QSPBNB","NPXSBTC","XLMBNB","ADXBNB","MFTETH","VIAETH","BTGETH","ARDRBTC","IOSTBTC","HOTETH","SNGLSETH","SNGLSBTC","CDTETH","VENETH","NULSETH","POEBTC","POABTC","BCPTBNB","TRXBTC","MCOETH","MODETH","WTCBNB","MITHBTC","MANAETH","QSPETH","IOTXETH","CNDBTC","NAVETH","APPCETH","BCCUSDT","NXSBNB","CVCBTC","XZCETH","SUBBTC","IOTXBTC","THETAETH","GRSETH","NCASHETH","RPXBNB","TRIGBNB","INSETH","ZENETH","LOOMBTC","STEEMETH","BCHSVPAX","PHXETH","BTSBNB","WAVESPAX","PPTETH","GOBNB","ARDRBNB","NXSETH","GNTBNB","RDNETH","OSTETH","STORJETH","THETABTC","DENTETH","BCHABCTUSD","POWRBNB","AMBBNB","POEETH","XEMETH","RCNETH","QLCBNB","MTHETH","NEBLETH","PHXBTC","IOTABNB","MTHBTC","BCHABCPAX","BCNBTC","SNMETH","NEBLBNB","ARDRETH","MITHBNB","LENDBTC","LSKETH","NASBNB","REPBNB","HSRBTC","SKYBNB","CHATETH","ONTBNB","BCHSVUSDC","MDAETH","BCCBTC","WANBNB","GNTETH","SALTETH","RVNBNB","DATABTC","XZCBNB","ENJBTC","KMDETH","APPCBNB","WAVESBNB","PAXBTC","POABNB","WTCETH","NULSBNB","CDTBTC","VETBTC","BCHABCUSDC","AIONBNB","BLZETH","CVCBNB","BRDBNB","WPRBTC","MANABTC","NAVBNB","AGIBTC","RPXETH","VENBTC","QSPBTC","VETBNB","DOCKBTC","XZCXRP","CHATBTC","PAXETH","SYSBTC","DGDETH","FUELETH","USDCBTC","QTUMETH","VIBETH","QKCBTC","VENBNB","GNTBTC","NCASHBNB","POAETH","ZILBTC","DCRBNB","REQBTC","ZILBNB","STORMBNB","QLCBTC","GTOBTC","DLTBNB","GOBTC","BCNETH","CVCETH","LOOMBNB","ETCBNB","KEYBTC","IOSTETH","ADABTC","BCDETH","RDNBNB","BRDETH","MTLETH","AMBBTC","SCETH","NPXSETH","ICNETH","CNDETH","NANOETH","ICXETH","SNMBTC","SYSBNB","ASTETH","WAVESTUSD","QKCETH","MCOBNB","AGIETH","SCBNB","HCETH","ICNBTC","GXSETH","ADXETH","EOSTUSD","XVGETH","STEEMBNB","RVNBTC","BCCETH","ZECETH","GVTETH","ZRXETH","REQETH","NASETH","TNTBTC","DASHETH","SUBETH","BTSBTC","FUELBTC","RCNBNB","RCNBTC","WABIETH","HOTBTC","ETCETH","XEMBTC","YOYOBTC","KNCETH","WAVESUSDT","EDOETH","QLCETH","DNTETH","VIBBTC","KEYETH","APPCBTC","XLMBTC","TNBBTC","BLZBTC","ASTBTC","BNTETH","OSTBTC","DATAETH","WABIBNB","TRIGBTC","ZENBNB","TNBETH","AIONETH","BCNBNB","STORMETH","OMGETH","SNTBTC","MFTBNB","LENDETH","WAVESUSDC","RLCBNB","BATETH","WPRETH","PAXBNB","ICXBNB","AMBETH","YOYOBNB","HSRETH","CMTBNB","SCBTC","CLOAKETH","PIVXETH","VIABNB","NCASHBTC","TRIGETH","OSTBNB","SYSETH","FUNBTC","RLCETH","EOSBNB","THETABNB","GTOBNB","ARKETH","AGIBNB","XEMBNB","DENTBTC","RENBTC","USDCBNB","LSKBNB","AEBNB","RPXBTC","BLZBNB","CNDBNB","SKYETH","STORMBTC","ENJETH","PIVXBNB","NANOBNB","BTSETH","ENJBNB","MFTBTC","ENGETH","BCHSVTUSD","VENUSDT","POLYBNB","QTUMBNB"]}