{"data":{"WANUSDT":0.9552022417,"WANBTC":0.9073716298,"WABIBTC":0.8999433718,"PIVXBTC":0.8688438091,"WANBNB":0.8418418557,"ARNBTC":0.7741767323,"WABIETH":0.7446964921,"WABIBNB":0.7262711577,"ICXBTC":0.7261383802,"REPBTC":0.7208578553,"QKCETH":0.7149386633,"INSBTC":0.7141999705,"ETCUSDC":0.6918711922,"ENJUSDT":0.6848552249,"RDNBTC":0.6838201881,"KMDBTC":0.665835191,"PERLBTC":0.6636073088,"BCHABCTUSD":0.6623397531,"DCRBTC":0.6579940662,"COSUSDT":0.6571977768,"WANETH":0.6452712725,"MTHETH":0.6438441512,"GNTBTC":0.6264020309,"ENJETH":0.6197490848,"TOMOBTC":0.6171873905,"TOMOUSDT":0.5756740976,"ICXUSDT":0.5590865847,"PERLUSDT":0.5496999403,"DUSKBTC":0.5469363785,"XMRBTC":0.5316242367,"MATICUSDT":0.531256219,"PERLBNB":0.5201418769,"XMRETH":0.50592047,"MITHUSDT":0.5032851357,"ERDUSDT":0.4919303281,"ETCBTC":0.4884346896,"DUSKUSDT":0.4862345934,"VETUSDT":0.4828906087,"ARKBTC":0.4822771897,"ENJBNB":0.4817253896,"ICXETH":0.4774753841,"BTCUSDC":0.4755168439,"ICXBNB":0.4656395529,"NULSUSDT":0.4634522105,"LTCTUSD":0.4615257219,"EVXBTC":0.4461842726,"NASBTC":0.4438387684,"IOTAUSDT":0.4413854548,"ONGBTC":0.4398830575,"OAXBTC":0.4385838851,"COSBNB":0.4354447118,"FTMUSDT":0.4194881146,"ANKRUSDT":0.4176941156,"LTCUSDT":0.4144511557,"ETHTUSD":0.4128132702,"NEOUSDT":0.411804165,"USDCUSDT":0.4057491001,"BCHABCUSDT":0.4032494445,"BNBTUSD":0.4028464691,"ETHUSDC":0.4016570812,"ERDBNB":0.3911611393,"BTCUSDS":0.3906641255,"STRATBTC":0.3880610296,"RENBTC":0.3873400427,"GRSBTC":0.3871627966,"BTCUSDT":0.3824864984,"USDCPAX":0.3807948062,"BCHABCBTC":0.3791633462,"ETCBNB":0.3650615816,"ADAETH":0.3628485708,"ETHUSDT":0.3627693552,"EOSUSDC":0.3580794002,"EOSBNB":0.3479047951,"BTCTUSD":0.3433387026,"BTCPAX":0.341106032,"HOTUSDT":0.3376368531,"IOTABTC":0.3302745585,"ETCETH":0.3270356541,"ETCUSDT":0.3202147579,"LTCPAX":0.3139980206,"XMRUSDT":0.3120034853,"DASHETH":0.2971221549,"COCOSUSDT":0.295743102,"NANOBTC":0.2952742348,"NEOETH":0.2880044637,"ADAUSDT":0.2876806557,"ZRXBTC":0.2844760736,"THETAETH":0.2831697281,"LTCBTC":0.2824839721,"MDABTC":0.2811314473,"XMRBNB":0.2646136459,"BRDBTC":0.2631533011,"BCHABCPAX":0.2584948037,"PAXUSDT":0.2516047424,"BNBBTC":0.2498953216,"ZECETH":0.2465242995,"IOTAETH":0.2438463707,"FETUSDT":0.2437461002,"DASHBTC":0.2420801046,"THETABTC":0.2405822496,"EOSUSDT":0.2341198954,"XLMETH":0.2328541241,"ETHBTC":0.2182442802,"XRPETH":0.2131095253,"TRXETH":0.2093722967,"ATOMBTC":0.2067689075,"DASHUSDT":0.2043933747,"ONEUSDT":0.2023101718,"LINKUSDT":0.1989753979,"IOTABNB":0.198710677,"ONEBNB":0.1983872757,"LTCUSDC":0.1971380272,"DUSKBNB":0.1971251904,"MTLUSDT":0.1946104684,"ZENBTC":0.1934419761,"ONTBTC":0.1867917342,"FTMBNB":0.1852697355,"MATICBNB":0.1835510207,"LINKBTC":0.1830965172,"BATUSDC":0.1766600013,"ZILUSDT":0.1712553886,"QTUMUSDT":0.164545036,"TUSDUSDT":0.1583638664,"XRPBNB":0.1576578443,"NEOBTC":0.1571438533,"QTUMBTC":0.1487280998,"ZECUSDT":0.1481216849,"INSETH":0.1480052023,"COCOSBNB":0.1464233736,"QTUMETH":0.1402106093,"ZILETH":0.1306773436,"NEBLBTC":0.1273617535,"LTCETH":0.1249635641,"BTTUSDT":0.1241385732,"RVNBNB":0.1218039493,"TRXUSDT":0.1195651487,"MTLETH":0.1092391062,"XRPBTC":0.1064506868,"BNBPAX":0.1026832856,"ONTUSDT":0.1017984559,"DENTUSDT":0.1004500418,"EVXETH":0.0968553768,"CELRUSDT":0.093723511,"BNBUSDT":0.09085711,"BNBETH":0.0903523176,"WAVESETH":0.086762292,"OMGUSDT":0.0807209837,"LINKETH":0.0741855402,"NPXSUSDT":0.0642764635,"HCBTC":0.0629093357,"AEBTC":0.0625168054,"BATBNB":0.0607880463,"WTCBTC":0.0542974508,"XRPUSDC":0.0538412016,"WAVESBTC":0.0529324416,"ENGBTC":0.0489837725,"IOSTUSDT":0.0425793624,"WAVESUSDT":0.0391445892,"GVTBTC":0.0382177946,"HOTBNB":0.0349067707,"NULSBTC":0.0336928327,"XLMBNB":0.0284780706,"NANOUSDT":0.0247790305,"XRPUSDT":0.0229501989,"LTCBNB":0.0204846924,"ZECBTC":0.0108557457,"TRXXRP":0.0080314363,"WINUSDC":0.0057795221,"XRPPAX":-0.0106793633,"ZRXUSDT":-0.0113555767,"XLMUSDT":-0.0194085196,"BCHABCUSDC":-0.0219779609,"WINUSDT":-0.0308334021,"ATOMBNB":-0.0413268523,"PAXTUSD":-0.0442538857,"LSKBTC":-0.0580921392,"NEOBNB":-0.0605944895,"DOGEUSDT":-0.061401134,"MCOBTC":-0.0631919152,"USDCTUSD":-0.0647556485,"OMGETH":-0.0654345741,"GXSBTC":-0.0664353524,"XRPTUSD":-0.0670199618,"RENBNB":-0.0751712039,"ADABNB":-0.0865288557,"THETAUSDT":-0.0866863303,"MTLBTC":-0.0954806166,"EOSETH":-0.0971117861,"BATUSDT":-0.1036437174,"XLMUSDC":-0.1180215732,"TRXBNB":-0.1193527657,"GASBTC":-0.1223784867,"BNBUSDC":-0.1228320855,"EOSTUSD":-0.1241564935,"CELRBNB":-0.1281657915,"ATOMUSDT":-0.1374869721,"ADAUSDC":-0.1505523926,"BATETH":-0.1688586494,"TRXUSDC":-0.1710390101,"BCDBTC":-0.1765874045,"EOSBTC":-0.177757184,"OMGBTC":-0.1816296099,"XZCBTC":-0.1994388103,"BTGBTC":-0.2093103949,"LUNBTC":-0.2930871944,"ALGOBTC":-0.2937684112,"ALGOBNB":-0.3248617964,"BATBTC":-0.3438331471,"LINKUSDC":-0.350937884,"VIABTC":-0.3924137928,"LINKTUSD":-0.418548929,"SKYBTC":-0.423921429,"ETHPAX":-0.4243924835,"TFUELUSDT":-0.4465438003,"PPTBTC":-0.5917049366,"ALGOUSDT":-0.6022363218},"startDate":"2019-08-28","endDate":"2019-09-05","numDays":7,