{"data":{"PPTBTC":0.9105945718,"HCBTC":0.8782334999,"PHXETH":0.8742190992,"ARNBTC":0.8485257618,"OAXBTC":0.8411904483,"PIVXBTC":0.8345436014,"DLTBTC":0.8291439747,"HCETH":0.8263819268,"QTUMBTC":0.826271147,"LINKBTC":0.8124975136,"REPBTC":0.8022716769,"DLTETH":0.8015948493,"QKCETH":0.7896368529,"RLCBTC":0.7832247609,"QKCBTC":0.777189668,"XZCBTC":0.7765406299,"VIBEBTC":0.7757168571,"VIBEETH":0.7744826262,"ZENBTC":0.7734593415,"TNTETH":0.7543587127,"POLYBTC":0.7460339703,"GTOBTC":0.7395684116,"RDNBTC":0.7307200136,"AEBTC":0.7255893104,"DLTBNB":0.7244478492,"NAVBTC":0.7222745978,"STORJBTC":0.7168758918,"REPETH":0.7093183521,"LINKETH":0.7047957132,"WTCBTC":0.7022898524,"INSBTC":0.6955051322,"WINGSBTC":0.6934036854,"BCHSVBTC":0.6902533132,"QTUMUSDT":0.688378843,"GTOETH":0.6668657144,"EOSUSDC":0.666459489,"LUNBTC":0.6590756612,"MDABTC":0.6506780823,"ARNETH":0.6472612385,"DOCKETH":0.645990059,"BRDBTC":0.6452343159,"LRCBTC":0.6450648352,"POWRBTC":0.6416836073,"ADXBTC":0.6410715242,"BCHSVUSDT":0.6376767882,"NULSBTC":0.6340110964,"WABIBTC":0.626356718,"AEETH":0.6075551537,"STRATBTC":0.6021424795,"BQXBTC":0.6008185812,"STEEMBTC":0.5925021346,"GASBTC":0.5793623233,"MODBTC":0.5635430216,"XEMETH":0.5570053502,"NASBTC":0.5323319493,"BNBUSDC":0.5116823662,"XRPPAX":0.5073909283,"BNBBTC":0.5052616959,"AMBBTC":0.4975268022,"WAVESBTC":0.4912769663,"NULSUSDT":0.4897610018,"ELFBTC":0.4712670557,"BNBUSDT":0.4653007955,"MTLBTC":0.4444223423,"ONTBTC":0.4422468902,"TRXETH":0.4392318112,"CLOAKBTC":0.4390822254,"EVXBTC":0.4353998189,"TRXXRP":0.431958673,"XLMTUSD":0.4231468602,"TRXUSDT":0.4211634421,"ONTETH":0.3826024551,"WAVESETH":0.3699376686,"ONTUSDT":0.369481107,"QTUMETH":0.3498622289,"EOSPAX":0.3458238787,"MCOBTC":0.3304251039,"EOSBNB":0.32272837,"NEOETH":0.3198914534,"TRXTUSD":0.3108181857,"ZECBTC":0.3100063958,"NXSBTC":0.3024720203,"STRATETH":0.2920007751,"ETCUSDT":0.2857743675,"TUSDUSDT":0.284492237,"BNBPAX":0.2835036787,"TRXBNB":0.2824066335,"XLMPAX":0.2823634839,"GVTBTC":0.261718104,"SALTBTC":0.2409726845,"KNCETH":0.2382751829,"ETCBTC":0.2378084316,"XVGETH":0.2354839899,"KNCBTC":0.2330015856,"XLMUSDT":0.2325069461,"XRPTUSD":0.2165444282,"BCHABCUSDT":0.2023118073,"BNBETH":0.1994011149,"TUSDBTC":0.1923326086,"LTCBNB":0.1797736831,"XLMUSDC":0.1749234368,"BATBTC":0.1647382367,"LSKBTC":0.1602023058,"BCHABCBTC":0.1526658261,"BCDBTC":0.1328508973,"ADABNB":0.1317989826,"ZILETH":0.1298501467,"XLMETH":0.122289603,"ZRXETH":0.1104301164,"ZECETH":0.109344468,"NANOBTC":0.1019204412,"BATETH":0.1012598338,"XRPBNB":0.0993508223,"XMRBTC":0.0841576001,"BTGBTC":0.0783706714,"SKYBTC":0.0600553881,"BTCPAX":0.0523595843,"ZRXBTC":0.0353967349,"ICXUSDT":0.0276009969,"AIONBTC":0.019435056,"VETETH":0.0135251221,"NEOUSDT":0.004002914,"XMRETH":-0.0012666101,"LTCUSDT":-0.0017801906,"ENGBTC":-0.004466362,"LTCETH":-0.0122915587,"IOSTETH":-0.0185992236,"EOSETH":-0.0199864426,"TUSDETH":-0.0217971753,"XRPUSDT":-0.0273695241,"NEOTUSD":-0.0300946895,"ADAETH":-0.0334038,"ICXBTC":-0.0414130118,"XRPUSDC":-0.0495726338,"XRPETH":-0.0578609167,"LTCBTC":-0.0651889401,"NEBLBTC":-0.0696020396,"USDCPAX":-0.0733951964,"ETCETH":-0.0743354633,"OMGETH":-0.0908087692,"NEOBTC":-0.0912814662,"EOSBTC":-0.0934332354,"PAXUSDT":-0.0998778355,"BTCUSDT":-0.1021070458,"EOSUSDT":-0.1027807825,"DASHETH":-0.1202123629,"WANBTC":-0.1233294425,"SNTETH":-0.1439025899,"ETHBTC":-0.160500466,"ICXETH":-0.1688159482,"ADAUSDT":-0.1744827606,"BTCUSDC":-0.1807678725,"DCRBTC":-0.1832339682,"KMDBTC":-0.2000856284,"ADATUSD":-0.2004391539,"VETUSDT":-0.2133607281,"DASHBTC":-0.2382980408,"USDCTUSD":-0.2447810222,"ETHUSDT":-0.2516236272,"ARKBTC":-0.2649255208,"PAXTUSD":-0.271842912,"IOTABTC":-0.299238683,"OMGBTC":-0.3207193472,"USDCUSDT":-0.3246562134,"ETHPAX":-0.3331269594,"IOTAETH":-0.3370382344,"TUSDBNB":-0.3401316919,"IOTAUSDT":-0.4474818057,"ETHUSDC":-0.4489464789},"startDate":"2019-01-11","endDate":"2019-01-18","numDays":7,"excludedPairs":["ASTBTC","AIONBNB","APPCBTC","NULSBNB","MDAETH","ONTBNB","VETBNB","NXSETH","DGDBTC","GTOBNB","POWRETH","BTSBTC","TNBETH","HSRBTC","VETBTC","CMTETH","FUNETH","BRDBNB","FUELETH","NCASHETH","TNTBTC","SNMETH","GVTETH","EDOETH","RVNBTC","ICNETH","PHXBTC","RDNBNB","OSTBNB","INSETH","NANOBNB","STORMETH","BCPTETH","ZILBTC","BCNBTC","BCCUSDT","POLYBNB","REPBNB","AGIETH","STORMBTC","ICNBTC","SNTBTC","BLZBTC","EOSTUSD","OSTBTC","NULSETH","RLCETH","MTHETH","LINKUSDT","MFTBTC","MFTBNB","XLMBTC","EDOBTC","KMDETH","ENJBTC","SYSBNB","TNBBTC","LOOMBNB","BCCBTC","STEEMBNB","SUBETH","WTCBNB","CNDETH","YOYOBTC","CDTBTC","STORMBNB","LINKTUSD","PPTETH","VENUSDT","RCNBTC","IOTXBTC","CLOAKETH","QSPETH","ENGETH","BRDETH","WPRETH","DENTBTC","ZENETH","QLCBNB","SUBBTC","ICXBNB","PAXETH","QLCETH","RENBTC","GNTBNB","PAXBNB","SALTETH","ADABTC","MANABTC","LENDBTC","MFTETH","SNGLSETH","ADXBNB","YOYOETH","XRPBTC","IOTXETH","CVCETH","NCASHBTC","DOCKBTC","XVGBTC","MANAETH","BNTETH","AMBBNB","SKYBNB","CVCBTC","XZCXRP","VIBBTC","SYSETH","CVCBNB","SCBTC","POEBTC","ARDRBTC","BLZBNB","DGDETH","GRSETH","POEETH","AMBETH","RPXBTC","HOTETH","PAXBTC","HSRETH","POABNB","LOOMETH","XZCETH","BTSBNB","LOOMBTC","NPXSBTC","NPXSETH","WANBNB","VIABTC","TRXBTC","SNMBTC","NAVETH","ARKETH","NCASHBNB","MITHBNB","GNTETH","YOYOBNB","RCNBNB","QSPBTC","CMTBTC","SYSBTC","RDNETH","FUNBTC","MODETH","NANOETH","GOBTC","DENTETH","NEBLBNB","KEYETH","RPXETH","RCNETH","BCCBNB","PIVXBNB","USDCBTC","NEBLETH","MCOBNB","QSPBNB","RENBNB","POAETH","QTUMBNB","PIVXETH","BCDETH","SNGLSBTC","MITHBTC","BCPTBTC","BCNBNB","REQETH","VIABNB","SKYETH","ARDRBNB","WTCETH","CNDBNB","OAXETH","NASBNB","WABIETH","FUELBTC","ARDRETH","KEYBTC","VIAETH","LINKUSDC","WANETH","AEBNB","BLZETH","VENBNB","BTGETH","THETAETH","VENETH","BCNETH","ENJETH","DNTETH","IOSTBTC","POWRBNB","DATAETH","VIBETH","STEEMETH","LSKETH","EVXETH","XZCBNB","DNTBTC","LENDETH","DCRBNB","ELFETH","PHXBNB","GXSBTC","AGIBNB","RVNBNB","APPCBNB","WABIBNB","BCCETH","BCPTBNB","WINGSETH","USDCBNB","SCETH","CDTETH","RLCBNB","NASETH","CHATETH","GNTBTC","LSKBNB","ENJBNB","THETABTC","MTLETH","ADXETH","MTHBTC","ZILBNB","NXSBNB","REQBTC","BATBNB","XEMBTC","BQXETH","HOTBTC","LUNETH","GOBNB","VENBTC","POABTC","TRIGETH","NEOBNB","IOTABNB","OSTETH","CNDBTC","LINKPAX","ETCBNB","LRCETH","QLCBTC","ZENBNB","XEMBNB","STORJETH","THETABNB","MCOETH","RPXBNB","WAVESBNB","GXSETH","XLMBNB","AIONETH","ASTETH","APPCETH","BTSETH","NAVBNB","AGIBTC","BNTBTC","TRIGBNB","DATABTC","GRSBTC","SCBNB","TRIGBTC","WPRBTC","CHATBTC","CMTBNB"]}