{"data":{"HCETH":0.9503454153,"HCBTC":0.9430693149,"NEOBNB":0.9064060273,"TRXBNB":0.8953829751,"NEOETH":0.885607714,"TRXXRP":0.8837332871,"NEOTUSD":0.8782792402,"BNBUSDT":0.8706396531,"ADABNB":0.8649538004,"NEOBTC":0.8596685846,"XMRBTC":0.8591134843,"TRXBTC":0.8419482783,"NEOUSDT":0.8372693553,"GASBTC":0.8311810584,"VETETH":0.8254403228,"BNBUSDC":0.8211299474,"TRXETH":0.8163637956,"LINKBTC":0.7971741387,"DLTBTC":0.7966603117,"TRXUSDT":0.7907980435,"WTCBTC":0.7846615456,"LTCBNB":0.7672779848,"XMRETH":0.7557053527,"ARNBTC":0.750126729,"XVGETH":0.7477783141,"MFTETH":0.7369505101,"APPCBTC":0.730588864,"ENGBTC":0.7282958893,"ZILETH":0.7281148323,"LINKETH":0.725824086,"ARNETH":0.7215257802,"BNTBTC":0.7136232619,"ADAETH":0.7114638634,"QTUMUSDT":0.7079239669,"SNTETH":0.7046107609,"ADABTC":0.6971807726,"NANOBTC":0.6964874689,"AGIBTC":0.6923236198,"SALTBTC":0.6909734715,"VETUSDT":0.6702707018,"WINGSBTC":0.6699330467,"DASHBTC":0.6685266705,"PIVXBTC":0.6642171274,"NXSBTC":0.6555884321,"DGDBTC":0.6535292263,"LTCBTC":0.652970446,"KNCBTC":0.6493308226,"BCDBTC":0.644817904,"VIABTC":0.6446450097,"LTCUSDT":0.6437967815,"AEBTC":0.6421114122,"BQXBTC":0.6333226919,"BNBBTC":0.6330342694,"SKYBTC":0.6280207363,"ONTBTC":0.626848659,"ADAUSDT":0.6257672206,"ICXUSDT":0.6227591187,"TRXTUSD":0.6089143629,"WTCETH":0.6070894092,"XRPBNB":0.6021024686,"MDABTC":0.59496922,"EOSTUSD":0.5750784242,"VIBETH":0.5622745448,"ICXBTC":0.5621250924,"INSBTC":0.5538024646,"ELFBTC":0.5466391121,"TUSDBTC":0.5462923205,"PHXETH":0.5355771077,"LUNBTC":0.5320124036,"LTCETH":0.5308877574,"DASHETH":0.5172258084,"STRATBTC":0.5030085883,"AMBBTC":0.5016787861,"MCOBTC":0.4959989067,"EOSUSDC":0.4936982104,"AEETH":0.4793017763,"ETHBTC":0.4728027265,"ADXBTC":0.4504892931,"POWRBTC":0.4446042106,"IOSTETH":0.4364201678,"MODBTC":0.4335163547,"QTUMBTC":0.4315515266,"KMDBTC":0.4312606554,"ADATUSD":0.4191735982,"XLMTUSD":0.4056686598,"GVTBTC":0.3948850963,"SYSBTC":0.3875212918,"ICXETH":0.3845323502,"NANOETH":0.3791452799,"ONTETH":0.3717558229,"XRPTUSD":0.3701278587,"ETHUSDT":0.3654082544,"EOSBTC":0.356231778,"WANBTC":0.3497664028,"XLMBTC":0.3482226183,"XLMUSDT":0.3285810432,"XRPBTC":0.3203552618,"XLMETH":0.3168589818,"BTCUSDT":0.3163848828,"XRPUSDC":0.3111925542,"LSKBTC":0.2915286332,"NULSBTC":0.28713534,"BNBPAX":0.2786029604,"XRPUSDT":0.2774158782,"EVXBTC":0.2634499056,"PPTBTC":0.2584894285,"STEEMBTC":0.2483496058,"TUSDETH":0.2428389243,"EOSUSDT":0.2294724178,"DCRBTC":0.2258094641,"ZRXETH":0.2247169248,"BNBETH":0.2204896709,"XEMETH":0.1935686096,"GTOETH":0.1920304552,"STRATETH":0.1900178092,"IOTABTC":0.1810169647,"WAVESBNB":0.1769622205,"NASBTC":0.1723037631,"ONTUSDT":0.1680952467,"BTCUSDC":0.1617838232,"EOSBNB":0.1596780049,"XLMUSDC":0.1553807347,"EVXETH":0.1550327726,"XRPETH":0.1541542802,"ZRXBTC":0.1492376326,"RDNBTC":0.1244634871,"AIONBTC":0.1224422137,"EOSETH":0.0965413735,"ETCUSDT":0.0894947001,"ETCETH":0.0771776017,"ETCBTC":0.0765050641,"ETHUSDC":0.0698830531,"MTLBTC":0.0673341361,"OMGETH":0.0449084382,"WAVESETH":0.0192075207,"NULSUSDT":0.0044808042,"IOTAUSDT":0.0038537157,"REPBTC":0.0019679845,"OMGBTC":-0.0180277319,"WAVESBTC":-0.0454943324,"ARKBTC":-0.0566752135,"IOTAETH":-0.063543396,"DOCKETH":-0.1015858529,"WABIBTC":-0.1060338018,"BTGBTC":-0.1097501064,"ZECBTC":-0.1507549636,"TUSDBNB":-0.1615858135,"CLOAKBTC":-0.1808141897,"XRPPAX":-0.184226929,"POLYBTC":-0.1958984849,"QKCETH":-0.2098568057,"QTUMETH":-0.2147704299,"BCHABCUSDT":-0.2150687602,"BCHSVUSDT":-0.2288355685,"XZCBTC":-0.2463593471,"ZECETH":-0.2569736728,"BCHSVBTC":-0.2639396935,"BTCPAX":-0.280418183,"ZENBTC":-0.2851628142,"XEMBTC":-0.2893964043,"ETHPAX":-0.292441501,"MANABTC":-0.2950190048,"BCHABCBTC":-0.3097106035,"TUSDUSDT":-0.3271390145,"PAXUSDT":-0.3382007799,"BATETH":-0.3816326504,"XLMPAX":-0.4733729557,"NEBLBTC":-0.5079343042,"BATBTC":-0.51499196,"USDCUSDT":-0.5182716591,"EOSPAX":-0.5998398151},"startDate":"2019-01-05","endDate":"2019-01-14","numDays":7,"excludedPairs":["ETCBNB","BLZBTC","NPXSETH","RLCBNB","POABNB","TNBETH","STEEMETH","NXSETH","PAXBNB","USDCBTC","CLOAKETH","USDCTUSD","NCASHBTC","MANAETH","USDCBNB","STORMBTC","THETABNB","VIBEBTC","WPRETH","REQETH","CDTBTC","VIAETH","PAXBTC","TRIGBNB","TNTETH","LUNETH","WANBNB","YOYOBTC","MODETH","GXSETH","TRIGBTC","RPXBTC","VIBEETH","NASBNB","STEEMBNB","ZILBNB","DCRBNB","CVCETH","IOTABNB","NASETH","CDTETH","DATABTC","DNTETH","BCCETH","CVCBTC","DNTBTC","AGIETH","XEMBNB","CNDETH","BCCUSDT","AIONBNB","ELFETH","APPCETH","LRCBTC","MITHBTC","GTOBNB","BTSBTC","HSRBTC","XZCXRP","QTUMBNB","DENTETH","ICXBNB","ADXBNB","DOCKBTC","MFTBTC","LOOMBNB","PIVXBNB","SYSBNB","KEYBTC","ARDRBNB","DLTETH","ASTETH","SUBBTC","OSTBTC","VETBTC","GNTBTC","CVCBNB","PHXBTC","INSETH","DLTBNB","SALTETH","IOTXBTC","POAETH","NANOBNB","SCETH","KMDETH","LSKETH","TNBBTC","RCNBNB","RVNBTC","QSPETH","ENJBTC","BTSETH","RVNBNB","FUELBTC","RCNETH","RLCETH","BLZBNB","GVTETH","BCPTETH","SNGLSETH","BCNBTC","MDAETH","SCBNB","KNCETH","CMTETH","BCDETH","BATBNB","YOYOBNB","HOTETH","APPCBNB","XLMBNB","DENTBTC","ARDRBTC","BLZETH","BCPTBTC","BCPTBNB","ARKETH","GRSETH","VENBTC","VENETH","NAVETH","YOYOETH","RDNETH","SCBTC","CHATBTC","XVGBTC","BCCBTC","QSPBNB","OSTBNB","CMTBNB","THETABTC","AEBNB","IOSTBTC","STORJETH","PIVXETH","HOTBTC","BRDETH","REPBNB","ADXETH","GTOBTC","RDNBNB","NULSETH","STORMBNB","AGIBNB","PPTETH","CHATETH","ENJBNB","EDOETH","FUNBTC","NEBLETH","OSTETH","CNDBTC","CMTBTC","OAXBTC","SNMETH","LSKBNB","FUNETH","THETAETH","GNTBNB","SKYBNB","QSPBTC","SNGLSBTC","ZENBNB","WINGSETH","DGDETH","POWRETH","WABIETH","MFTBNB","BRDBTC","KEYETH","RPXETH","EDOBTC","USDCPAX","POWRBNB","BNTETH","REPETH","REQBTC","SUBETH","WANETH","PHXBNB","VENBNB","IOTXETH","QLCETH","NEBLBNB","GOBNB","MITHBNB","NAVBNB","NPXSBTC","NULSBNB","VENUSDT","XZCETH","BCNBNB","ASTBTC","LENDETH","POLYBNB","BTGETH","ICNETH","GRSBTC","DATAETH","MTLETH","NXSBNB","ICNBTC","SNMBTC","VETBNB","BCNETH","RLCBTC","MCOETH","NCASHBNB","BCCBNB","TRIGETH","ZILBTC","ENGETH","MCOBNB","ENJETH","POEBTC","POABTC","RENBTC","PAXETH","BTSBNB","NCASHETH","QKCBTC","VIBBTC","AIONETH","OAXETH","WTCBNB","LENDBTC","BQXETH","MTHBTC","ZENETH","WABIBNB","GOBTC","PAXTUSD","BRDBNB","VIABNB","LOOMETH","MTHETH","AMBETH","WPRBTC","LOOMBTC","SYSETH","NAVBTC","RCNBTC","LRCETH","CNDBNB","ONTBNB","GNTETH","GXSBTC","AMBBNB","RENBNB","QLCBTC","FUELETH","STORJBTC","XZCBNB","RPXBNB","QLCBNB","ARDRETH","TNTBTC","STORMETH","SNTBTC","SKYETH","POEETH","HSRETH"]}