{"data":{"WINGSBTC":0.9872410208,"WINGSETH":0.9667574587,"RDNBTC":0.9550229322,"EVXBTC":0.9541046343,"NAVBTC":0.9358829216,"GXSBTC":0.9338882602,"VIABTC":0.9324321752,"ADXBTC":0.9322532478,"PIVXBTC":0.9134657749,"HCBTC":0.9123397599,"DGDBTC":0.9063773498,"STORJBTC":0.8954111538,"MODBTC":0.8902347431,"LRCBTC":0.8846903225,"EDOBTC":0.8779746059,"LRCETH":0.8732832188,"THETABTC":0.8682298381,"DLTBTC":0.851151479,"LUNBTC":0.837262202,"WABIBTC":0.8315722275,"NULSUSDT":0.8244912518,"GVTBTC":0.824189281,"ZENBTC":0.8181244918,"EVXETH":0.8161867744,"NULSBTC":0.8102183908,"RLCBTC":0.776888014,"THETAETH":0.7513691178,"LUNETH":0.7445444222,"NANOBTC":0.7294282053,"SALTBTC":0.7280436334,"GRSBTC":0.7192414224,"CLOAKBTC":0.7168201068,"GVTETH":0.7164502685,"NEOTUSD":0.7130370599,"BRDBTC":0.7010113924,"FUNETH":0.6943008235,"HOTETH":0.6837736512,"NXSBTC":0.6827354893,"ELFBTC":0.6809415973,"DLTETH":0.6787539084,"NANOETH":0.6770855985,"XZCBTC":0.6414100556,"DOCKETH":0.5959478207,"KMDBTC":0.5749084401,"GTOETH":0.5712891896,"ARNBTC":0.5702629042,"ENGBTC":0.5550205831,"ZRXBTC":0.5328875871,"MDABTC":0.5226861882,"NEBLBTC":0.5123383319,"BQXBTC":0.4895923946,"PPTBTC":0.4857892515,"OAXBTC":0.483705664,"WAVESBTC":0.4798324539,"STRATBTC":0.4780871357,"NEOBTC":0.4699439757,"ZRXETH":0.4602090906,"WAVESUSDT":0.4579433287,"EOSBNB":0.4516136293,"WAVESTUSD":0.4496585077,"REPBTC":0.4494336199,"BCDBTC":0.4387278325,"ONTBTC":0.4199436028,"MTLBTC":0.4172149152,"INSBTC":0.4140030921,"CMTETH":0.4107993492,"BCPTETH":0.4063636509,"TRXXRP":0.403439648,"WAVESETH":0.3957078931,"OAXETH":0.3774741907,"BQXETH":0.3667540267,"ARKBTC":0.3552420339,"STEEMBTC":0.3454039263,"NEOETH":0.332715344,"TRXETH":0.3272141072,"GASBTC":0.3266087599,"LINKBTC":0.3220486715,"ONTUSDT":0.3137332341,"BNBUSDT":0.3118774259,"XLMTUSD":0.3066752308,"EOSUSDC":0.3015903211,"BNBPAX":0.2985169046,"ETCETH":0.2923614274,"ARNETH":0.2773504329,"VETUSDT":0.2753273461,"NEOUSDT":0.2706960526,"BCHABCUSDT":0.2700690166,"AMBBTC":0.2694489826,"LSKBTC":0.260779764,"USDCPAX":0.2384588012,"ONTETH":0.2373337305,"XLMUSDC":0.2207053062,"DCRBTC":0.2195644044,"XMRBTC":0.2018754014,"WTCBTC":0.1987149899,"LTCUSDT":0.1934761703,"AIONBTC":0.1928312296,"ZILETH":0.1886211572,"TUSDUSDT":0.1858897324,"LINKETH":0.1832890731,"ETHUSDC":0.1769076415,"POWRBTC":0.1758623018,"BCHABCBTC":0.1698108267,"PAXUSDT":0.1454126353,"BNBBTC":0.1412342283,"XLMPAX":0.1405944705,"LINKUSDT":0.1386138425,"MCOBTC":0.1337581127,"SKYBTC":0.1320688125,"ETCBTC":0.1305781604,"DASHBTC":0.1263098857,"XLMETH":0.1235059775,"REPETH":0.113102965,"KNCBTC":0.1018906038,"XMRETH":0.0895385987,"LTCETH":0.0884359242,"OMGBTC":0.0738599728,"VETETH":0.0645582819,"TUSDETH":0.0633834815,"ETCUSDT":0.057826037,"USDCTUSD":0.052399805,"LTCBTC":0.0515155228,"ETHUSDT":0.0347772591,"LINKUSDC":0.0266892297,"BCHSVUSDT":0.0118741242,"XLMUSDT":0.0090070037,"AEBTC":0.003998592,"TRXUSDT":0.0036001901,"PAXTUSD":-0.0122797967,"NASBTC":-0.0148708195,"ETHPAX":-0.0149131544,"BNBETH":-0.027873946,"BTGBTC":-0.0394081532,"TRXBNB":-0.0490054348,"QTUMBTC":-0.0490813794,"XLMBTC":-0.0542343559,"POLYBTC":-0.0548918647,"BCHSVBTC":-0.0566694427,"BTCPAX":-0.0593515408,"AEETH":-0.0675462424,"ZECBTC":-0.0764358338,"WANBTC":-0.0990263496,"XRPETH":-0.1083873489,"EOSBTC":-0.1168053439,"XRPBNB":-0.1209760381,"XRPUSDT":-0.1228671509,"EOSPAX":-0.1551321079,"ADAETH":-0.1677568807,"XRPUSDC":-0.1739460642,"TUSDBTC":-0.1870210084,"BNBUSDC":-0.2148913839,"BTCUSDC":-0.2178072699,"EOSUSDT":-0.2193222256,"ETHBTC":-0.2367032117,"XRPBTC":-0.245392806,"TUSDBNB":-0.2490851698,"XRPTUSD":-0.2535878645,"EOSETH":-0.2892208056,"ICXUSDT":-0.2904132574,"BTCUSDT":-0.2948392497,"XRPPAX":-0.3004539511,"IOTAETH":-0.3100353857,"USDCUSDT":-0.3110616538,"IOTABTC":-0.3197952907,"LINKTUSD":-0.3247129098,"LTCBNB":-0.3298859383,"QTUMUSDT":-0.337083051,"ADAUSDT":-0.3540286999,"BNTBTC":-0.3784325667,"ICXBTC":-0.4063443363,"TRXTUSD":-0.407667536,"ADATUSD":-0.4094211625,"IOTAUSDT":-0.4820726121},"startDate":"2019-01-19","endDate":"2019-01-26","numDays":7,"excludedPairs":["SNGLSBTC","WABIETH","HSRETH","AIONBNB","FUELBTC","LOOMETH","RVNBTC","LOOMBNB","YOYOBTC","WPRETH","PAXBNB","WABIBNB","POLYBNB","XZCBNB","AIONETH","MFTBNB","DOCKBTC","DASHETH","BRDBNB","TRIGBTC","APPCBNB","GOBTC","ADABTC","KNCETH","RPXETH","TRXBTC","DATAETH","DCRBNB","ASTBTC","SNMETH","MTLETH","BCPTBNB","ARDRETH","SCBTC","PPTETH","BCCBTC","POEBTC","QTUMBNB","QLCBTC","ZECETH","BCCBNB","NULSBNB","DLTBNB","NEBLBNB","SNTBTC","BCHABCPAX","VIBETH","BRDETH","TNBETH","PIVXETH","KEYETH","PHXETH","RVNBNB","XZCETH","WANBNB","SNMBTC","WAVESUSDC","RLCETH","BATBTC","STEEMBNB","MITHBNB","RCNBNB","TRXPAX","IOSTBTC","QTUMETH","NASETH","BLZBNB","LTCUSDC","AGIBNB","AMBETH","ADXETH","ETCBNB","BCHSVTUSD","SNGLSETH","POWRBNB","LSKBNB","BCDETH","LOOMBTC","ONTBNB","ZILBNB","DNTETH","BCCETH","WANETH","GNTBNB","ENJETH","CHATBTC","ARDRBNB","REQBTC","SALTETH","QKCETH","POWRETH","XEMBTC","TNTETH","VENBNB","BCNBTC","EOSTUSD","XEMETH","NCASHBTC","CNDETH","CVCETH","BTSBNB","PHXBNB","TRIGBNB","SYSETH","IOTXETH","GTOBTC","ADXBNB","NPXSBTC","NXSBNB","LINKPAX","BCHABCTUSD","XZCXRP","DATABTC","DENTBTC","VIBEETH","REQETH","MFTBTC","MITHBTC","REPBNB","HCETH","DNTBTC","CHATETH","THETABNB","RENBTC","QSPBTC","IOTXBTC","ENGETH","STORMBNB","ASTETH","PAXBTC","AGIETH","NEBLETH","OSTBNB","QLCBNB","NASBNB","MCOETH","HOTBTC","EDOETH","KEYBTC","SUBETH","USDCBNB","NCASHBNB","ADABNB","XVGETH","FUNBTC","LENDBTC","MTHBTC","QSPBNB","CMTBTC","VIAETH","ARDRBTC","LTCPAX","VENBTC","BNTETH","MODETH","BATBNB","OSTBTC","BCHABCUSDC","TRXUSDC","MCOBNB","ENJBTC","RCNBTC","RDNETH","WTCBNB","VENUSDT","HSRBTC","GNTBTC","ELFETH","XVGBTC","BATETH","BLZETH","XEMBNB","STORJETH","BTGETH","MANAETH","DGDETH","NEOBNB","LSKETH","YOYOETH","GXSETH","CMTBNB","OMGETH","MDAETH","IOTABNB","ZENETH","MTHETH","POABTC","MFTETH","POEETH","CNDBNB","AGIBTC","ZILBTC","RENBNB","LENDETH","LTCTUSD","BCPTBTC","GTOBNB","VIBBTC","TNBBTC","VIBEBTC","VIABNB","BCCUSDT","STORMETH","RDNBNB","ICXETH","STEEMETH","ARKETH","BLZBTC","VETBNB","SNTETH","CLOAKETH","NAVETH","GNTETH","CDTETH","QKCBTC","TRIGETH","CVCBTC","RPXBNB","WAVESPAX","RPXBTC","ENJBNB","NANOBNB","CDTBTC","BTSBTC","SYSBNB","DENTETH","GOBNB","POABNB","NXSETH","PAXETH","STORMBTC","SUBBTC","OSTETH","PIVXBNB","USDCBTC","NCASHETH","BCNBNB","ICNETH","POAETH","SKYBNB","STRATETH","WAVESBNB","BCNETH","CVCBNB","IOSTETH","BCHSVPAX","CNDBTC","WTCETH","XLMBNB","ICNBTC","NPXSETH","MANABTC","BTSETH","WPRBTC","VENETH","FUELETH","NAVBNB","APPCETH","RLCBNB","AEBNB","QLCETH","SYSBTC","YOYOBNB","GRSETH","NULSETH","KMDETH","SCETH","ZENBNB","SCBNB","SKYETH","AMBBNB","QSPETH","APPCBTC","PHXBTC","TNTBTC","BCHSVUSDC","RCNETH","ICXBNB","VETBTC","INSETH"]}