{"data":{"BNTBTC":0.9219374074,"PPTBTC":0.8938919208,"EVXBTC":0.888338628,"EDOBTC":0.8810141384,"OAXBTC":0.8779116535,"WINGSBTC":0.8356803829,"BNTETH":0.7999042717,"RLCBTC":0.771343963,"EVXETH":0.7644609951,"GXSBTC":0.7534297456,"ELFBTC":0.7458788081,"SUBBTC":0.7009318599,"XRPBTC":0.6875734063,"GRSBTC":0.6484873492,"APPCBTC":0.6440205163,"ARNBTC":0.6319770519,"BQXBTC":0.63092918,"BRDBTC":0.6272203607,"VIABTC":0.6261358932,"HCBTC":0.6216751047,"DGDBTC":0.6209892525,"XRPETH":0.6159568252,"CLOAKBTC":0.6087884786,"STORJBTC":0.5863149702,"LUNBTC":0.5851260458,"NULSBTC":0.5796843999,"XRPUSDT":0.5740717372,"MDABTC":0.5711472764,"NPXSETH":0.5677024996,"ADXBTC":0.5649270498,"THETABTC":0.5624659544,"PHXETH":0.5141115472,"WAVESBTC":0.4963330005,"XLMTUSD":0.4833251906,"NASBTC":0.4815280422,"OAXETH":0.4805485352,"PIVXBTC":0.4780812629,"XRPTUSD":0.4472902846,"XRPPAX":0.437397854,"HOTETH":0.4198048718,"ADATUSD":0.3948066055,"SALTBTC":0.3857918789,"INSBTC":0.3851296422,"ARNETH":0.3520131602,"ZENBTC":0.3516372271,"ARKBTC":0.348453528,"THETAETH":0.3370563833,"XLMBTC":0.3347583185,"XLMETH":0.3329685374,"WAVESETH":0.3258939734,"MANABTC":0.3230757762,"NULSUSDT":0.3154823139,"AGIBTC":0.3088035241,"LRCBTC":0.300490181,"MTLBTC":0.2961586628,"GASBTC":0.2934514098,"GVTBTC":0.2934089376,"WAVESUSDT":0.2923437571,"NXSBTC":0.2900898718,"TRXUSDC":0.2815441956,"MFTETH":0.2788417325,"XLMUSDT":0.2636210876,"BCHABCTUSD":0.2615858741,"XZCBTC":0.250090254,"DLTETH":0.2401984891,"XLMBNB":0.2391448471,"TUSDETH":0.2362542361,"XLMUSDC":0.2274028351,"WABIBTC":0.2199019152,"EOSUSDC":0.2196334716,"LTCETH":0.2135192423,"DLTBTC":0.2133333599,"BNBPAX":0.2102059841,"SKYBTC":0.207290204,"LTCBTC":0.1988631473,"XLMPAX":0.1978340301,"XRPUSDC":0.1851641422,"WAVESBNB":0.1845583524,"KMDBTC":0.1752537401,"TUSDUSDT":0.1720845407,"IOTAUSDT":0.1710807193,"XRPBNB":0.149346501,"TRXETH":0.1461078469,"ZILETH":0.14218831,"REPBTC":0.1389088442,"NANOBTC":0.133098002,"BCHABCBTC":0.1319128055,"XMRBTC":0.1296536323,"LTCUSDT":0.1257643961,"BCHABCUSDT":0.1122587308,"TRXTUSD":0.1110642024,"USDCUSDT":0.1109632707,"BNBUSDC":0.1089084795,"TRXXRP":0.1079528852,"BCDBTC":0.1011719709,"WANBTC":0.0943203308,"LOOMBTC":0.084930321,"ONTETH":0.0810669488,"BNBETH":0.0784190856,"ASTBTC":0.0783526934,"PAXUSDT":0.0767405051,"XMRETH":0.0748063935,"VIBEBTC":0.0681014169,"ZECBTC":0.0611353253,"RDNBTC":0.0581337321,"USDCPAX":0.0512383319,"NEOTUSD":0.0468221802,"AMBBTC":0.0457207706,"TUSDBTC":0.0420645093,"NANOETH":0.0417645299,"LINKTUSD":0.0323788084,"WAVESTUSD":0.0312891293,"MITHBTC":0.0271331856,"ADABNB":0.0222873797,"TRXUSDT":0.0144328235,"REPETH":0.0049050976,"MODBTC":0.0013930115,"ONTBTC":-0.0366042584,"BTCPAX":-0.0378642807,"LINKETH":-0.0382001438,"ADAETH":-0.0493659705,"ONTUSDT":-0.0626549168,"LTCBNB":-0.0644283772,"TUSDBNB":-0.0778083988,"LRCETH":-0.0814097234,"NEOETH":-0.082322257,"ETHPAX":-0.1030805076,"EOSETH":-0.1089216227,"BNBUSDT":-0.1092650653,"LINKUSDT":-0.1179329327,"LINKBTC":-0.1228547654,"BCHSVBTC":-0.1237833067,"BTGBTC":-0.1241142833,"BNBBTC":-0.1241545185,"DASHBTC":-0.124461183,"NEOBTC":-0.1289107729,"TRXBNB":-0.1311768216,"BTCUSDC":-0.1499465998,"ETHBTC":-0.1514106551,"LSKBTC":-0.1669706155,"WTCBTC":-0.1716254847,"USDCTUSD":-0.1764443245,"ADAUSDT":-0.1857421764,"ENGBTC":-0.187995091,"ZRXBTC":-0.1893862568,"BTCUSDT":-0.1983374262,"NEOUSDT":-0.2091450937,"BCHSVUSDT":-0.2169643434,"EOSBNB":-0.2181114422,"POWRBTC":-0.222678808,"ETCUSDT":-0.2254962021,"ETHUSDT":-0.229918874,"VETUSDT":-0.2316449497,"QTUMUSDT":-0.2316841269,"MCOBTC":-0.2345046372,"KNCBTC":-0.2416094204,"POLYBTC":-0.2503404879,"ETHUSDC":-0.267841196,"QTUMBTC":-0.2785486586,"IOTABTC":-0.2918583657,"ICXETH":-0.2931790854,"LINKUSDC":-0.3066175791,"ICXUSDT":-0.3261394397,"DCRBTC":-0.3300162857,"AEBTC":-0.3350767851,"STRATBTC":-0.3368925735,"EOSUSDT":-0.3378702336,"IOTAETH":-0.3397039397,"VETBNB":-0.3424280138,"EOSPAX":-0.349384639,"EOSBTC":-0.3590411301,"ICXBTC":-0.3827104372,"ETCBTC":-0.391763088,"XEMBTC":-0.4314040392,"NEOBNB":-0.450407467,"FUNETH":-0.4801222524,"XEMETH":-0.488892633,"BATBTC":-0.4892745114,"STEEMBTC":-0.506304348,"PAXTUSD":-0.5240954944,"NAVBTC":-0.5990422963,"AIONBTC":-0.6012592801,"OMGETH":-0.6856644408,"OMGBTC":-0.7190239645},"startDate":"2019-01-26","endDate":"2019-02-02","numDays":7,"excludedPairs":["ETCBNB","ICXBNB","QLCETH","ADXBNB","XVGETH","MITHBNB","POEBTC","ENJETH","RLCETH","SNTETH","STORMETH","NASBNB","AEETH","PIVXETH","ICNBTC","NCASHETH","WAVESPAX","NEBLBTC","CNDBTC","TNTETH","TNTBTC","CHATBTC","SYSETH","TRIGBTC","TNBBTC","NAVETH","GTOBNB","POWRETH","RDNBNB","VIABNB","BCNETH","GOBTC","GOBNB","CHATETH","QLCBNB","DASHETH","CVCBNB","RCNBNB","QTUMETH","POABNB","YOYOETH","PHXBTC","BCNBTC","RPXETH","PAXBTC","NANOBNB","HOTBTC","GNTBTC","AMBETH","BCCETH","AGIETH","NEBLETH","LOOMBNB","IOSTBTC","WANETH","RCNETH","DENTBTC","PIVXBNB","FUELETH","BLZBTC","BTTUSDT","BCPTETH","ELFETH","BLZETH","RDNETH","VENBNB","ONTBNB","ENJBTC","VIBEETH","IOTABNB","ETCETH","APPCETH","YOYOBNB","THETABNB","BTSBTC","POAETH","FUELBTC","RVNBNB","DOCKBTC","ENJBNB","XZCETH","WABIBNB","ASTETH","TRIGETH","CNDETH","STEEMBNB","BCHSVUSDC","NXSBNB","GNTETH","SNGLSETH","BCPTBNB","DCRBNB","BTGETH","POABTC","NULSBNB","GVTETH","AEBNB","LTCTUSD","POLYBNB","WPRBTC","CMTBTC","DOCKETH","BCCBNB","DATAETH","BTTBTC","ZILBNB","IOTXBTC","XVGBTC","XZCXRP","KEYBTC","MFTBTC","PAXBNB","APPCBNB","USDCBNB","PHXBNB","PAXETH","RVNBTC","CMTETH","AIONBNB","KNCETH","BATETH","QSPBNB","STORMBTC","AMBBNB","BCHSVTUSD","QTUMBNB","QKCETH","RENBTC","WAVESUSDC","NASETH","BCDETH","CLOAKETH","LSKETH","AGIBNB","BTSBNB","MCOBNB","YOYOBTC","NULSETH","LTCPAX","GXSETH","ARDRBNB","VIBBTC","VENETH","RPXBNB","IOTXETH","WTCETH","ADXETH","ADABTC","ZENETH","PPTETH","ZILBTC","DLTBNB","SNGLSBTC","CVCETH","SKYETH","ZENBNB","HCETH","LUNETH","TNBETH","EOSTUSD","AIONETH","LOOMETH","VENUSDT","OSTETH","VETBTC","HSRBTC","SCBNB","XZCBNB","REPBNB","BLZBNB","KMDETH","REQETH","NPXSBTC","REQBTC","DNTBTC","RENBNB","VENBTC","ARDRETH","ZRXETH","SCBTC","MANAETH","CVCBTC","LENDBTC","SALTETH","STORMBNB","WANBNB","SNMETH","MTLETH","INSETH","BATBNB","VETETH","BTTBNB","CDTBTC","DNTETH","WTCBNB","RPXBTC","CDTETH","SNTBTC","ICNETH","TRXBTC","OSTBNB","BQXETH","QSPETH","MODETH","MFTBNB","NCASHBTC","BRDBNB","RLCBNB","MCOETH","TRIGBNB","NCASHBNB","WINGSETH","ARDRBTC","NEBLBNB","HSRETH","USDCBTC","DGDETH","STORJETH","IOSTETH","BCHABCUSDC","CNDBNB","ARKETH","BRDETH","KEYETH","STRATETH","FUNBTC","GNTBNB","QKCBTC","BCCUSDT","VIBETH","SYSBTC","BCCBTC","SNMBTC","BCHABCPAX","RCNBTC","DENTETH","NAVBNB","WPRETH","QLCBTC","GRSETH","LENDETH","MDAETH","EDOETH","DATABTC","SKYBNB","ENGETH","SYSBNB","TRXPAX","WABIETH","MTHETH","BCNBNB","ZECETH","MTHBTC","BTSETH","VIAETH","QSPBTC","BCHSVPAX","STEEMETH","XEMBNB","POWRBNB","SUBETH","GTOBTC","BCPTBTC","GTOETH","CMTBNB","LTCUSDC","OSTBTC","LINKPAX","POEETH","NXSETH","SCETH","LSKBNB"]}