{"data":{"ENJETH":0.9885846688,"ENJBTC":0.986289169,"ENJBNB":0.983186497,"LUNBTC":0.9734245209,"BATBTC":0.9394454058,"MDABTC":0.9383429893,"ONTBNB":0.9311666267,"NASBTC":0.9308015495,"RDNBTC":0.9225236415,"BATETH":0.9222560854,"BCPTBTC":0.9189166957,"GXSBTC":0.9134105905,"ONTETH":0.8879134114,"LOOMETH":0.886717479,"BCHSVTUSD":0.8769479933,"NEOBTC":0.8765659726,"NEOUSDT":0.8744852456,"QTUMUSDT":0.8735801802,"RLCBTC":0.8715106396,"QTUMBTC":0.8700786158,"NEOBNB":0.8679241293,"ELFBTC":0.862459159,"MDAETH":0.8553310238,"ONTBTC":0.8437471754,"THETAETH":0.8427339392,"ONTUSDT":0.8410092373,"NEOETH":0.8391336306,"ICXBTC":0.8383210534,"THETABTC":0.831576177,"NEOTUSD":0.8306867778,"AEBTC":0.8211352759,"ICXUSDT":0.8182857065,"HCBTC":0.8137445197,"GASBTC":0.8104837025,"BCHSVUSDT":0.7763011465,"VETUSDT":0.7741617186,"BCHSVBTC":0.7655657251,"OMGBTC":0.7617180033,"EDOBTC":0.7584426779,"ICXETH":0.7543607767,"ELFETH":0.7524558675,"RCNETH":0.7440007971,"THETABNB":0.738938316,"AEETH":0.7370040229,"OMGETH":0.707556746,"BRDBTC":0.6690526755,"PIVXBTC":0.6586640778,"KMDBTC":0.6343257637,"VETETH":0.6336146597,"STORJBTC":0.6301512223,"DLTBTC":0.6210366084,"ONGUSDT":0.6158403276,"KNCBTC":0.5845339801,"WTCBTC":0.5784755135,"DLTETH":0.5735450711,"INSBTC":0.5653878729,"STRATBTC":0.5639449509,"STORJETH":0.5628297756,"ADXBTC":0.558705084,"ONGBTC":0.5583311791,"WABIBTC":0.5503450571,"APPCBTC":0.5498126943,"BTTUSDT":0.5334880488,"MTLBTC":0.5249529083,"XRPTUSD":0.4951504133,"POWRBTC":0.4676870734,"SYSBTC":0.4652611658,"ARKBTC":0.4551932058,"NANOBTC":0.4547423261,"BCDBTC":0.4465659322,"MCOBTC":0.4326762537,"LTCTUSD":0.4320161799,"GVTBTC":0.4316275453,"ZECETH":0.4184448998,"WANBTC":0.4015862504,"BTGBTC":0.3705438346,"ZECBTC":0.3702020827,"ZILETH":0.349671041,"DCRBTC":0.3468674248,"EVXBTC":0.3397647293,"NULSUSDT":0.3293945605,"VIABTC":0.3132644895,"ZILUSDT":0.2970221695,"VETBNB":0.293914652,"WAVESUSDT":0.2856550676,"TRXTUSD":0.2844117945,"ADAUSDT":0.2636928782,"NEBLBTC":0.2579181367,"ADATUSD":0.2471323237,"LTCUSDT":0.2425055191,"ETHUSDC":0.2318174773,"BNBPAX":0.2152467076,"ENGBTC":0.2023480683,"ETCUSDT":0.2015328572,"ETCBTC":0.1999582351,"WAVESBTC":0.1824222711,"IOTAUSDT":0.1804932932,"AIONBTC":0.1770075404,"STEEMBTC":0.1742580645,"XRPBTC":0.1569666396,"XLMUSDT":0.1522094144,"POLYBTC":0.1430417746,"XRPUSDC":0.1382328339,"XRPUSDT":0.1337344745,"SKYBTC":0.1316856428,"XRPBNB":0.128168439,"TRXUSDT":0.1188185562,"NULSBTC":0.1041292129,"EOSETH":0.103031381,"ETHPAX":0.0985743919,"HOTBNB":0.0969942123,"ETHUSDT":0.0899061668,"DASHBTC":0.0816305062,"XLMPAX":0.0810099781,"ADAETH":0.0712787345,"BTCUSDS":0.0666110177,"BTTTUSD":0.0544098686,"FUELETH":0.0504334509,"XLMBNB":0.0313508162,"USDSTUSD":0.0196188225,"ADABNB":0.0094743133,"OAXBTC":0.0087007123,"ARNBTC":0.0031624282,"LINKBTC":-0.0017727668,"LTCBTC":-0.004559153,"BCHABCTUSD":-0.0067384516,"ARNETH":-0.0205355704,"TUSDBNB":-0.023058797,"EOSPAX":-0.0336169646,"REPBTC":-0.0344399411,"IOTABTC":-0.0368989959,"EOSTUSD":-0.0388134073,"XRPETH":-0.0401307916,"EOSBTC":-0.0455279201,"LSKBTC":-0.0490695058,"LTCETH":-0.0763694976,"BTCUSDT":-0.0795771119,"BQXBTC":-0.0906203242,"WAVESETH":-0.0918757643,"ETHBTC":-0.1043725487,"BNBUSDC":-0.1099217147,"BCHABCUSDT":-0.1125778089,"XRPPAX":-0.1379595057,"PPTBTC":-0.1397561085,"EOSBNB":-0.1534146534,"EOSUSDT":-0.159958771,"XLMETH":-0.1723043896,"BNBUSDT":-0.1846022026,"ZENBTC":-0.2025772542,"XLMTUSD":-0.2034944344,"HOTUSDT":-0.2040491741,"USDCTUSD":-0.2106871,"GRSBTC":-0.2139710051,"USDSUSDT":-0.234650823,"XMRBTC":-0.242610693,"BTCPAX":-0.2428631538,"EOSUSDC":-0.27134837,"TRXETH":-0.2806427382,"LINKUSDT":-0.2823240604,"TRXBNB":-0.2953810531,"LTCBNB":-0.3137434242,"BCHABCBTC":-0.3217802228,"TRXXRP":-0.3418989509,"USDSPAX":-0.3619189858,"IOSTETH":-0.3627095702,"TUSDBTC":-0.3791315056,"HOTETH":-0.3886770241,"BTTPAX":-0.3901265439,"BNBBTC":-0.393033345,"TUSDETH":-0.4067345113,"LTCUSDC":-0.415211534,"LINKETH":-0.4631311913,"BTCUSDC":-0.4833301752,"BTTBNB":-0.4934091827,"BNBETH":-0.5101580872,"USDCUSDT":-0.5219440194,"XLMUSDC":-0.5729477597,"ZRXBTC":-0.5991254296,"USDCPAX":-0.6040038657,"TUSDUSDT":-0.6347087979,"PAXUSDT":-0.6745641465,"NXSBTC":-0.8196783443,"PAXTUSD":-0.8252745165},"startDate":"2019-02-20","endDate":"2019-02-27","numDays":7,"excludedPairs":["WABIETH","IOTXBTC","QSPETH","BCPTETH","DENTETH","GXSETH","TRIGBTC","CVCETH","YOYOBNB","POABNB","MTHBTC","BTSETH","PHXBNB","ASTBTC","CHATBTC","RLCETH","STORMBTC","SNMBTC","WANBNB","KEYETH","ICNBTC","RDNBNB","IOTAETH","CMTBTC","VIBEBTC","PIVXETH","ZILBTC","BCDETH","VIABNB","DATAETH","POEETH","HOTBTC","IOTXETH","ICNETH","BTGETH","QKCETH","REQETH","WAVESTUSD","BCHABCUSDC","MFTBTC","AMBBNB","LOOMBNB","XEMETH","BRDBNB","BCCETH","XLMBTC","CLOAKBTC","XZCXRP","XZCETH","OSTBTC","BCCBNB","APPCBNB","WTCETH","RVNBNB","QTUMETH","ADXETH","WINGSETH","EVXETH","KNCETH","CMTETH","SNTETH","PAXBNB","APPCETH","NEBLETH","ARKETH","WPRBTC","LSKETH","BATBNB","PPTETH","AIONETH","VIBETH","NAVBTC","ZENBNB","BTTUSDC","FUNETH","XVGBTC","ENGETH","OAXETH","NULSETH","NASETH","DOCKBTC","QSPBNB","AGIETH","BTSBTC","WANETH","CVCBNB","ETCBNB","BCNETH","BQXETH","VENBNB","MFTBNB","LENDETH","DCRBNB","USDCBTC","XEMBTC","CHATETH","BRDETH","GOBNB","CLOAKETH","YOYOBTC","PHXETH","DNTETH","VETBTC","LSKBNB","MANABTC","RPXBTC","AIONBNB","XEMBNB","CDTBTC","MODBTC","POEBTC","REPETH","CVCBTC","LENDBTC","RCNBTC","NULSBNB","RVNBTC","VENUSDT","QSPBTC","BCHSVPAX","WAVESUSDC","CMTBNB","LUNETH","WTCBNB","SYSBNB","BCHABCPAX","TNTETH","LRCETH","TNBBTC","SCBNB","VIAETH","QLCBNB","BLZBTC","BCCUSDT","NXSBNB","YOYOETH","INSETH","ZRXETH","MITHBNB","RENBNB","RLCBNB","GOBTC","DGDETH","KEYBTC","SNGLSBTC","XVGETH","TNTBTC","DGDBTC","GNTBTC","LRCBTC","MCOBNB","TRIGBNB","DENTBTC","TNBETH","POLYBNB","PIVXBNB","SCBTC","BCCBTC","PHXBTC","USDSUSDC","BCNBNB","BTTBTC","DLTBNB","MODETH","ARDRETH","MANAETH","NPXSBTC","ETCETH","LINKUSDC","BCHSVUSDC","AEBNB","STORMETH","QLCBTC","NCASHBNB","WAVESBNB","AGIBNB","FUELBTC","WAVESPAX","DATABTC","DOCKETH","AMBETH","ICXBNB","GNTETH","ARDRBNB","BLZETH","QLCETH","SNMETH","HCETH","PAXBTC","NANOETH","VIBBTC","SUBETH","SYSETH","SALTETH","VENBTC","LOOMBTC","PAXETH","NCASHETH","NASBNB","SKYBNB","MFTETH","SKYETH","RCNBNB","NEBLBNB","RPXETH","BNTETH","WINGSBTC","DASHETH","REQBTC","SNGLSETH","POAETH","CDTETH","AGIBTC","GTOBTC","XMRETH","MTHETH","POABTC","WPRETH","SCETH","TRXUSDC","NPXSETH","RENBTC","BCPTBNB","MITHBTC","ASTETH","QKCBTC","MTLETH","GRSETH","SNTBTC","XZCBNB","CNDBNB","XZCBTC","STEEMBNB","POWRBNB","TRIGETH","EDOETH","USDCBNB","STRATETH","KMDETH","STEEMETH","RPXBNB","ZILBNB","MCOETH","CNDETH","ADXBNB","ADABTC","IOTABNB","ZENETH","VIBEETH","IOSTBTC","GVTETH","FUNBTC","NAVETH","WABIBNB","SUBBTC","NXSETH","SALTBTC","BTSBNB","HSRETH","NAVBNB","LINKTUSD","CNDBTC","GNTBNB","BCNBTC","ARDRBTC","OSTETH","NCASHBTC","AMBBTC","OSTBNB","LINKPAX","LTCPAX","VENETH","HSRBTC","RDNETH","TRXPAX","BLZBNB","QTUMBNB","ONGBNB","BNBUSDS","DNTBTC","STORMBNB","POWRETH","GTOBNB","TRXBTC","BNTBTC","GTOETH","NANOBNB","REPBNB"]}