{"data":{"USDCPAX":0.8990649807,"USDSPAX":0.8956764778,"USDSUSDT":0.8926721005,"DGDBTC":0.8891556941,"PAXUSDT":0.8807925557,"DGDETH":0.8508280858,"USDCUSDT":0.7646884579,"EVXBTC":0.7568189056,"TUSDUSDT":0.7218113738,"VIABTC":0.6231136372,"WAVESBTC":0.5569351138,"ARKBTC":0.5367173878,"RDNBTC":0.5013072905,"NEOUSDT":0.4968301211,"BRDBTC":0.4867090023,"NULSUSDT":0.4848251988,"CELRUSDT":0.478204482,"RLCBTC":0.4633107333,"BCDBTC":0.4559842779,"OAXBTC":0.4417900846,"IOTABNB":0.360912094,"WABIBTC":0.351924386,"NULSBTC":0.3399359025,"KNCBTC":0.3358120983,"NEOBTC":0.3284809972,"WAVESUSDT":0.3152321593,"ONGUSDT":0.3142484605,"BATUSDT":0.3062285704,"ONTBNB":0.2957543952,"ENGBTC":0.2891768585,"ADXBTC":0.2756752119,"MITHUSDT":0.2715849967,"MFTETH":0.2709680887,"LUNBTC":0.2633237127,"STEEMBTC":0.2610259029,"RVNBNB":0.2603915283,"LOOMBTC":0.2404049946,"BATBNB":0.2387326131,"NEOTUSD":0.2159082298,"GXSBTC":0.2100037037,"BATBTC":0.2034564685,"XRPPAX":0.1843684909,"DCRBTC":0.1818495093,"ONGBTC":0.1807960123,"DLTBTC":0.1256420569,"FUELETH":0.1246457082,"CELRBNB":0.124583283,"MITHBTC":0.1236697935,"ONTBTC":0.1121073333,"BATETH":0.1038103318,"TRXXRP":0.102753288,"KMDBTC":0.1019244194,"TRXBNB":0.08764338,"XRPUSDT":0.0776422661,"NEOETH":0.0770013903,"INSBTC":0.076533007,"ZENBTC":0.0740479468,"XZCBTC":0.0717393534,"FETUSDT":0.0698711201,"LTCPAX":0.0688064926,"AEBTC":0.0575297377,"IOTABTC":0.0510385585,"MCOBTC":0.0495487742,"GVTBTC":0.0490602022,"NASBTC":0.0489225285,"BTGBTC":0.0447190266,"ONTETH":0.0385130386,"GRSBTC":0.0327019853,"MITHBNB":0.0297684353,"BNBBTC":0.0213284618,"WANBTC":0.0202776901,"MDABTC":0.0196147556,"REPBTC":0.0171495858,"XRPTUSD":0.0132093293,"IOTAETH":0.0064168887,"HCBTC":0.0024276258,"BCPTBTC":0.0011086715,"LTCBNB":-0.0026888224,"BTTUSDT":-0.0055214763,"MTLBTC":-0.009984561,"NANOBNB":-0.0109838874,"LINKBTC":-0.0178833709,"ONTUSDT":-0.0188614171,"ADABNB":-0.019302758,"DASHUSDT":-0.0195564898,"XRPBTC":-0.0249128738,"IOTAUSDT":-0.0364785695,"VETETH":-0.0395729284,"HOTUSDT":-0.040593016,"TRXETH":-0.0451494632,"ARNBTC":-0.0487198053,"ADAETH":-0.0636323155,"XMRBTC":-0.0646001076,"DASHETH":-0.0695727919,"NEOBNB":-0.0714079558,"DASHBTC":-0.0717096752,"XRPBNB":-0.0837125036,"NASETH":-0.083830298,"BNBUSDT":-0.0920139969,"ENJBNB":-0.0927807994,"ZECETH":-0.0931790483,"QTUMUSDT":-0.0985950145,"ICXETH":-0.1002845571,"VETBNB":-0.1056170205,"RVNBTC":-0.1183823424,"ZECBTC":-0.1307991213,"THETABTC":-0.1308406685,"ZRXBTC":-0.1378740458,"LTCUSDT":-0.138546991,"IOSTETH":-0.1418850913,"XMRETH":-0.1442790504,"BQXBTC":-0.1465703608,"ELFBTC":-0.1531335518,"LTCTUSD":-0.1586523486,"PAXTUSD":-0.1607539355,"SKYBTC":-0.1781237796,"ENJBTC":-0.1806128215,"ICXBTC":-0.1910521991,"XLMBNB":-0.1933520104,"ZRXUSDT":-0.196566344,"PIVXBTC":-0.2000957737,"PPTBTC":-0.2068205992,"EOSBNB":-0.2147865678,"TRXUSDT":-0.2224729387,"QKCETH":-0.2281779876,"WTCBTC":-0.2283752033,"XMRUSDT":-0.2290889445,"ENJETH":-0.2350942321,"XRPETH":-0.2362576163,"IOSTUSDT":-0.2365954435,"ASTBTC":-0.2400191181,"USDCTUSD":-0.2433319711,"LINKUSDT":-0.2451328106,"FETBTC":-0.2455612135,"ELFETH":-0.2475910391,"ETCETH":-0.2513932281,"BCHABCPAX":-0.2517069892,"ETCBTC":-0.2552821949,"LSKBTC":-0.2567556594,"BCHABCBTC":-0.2571885824,"BTTBNB":-0.2585677753,"VETUSDT":-0.2647572623,"ENJUSDT":-0.2710124507,"BCHABCUSDC":-0.2759888993,"ZECUSDT":-0.2922269546,"BCHABCUSDT":-0.2928806294,"AIONBTC":-0.2944216562,"XRPUSDC":-0.2947037367,"EOSUSDT":-0.2993033956,"FETBNB":-0.3005481628,"QTUMBTC":-0.3018086509,"EDOBTC":-0.3028787119,"ETCUSDT":-0.3231154187,"ADAUSDT":-0.3286110237,"TRXTUSD":-0.3297216252,"LTCBTC":-0.3395436758,"EOSBTC":-0.3476001198,"ZILETH":-0.3529358896,"ZILUSDT":-0.3549171633,"BNBETH":-0.3549643347,"XLMETH":-0.3682100771,"NANOBTC":-0.3702973516,"NANOUSDT":-0.3728283954,"POLYBTC":-0.3785446031,"STORJBTC":-0.3817975503,"LTCUSDC":-0.4017514794,"OMGBTC":-0.407080113,"THETAUSDT":-0.4247531661,"BCHABCTUSD":-0.4289387454,"XLMUSDT":-0.4316124109,"LTCETH":-0.4349269309,"BNBPAX":-0.4450680552,"OMGUSDT":-0.447762192,"EOSUSDC":-0.4499937963,"STRATBTC":-0.4548916435,"ICXUSDT":-0.4698195435,"NANOETH":-0.4754232347,"EOSETH":-0.4803111659,"EOSTUSD":-0.5218114467,"ADATUSD":-0.5262120786,"EOSPAX":-0.5432255658,"ETHBTC":-0.5544953545,"ADAUSDC":-0.5599990503,"BTCUSDS":-0.5600902959,"BNBTUSD":-0.5781883821,"BTCUSDT":-0.6080696015,"BNBUSDC":-0.6163351649,"ETHTUSD":-0.6174024024,"OMGETH":-0.638167074,"ETHPAX":-0.6638926169,"ETHUSDT":-0.675386589,"GASBTC":-0.7659813031,"ETHUSDC":-0.7849805486,"BTCTUSD":-0.8144884384,"BTCPAX":-0.8753590625,"BTCUSDC":-0.9008018875},"startDate":"2019-04-25","endDate":"2019-05-02","numDays":7,"excludedPairs":["RPXBTC","HSRBTC","APPCBNB","VENETH","QTUMBNB","BCNBNB","TNTBTC","AEETH","GOBNB","RDNBNB","GOBTC","LINKUSDC","WPRBTC","RENBNB","HSRETH","OSTBNB","NXSBTC","USDCBTC","STEEMETH","DLTETH","ENGETH","XLMBTC","QLCBTC","DLTBNB","XZCBNB","STORMBNB","GVTETH","DCRBNB","QTUMETH","AIONBNB","TRIGBTC","DENTBTC","APPCETH","MCOBNB","POWRETH","CLOAKBTC","TRIGETH","BTTTUSD","BCHSVTUSD","PAXBTC","BTSETH","MANABTC","BTGETH","AGIBNB","BCDETH","ADAPAX","XMRBNB","POABNB","WABIBNB","LINKETH","LSKBNB","IOSTBNB","STEEMBNB","SNGLSBTC","BTTPAX","QLCBNB","NPXSETH","CHATETH","OAXETH","CNDETH","THETABNB","SNTBTC","POWRBNB","VIAETH","STORMETH","MANAETH","RDNETH","GTOBTC","CNDBNB","NULSETH","RPXETH","BCPTETH","NXSBNB","SNMBTC","DNTBTC","NULSBNB","WINGSETH","BCHSVPAX","ZILBNB","MTHBTC","XZCETH","ZENETH","LSKETH","POABTC","TNTETH","RPXBNB","VIBEETH","RLCETH","LUNETH","GRSETH","WAVESTUSD","BNTBTC","GNTETH","BCHSVUSDC","MODETH","CMTBTC","WAVESETH","BLZBTC","SUBBTC","DOCKETH","PHXETH","KNCETH","LINKTUSD","ATOMBNB","KEYETH","NCASHBNB","VIBETH","GNTBNB","SKYBNB","BCCBNB","BCNETH","ETCBNB","WAVESBNB","SCETH","BCCBTC","BRDETH","HOTETH","ZRXETH","ADABTC","ASTETH","CVCBNB","SNGLSETH","ICXBNB","CNDBTC","STRATETH","QSPBTC","GNTBTC","QSPBNB","ICNETH","NEBLETH","FUELBTC","CHATBTC","DASHBNB","PAXETH","ADXBNB","XVGETH","BLZBNB","DNTETH","DATABTC","MODBTC","WAVESPAX","CMTETH","WTCBNB","XEMBNB","ADXETH","THETAETH","LINKPAX","ZILBTC","FUNETH","TRXUSDC","ZENBNB","BQXETH","TRXBTC","POAETH","ATOMUSDT","KEYBTC","NPXSBTC","QLCETH","SNMETH","GTOBNB","MCOETH","WANETH","SYSETH","PIVXETH","MATICUSDT","LRCBTC","WAVESUSDC","SUBETH","MTHETH","WINGSBTC","XZCXRP","DOCKBTC","AMBETH","BCCUSDT","VENBNB","USDSUSDC","BTSBTC","ATOMBTC","YOYOBNB","CMTBNB","LOOMBNB","VETBTC","BTSBNB","BRDBNB","GXSETH","RENBTC","NCASHBTC","CLOAKETH","POWRBTC","SKYETH","MFTBNB","WPRETH","PAXBNB","BCHSVUSDT","NEBLBTC","CELRBTC","TUSDBTC","IOTXETH","BNBUSDS","XEMETH","REPETH","NCASHETH","SCBTC","HOTBNB","AEBNB","EDOETH","DATAETH","SYSBTC","TNBETH","NEOPAX","CDTETH","XVGBTC","BTTUSDC","ZECUSDC","RCNETH","XEMBTC","XLMTUSD","NASBNB","RLCBNB","GTOETH","MATICBNB","RCNBTC","AIONETH","BCHSVBTC","CDTBTC","STORJETH","FUNBTC","WABIETH","SCBNB","NEOUSDC","OMGBNB","PHXBNB","REQETH","TUSDETH","WTCETH","NAVBNB","LENDETH","ARNETH","CVCETH","ARKETH","MFTBTC","QSPETH","YOYOETH","REPBNB","TRIGBNB","EVXETH","USDSTUSD","TRXPAX","BCCETH","POLYBNB","PPTETH","HOTBTC","YOYOBTC","OSTBTC","OSTETH","SALTBTC","ARDRETH","POEBTC","IOSTBTC","BCPTBNB","XLMPAX","SALTETH","ARDRBNB","AGIETH","VENUSDT","TNBBTC","LOOMETH","APPCBTC","LENDBTC","INSETH","SNTETH","AMBBTC","QKCBTC","ZECPAX","NEBLBNB","AMBBNB","VENBTC","ONGBNB","ARDRBTC","SYSBNB","CVCBTC","POEETH","VIBEBTC","TUSDBNB","AGIBTC","ZECTUSD","MDAETH","PIVXBNB","DENTETH","NXSETH","BTTBTC","ICNBTC","KMDETH","BLZETH","MATICBTC","ZECBNB","LRCETH","HCETH","BNTETH","VIBBTC","VIABNB","REQBTC","MTLETH","NAVETH","XLMUSDC","RCNBNB","IOTXBTC","USDCBNB","BCNBTC","PHXBTC","WANBNB","STORMBTC","NAVBTC","ZRXBNB"]}