{"data":{"AEBTC":0.9664251015,"GVTBTC":0.9569536125,"INSBTC":0.9297334382,"NASBTC":0.9263122877,"TRXUSDT":0.9212531705,"DCRBTC":0.9144044161,"PHBBNB":0.9133289909,"DGDBTC":0.8963199205,"OMGUSDT":0.8816116958,"ADAUSDT":0.8450823065,"BCPTBTC":0.8435875532,"ETHTUSD":0.8433409119,"ADATUSD":0.8432274373,"IOSTUSDT":0.8386009481,"ETCUSDT":0.8347884331,"NEOUSDT":0.8326773517,"LUNBTC":0.8097185154,"ZILBNB":0.7995945217,"GXSBTC":0.7991284362,"NAVBTC":0.7967478873,"CELRUSDT":0.7907285743,"ETHUSDT":0.7899894701,"ZILUSDT":0.7868886759,"ETCBTC":0.7750282259,"GXSETH":0.7702004757,"NEOBNB":0.7688231294,"QTUMUSDT":0.7622597729,"FETUSDT":0.7613423135,"ONEBNB":0.7471026486,"TRXBNB":0.7447448093,"NULSBTC":0.7408828387,"NEOBTC":0.7368618233,"BTCUSDT":0.7347842293,"ARDRBTC":0.732157607,"BCHABCBTC":0.7264392287,"BCHABCUSDT":0.7249569748,"EOSUSDT":0.7238377079,"TRXETH":0.7207958068,"CMTBTC":0.7186022773,"BTGBTC":0.7149682542,"NEOETH":0.7148507322,"NEOTUSD":0.7104624282,"SYSBTC":0.7091787123,"XZCBTC":0.707009903,"RVNBTC":0.7030529804,"ARNBTC":0.699333019,"ONTUSDT":0.6970516176,"ATOMUSDT":0.6899228225,"XRPTUSD":0.6778354353,"BTCUSDC":0.6759411716,"LTCETH":0.6730239879,"XMRETH":0.6729869264,"BCHABCUSDC":0.6725841927,"ONEUSDT":0.6725108259,"LRCBTC":0.6716802195,"BTCTUSD":0.6708982454,"BCDBTC":0.6701840814,"BCHABCTUSD":0.6555545566,"XLMUSDT":0.6527315883,"EOSBTC":0.6482590737,"FETBNB":0.6468525647,"ETHUSDC":0.6449714381,"OMGBTC":0.6448709572,"FTMUSDT":0.6430820499,"TNTETH":0.6429995331,"ADABTC":0.6389511158,"TRXXRP":0.6364249114,"ADAUSDC":0.6362275237,"ETHPAX":0.6351809395,"POWRBTC":0.6288883175,"QTUMBTC":0.6183536308,"DASHBTC":0.6124333256,"CELRBNB":0.6069005023,"APPCBTC":0.5861204882,"BNBETH":0.5821715965,"NEBLBTC":0.5740131126,"GASBTC":0.5701554175,"LINKBTC":0.567900727,"ETHBTC":0.5650787324,"BTCPAX":0.559996311,"ZILETH":0.5561537315,"OMGETH":0.5450371891,"LINKUSDT":0.5415580719,"OAXBTC":0.5324490656,"HOTUSDT":0.5298477215,"BNBUSDC":0.5274769852,"EOSETH":0.5237643682,"ONTBTC":0.5232667643,"QKCETH":0.5217658882,"WAVESETH":0.4956055653,"IOTAETH":0.494921798,"XRPUSDC":0.4936624181,"POLYBTC":0.4828002465,"EOSBNB":0.4812432654,"MATICBNB":0.4794474654,"ASTBTC":0.4716540713,"XEMBTC":0.4705822859,"WAVESBTC":0.4557893106,"ENGBTC":0.4535611426,"LTCUSDT":0.4420047852,"BTCUSDS":0.44114889,"BTTUSDT":0.4392559232,"BRDBTC":0.4358520093,"IOTAUSDT":0.434508016,"ONTETH":0.4284998559,"XMRBNB":0.426394316,"XRPUSDT":0.4263785534,"USDCTUSD":0.4257448623,"XRPETH":0.4110665488,"DASHUSDT":0.4018117558,"LINKUSDC":0.4009655274,"ADABNB":0.3878306874,"ATOMBTC":0.3765790956,"TFUELUSDT":0.3756141863,"XMRUSDT":0.3740312186,"MDABTC":0.3725577863,"XLMBTC":0.3716831876,"ASTETH":0.3606913436,"ZENBTC":0.3437142549,"LTCBTC":0.3395893635,"ZRXUSDT":0.3274544256,"ADAETH":0.3223287798,"FTMBNB":0.3208340883,"MATICUSDT":0.3190889814,"REPBTC":0.3173899174,"SKYBTC":0.3106223459,"EOSTUSD":0.3081169965,"XRPBTC":0.3064571283,"IOTABTC":0.3054912353,"LOOMBTC":0.3043618004,"EVXBTC":0.3007216888,"RDNBTC":0.2833757446,"BATUSDT":0.278269094,"MITHBNB":0.2762749131,"PAXTUSD":0.274441083,"FETBTC":0.2674802792,"CVCBTC":0.2408258497,"XLMBNB":0.2352068005,"EDOBTC":0.226193014,"PPTBTC":0.2228238754,"ZRXBTC":0.2013372065,"XRPBNB":0.1726294441,"LSKBTC":0.1572328432,"LINKETH":0.1564382409,"FUELETH":0.1561503289,"KNCBTC":0.1558152714,"HOTBNB":0.1543426514,"THETABTC":0.1540230825,"BNBTUSD":0.1169478162,"DLTBTC":0.1158818795,"NULSUSDT":0.1020269309,"STRATBTC":0.0863457454,"RVNBNB":0.0850721236,"THETAUSDT":0.0796103666,"ATOMBNB":0.0758330064,"XMRBTC":0.0709089418,"NXSBTC":0.0493022567,"BTTBNB":0.0321374907,"WAVESUSDT":0.0303104472,"XLMETH":0.0060330738,"BNTBTC":0.0057964374,"MTLBTC":-0.0023068905,"VIABTC":-0.0032615145,"GNTBTC":-0.0178617897,"ONGUSDT":-0.0192819904,"USDCUSDT":-0.0219727783,"TUSDUSDT":-0.0422692604,"BNBUSDT":-0.0433354601,"ENJUSDT":-0.0580603752,"IOTABNB":-0.0587019261,"GRSBTC":-0.0634604886,"RLCBTC":-0.0643281824,"NANOUSDT":-0.0871961822,"XRPPAX":-0.0974808327,"MITHUSDT":-0.0982709922,"BNBPAX":-0.0994233157,"AIONBTC":-0.1132018989,"BNBBTC":-0.1164604207,"BATBTC":-0.129579362,"EOSPAX":-0.132512081,"PIVXBTC":-0.1333022923,"LTCUSDC":-0.1360482492,"STORJBTC":-0.1368209488,"LTCBNB":-0.139474102,"ONGBTC":-0.1543158186,"WANBTC":-0.1625308376,"LTCTUSD":-0.1758198805,"USDSUSDT":-0.2087576845,"PAXUSDT":-0.2195367427,"ELFBTC":-0.2301508665,"ZECUSDT":-0.2353741413,"BATETH":-0.2494740489,"MITHBTC":-0.2799764228,"USDCPAX":-0.3090689021,"LTCPAX":-0.3121391133,"VETUSDT":-0.3192006761,"ARKBTC":-0.3714888788,"ZECBTC":-0.3753325659,"NANOBTC":-0.3870954132,"WABIBTC":-0.4050887503,"MFTETH":-0.4060384836,"MANABTC":-0.4085593058,"HCBTC":-0.4217176001,"ZECETH":-0.4359917228,"ENJBTC":-0.4642591452,"ZECBNB":-0.4698811139,"STEEMBTC":-0.4881601737,"BCHABCPAX":-0.4904960462,"ICXUSDT":-0.5035954129,"VETBNB":-0.5972853464,"KMDBTC":-0.6467880744,"BQXBTC":-0.6650180584,"ICXBTC":-0.6877226879,"VETETH":-0.7095927268,"MCOBTC":-0.7423827708,"ICXETH":-0.7902080724,"WTCBTC":-0.8684134441},"startDate":"2019-06-17","endDate":"2019-06-25","numDays":7,