{"data":{"EVXETH":0.9892859568,"EVXBTC":0.9867198004,"POLYBTC":0.9557351986,"POLYBNB":0.9512415817,"BRDBTC":0.9412895434,"POWRBTC":0.9311384561,"ZRXBTC":0.921935106,"BATBTC":0.9165923588,"ADABNB":0.9077305114,"TRXBNB":0.8900129403,"VIABTC":0.8881349656,"TRXUSDT":0.8857977395,"ZRXUSDT":0.8829745824,"ADAUSDT":0.8630079766,"TRXETH":0.8466241487,"TRXTUSD":0.8442683293,"XLMBNB":0.8424705832,"ZILETH":0.8419553474,"ADABTC":0.8411562938,"NULSUSDT":0.8357152163,"RVNBNB":0.8295609739,"RVNBTC":0.8273339153,"TRXXRP":0.8265808312,"LUNBTC":0.8260476512,"HCBTC":0.8254424026,"BATUSDT":0.824402957,"BNTBTC":0.8217354467,"XLMUSDT":0.8196444165,"ZECETH":0.8122635738,"ZILUSDT":0.807313397,"ICXBNB":0.8050524694,"GRSETH":0.7998090245,"LTCUSDT":0.7842130154,"XLMBTC":0.7766943231,"ZECBTC":0.7740302019,"ENGBTC":0.7494667062,"XLMETH":0.7489866762,"XLMPAX":0.7456979817,"MCOBTC":0.7390273174,"REPBTC":0.7310027929,"BCPTBTC":0.7288598656,"GRSBTC":0.7283225826,"OMGBTC":0.7186128857,"ENJBNB":0.7161681283,"MFTETH":0.7152070359,"BNBBTC":0.7012038058,"DGDBTC":0.7006008194,"ENJBTC":0.7001254204,"NASBTC":0.6904008083,"OMGETH":0.6854950084,"NULSBTC":0.6722386702,"ENJETH":0.6720142412,"GXSBTC":0.6627372607,"XZCBTC":0.6602877314,"WABIBTC":0.6538745529,"BTTUSDT":0.6510987713,"LTCETH":0.648612012,"STEEMBTC":0.642191086,"USDSTUSD":0.6219865582,"GASBTC":0.6204090544,"GXSETH":0.6109742837,"NAVBTC":0.6084229104,"BNBETH":0.6041151236,"BNBUSDT":0.6019261005,"ONTUSDT":0.6010536837,"BNBPAX":0.5930137284,"ONTBTC":0.5815862518,"FETBNB":0.5788372632,"BNBTUSD":0.5759514582,"ELFBTC":0.5731004554,"ICXETH":0.5688699862,"INSBTC":0.5594527385,"ADATUSD":0.5579401978,"XLMTUSD":0.5556586067,"ADAETH":0.5501889772,"NEBLBTC":0.5497670216,"LOOMBTC":0.5382435402,"XMRUSDT":0.5350861454,"QTUMBTC":0.5346174485,"LOOMETH":0.5272194806,"IOTABTC":0.5212914495,"IOTAUSDT":0.5079952981,"BNBUSDC":0.5053995808,"IOSTETH":0.4839557008,"SKYBTC":0.4777092297,"BATETH":0.4741458576,"ONTBNB":0.467912238,"VETBNB":0.4633325776,"ETHUSDC":0.4577473956,"LTCBNB":0.4535438873,"IOTAETH":0.4477777076,"ONTETH":0.4462954983,"XRPTUSD":0.4395023232,"LSKBTC":0.4364308503,"ICXBTC":0.4355523058,"VETUSDT":0.4301056591,"OAXBTC":0.429782338,"ARKBTC":0.4274343124,"ZENBTC":0.4203247429,"PIVXBTC":0.404134593,"XMRBTC":0.4036859581,"AEBTC":0.3981284208,"BCHABCBTC":0.3957434758,"KMDBTC":0.3813214414,"AIONBTC":0.3566802693,"LTCBTC":0.3504991153,"RDNBTC":0.3210817664,"APPCBTC":0.3209320869,"BTCPAX":0.3191099651,"BTTBNB":0.3037815188,"BCHSVUSDT":0.2907974584,"ICXUSDT":0.2844609256,"XRPUSDT":0.2826241246,"EOSUSDT":0.2786866211,"FETBTC":0.2519781507,"WAVESBTC":0.2465050903,"ETCETH":0.236035065,"XRPBTC":0.2356583447,"BCHSVTUSD":0.2259962264,"RLCBTC":0.2258746958,"VETETH":0.2197926657,"BCHABCUSDT":0.2112314988,"KNCBTC":0.2016491152,"EOSBNB":0.1969375104,"BCDBTC":0.1916696575,"WTCBTC":0.1867550708,"BTCTUSD":0.1847548381,"STORJBTC":0.1793185477,"MDABTC":0.1781609633,"BCHSVBTC":0.1770196151,"ETCUSDT":0.1727998274,"WANBTC":0.1716630971,"THETABNB":0.1699477562,"WAVESUSDT":0.167734696,"PPTBTC":0.1648240777,"DCRBTC":0.1264429112,"ARNBTC":0.1220219875,"FETUSDT":0.1171367457,"ETCBTC":0.1071901653,"QTUMUSDT":0.0776157913,"EOSTUSD":0.0671094122,"LINKBTC":0.0584108124,"BTCUSDT":0.0442375058,"XRPETH":0.032176083,"LINKUSDT":0.0293097711,"STRATBTC":0.0200262714,"XRPPAX":0.0191678708,"THETABTC":0.0190725466,"XRPBNB":0.0035233833,"HOTUSDT":-0.0137648331,"EDOBTC":-0.0167400809,"ARNETH":-0.0310886487,"GVTBTC":-0.0349790726,"MTLBTC":-0.0407130295,"BTCUSDC":-0.0473153816,"NEOBTC":-0.0501562164,"ETHUSDT":-0.0569276064,"MDAETH":-0.0686875157,"ETHTUSD":-0.0699358817,"KNCETH":-0.0822552862,"EOSBTC":-0.1013660491,"BCHABCPAX":-0.1147253311,"EOSUSDC":-0.1607064551,"NEOETH":-0.171561596,"LTCTUSD":-0.1857650659,"ONGBTC":-0.2192568496,"ONGUSDT":-0.2329875114,"BTGBTC":-0.23594389,"USDSUSDC":-0.2579617854,"NEOBNB":-0.2756470892,"BQXBTC":-0.2817498012,"NANOBTC":-0.2848081524,"DASHBTC":-0.3067053556,"USDCUSDT":-0.3164111978,"ETHPAX":-0.3307493403,"NXSBTC":-0.3370247087,"FUELETH":-0.344029609,"LTCUSDC":-0.3558911489,"ETHBTC":-0.367473942,"THETAETH":-0.380672249,"HOTBNB":-0.3811874999,"EOSETH":-0.4115594443,"BCHABCTUSD":-0.5121814065,"NEOUSDT":-0.5370980958,"TUSDUSDT":-0.5420109849,"USDCPAX":-0.7069108707,"PAXUSDT":-0.7691477872},"startDate":"2019-03-19","endDate":"2019-03-26","numDays":7,"excludedPairs":["CMTBTC","AGIBNB","HSRBTC","CMTETH","VENBTC","DNTBTC","STORMBNB","BCNBTC","KMDETH","ZENBNB","VENUSDT","ASTBTC","NCASHBNB","YOYOBTC","BRDBNB","AEBNB","REPBNB","MFTBNB","CELRBTC","QKCBTC","LENDETH","XEMETH","OAXETH","EOSPAX","RCNBTC","USDSPAX","WABIETH","WTCBNB","SYSETH","DNTETH","POEETH","HOTBTC","TRIGBNB","BCCETH","SYSBNB","LSKBNB","STORMBTC","BCDETH","ZECTUSD","BCNBNB","NXSBNB","TUSDBTC","KEYETH","TRXPAX","NCASHBTC","WINGSBTC","BNBUSDS","NANOETH","VENETH","NASETH","MANAETH","IOSTBTC","RDNBNB","REQBTC","IOTXETH","LINKUSDC","LRCBTC","TRXUSDC","QTUMETH","BCCUSDT","DENTETH","ELFETH","PIVXBNB","BCHABCUSDC","DATAETH","ADXETH","CHATETH","HOTETH","WTCETH","REPETH","MTHBTC","BTCUSDS","ZECUSDT","BCNETH","BTGETH","ICNETH","ICNBTC","EDOETH","GTOBNB","WAVESPAX","NPXSETH","APPCBNB","QLCBTC","QLCBNB","PAXBTC","NULSETH","STEEMBNB","PAXETH","RPXETH","RPXBTC","DOCKETH","TUSDETH","PPTETH","TNTBTC","POABNB","ZILBTC","GTOETH","LRCETH","DOCKBTC","BTTUSDC","ARKETH","NANOBNB","XVGBTC","XVGETH","ONGBNB","VIBEBTC","GNTBNB","SCBNB","BATBNB","NULSBNB","MCOETH","CDTBTC","BCCBTC","TRXBTC","CVCETH","KEYBTC","MANABTC","SALTETH","VIAETH","RLCBNB","STEEMETH","VIBETH","YOYOETH","BCHSVUSDC","QSPETH","PAXBNB","GOBTC","MTHETH","DLTBTC","VIABNB","MODBTC","BLZBNB","ZRXETH","ZECBNB","FUNETH","WAVESETH","SKYETH","SALTBTC","IOTABNB","TRIGETH","WPRETH","LTCPAX","TRIGBTC","AMBBTC","VETBTC","OSTBNB","CELRUSDT","SNTBTC","BCPTBNB","ETCBNB","CVCBNB","GNTETH","WAVESBNB","DASHETH","ASTETH","BTSBTC","GTOBTC","BTSBNB","CDTETH","ARDRETH","XMRBNB","ZECUSDC","SUBETH","LINKTUSD","QTUMBNB","WINGSETH","LENDBTC","RLCETH","RCNETH","USDCTUSD","XEMBTC","LINKPAX","CHATBTC","WAVESTUSD","ARDRBTC","OSTETH","TUSDBNB","MCOBNB","LOOMBNB","SKYBNB","MFTBTC","ADXBNB","SNTETH","GVTETH","RPXBNB","FUNBTC","SNGLSBTC","WANETH","LUNETH","MODETH","SNMETH","PHXBTC","FUELBTC","PAXTUSD","AMBETH","DLTETH","BNTETH","CNDBNB","SYSBTC","WAVESUSDC","USDCBTC","NEBLETH","NXSETH","MITHBNB","ZRXBNB","QKCETH","PHXBNB","QSPBNB","NAVETH","AEETH","ENGETH","CMTBNB","RCNBNB","CLOAKBTC","BCCBNB","AIONETH","SCETH","SCBTC","CLOAKETH","DGDETH","BLZBTC","STORMETH","DLTBNB","WABIBNB","QSPBTC","ADXBTC","TNTETH","XZCXRP","NAVBNB","CVCBTC","POABTC","USDSUSDT","LINKETH","RENBTC","REQETH","NPXSBTC","POAETH","BTTPAX","USDCBNB","ARDRBNB","GNTBTC","BCHSVPAX","VIBEETH","SNMBTC","ZILBNB","BCPTETH","AGIBTC","NASBNB","PHXETH","YOYOBNB","RDNETH","IOSTUSDT","XLMUSDC","XZCBNB","BTTTUSD","VENBNB","VIBBTC","XZCETH","SUBBTC","AIONBNB","IOTXBTC","TNBETH","BQXETH","IOSTBNB","NEBLBNB","ZECPAX","HSRETH","AMBBNB","BRDETH","QLCETH","INSETH","POWRETH","CNDETH","TNBBTC","GOBNB","XEMBNB","NCASHETH","CELRBNB","POWRBNB","MTLETH","PIVXETH","CNDBTC","POEBTC","NEOTUSD","WPRBTC","ZENETH","HCETH","AGIETH","BLZETH","DENTBTC","OSTBTC","XRPUSDC","DATABTC","XMRETH","MITHBTC","STORJETH","STRATETH","RENBNB","SNGLSETH","DCRBNB","BTTBTC","APPCETH","BTSETH","LSKETH","WANBNB"]}