{"data":{"FETBNB":0.9814612803,"ZILETH":0.9796515192,"ASTETH":0.9757991712,"FETUSDT":0.9671225653,"FETBTC":0.9671118947,"MATICUSDT":0.9647882449,"MTLBTC":0.9628140455,"CELRUSDT":0.9618990877,"ASTBTC":0.9570243802,"MATICBNB":0.9563720569,"CELRBTC":0.9520254801,"MATICBTC":0.9481200887,"GVTBTC":0.9393027263,"CELRBNB":0.9378183699,"TNTETH":0.937109674,"BCPTBTC":0.9368551653,"AEBTC":0.9366701525,"EVXBTC":0.9350381662,"WABIBTC":0.9261437763,"LUNBTC":0.9216166334,"ZILUSDT":0.9200566918,"ARNBTC":0.9162506326,"ENJUSDT":0.9079884339,"ZILBNB":0.9039284273,"USDCTUSD":0.9024930712,"PHXBNB":0.9021936928,"BRDBTC":0.8814781212,"WAVESUSDT":0.8793862401,"APPCBTC":0.8786183293,"GASBTC":0.8749097438,"ADXBTC":0.8705719383,"HOTBNB":0.8703080232,"GRSBTC":0.8693089992,"LINKBTC":0.8656222027,"BCDBTC":0.8618101818,"ENJBTC":0.8598632236,"LINKUSDT":0.8503119873,"PPTBTC":0.8459841948,"USDCPAX":0.8457285309,"OAXBTC":0.8438833023,"HCBTC":0.840771424,"SKYBTC":0.8342467393,"RDNBTC":0.8289761325,"NEOBNB":0.8266021232,"STEEMBTC":0.8261510696,"LINKETH":0.8226397143,"BQXBTC":0.8197961938,"POLYBTC":0.8132913613,"HOTETH":0.8129322532,"BNBBTC":0.8082334473,"KNCBTC":0.8058264494,"ICXBTC":0.7917407151,"ENJBNB":0.7742461634,"HOTUSDT":0.7688337408,"ONGBTC":0.7626791879,"IOSTUSDT":0.7501842042,"MITHBTC":0.7417173609,"ONGUSDT":0.7328319282,"PAXUSDT":0.7316576388,"BNBUSDT":0.7309005343,"WAVESBTC":0.7185233252,"ENGBTC":0.7160451146,"BTGBTC":0.7046897038,"NASBTC":0.7030968448,"MITHUSDT":0.6987985238,"ENJETH":0.6953520053,"MDABTC":0.6730323684,"WAVESETH":0.6709544218,"BTTUSDT":0.6645563537,"BCHABCTUSD":0.6428350192,"USDCUSDT":0.6332146239,"EOSUSDC":0.628517359,"LTCTUSD":0.6263381964,"ICXUSDT":0.6260953143,"AMBBTC":0.6253180487,"NEOBTC":0.6197698671,"ARKBTC":0.6134695463,"ELFBTC":0.6037853122,"VIABTC":0.5875988723,"BTTBNB":0.5874303532,"DASHUSDT":0.5801972435,"TUSDUSDT":0.576411484,"BTTTUSD":0.5544560372,"RVNBNB":0.5479549068,"WANBTC":0.5414589731,"INSBTC":0.5388299512,"ZENBTC":0.5303528723,"XRPBNB":0.5284545836,"EOSPAX":0.5282181641,"LTCBNB":0.5275623588,"XRPTUSD":0.5241683705,"EOSTUSD":0.5234630805,"ADABNB":0.5180299049,"NAVBTC":0.5081956756,"BATBTC":0.5078157178,"AIONBTC":0.4932970633,"XMRUSDT":0.4931682282,"FUELETH":0.4904671317,"PAXTUSD":0.4858045532,"DLTBTC":0.4758808914,"NULSBTC":0.4726390545,"LTCUSDC":0.4496089417,"SYSBTC":0.4489919724,"PIVXBTC":0.448571571,"BATETH":0.4406772425,"NEOTUSD":0.422431641,"WAVESTUSD":0.4219727238,"XRPUSDT":0.406604504,"BATBNB":0.3992542224,"ONTUSDT":0.3982682938,"NEOETH":0.3924310594,"ZECETH":0.3877786273,"ADATUSD":0.3871484754,"BTTUSDC":0.3853262224,"XRPPAX":0.3766922036,"LTCUSDT":0.3670538053,"OMGUSDT":0.3661645322,"NANOUSDT":0.3589101102,"LTCPAX":0.3578074085,"VETETH":0.3433949971,"LINKTUSD":0.3423420558,"OMGBTC":0.3403763811,"XRPETH":0.3348446978,"BNBETH":0.3211899393,"BCHABCUSDC":0.3152994187,"XRPBTC":0.3152948177,"ADAUSDT":0.3146554808,"NEBLBTC":0.3145473011,"VETUSDT":0.3119401489,"VETBNB":0.3065606556,"LINKUSDC":0.305412513,"ETCUSDT":0.2846502712,"NEOUSDT":0.2669177872,"NULSUSDT":0.2546433822,"STORJBTC":0.251353321,"TRXBNB":0.2487242102,"ETHTUSD":0.2404085845,"QTUMUSDT":0.230833559,"KMDBTC":0.2232386522,"LTCETH":0.2214421755,"QTUMBTC":0.2198868094,"ADAETH":0.2182166462,"BCHABCBTC":0.2116473988,"GXSBTC":0.2075240741,"POWRBTC":0.2016864847,"ATOMUSDT":0.1967035926,"XLMBNB":0.1940436602,"XEMBTC":0.1911998161,"ONTBTC":0.1840339894,"ATOMBTC":0.1815535199,"TRXXRP":0.1744770389,"BATUSDT":0.1590885483,"MCOBTC":0.1559724067,"XLMTUSD":0.1532452448,"STRATBTC":0.1506971993,"ADAUSDC":0.1468764109,"EOSETH":0.1455548232,"BTCTUSD":0.1389597585,"ZRXUSDT":0.1362854093,"EOSBNB":0.1345592026,"ATOMBNB":0.1262989171,"XLMETH":0.1235633469,"ZRXBTC":0.1097984471,"XMRBTC":0.1071553412,"BCHABCUSDT":0.1013284243,"LSKBTC":0.090399959,"IOTAETH":0.0895783497,"XLMUSDT":0.0869232717,"RLCBTC":0.0817677559,"ADABTC":0.0737678363,"ZECUSDT":0.0718392549,"ETHUSDC":0.064633703,"EOSUSDT":0.046485309,"BNBTUSD":0.0431333206,"THETABTC":0.0411218719,"BCHABCPAX":0.0399387707,"ETHPAX":0.0208297225,"NANOBTC":0.0202763668,"XRPUSDC":0.0182594158,"BTCUSDS":0.0167968706,"XZCBTC":-0.0070441485,"IOTAUSDT":-0.0278730315,"DASHBTC":-0.0306639657,"TRXTUSD":-0.0339134605,"ETHUSDT":-0.0499784553,"ETCBTC":-0.0539154338,"IOTABTC":-0.0572380467,"THETAUSDT":-0.0860691309,"BTCUSDT":-0.0962525671,"BNBUSDC":-0.1141309357,"ETHBTC":-0.1195447868,"EOSBTC":-0.1245867631,"DCRBTC":-0.1306657827,"LTCBTC":-0.1566749436,"XLMUSDC":-0.1587799323,"EDOBTC":-0.1695230299,"XLMBTC":-0.1796347672,"ZECBTC":-0.2530448799,"BTCPAX":-0.2674904407,"TRXETH":-0.3101100981,"TRXUSDT":-0.3135587362,"BTCUSDC":-0.390036067,"BNBPAX":-0.4086439374,"DGDBTC":-0.4544255856,"REPBTC":-0.4783141664,"WTCBTC":-0.5626130874},"startDate":"2019-05-17","endDate":"2019-05-24","numDays":7,"excludedPairs":["XLMPAX","YOYOBNB","ZRXBNB","USDCBTC","TRXBTC","XEMBNB","VIBEETH","WAVESPAX","ETCTUSD","TUSDETH","QLCBNB","REPBNB","GVTETH","VENBTC","CMTBTC","DLTBNB","BCPTETH","APPCETH","REQETH","BTSETH","RLCBNB","POLYBNB","BCHSVPAX","AGIETH","NANOETH","AIONBNB","DASHBNB","BCHSVTUSD","GNTBTC","SNMETH","NAVBNB","VIBEBTC","POWRBNB","GNTBNB","SALTETH","ZENETH","BCHSVBTC","TUSDBTC","ARKETH","CVCBTC","LINKPAX","GXSETH","MODETH","WABIETH","ATOMPAX","CHATBTC","DCRBNB","USDSTUSD","TUSDBNB","POABNB","TRXUSDC","SUBETH","MANAETH","RENBTC","GTOETH","NPXSETH","PHXBTC","ONGBNB","STEEMETH","YOYOETH","GOBTC","TNBBTC","IOTABNB","BTTPAX","BCHSVUSDT","SALTBTC","ZILBTC","DATABTC","TNTBTC","IOTXBTC","OSTBTC","XZCBNB","BNTBTC","GOBNB","KNCETH","NASETH","DLTETH","BCCBNB","OMGETH","STRATETH","LOOMBTC","ICNBTC","NULSETH","SCBTC","PAXETH","CVCETH","BNBUSDS","RLCETH","CLOAKETH","DOCKBTC","SNTBTC","BLZETH","MFTBTC","TRIGBTC","SCETH","RDNETH","NXSETH","OSTETH","DOCKETH","ENGETH","OMGBNB","MODBTC","ZECTUSD","ARDRBTC","STORJETH","AGIBTC","MTHBTC","HSRBTC","AMBBNB","NEOPAX","OSTBNB","BCHSVUSDC","QTUMETH","BTTBTC","MDAETH","WABIBNB","SNTETH","BCCBTC","MCOETH","ONTBNB","BRDETH","QKCBTC","ICXBNB","VETBTC","PAXBNB","MITHBNB","RPXETH","RCNBTC","BCNBTC","USDCBNB","STORMBNB","BCNETH","DENTETH","USDSUSDC","BATTUSD","VIABNB","STEEMBNB","LENDETH","KMDETH","SNGLSETH","POWRETH","ARNETH","USDSPAX","BCPTBNB","QSPBNB","SKYETH","ZECPAX","ETCBNB","ONTETH","QLCBTC","WAVESUSDC","MFTETH","LRCBTC","KEYETH","EVXETH","FUNBTC","LSKETH","ELFETH","XZCXRP","LOOMBNB","HSRETH","NXSBTC","WTCETH","CMTBNB","RPXBNB","SYSBNB","BLZBNB","MTLETH","ARDRETH","POEETH","ICXETH","TRXPAX","LOOMETH","VENBNB","REQBTC","BNTETH","USDSUSDT","WPRBTC","OAXETH","BCCETH","GTOBTC","POEBTC","NAVETH","NCASHBNB","WPRETH","ZECBNB","GTOBNB","VIAETH","MFTBNB","RCNETH","SKYBNB","INSETH","NCASHETH","XVGBTC","ADXETH","BCNBNB","ADXBNB","FUNETH","IOTXETH","NEBLBNB","RENBNB","DASHETH","FUELBTC","STORMETH","VIBBTC","THETABNB","WTCBNB","POAETH","LRCETH","SUBBTC","DGDETH","APPCBNB","BLZBTC","PPTETH","CMTETH","VIBETH","IOSTBNB","ETCPAX","BATPAX","QTUMBNB","ICNETH","XVGETH","BTGETH","VENUSDT","CNDBNB","ETCUSDC","NCASHBTC","STORMBTC","NEOUSDC","PIVXBNB","CDTBTC","EDOETH","CVCBNB","AIONETH","RPXBTC","QKCETH","QSPBTC","BCCUSDT","PHXETH","SNMBTC","RDNBNB","ATOMTUSD","LENDBTC","DNTETH","GRSETH","POABTC","XEMETH","MANABTC","XMRETH","BQXETH","QSPETH","IOSTBTC","XZCETH","ZENBNB","CNDBTC","SYSETH","WANETH","TNBETH","NEBLETH","MCOBNB","ZECUSDC","TRIGETH","BRDBNB","KEYBTC","BTSBTC","AMBETH","BTSBNB","NANOBNB","LUNETH","HOTBTC","CHATETH","CNDETH","NPXSBTC","AEETH","NASBNB","PAXBTC","RCNBNB","CLOAKBTC","ETCETH","GNTETH","DENTBTC","PIVXETH","ARDRBNB","ATOMUSDC","ZRXETH","DATAETH","WINGSETH","BATUSDC","NXSBNB","CDTETH","DNTBTC","RVNBTC","WINGSBTC","XMRBNB","QLCETH","BCDETH","TRIGBNB","AEBNB","YOYOBTC","HCETH","REPETH","LSKBNB","SNGLSBTC","WAVESBNB","IOSTETH","WANBNB","AGIBNB","NULSBNB","SCBNB","VENETH","THETAETH","MTHETH","ADAPAX"]}