{"data":{"BATBTC":0.9695644485,"BATETH":0.9438177684,"HCBTC":0.937375301,"ARKBTC":0.9337996441,"STORJBTC":0.9298795714,"NEBLBTC":0.9230148182,"WINGSBTC":0.9141136726,"DGDBTC":0.9062491609,"VIABTC":0.8822960994,"LTCTUSD":0.8759134652,"BCHSVBTC":0.8723605185,"PPTBTC":0.8591071881,"GTOETH":0.8568691409,"BATBNB":0.8475274922,"BCHSVUSDT":0.8380457664,"NASBTC":0.8361052958,"RDNBTC":0.832304245,"LTCUSDT":0.8242676782,"ADXBTC":0.8205336701,"LTCBTC":0.8065221234,"EDOBTC":0.7994127737,"STRATBTC":0.7974116621,"WABIBTC":0.7904804181,"TRXTUSD":0.7899344088,"EVXBTC":0.7773457973,"ICXBTC":0.7541576435,"BCHSVTUSD":0.7524378571,"TRXUSDT":0.7463515201,"GRSBTC":0.7444957767,"STEEMBTC":0.7388766975,"POLYBTC":0.735513391,"MCOBTC":0.7333988127,"TRXXRP":0.7254152412,"THETABTC":0.7213337677,"NULSBTC":0.7184436839,"WAVESBTC":0.7028155635,"ENGBTC":0.6996795646,"POWRBTC":0.6955569267,"EOSUSDC":0.6931258075,"ZENBTC":0.6856305008,"MODBTC":0.6800334886,"BCHABCBTC":0.6799669865,"LSKBTC":0.6741541896,"PIVXBTC":0.673902533,"EOSETH":0.6694844896,"EOSBTC":0.6649142286,"BTTBNB":0.6636208038,"GRSETH":0.6615317735,"LUNBTC":0.6570382174,"KNCBTC":0.6560381087,"REPBTC":0.6556172226,"WAVESUSDT":0.6516606043,"THETAETH":0.6451539928,"EOSUSDT":0.6429705284,"CLOAKBTC":0.6394178581,"BRDBTC":0.6337532817,"QKCETH":0.6307943992,"LTCETH":0.6291759564,"OAXBTC":0.6236307958,"NULSUSDT":0.6070224164,"WAVESTUSD":0.606326947,"BTCUSDT":0.6057816871,"ETHBTC":0.6010491383,"ICXUSDT":0.596275359,"BCDBTC":0.5954974334,"RLCBTC":0.5790435387,"DASHBTC":0.5725020427,"XZCBTC":0.5677695152,"ADATUSD":0.5658662463,"NPXSETH":0.5652852149,"DLTBTC":0.550873132,"BQXBTC":0.5506529815,"TRXETH":0.5477289863,"BTCPAX":0.5456968259,"USDCTUSD":0.5429079899,"REPETH":0.5419599521,"ETHUSDT":0.5381233058,"EOSTUSD":0.5378315334,"WTCBTC":0.5378227928,"XEMBTC":0.524062356,"LINKBTC":0.5217083245,"ICXETH":0.520138912,"ADAUSDT":0.5055856951,"XLMUSDC":0.5047560583,"THETABNB":0.4980107557,"XLMPAX":0.4835602811,"BCHABCTUSD":0.4786642278,"XLMBTC":0.4767436815,"INSBTC":0.4740102021,"XLMTUSD":0.470145327,"XLMUSDT":0.4682549256,"NAVBTC":0.4670001121,"ADXETH":0.4668019683,"LINKETH":0.4645645029,"ADAETH":0.4610450102,"NEOETH":0.4577898783,"BTGBTC":0.4550056419,"TRXBNB":0.4548843643,"LTCBNB":0.4516358786,"NEOUSDT":0.4461985286,"VETUSDT":0.4424415784,"BNBUSDT":0.4382862398,"BNBBTC":0.4292250813,"NEOTUSD":0.4271941217,"LINKUSDT":0.4249525072,"GVTBTC":0.4206038368,"EVXETH":0.4182877342,"WAVESETH":0.4145210231,"BTCUSDC":0.4112562129,"XRPUSDT":0.4084301868,"IOTABTC":0.4019253755,"NEOBTC":0.3892695344,"XEMETH":0.3760503068,"AEBTC":0.3684113866,"XRPBTC":0.363882875,"BNBETH":0.3459800485,"BNBUSDC":0.3434696582,"XRPTUSD":0.3314440863,"MDABTC":0.3116612545,"HOTETH":0.3070175195,"XLMETH":0.306784342,"IOTAETH":0.3010225531,"BCHABCUSDT":0.2968974567,"BNBPAX":0.295529974,"ARNETH":0.288693326,"XRPETH":0.2868101533,"ZILETH":0.2823331528,"ETCBTC":0.2776527946,"LINKTUSD":0.2744174198,"USDCUSDT":0.2683207822,"ETHUSDC":0.2676274989,"ARNBTC":0.2634837834,"VETETH":0.2563562836,"WAVESBNB":0.2472198109,"ADABNB":0.2427231263,"ONTBTC":0.2392553967,"DLTETH":0.2389672314,"MFTETH":0.2260601247,"ONTUSDT":0.2244782092,"SKYBTC":0.2086259299,"GASBTC":0.1997268814,"WANBTC":0.1959234717,"ZECBTC":0.1958333212,"IOTAUSDT":0.1907882227,"XRPPAX":0.1902446239,"KMDBTC":0.1733593417,"XRPUSDC":0.1699784827,"NEOBNB":0.1511778379,"EOSPAX":0.1269103035,"TUSDBTC":0.1051026597,"EOSBNB":0.099491556,"AIONBTC":0.0875300589,"XRPBNB":0.076865542,"ZRXBTC":0.0767941147,"XLMBNB":0.055887836,"QTUMBTC":0.0443295331,"LTCUSDC":0.0367298684,"PAXTUSD":0.00492396,"BTTUSDT":0.0036062315,"ZRXETH":0.0027583006,"QTUMUSDT":-0.0289902606,"USDCPAX":-0.0311812117,"MTLBTC":-0.0469028571,"AMBBTC":-0.0649723973,"TUSDETH":-0.065991891,"ETHPAX":-0.0697477417,"LRCBTC":-0.0965499954,"XMRBTC":-0.1040925772,"ETCUSDT":-0.1200800845,"TUSDUSDT":-0.1424225572,"DCRBTC":-0.1460369502,"PAXUSDT":-0.1491736892,"OMGBTC":-0.1633450512,"XMRETH":-0.1715854808,"NXSBTC":-0.1800053569,"TUSDBNB":-0.200315456,"OMGETH":-0.2524105412,"SALTBTC":-0.326740951,"NANOETH":-0.3817402112,"NANOBTC":-0.4709589029},"startDate":"2019-02-02","endDate":"2019-02-09","numDays":7,"excludedPairs":["MCOBNB","ZILBTC","BLZBNB","SKYBNB","DOCKETH","SYSETH","NANOBNB","QLCETH","ETCBNB","NAVETH","CVCBNB","ICXBNB","BCCETH","IOSTETH","MITHBTC","QKCBTC","AIONBNB","HCETH","BCNBTC","DLTBNB","GXSETH","SNTETH","WINGSETH","XEMBNB","VIAETH","XVGBTC","BCNBNB","PHXBNB","WAVESPAX","STORMBNB","SCBTC","SUBETH","ICNETH","OSTBNB","CNDBTC","RPXBTC","BCPTBNB","IOTXETH","SNMBTC","LINKUSDC","TRXBTC","ZECETH","LOOMBNB","SKYETH","ENJBNB","ELFBTC","ICNBTC","MTLETH","BTCUSDS","SNMETH","GNTETH","TNTETH","WTCETH","SUBBTC","RVNBTC","GVTETH","CVCBTC","BTSETH","VIBEBTC","TRXPAX","POABNB","BQXETH","XVGETH","APPCBNB","POAETH","TRIGBNB","QLCBTC","RPXBNB","GOBTC","BCHSVPAX","MFTBTC","BNTETH","NEBLBNB","CNDETH","BCHABCUSDC","SCBNB","LENDBTC","APPCBTC","TNBBTC","APPCETH","XZCXRP","VENUSDT","BCCBTC","NCASHETH","NCASHBNB","BCHABCPAX","CLOAKETH","RLCETH","STORJETH","PHXETH","CMTBNB","AMBETH","ELFETH","LUNETH","BCNETH","AMBBNB","BCCBNB","LRCETH","NXSETH","INSETH","REQETH","TRXUSDC","ENGETH","CMTBTC","QSPETH","BCHSVUSDC","ONTETH","WPRETH","REPBNB","ARDRETH","VENBNB","QTUMBNB","CVCETH","ASTETH","VENETH","CHATETH","MCOETH","ETCETH","NPXSBTC","NASETH","CMTETH","DATAETH","OSTETH","STRATETH","KMDETH","STORMETH","VIBETH","GTOBNB","ENJBTC","BTSBNB","BCDETH","TNBETH","PPTETH","LINKPAX","IOTABNB","ADABTC","RCNBNB","AGIETH","KEYETH","HOTBTC","POABTC","ARDRBNB","MITHBNB","SALTETH","LSKETH","NAVBNB","GXSBTC","YOYOBNB","OAXETH","NULSETH","WANETH","MANABTC","VIABNB","BNBUSDS","RCNETH","AGIBNB","VIBEETH","POEETH","BLZETH","DENTBTC","TNTBTC","SNTBTC","HSRETH","PAXETH","FUNBTC","STORMBTC","SYSBNB","DOCKBTC","WPRBTC","DATABTC","DCRBNB","AGIBTC","PIVXETH","SNGLSBTC","VIBBTC","NASBNB","DNTETH","NULSBNB","POEBTC","KNCETH","CHATBTC","KEYBTC","BTGETH","ENJETH","WABIBNB","PHXBTC","PAXBTC","GTOBTC","WABIETH","ONTBNB","QSPBTC","RCNBTC","LTCPAX","FUNETH","TRIGBTC","BRDETH","VENBTC","RDNETH","NXSBNB","LENDETH","MANAETH","BCCUSDT","POWRBNB","RDNBNB","ADXBNB","AIONETH","DENTETH","RENBTC","SYSBTC","BCPTETH","CDTETH","WANBNB","DNTBTC","USDCBTC","PIVXBNB","RVNBNB","LSKBNB","WAVESUSDC","NEBLETH","ZENETH","MTHBTC","ZENBNB","RPXETH","POLYBNB","HSRBTC","OSTBTC","BRDBNB","ARKETH","DASHETH","LOOMETH","LOOMBTC","IOTXBTC","MFTBNB","VETBNB","BNTBTC","RLCBNB","PAXBNB","BCPTBTC","IOSTBTC","AEETH","USDCBNB","STEEMBNB","XZCBNB","ZILBNB","SNGLSETH","GOBNB","QSPBNB","MODETH","FUELETH","BTSBTC","QLCBNB","XZCETH","BTTBTC","YOYOBTC","POWRETH","QTUMETH","SCETH","AEBNB","CNDBNB","BLZBTC","TRIGETH","ARDRBTC","NCASHBTC","RENBNB","FUELBTC","WTCBNB","MDAETH","STEEMETH","VETBTC","MTHETH","YOYOETH","GNTBTC","GNTBNB","REQBTC","CDTBTC","DGDETH","EDOETH","ASTBTC"]}