{"data":{"APPCBTC":0.937228279,"BTTBNB":0.9305019508,"EOSPAX":0.9073888867,"VETUSDT":0.881629568,"WTCBTC":0.8785847327,"DASHBTC":0.8724423953,"XLMPAX":0.8661896825,"WINGSBTC":0.8634378065,"NANOBTC":0.8612460249,"DCRBTC":0.8598038539,"VETETH":0.8563340223,"LINKUSDT":0.8526840068,"GASBTC":0.8451328339,"ADABNB":0.837085332,"MDABTC":0.829088144,"INSBTC":0.8273261387,"VETBNB":0.8162660575,"TRXBNB":0.8160566842,"ENJETH":0.8139809895,"WAVESBTC":0.8122269869,"XRPBNB":0.8083272542,"ADAUSDT":0.8075146733,"SUBBTC":0.7931013549,"LINKBTC":0.7785477871,"BCHSVUSDT":0.7707447004,"BNBPAX":0.7694474192,"BCHSVBTC":0.7565735043,"LINKETH":0.7553495436,"MODBTC":0.7533437644,"ETCUSDT":0.7499698202,"BTTUSDT":0.7475643663,"EOSUSDT":0.7458525949,"XRPBTC":0.7443922919,"CLOAKBTC":0.7289383294,"DLTETH":0.7280285769,"STRATBTC":0.7223764265,"DLTBTC":0.7141185155,"XRPUSDT":0.7129241177,"ICXUSDT":0.7076195782,"BNBUSDT":0.7062967927,"GVTBTC":0.7020461568,"THETABTC":0.7019158802,"ETCBTC":0.696702775,"ZECBTC":0.6953836134,"SYSBTC":0.6914058314,"MITHBTC":0.6852526456,"XRPPAX":0.6826797471,"TRXUSDT":0.6809700613,"LTCBTC":0.6804704735,"THETAETH":0.6781910208,"EDOBTC":0.6551490607,"WAVESUSDT":0.6505763316,"XLMUSDT":0.6350545631,"EOSUSDC":0.6286987709,"NEBLBTC":0.6283459398,"ARNBTC":0.6208087576,"MODETH":0.6201529151,"EOSBTC":0.6153028465,"IOSTETH":0.6131297596,"XLMBNB":0.6127727292,"LTCBNB":0.6115634888,"ZECETH":0.6112577344,"ARNETH":0.6110305464,"USDCTUSD":0.6085247826,"ARKETH":0.6081987645,"SKYBTC":0.6075662905,"BCHABCBTC":0.5977914577,"IOTAUSDT":0.5923284492,"TRXXRP":0.5889694795,"XRPUSDC":0.5850246386,"BNBETH":0.5845614748,"STORJETH":0.5819140655,"EOSBNB":0.5794058932,"RLCBTC":0.5764433128,"ETHUSDC":0.5732841984,"BNBBTC":0.5709754251,"ETHUSDT":0.567380814,"ARKBTC":0.5660656653,"BNBUSDC":0.5653319792,"REPBTC":0.5614656007,"EVXBTC":0.5515325135,"STORJBTC":0.5514959041,"POWRBTC":0.5496177062,"SALTBTC":0.5375075361,"NEOUSDT":0.5369173245,"LSKBTC":0.53153251,"QTUMUSDT":0.5305300774,"BTCPAX":0.5299783909,"XRPTUSD":0.5280113846,"USDCPAX":0.5175436124,"BCDBTC":0.4859488297,"IOTABTC":0.4838465224,"BCHABCUSDT":0.4828260619,"WAVESETH":0.4755325292,"ICXETH":0.4732470117,"ADXBTC":0.4685878029,"BTCUSDT":0.4683944165,"EOSTUSD":0.4635986942,"ZILETH":0.461231875,"KMDBTC":0.4601501995,"BQXBTC":0.4542779278,"QTUMBTC":0.4414208342,"XRPETH":0.4409603503,"POLYBTC":0.4387488597,"ENGBTC":0.4316728561,"AIONBTC":0.4179600167,"FUELETH":0.4051588518,"ZENBTC":0.3921164361,"BCHSVTUSD":0.3919206085,"ZRXETH":0.3888805234,"TRXETH":0.3841625724,"RDNBTC":0.380073236,"XLMTUSD":0.379208829,"GRSBTC":0.3790731069,"LTCUSDT":0.3788649898,"ETHPAX":0.3769108215,"ETHBTC":0.3709429576,"ADAETH":0.3636407771,"XZCBTC":0.3530460004,"BTCUSDC":0.3457675835,"NEOBNB":0.341825701,"EOSETH":0.3415950978,"ICXBTC":0.3388519794,"PIVXBTC":0.3371226608,"BTGBTC":0.3333587836,"BATETH":0.3233190456,"BATBTC":0.3154229709,"WABIBTC":0.3138321719,"MTLBTC":0.2973647412,"BTCUSDS":0.2895041559,"BCHABCTUSD":0.2854303438,"LTCUSDC":0.2777288384,"TUSDBTC":0.2677973748,"RDNETH":0.2610767703,"XLMETH":0.2554296407,"OAXBTC":0.2450881749,"XMRBTC":0.2364056954,"IOTAETH":0.2309493967,"WANBTC":0.1901158021,"VIABTC":0.1803624287,"BCHABCUSDC":0.1800477348,"TRXTUSD":0.1762974377,"KNCBTC":0.1593938869,"XMRETH":0.1432484127,"USDSUSDT":0.1408676301,"XLMUSDC":0.1163276701,"NAVBTC":0.1054379198,"LUNBTC":0.0893079851,"HOTETH":0.0805592461,"ELFETH":0.0667001622,"GXSBTC":0.0429217445,"USDSTUSD":0.0262236741,"ZRXBTC":0.0095991118,"MCOBTC":0.0078501223,"NEOETH":-0.0041506334,"LTCETH":-0.0068692943,"NULSUSDT":-0.0175308956,"TUSDETH":-0.0811585698,"AEBTC":-0.0937135261,"ADATUSD":-0.099371273,"USDSPAX":-0.1052829466,"ELFBTC":-0.1112935252,"ONTUSDT":-0.1535683561,"OMGBTC":-0.1554059884,"NASBTC":-0.1622448698,"AEETH":-0.1762589503,"PPTBTC":-0.1943631536,"NEOBTC":-0.1970287201,"TUSDBNB":-0.2138000104,"NULSBTC":-0.2181488082,"NXSBTC":-0.2279520514,"ONTBNB":-0.2283132797,"HCBTC":-0.2441147184,"LTCTUSD":-0.2576676809,"ONTBTC":-0.2711401234,"MCOETH":-0.2815428488,"OMGETH":-0.2869358345,"TUSDUSDT":-0.2930381915,"ONTETH":-0.3738527886,"USDCUSDT":-0.4281169114,"PAXUSDT":-0.4726945437,"NEOTUSD":-0.522549083,"STEEMBTC":-0.5235141508,"DGDBTC":-0.6004421492,"PAXTUSD":-0.805852726},"startDate":"2019-02-16","endDate":"2019-02-23","numDays":7,"excludedPairs":["BRDETH","YOYOBTC","STEEMBNB","ZILUSDT","DASHETH","HOTBTC","GOBNB","RVNBTC","TNTETH","QLCETH","LRCETH","NANOBNB","RLCETH","PAXBTC","VENBTC","BTTPAX","WANBNB","LOOMBNB","BNTBTC","ICNBTC","AIONBNB","QSPETH","REQETH","QLCBTC","DCRBNB","ICNETH","BCNBNB","POABNB","BTGETH","ADXETH","RDNBNB","IOTXETH","HOTUSDT","NPXSETH","NEBLBNB","CMTETH","BTTUSDC","QTUMETH","EDOETH","RENBNB","DNTETH","GTOBTC","USDCBTC","IOTXBTC","SCBTC","LINKPAX","TRXUSDC","CNDBTC","VIAETH","GNTBNB","MTHBTC","REQBTC","NCASHBTC","BTSETH","WAVESUSDC","WPRBTC","ENGETH","WTCBNB","NXSBNB","NULSETH","POWRBNB","STEEMETH","XVGETH","OSTETH","XEMBTC","QSPBTC","MANAETH","ONGBNB","AMBBTC","AGIETH","RPXETH","REPBNB","CMTBNB","MCOBNB","XZCETH","ASTBTC","ASTETH","DENTBTC","KNCETH","WINGSETH","TRIGBTC","BATBNB","LSKBNB","NCASHBNB","LENDBTC","FUNBTC","TRXBTC","APPCETH","BTTBTC","SNTETH","ARDRETH","XZCXRP","YOYOBNB","BCCBTC","BQXETH","ZENETH","SKYBNB","ZILBNB","VIBEETH","DENTETH","OSTBTC","PHXBTC","WTCETH","IOTABNB","HCETH","QLCBNB","GXSETH","SYSETH","BNBUSDS","AGIBNB","AMBETH","LSKETH","PHXBNB","MTLETH","YOYOETH","AEBNB","CHATBTC","OAXETH","CNDETH","HSRETH","KEYETH","STORMBNB","DOCKBTC","TRXPAX","TNTBTC","GNTBTC","FUELBTC","LUNETH","GNTETH","USDSUSDC","CVCETH","BTSBTC","POABTC","THETABNB","TRIGETH","LOOMBTC","CVCBNB","VIBBTC","MFTBTC","WABIBNB","ZILBTC","LTCPAX","BCCETH","NASBNB","TNBETH","GOBTC","STRATETH","ICXBNB","PAXETH","MTHETH","NAVBNB","DATAETH","ENJBNB","RPXBNB","USDCBNB","DLTBNB","NXSETH","SCETH","BTTTUSD","QTUMBNB","GTOETH","MDAETH","ONGBTC","KMDETH","STORMETH","VENETH","FUNETH","POEBTC","MFTETH","SNGLSBTC","INSETH","BNTETH","VIBEBTC","CDTETH","PAXBNB","POLYBNB","BCHSVUSDC","GTOBNB","XEMETH","NULSBNB","SNMBTC","CHATETH","GVTETH","WAVESBNB","MFTBNB","BCDETH","AMBBNB","ARDRBNB","BCHSVPAX","ONGUSDT","WABIETH","STORMBTC","SKYETH","NEBLETH","ETCETH","ADABTC","PIVXETH","KEYBTC","SNTBTC","POAETH","XLMBTC","QKCETH","TRIGBNB","BRDBTC","TNBBTC","CDTBTC","WAVESPAX","BTSBNB","VETBTC","RCNETH","XVGBTC","VIBETH","NAVETH","CLOAKETH","ETCBNB","LINKTUSD","BRDBNB","BLZBNB","BCCBNB","LOOMETH","POWRETH","PHXETH","DOCKETH","NCASHETH","BCNETH","MANABTC","AIONETH","VENUSDT","LENDETH","CNDBNB","BCPTBNB","CMTBTC","APPCBNB","WANETH","WAVESTUSD","ZENBNB","VENBNB","RVNBNB","BCPTBTC","LINKUSDC","VIABNB","GRSETH","DNTBTC","HSRBTC","XZCBNB","MITHBNB","ENJBTC","ARDRBTC","OSTBNB","IOSTBTC","XEMBNB","SNMETH","EVXETH","WPRETH","LRCBTC","RPXBTC","REPETH","BCCUSDT","RENBTC","BCNBTC","DATABTC","SYSBNB","SUBETH","PPTETH","BCHABCPAX","ADXBNB","NANOETH","SNGLSETH","NPXSBTC","PIVXBNB","QKCBTC","SCBNB","QSPBNB","BLZBTC","HOTBNB","RCNBNB","POEETH","RCNBTC","BLZETH","SALTETH","RLCBNB","AGIBTC","NASETH","CVCBTC","BCPTETH","DGDETH"]}