{"data":{"XRPTUSD":0.985053061,"XRPUSDT":0.9823604173,"XRPBTC":0.9764820701,"MATICUSDT":0.9727634222,"XRPETH":0.9690716567,"MATICBNB":0.9670366445,"XRPUSDC":0.9646726234,"BTCUSDT":0.9550408951,"IOTAUSDT":0.9534324563,"XLMUSDT":0.9464992317,"IOTAETH":0.9429877992,"NEOBTC":0.9403087067,"LTCPAX":0.9340123742,"BTCPAX":0.9336555947,"XLMUSDC":0.9185501575,"CELRBNB":0.9175972291,"KNCBTC":0.9175359856,"XLMBTC":0.9163165094,"DASHUSDT":0.9150510279,"BTCUSDC":0.9144987215,"ETHUSDT":0.9124462758,"POLYBTC":0.9094381547,"NEOUSDT":0.9091653804,"ONTBTC":0.9079422377,"ZECUSDT":0.9057300406,"BTCTUSD":0.9050129895,"FETUSDT":0.9040511933,"LTCUSDT":0.9039989032,"LTCBTC":0.9039484847,"BCHABCUSDC":0.9035100027,"ADAUSDT":0.8995433035,"QTUMUSDT":0.897110987,"THETAUSDT":0.8963855762,"IOTABTC":0.8919663179,"DASHBTC":0.8877575617,"ZRXUSDT":0.8825429571,"ADAUSDC":0.8817301155,"ETHPAX":0.8764619521,"ICXUSDT":0.8756451434,"ETCBTC":0.8750053851,"XMRBTC":0.8728767987,"QTUMBTC":0.8723343782,"EOSUSDC":0.8700164891,"ZECBTC":0.8692263866,"NANOUSDT":0.8678108398,"LTCUSDC":0.8660026392,"BCHABCUSDT":0.8659399581,"BTTUSDT":0.8657036808,"MITHUSDT":0.8626983939,"OMGBTC":0.8534576053,"ETHBTC":0.8502652499,"ZRXBTC":0.8497128756,"BCHABCBTC":0.8478200871,"XRPPAX":0.8471511735,"FETBTC":0.8383583995,"ADABTC":0.8369607914,"XLMETH":0.8350935791,"BCHABCTUSD":0.8336682336,"ELFBTC":0.8333308568,"XLMBNB":0.8304429824,"EOSBTC":0.8302585533,"TRXTUSD":0.8263620458,"ETHTUSD":0.8249906223,"THETABTC":0.8172588716,"LTCTUSD":0.8164445269,"BNBETH":0.8134820494,"ADAPAX":0.8121193236,"EOSUSDT":0.8089421732,"NEOETH":0.8071705979,"ZILETH":0.8071485861,"XEMBTC":0.8049044698,"LINKUSDT":0.8040203138,"XMRUSDT":0.8024739901,"LTCETH":0.7846716722,"ONTUSDT":0.7803218567,"NANOETH":0.7803048893,"BLZBTC":0.7787310677,"CELRUSDT":0.7774247658,"BNBBTC":0.7755544498,"ZILUSDT":0.7745504956,"RCNBTC":0.7743299374,"BTCUSDS":0.773464429,"EOSPAX":0.7724759895,"BNBUSDT":0.7724599434,"ENJUSDT":0.7717823729,"EOSETH":0.7714156065,"AIONBTC":0.7685932082,"XRPBNB":0.759714886,"WTCBTC":0.7528790235,"LSKBTC":0.7518665644,"BNBTUSD":0.7377102874,"ICXBTC":0.7370384816,"ENJBTC":0.7299813247,"TRXUSDC":0.7175763283,"ADAETH":0.7170632332,"NASBTC":0.716726726,"LINKETH":0.7101369198,"AEBTC":0.7018156411,"NANOBNB":0.7006126046,"LTCBNB":0.7005592814,"LINKBTC":0.6959067686,"VETBNB":0.6956285711,"OMGUSDT":0.6943959952,"ENJBNB":0.6885649986,"NANOBTC":0.6845416454,"ARKBTC":0.6824823841,"ETCUSDT":0.6724005733,"VETUSDT":0.671016786,"ONTBNB":0.6576332827,"ETHUSDC":0.6564195526,"EOSTUSD":0.6511204844,"IOTABNB":0.651085851,"TRXXRP":0.6376004021,"HOTUSDT":0.6357377009,"CVCBTC":0.6129332863,"TRXUSDT":0.6080633107,"POABTC":0.6022791844,"BRDBTC":0.602112534,"BNBUSDC":0.5976911487,"IOSTUSDT":0.591578675,"ADATUSD":0.5874166829,"ADABNB":0.5855613731,"EOSBNB":0.5820015399,"STEEMBTC":0.5711180389,"DLTBTC":0.5701693752,"WAVESETH":0.5692044277,"GASBTC":0.5652221262,"BCHABCPAX":0.5640858124,"BTTBNB":0.5626351793,"BATUSDT":0.5584078004,"VETETH":0.5465649313,"STRATBTC":0.5461892527,"BNBPAX":0.5445982938,"NEOTUSD":0.5167973211,"STORJBTC":0.509473335,"NULSBTC":0.4972227402,"BTGBTC":0.4882393244,"LOOMBTC":0.486460836,"REPBTC":0.4749689367,"WANBTC":0.4707796109,"WAVESUSDT":0.4612059538,"TRXETH":0.4515435568,"ENGBTC":0.4022744339,"BATBTC":0.3967924216,"NEOBNB":0.3960249335,"RLCBTC":0.3890755158,"RVNBTC":0.3879830189,"NEBLBTC":0.3805694145,"NULSUSDT":0.3740394231,"MANABTC":0.3740185729,"CMTBTC":0.3660318389,"BQXBTC":0.3582120086,"RDNBTC":0.3461495121,"AMBBTC":0.3396729539,"ENJETH":0.3395158997,"GTOBTC":0.3218346404,"INSBTC":0.2872002004,"APPCBTC":0.271762799,"EVXETH":0.2690235191,"ADXBTC":0.261767389,"MTLBTC":0.2598006106,"BCDBTC":0.2567587338,"BATBNB":0.2540067954,"GRSBTC":0.2415096491,"MITHBTC":0.202120796,"ARNBTC":0.1841166943,"IOSTETH":0.1676749393,"POWRBTC":0.1497677651,"BATETH":0.1289096961,"TRXBNB":0.1268295134,"PPTBTC":0.1191010741,"BCPTBTC":0.1137628577,"WAVESBTC":0.111518509,"FUELETH":0.1051925203,"RVNBNB":0.0967247628,"ONGBTC":0.0930576093,"LUNBTC":0.0852061635,"GNTBTC":0.0794904052,"MCOBTC":0.0635492837,"EVXBTC":0.0598951159,"ATOMBNB":0.0574920578,"LRCBTC":0.0520634544,"ONGUSDT":0.0353252023,"QKCBTC":-0.0022672615,"DGDETH":-0.0276270831,"HCBTC":-0.078691924,"ZENBTC":-0.0787429898,"KMDBTC":-0.0953477078,"OAXBTC":-0.1284714165,"DGDBTC":-0.1386696446,"GVTBTC":-0.1597105737,"ATOMUSDT":-0.1773917623,"NXSBTC":-0.1812267909,"ATOMBTC":-0.2037529856,"VIABTC":-0.2077756169,"WABIBTC":-0.2231217427,"USDCTUSD":-0.2831884838,"SKYBTC":-0.3490455374,"ASTBTC":-0.4906104455,"MDABTC":-0.5667682674,"PAXTUSD":-0.5687325873,"USDSPAX":-0.5885222842,"SYSBTC":-0.602112104,"USDSUSDT":-0.6924285465,"VIBEBTC":-0.7354328908,"PAXUSDT":-0.7389321072,"USDCUSDT":-0.7586668263,"TUSDUSDT":-0.8134088789,"USDCPAX":-0.8424534448},"startDate":"2019-05-08","endDate":"2019-05-15","numDays":7,"excludedPairs":["TNTETH","DCRBTC","BCHSVTUSD","TRIGBTC","USDCBNB","MTHETH","ZENBNB","OSTETH","GNTBNB","STORMBNB","VENETH","PPTETH","SALTETH","OMGBNB","DOCKBTC","GOBTC","AEBNB","IOTXBTC","RCNETH","BCCETH","HOTETH","BNBUSDS","ZECUSDC","YOYOBNB","PHXBNB","POWRBNB","QLCBNB","ICNBTC","LSKBNB","SNGLSETH","POWRETH","SYSETH","VIBEETH","CLOAKETH","CNDETH","DLTETH","TNBETH","KEYBTC","NCASHBNB","WAVESPAX","XVGBTC","SALTBTC","MDAETH","AIONBNB","WINGSETH","LINKPAX","KNCETH","BATPAX","HSRETH","ZECBNB","RLCETH","ZENETH","VIAETH","WAVESBNB","ICXBNB","DATAETH","ARKETH","CNDBTC","ZECETH","LSKETH","XEMETH","GTOBNB","PAXBNB","BCCUSDT","MATICBTC","ETCBNB","BTTPAX","NEOPAX","QTUMETH","ZRXBNB","NXSETH","TRIGBNB","GXSETH","BLZBNB","STEEMBNB","BQXETH","SKYETH","USDSUSDC","WINGSBTC","VIABNB","AGIBTC","XLMPAX","OAXETH","BTSBTC","CHATETH","BCPTETH","APPCBNB","BCCBTC","TUSDETH","SKYBNB","DASHBNB","RCNBNB","OSTBNB","PHXBTC","MCOETH","XLMTUSD","MTLETH","TNBBTC","LINKUSDC","XMRBNB","ICNETH","SNMETH","QLCETH","APPCETH","HCETH","KEYETH","USDSTUSD","WPRETH","QKCETH","XEMBNB","PAXBTC","STRATETH","PIVXBTC","RDNBNB","ETCUSDC","GNTETH","BTTUSDC","VIBETH","NEBLETH","FUNBTC","BCPTBNB","THETABNB","ZILBTC","REPBNB","EDOBTC","AGIBNB","DENTETH","POEETH","ATOMPAX","IOSTBNB","ARDRBTC","BLZETH","FUNETH","XZCBNB","NAVBTC","ETCPAX","VIBBTC","RENBNB","ZRXETH","SUBBTC","WABIBNB","LUNETH","SCBNB","ETCETH","CLOAKBTC","BRDETH","ADXETH","ARDRETH","MANAETH","REPETH","MODBTC","AGIETH","STORMBTC","YOYOETH","CDTETH","QSPETH","ADXBNB","VENBTC","NEBLBNB","RPXBTC","BTTBTC","NPXSBTC","LENDETH","NULSBNB","ATOMTUSD","PHXETH","PIVXBNB","LRCETH","POLYBNB","ZILBNB","VENUSDT","DENTBTC","CDTBTC","NASETH","XMRETH","GRSETH","NAVBNB","LINKTUSD","BCNBNB","RLCBNB","CELRBTC","MTHBTC","STORJETH","BCHSVUSDT","HOTBTC","CMTBNB","BCHSVBTC","TRIGETH","WANETH","ZECTUSD","DATABTC","NPXSETH","USDCBTC","DASHETH","MITHBNB","TRXBTC","ARDRBNB","ATOMUSDC","BATUSDC","CHATBTC","INSETH","NAVETH","ENGETH","FUELBTC","EDOETH","NCASHBTC","WAVESUSDC","SNTBTC","XVGETH","RENBTC","ZECPAX","BNTBTC","TRXPAX","SNGLSBTC","WABIETH","STORMETH","POEBTC","MCOBNB","MFTBTC","SCETH","DCRBNB","AIONETH","THETAETH","MFTBNB","BTSBNB","BATTUSD","AEETH","ARNETH","REQBTC","ICXETH","LENDBTC","ONTETH","ETCTUSD","ASTETH","GOBNB","YOYOBTC","DNTETH","STEEMETH","WPRBTC","CVCBNB","POABNB","QLCBTC","XZCETH","OSTBTC","GXSBTC","BCHSVPAX","ONGBNB","SNMBTC","BRDBNB","IOTXETH","KMDETH","QSPBNB","GVTETH","XZCXRP","BNTETH","DNTBTC","GTOETH","IOSTBTC","NULSETH","NXSBNB","XZCBTC","HOTBNB","BCCBNB","FETBNB","PIVXETH","RPXETH","WTCETH","RPXBNB","AMBETH","WTCBNB","QSPBTC","SYSBNB","VETBTC","BTTTUSD","ELFETH","BCNETH","MFTETH","CVCETH","TUSDBNB","POAETH","WAVESTUSD","CMTETH","NASBNB","SNTETH","TUSDBTC","CNDBNB","PAXETH","DOCKETH","BTGETH","VENBNB","QTUMBNB","NEOUSDC","WANBNB","BCNBTC","HSRBTC","BTSETH","TNTBTC","LOOMETH","REQETH","DLTBNB","RDNETH","NCASHETH","BCDETH","AMBBNB","SUBETH","OMGETH","MODETH","LOOMBNB","BCHSVUSDC","SCBTC"]}