{"data":{"CELRBNB":0.9834532243,"TRXUSDT":0.9634916947,"FETBNB":0.9531389572,"TRXXRP":0.9518241525,"CELRUSDT":0.951167626,"EOSBNB":0.9438241282,"TRXTUSD":0.9368716463,"ZECBTC":0.9192568448,"FETBTC":0.9191273911,"ZECUSDT":0.9187158555,"EOSUSDT":0.9121224269,"EOSBTC":0.9049327609,"FETUSDT":0.9041553506,"TRXUSDC":0.9039457331,"AMBBTC":0.9029385145,"IOTAUSDT":0.9015782178,"TRXETH":0.8996026324,"EOSETH":0.8984891381,"XRPBTC":0.8951237744,"TRXBNB":0.8935006156,"XRPBNB":0.891015552,"MATICBNB":0.8900854427,"GVTBTC":0.8854174866,"IOTAETH":0.8846330883,"VIABTC":0.8838737361,"IOTABNB":0.8830235547,"IOTABTC":0.873213977,"XRPTUSD":0.871399065,"BTTBNB":0.867445891,"ZILETH":0.8669740332,"XRPUSDC":0.8625868535,"ARKBTC":0.856272458,"ZILUSDT":0.8548582221,"XLMUSDT":0.8527020323,"PPTBTC":0.8455527037,"MCOBTC":0.8443408823,"LUNBTC":0.8438564014,"MATICUSDT":0.8415011954,"XLMBNB":0.8366409523,"SKYBTC":0.8325362099,"ETCBTC":0.8292406895,"MATICBTC":0.8245506512,"XRPUSDT":0.8215104839,"APPCBTC":0.8129072842,"OMGUSDT":0.8113986349,"EOSUSDC":0.8106987429,"BCPTBTC":0.8057212825,"BCPTBNB":0.7959888353,"ETCUSDT":0.7950798478,"RVNBNB":0.7915344915,"ELFBTC":0.7901058794,"IOSTUSDT":0.7900996832,"ZILBNB":0.7882327271,"EDOBTC":0.7859780658,"EVXBTC":0.7856246746,"WAVESBNB":0.7850098037,"LTCUSDT":0.7829462515,"NEOBTC":0.7810170556,"LTCBTC":0.7787615384,"EOSTUSD":0.7755391194,"TNTBTC":0.7678708208,"AIONBTC":0.7653356885,"WABIBTC":0.7650789325,"BTTUSDC":0.7648664684,"ENJETH":0.7635206791,"ENJUSDT":0.7627701409,"BTTTUSD":0.7616945572,"LTCBNB":0.7591010507,"VETBNB":0.7485388715,"AEBTC":0.7479399146,"VIBEBTC":0.741927435,"ENJBNB":0.7389377154,"VETUSDT":0.7371704582,"MTLBTC":0.7286932383,"NEOUSDT":0.7272420441,"ELFETH":0.7271745128,"NEOETH":0.7266005974,"ADAUSDT":0.7192350041,"MITHUSDT":0.7166051023,"ADABNB":0.712229827,"BATBNB":0.7089185545,"TNTETH":0.7070393279,"ONTUSDT":0.7056097892,"ENJBTC":0.7048546179,"ICXUSDT":0.7038604745,"ARNBTC":0.7001300063,"NEOBNB":0.6990391217,"LTCUSDC":0.6981705144,"XLMBTC":0.6970080597,"ASTBTC":0.6929064977,"STRATBTC":0.692724059,"ADAUSDC":0.6907178076,"BQXBTC":0.6891171969,"OMGBTC":0.6763209412,"ICXBTC":0.6670982554,"VETETH":0.6665326849,"WAVESUSDT":0.6436539004,"ONTBTC":0.6399766894,"LINKUSDC":0.632965462,"LTCETH":0.6255474365,"NANOUSDT":0.6062516878,"BTCUSDS":0.5959677718,"ASTETH":0.5855287248,"XRPETH":0.5772701275,"NASBTC":0.572759896,"OAXBTC":0.5718410409,"DLTBTC":0.561807893,"ADAETH":0.5496590443,"ONGBTC":0.5491606299,"KMDBTC":0.5379006953,"BTTUSDT":0.5239550261,"HOTBNB":0.5198739715,"THETAUSDT":0.5193883886,"RLCBTC":0.517464043,"BNBUSDT":0.5119417975,"WAVESBTC":0.5098155226,"THETABTC":0.5097029477,"LINKUSDT":0.5021408624,"STORJBTC":0.5011613546,"XZCBTC":0.4986658673,"LINKBTC":0.4863780969,"RDNBTC":0.4824430967,"BCDBTC":0.4779938884,"PIVXBTC":0.4720114616,"THETAETH":0.4662933539,"XMRBTC":0.4658562707,"THETABNB":0.4634129546,"HOTUSDT":0.4606437186,"BTCUSDC":0.4559608529,"DASHUSDT":0.4545501506,"BATUSDT":0.4542908031,"NANOBTC":0.4517208302,"KNCBTC":0.4464955845,"REPBTC":0.4441063164,"LINKTUSD":0.4401760213,"BCHABCUSDC":0.4314970148,"GRSBTC":0.4299690508,"WTCBTC":0.429774274,"ETHTUSD":0.4227727843,"NEBLBTC":0.4103304461,"WANBTC":0.395887394,"ENGBTC":0.3902139342,"BNBBTC":0.3889551527,"BATETH":0.3748700451,"LTCTUSD":0.3717425009,"LTCPAX":0.3702171022,"MDABTC":0.3692634506,"XMRUSDT":0.3634960591,"BATBTC":0.3546749787,"LINKETH":0.3474056879,"WAVESTUSD":0.3385688112,"QTUMUSDT":0.328211136,"ETHUSDC":0.3151281717,"HOTETH":0.3030517139,"BCHABCBTC":0.2784171992,"ATOMBTC":0.2757493424,"NULSUSDT":0.2684191911,"ETHUSDT":0.2662569529,"POLYBTC":0.2651162068,"BTGBTC":0.2585655247,"NULSBTC":0.2560671526,"BTCTUSD":0.2501115685,"LOOMBTC":0.2407664569,"XRPPAX":0.240261508,"STEEMBTC":0.2380812826,"QLCBTC":0.2248360757,"ATOMBNB":0.2228697233,"BTCUSDT":0.2150779593,"WAVESETH":0.2134826638,"BRDBTC":0.2077059723,"FUELETH":0.1886580991,"BCHABCUSDT":0.1859322135,"ONGUSDT":0.1711324699,"ATOMUSDT":0.1685861172,"DENTETH":0.1459725986,"POWRBTC":0.1065296409,"LRCBTC":0.0990674194,"QTUMBTC":0.0911238461,"DGDBTC":0.0847691505,"ETHPAX":0.0781637489,"ZRXUSDT":0.0602134838,"ETHBTC":0.0504942633,"EOSPAX":0.0325797728,"INSBTC":0.0219899824,"GASBTC":0.0015506007,"ADATUSD":-0.0146800367,"USDCTUSD":-0.0655004786,"QKCETH":-0.1398637908,"BNBPAX":-0.1629365587,"DASHBTC":-0.164185621,"PAXTUSD":-0.1801927983,"USDCPAX":-0.182608148,"BCHABCPAX":-0.1865293497,"ZRXBTC":-0.1888906396,"DCRBTC":-0.1922570542,"LSKBTC":-0.2139334938,"ADXBTC":-0.2341696032,"PAXUSDT":-0.2858779552,"BTCPAX":-0.2978743239,"BCHABCTUSD":-0.3181527592,"USDCUSDT":-0.3459907413,"BNBETH":-0.3957739042,"BNBUSDC":-0.3980706782,"TUSDUSDT":-0.5419610936,"BNBTUSD":-0.6108761689},"startDate":"2019-05-22","endDate":"2019-05-29","numDays":7,"excludedPairs":["CNDETH","GTOBNB","REQETH","CDTBTC","NCASHBTC","XLMTUSD","PAXBNB","BATTUSD","VIBBTC","NAVETH","ARNETH","NXSETH","BRDETH","CVCBNB","QSPBTC","AMBETH","NEBLBNB","STEEMETH","REPBNB","NPXSETH","VIBETH","WTCETH","MTHBTC","MCOETH","OSTBNB","WANBNB","STORMETH","CDTETH","KEYETH","FUNBTC","BCCETH","VENBNB","WAVESUSDC","POABTC","ZECBNB","AGIETH","RDNBNB","NPXSBTC","SYSBNB","BNTETH","LSKETH","RENBNB","DOCKETH","HCETH","ADXETH","BATPAX","GOBTC","XVGETH","LENDBTC","USDCBNB","ETCTUSD","PHBPAX","PHBTUSD","RLCBNB","ETCBNB","USDSTUSD","NEOPAX","TNBBTC","BCHSVUSDT","NCASHETH","QLCETH","LENDETH","RLCETH","NEOTUSD","NXSBNB","WABIETH","GTOETH","NULSETH","ONTBNB","BTSBTC","RCNBTC","AGIBNB","CMTBNB","BTSETH","POEETH","WPRETH","LSKBNB","ZRXBNB","SNMETH","BQXETH","NAVBTC","GNTBNB","ARKETH","STORJETH","CLOAKBTC","HSRBTC","NEBLETH","LUNETH","QTUMETH","SNMBTC","RPXETH","ETCUSDC","OAXETH","SUBBTC","QLCBNB","HOTBTC","SNGLSETH","DNTBTC","SYSBTC","BTTBTC","CHATBTC","RVNBTC","ICXBNB","HCBTC","PAXBTC","QSPBNB","MFTBTC","SALTETH","LRCETH","GVTETH","TUSDETH","VIBEETH","XMRETH","SCBTC","GRSETH","RCNETH","TFUELBTC","USDSUSDT","MFTBNB","XVGBTC","MITHBNB","HSRETH","QKCBTC","WPRBTC","RPXBTC","ETCETH","ARDRBNB","IOSTBNB","PPTETH","ENGETH","XLMUSDC","TRXBTC","GNTETH","VENETH","FUNETH","RPXBNB","SNTETH","MTLETH","NANOBNB","POWRBNB","STORMBNB","POABNB","GNTBTC","SKYETH","TRIGBNB","ADABTC","XZCBNB","ZRXETH","TNBETH","MFTETH","SNGLSBTC","ZECUSDC","SUBETH","ICXETH","NAVBNB","VIAETH","BCNBNB","CNDBNB","USDSPAX","ZECTUSD","NCASHBNB","VETBTC","XLMPAX","PHBUSDC","ICNETH","NANOETH","LOOMETH","TUSDBTC","LINKPAX","NASBNB","BCHSVBTC","SALTBTC","BNBUSDS","DASHBNB","WTCBNB","GXSBTC","TFUELBNB","DOCKBTC","BLZBNB","BNTBTC","SNTBTC","AIONETH","REPETH","SCETH","POEBTC","YOYOBNB","OSTETH","CVCBTC","TFUELUSDT","DATAETH","PHXBNB","ZILBTC","STRATETH","ADAPAX","FUELBTC","VIABNB","APPCBNB","TRXPAX","XLMETH","CLOAKETH","WINGSETH","XEMETH","TFUELPAX","MCOBNB","MANABTC","TRIGETH","REQBTC","PAXETH","BTGETH","VENUSDT","QSPETH","YOYOETH","CHATETH","AMBBNB","TFUELUSDC","USDCBTC","BLZETH","STORMBTC","NXSBTC","BCPTETH","STEEMBNB","SYSETH","PHXETH","SKYBNB","ONGBNB","KNCETH","SCBNB","ZENETH","MDAETH","BLZBTC","PHBBNB","DGDETH","YOYOBTC","IOSTETH","ONTETH","WINGSBTC","PHXBTC","ATOMPAX","OMGETH","WANETH","ARDRBTC","BCHSVUSDC","ICNBTC","ATOMTUSD","AGIBTC","BATUSDC","KEYBTC","ZECPAX","XZCXRP","RENBTC","VENBTC","MODBTC","DASHETH","IOSTBTC","RCNBNB","MODETH","GXSETH","RDNETH","NEOUSDC","ZECETH","NULSBNB","CMTETH","WAVESPAX","QTUMBNB","BCCBNB","LOOMBNB","TUSDBNB","DATABTC","ARDRETH","PIVXBNB","XZCETH","DENTBTC","MANAETH","ZENBTC","POAETH","ETCPAX","EVXETH","BCHSVTUSD","PIVXETH","XMRBNB","AEBNB","BCNBTC","ADXBNB","XEMBNB","BTSBNB","IOTXETH","EDOETH","BCHSVPAX","AIONBNB","GOBNB","DLTETH","AEETH","DNTETH","NASETH","USDSUSDC","OSTBTC","XEMBTC","TRIGBTC","BCCBTC","BCNETH","KMDETH","BTTPAX","BCDETH","DCRBNB","MTHETH","BCCUSDT","APPCETH","POLYBNB","INSETH","BRDBNB","PHBBTC","CMTBTC","CNDBTC","MITHBTC","GTOBTC","ATOMUSDC","OMGBNB","POWRETH","ZENBNB","TFUELTUSD","DLTBNB","CVCETH","IOTXBTC","CELRBTC","WABIBNB"]}