{"data":{"BATBTC":0.9733040841,"KNCBTC":0.9699022362,"HCBTC":0.964792551,"BATETH":0.9370385746,"GRSBTC":0.9364318818,"ADXBTC":0.9337862477,"KNCETH":0.9188693272,"ARKBTC":0.9141226521,"NULSBTC":0.9110894993,"WINGSBTC":0.9109514679,"GXSBTC":0.9062772609,"NEBLBTC":0.9055605609,"ADXETH":0.882703319,"RDNBTC":0.8807963298,"BCHSVBTC":0.8583441609,"NASBTC":0.8486196915,"PIVXBTC":0.846685357,"ARKETH":0.8459448577,"CVCBTC":0.8406665341,"LTCTUSD":0.8342485248,"CLOAKBTC":0.8253506255,"THETABTC":0.8247287413,"PPTBTC":0.8221932412,"EDOBTC":0.8123646379,"ZENBTC":0.8098540921,"GRSETH":0.8096231628,"WABIBTC":0.8088100348,"BCHSVUSDT":0.8060100294,"LSKBTC":0.7948874228,"GNTBTC":0.7859222224,"DGDBTC":0.7815176342,"ENGBTC":0.7789816492,"STORJBTC":0.7717022595,"GTOETH":0.770831716,"ICXBTC":0.764930254,"LUNBTC":0.7612991542,"LTCUSDT":0.7603433938,"BCHSVTUSD":0.7559646983,"MCOBTC":0.7416045024,"LTCBTC":0.7342026571,"POLYBTC":0.7181390083,"POWRBTC":0.7066610129,"BCDBTC":0.6920511103,"MODBTC":0.6914566297,"BNTBTC":0.6877520879,"REPBTC":0.6792356648,"THETAETH":0.6779325308,"KMDBTC":0.6775060519,"DASHBTC":0.6723579108,"DLTBTC":0.6691821881,"VIABTC":0.6531344318,"XLMUSDC":0.6505901853,"NEOTUSD":0.6414046191,"XZCBTC":0.6365988835,"BATBNB":0.6253619824,"BCHABCBTC":0.622492933,"QKCETH":0.6203995644,"RLCBTC":0.6198414053,"EVXBTC":0.6023938296,"XLMTUSD":0.5956449534,"WAVESBTC":0.5909068548,"EOSUSDC":0.5737450155,"EOSBTC":0.570527079,"ICXUSDT":0.56601876,"ICXETH":0.5651741344,"LTCETH":0.5534968959,"NPXSETH":0.5517762941,"NEOBTC":0.5411287747,"ETHBTC":0.5389703321,"LINKBTC":0.5381415276,"NEOETH":0.5377754874,"EOSUSDT":0.5318958871,"NEOUSDT":0.5258842289,"GVTBTC":0.5210037783,"USDCTUSD":0.5208235887,"XLMBTC":0.5193109391,"XLMPAX":0.5163024165,"AMBBTC":0.5154286332,"OAXBTC":0.5137782261,"MFTETH":0.513730481,"WAVESUSDT":0.5021817483,"ADATUSD":0.5009516717,"VETUSDT":0.5008940933,"XLMUSDT":0.5005506527,"STEEMBTC":0.4979451412,"NULSUSDT":0.4928483248,"INSBTC":0.4914221358,"BTCUSDT":0.4887244079,"XRPUSDT":0.4858545901,"EOSETH":0.4807054723,"ETHUSDT":0.4781484714,"AEBTC":0.4684245167,"ADAUSDT":0.4555187776,"BNBUSDT":0.4522847905,"BTTBNB":0.4519064152,"BTGBTC":0.4437569629,"WAVESTUSD":0.4390072958,"TRXTUSD":0.4376934645,"EOSTUSD":0.4359276572,"ARNBTC":0.4327191296,"STRATBTC":0.4285848961,"BNBBTC":0.4179574995,"BCHABCTUSD":0.4113299534,"XLMETH":0.4086248107,"WTCBTC":0.407758993,"THETABNB":0.4009455438,"ONTBTC":0.3989602949,"ADAETH":0.3879758176,"LTCBNB":0.379776128,"BTCPAX":0.3725166951,"IOTABTC":0.3626239119,"XRPTUSD":0.3534127843,"GASBTC":0.3513548237,"XRPBTC":0.350836328,"BTCUSDC":0.3478505545,"BQXBTC":0.3323348987,"ELFBTC":0.3310941838,"ONTUSDT":0.3142722012,"ARNETH":0.311844344,"MTLBTC":0.3101811028,"VETETH":0.3057939693,"XLMBNB":0.3031009302,"XRPETH":0.2987487113,"ZILETH":0.2966424812,"HOTETH":0.2927937388,"XMRETH":0.290858086,"BCHABCUSDT":0.2790007743,"LINKUSDT":0.2782716833,"ETCETH":0.2718495427,"TRXUSDT":0.2673256675,"LINKETH":0.2663985263,"MDABTC":0.2657429695,"BNBETH":0.2650655943,"WANBTC":0.2620831587,"XMRBTC":0.254810917,"IOTAETH":0.2469887994,"ETCBTC":0.24576835,"WAVESETH":0.243091758,"EOSBNB":0.2414779071,"NAVBTC":0.227594275,"XRPBNB":0.2252638017,"NEOBNB":0.2250687072,"ZECBTC":0.2122692272,"TRXETH":0.197059472,"ZRXBTC":0.1907739721,"ADABNB":0.1895904767,"BNBPAX":0.1863601937,"LINKTUSD":0.179906023,"IOTAUSDT":0.1633962598,"EOSPAX":0.1443497481,"TRXBNB":0.1392226615,"LINKUSDC":0.1380126024,"ETHUSDC":0.1335897002,"TRXXRP":0.1135926571,"USDCUSDT":0.1122442933,"ZECETH":0.103645585,"XRPPAX":0.1036313693,"TUSDBTC":0.0884234847,"FUELETH":0.0879154461,"AIONBTC":0.0720821728,"PAXTUSD":0.066680305,"ZRXETH":0.0600910735,"QTUMBTC":0.0355360432,"LTCUSDC":-0.0003573719,"TUSDBNB":-0.0013443314,"BTTUSDT":-0.0334633512,"QTUMUSDT":-0.0334774575,"XRPUSDC":-0.0372464851,"NXSBTC":-0.0594249955,"USDCPAX":-0.0847980411,"ETCUSDT":-0.0893150182,"ETHPAX":-0.0930594163,"OMGETH":-0.0941955344,"DCRBTC":-0.1018176336,"NANOBTC":-0.1059123203,"TUSDETH":-0.1190470718,"OMGBTC":-0.1338108193,"PAXUSDT":-0.1795580357,"TUSDUSDT":-0.2288858115,"SALTBTC":-0.4368411168,"BNBUSDC":-0.7285552075},"startDate":"2019-02-05","endDate":"2019-02-12","numDays":7,"excludedPairs":["QSPBNB","AGIBTC","VIABNB","LSKBNB","POWRBNB","CHATETH","NEBLBNB","MFTBNB","CMTETH","BLZBNB","BQXETH","TRXPAX","STORMETH","POEETH","LRCBTC","PPTETH","NXSBNB","CMTBNB","BTGETH","GOBTC","SALTETH","CDTETH","LINKPAX","RPXBNB","POABNB","BCNETH","SUBETH","QSPETH","AMBETH","AGIBNB","ONTBNB","STEEMETH","ZILBNB","ICNBTC","ICNETH","ENJBTC","RCNBTC","STORJETH","WANBNB","ADXBNB","TRXBTC","DENTETH","DOCKBTC","BLZBTC","RVNBNB","BCDETH","REPETH","NCASHETH","SYSBNB","MDAETH","FUELBTC","GOBNB","LENDBTC","AIONETH","REQBTC","BNTETH","WINGSETH","POWRETH","PIVXETH","BRDBNB","NANOBNB","WAVESBNB","YOYOBNB","KEYBTC","ZENETH","DLTETH","VENBTC","BCCBNB","ETCBNB","VIAETH","USDCBTC","WAVESUSDC","RDNBNB","SNGLSETH","NAVETH","ENJBNB","GNTETH","MTHBTC","QLCETH","RLCETH","ASTETH","VENUSDT","CLOAKETH","BCCETH","ELFETH","XZCETH","XEMBNB","VENBNB","REPBNB","DASHETH","RVNBTC","BTSETH","DCRBNB","XVGBTC","STORMBNB","ADABTC","LSKETH","IOTABNB","OSTETH","HSRBTC","MITHBTC","POEBTC","NCASHBTC","VENETH","RPXBTC","NASETH","LOOMBTC","NULSETH","GXSETH","XZCBNB","VIBBTC","MODETH","POAETH","XEMETH","LUNETH","MCOETH","IOTXBTC","RENBTC","ONTETH","APPCETH","CNDETH","SNTBTC","MTLETH","NCASHBNB","SYSBTC","SNTETH","GVTETH","SKYBTC","TNTBTC","SNMBTC","LRCETH","TRXUSDC","SKYETH","WPRETH","BTTBTC","LENDETH","XZCXRP","STORMBTC","QSPBTC","VIBEBTC","KEYETH","WTCETH","BCHSVPAX","CHATBTC","TNBBTC","GTOBNB","BCNBTC","NXSETH","SCBTC","ICXBNB","BTCUSDS","KMDETH","APPCBTC","PIVXBNB","REQETH","YOYOETH","SUBBTC","EDOETH","DLTBNB","STEEMBNB","XVGETH","BRDETH","VIBETH","HCETH","QLCBNB","BCPTETH","GTOBTC","BNBUSDS","RENBNB","BCCUSDT","NAVBNB","RCNETH","WTCBNB","SYSETH","BLZETH","USDCBNB","RLCBNB","QKCBTC","HSRETH","RCNBNB","QTUMETH","FUNBTC","BCHSVUSDC","MANABTC","CMTBTC","APPCBNB","GNTBNB","AMBBNB","LOOMETH","TRIGBNB","LOOMBNB","BCHABCPAX","IOTXETH","DATAETH","QTUMBNB","ASTBTC","VETBNB","WABIBNB","SKYBNB","PHXETH","OSTBTC","AEBNB","TNTETH","MITHBNB","ARDRETH","FUNETH","TRIGBTC","NANOETH","MFTBTC","DGDETH","DOCKETH","BCPTBNB","NASBNB","NPXSBTC","PHXBNB","YOYOBTC","BCCBTC","OSTBNB","BCHABCUSDC","AGIETH","WANETH","SNMETH","ARDRBNB","IOSTBTC","ENJETH","EVXETH","SNGLSBTC","DNTETH","CVCETH","ENGETH","MANAETH","BTSBNB","DNTBTC","WPRBTC","TRIGETH","ZENBNB","STRATETH","PAXBTC","MCOBNB","AIONBNB","VETBTC","WAVESPAX","DENTBTC","PAXETH","SCBNB","CVCBNB","DATABTC","CDTBTC","POABTC","HOTBTC","MTHETH","BRDBTC","XEMBTC","TNBETH","ARDRBTC","PHXBTC","WABIETH","OAXETH","CNDBTC","POLYBNB","RPXETH","VIBEETH","BTSBTC","INSETH","SCETH","RDNETH","BCNBNB","CNDBNB","ZILBTC","BCPTBTC","NEBLETH","PAXBNB","IOSTETH","LTCPAX","QLCBTC","NULSBNB","AEETH"]}