{"data":{"VIABTC":0.9448861824,"WINGSBTC":0.935256306,"EVXBTC":0.9270909136,"NAVBTC":0.9206275812,"THETABTC":0.9157054464,"RDNBTC":0.9015773605,"DGDBTC":0.8936459117,"STORJBTC":0.8801763768,"MODBTC":0.87653761,"WINGSETH":0.8760336228,"ADXBTC":0.8617670858,"PIVXBTC":0.8561783052,"WABIBTC":0.8348362392,"LUNBTC":0.8342526438,"HCBTC":0.8302164757,"DLTBTC":0.8220605217,"NULSBTC":0.8165616731,"LRCBTC":0.8152287053,"EDOBTC":0.8097141243,"GXSBTC":0.8083566712,"LRCETH":0.8015822801,"RLCBTC":0.8009084062,"GVTBTC":0.7911370339,"NULSUSDT":0.7905002938,"EVXETH":0.7883505045,"GRSBTC":0.7576425778,"LUNETH":0.7467606494,"SALTBTC":0.7271385376,"ZENBTC":0.7233666567,"THETAETH":0.7022922742,"NANOBTC":0.6998951841,"HOTETH":0.6903529937,"ELFBTC":0.6790717748,"GVTETH":0.6755927239,"DOCKETH":0.6688329044,"CLOAKBTC":0.6647412106,"DLTETH":0.6620200823,"XZCBTC":0.6573345465,"BRDBTC":0.6495672203,"NANOETH":0.6495397076,"NXSBTC":0.6492275907,"FUNETH":0.6490713201,"NEOTUSD":0.6452018634,"ARNBTC":0.5680207694,"KMDBTC":0.5581941605,"MDABTC":0.5312305282,"GTOETH":0.5247800768,"ZRXBTC":0.5171883236,"BQXBTC":0.5120113502,"NEBLBTC":0.496173834,"PPTBTC":0.4837154181,"OAXBTC":0.4793975496,"STRATBTC":0.4680582461,"EOSBNB":0.4665784124,"WAVESBTC":0.4556484862,"NEOBTC":0.4477635847,"MTLBTC":0.445736812,"WAVESTUSD":0.4318815221,"ZRXETH":0.4293161852,"WAVESUSDT":0.4269655925,"REPBTC":0.4258359165,"INSBTC":0.422145206,"ETCETH":0.3989926817,"CMTETH":0.3887900692,"ENGBTC":0.3868935947,"WAVESETH":0.3839857832,"BQXETH":0.3812076195,"ONTBTC":0.3792272437,"BCDBTC":0.3744550893,"BCPTETH":0.3713696804,"OAXETH":0.3585376615,"TRXXRP":0.3470864388,"XLMTUSD":0.3345022178,"STEEMBTC":0.3326365969,"LINKBTC":0.3183527412,"GASBTC":0.318181971,"ARKBTC":0.3152676473,"BNBPAX":0.3147968791,"BNBUSDT":0.3060369815,"TRXETH":0.3037436454,"NEOETH":0.2950277268,"ARNETH":0.2765874929,"XLMUSDC":0.2760667147,"VETUSDT":0.2668948046,"BCHABCUSDT":0.2592339657,"ONTUSDT":0.2553187723,"AMBBTC":0.2464320105,"LSKBTC":0.2458466543,"NEOUSDT":0.2408374029,"DCRBTC":0.2324554509,"EOSUSDC":0.2211388494,"ONTETH":0.2077054574,"AIONBTC":0.1901499318,"XMRBTC":0.1894515908,"WTCBTC":0.1846381577,"POWRBTC":0.1804087506,"LINKETH":0.1796394511,"MCOBTC":0.1752383837,"TUSDUSDT":0.1746571805,"USDCPAX":0.1739981739,"ETHUSDC":0.1719997286,"LTCUSDT":0.1681459929,"BCHABCBTC":0.1606578738,"ZILETH":0.1549729732,"XLMPAX":0.1426259462,"BNBBTC":0.1386214243,"REPETH":0.1309710978,"ETCBTC":0.1304946322,"DASHBTC":0.1258852356,"LINKUSDT":0.1250021539,"SKYBTC":0.1192918076,"OMGBTC":0.1179975718,"XLMETH":0.1159571202,"USDCTUSD":0.1108599045,"PAXUSDT":0.1102165805,"KNCBTC":0.0917814093,"XMRETH":0.0778076342,"VETETH":0.0762139191,"LTCETH":0.066221898,"ETCUSDT":0.0524104982,"LTCBTC":0.0497882564,"LINKUSDC":0.0481893373,"TUSDETH":0.0365510517,"AEBTC":0.0324345053,"BCHSVUSDT":0.0235435069,"TRXUSDT":0.0047826508,"ETHUSDT":0.0029237473,"XLMUSDT":-0.0010126774,"PAXTUSD":-0.0073194341,"POLYBTC":-0.0213320429,"BNBETH":-0.0308200682,"NASBTC":-0.0322596861,"ETHPAX":-0.0350704288,"XLMBTC":-0.0359715549,"BCHSVBTC":-0.0369620749,"AEETH":-0.0436459628,"QTUMBTC":-0.046453815,"BTGBTC":-0.0496499772,"TRXBNB":-0.0645282892,"ZECBTC":-0.0724943857,"BTCPAX":-0.0761127036,"EOSBTC":-0.0978077461,"WANBTC":-0.1067191252,"XRPBNB":-0.1115413487,"XRPETH":-0.1155419823,"XRPUSDT":-0.1344281534,"EOSPAX":-0.1481450938,"ADAETH":-0.1608107876,"XRPUSDC":-0.1670962966,"TUSDBTC":-0.1673517308,"BTCUSDC":-0.1947379768,"EOSUSDT":-0.1979097571,"TUSDBNB":-0.2224089431,"ETHBTC":-0.2258003282,"XRPBTC":-0.2311976708,"ICXUSDT":-0.2407677756,"BNBUSDC":-0.24762811,"XRPTUSD":-0.2535930596,"BTCUSDT":-0.2714330007,"EOSETH":-0.2734822395,"XRPPAX":-0.287494432,"IOTAETH":-0.3081051729,"IOTABTC":-0.3107146684,"ADAUSDT":-0.3323994092,"LTCBNB":-0.3464568452,"LINKTUSD":-0.3479770543,"USDCUSDT":-0.3516083209,"QTUMUSDT":-0.3570382516,"ICXBTC":-0.3857066427,"TRXTUSD":-0.4011557199,"ADATUSD":-0.4057063347,"IOTAUSDT":-0.4669405016,"BNTBTC":-0.4892251759},"startDate":"2019-01-19","endDate":"2019-01-26","numDays":7,"excludedPairs":["SNGLSBTC","WABIETH","HSRETH","AIONBNB","FUELBTC","LOOMETH","RVNBTC","LOOMBNB","YOYOBTC","WPRETH","PAXBNB","WABIBNB","POLYBNB","XZCBNB","AIONETH","MFTBNB","DOCKBTC","DASHETH","BRDBNB","TRIGBTC","APPCBNB","GOBTC","ADABTC","KNCETH","RPXETH","TRXBTC","DATAETH","DCRBNB","ASTBTC","SNMETH","MTLETH","BCPTBNB","ARDRETH","SCBTC","PPTETH","BCCBTC","POEBTC","QTUMBNB","QLCBTC","ZECETH","BCCBNB","NULSBNB","DLTBNB","NEBLBNB","SNTBTC","BCHABCPAX","VIBETH","BRDETH","TNBETH","PIVXETH","KEYETH","PHXETH","RVNBNB","XZCETH","WANBNB","SNMBTC","WAVESUSDC","RLCETH","BATBTC","STEEMBNB","MITHBNB","RCNBNB","TRXPAX","IOSTBTC","QTUMETH","NASETH","BLZBNB","LTCUSDC","AGIBNB","AMBETH","ADXETH","ETCBNB","BCHSVTUSD","SNGLSETH","POWRBNB","LSKBNB","BCDETH","LOOMBTC","ONTBNB","ZILBNB","DNTETH","BCCETH","WANETH","GNTBNB","ENJETH","CHATBTC","ARDRBNB","REQBTC","SALTETH","QKCETH","POWRETH","XEMBTC","TNTETH","VENBNB","BCNBTC","EOSTUSD","XEMETH","NCASHBTC","CNDETH","CVCETH","BTSBNB","PHXBNB","TRIGBNB","SYSETH","IOTXETH","GTOBTC","ADXBNB","NPXSBTC","NXSBNB","LINKPAX","BCHABCTUSD","XZCXRP","DATABTC","DENTBTC","VIBEETH","REQETH","MFTBTC","MITHBTC","REPBNB","HCETH","DNTBTC","CHATETH","THETABNB","RENBTC","QSPBTC","IOTXBTC","ENGETH","STORMBNB","ASTETH","PAXBTC","AGIETH","NEBLETH","OSTBNB","QLCBNB","NASBNB","MCOETH","HOTBTC","EDOETH","KEYBTC","SUBETH","USDCBNB","NCASHBNB","ADABNB","XVGETH","FUNBTC","LENDBTC","MTHBTC","QSPBNB","CMTBTC","VIAETH","ARDRBTC","LTCPAX","VENBTC","BNTETH","MODETH","BATBNB","OSTBTC","BCHABCUSDC","TRXUSDC","MCOBNB","ENJBTC","RCNBTC","RDNETH","WTCBNB","VENUSDT","HSRBTC","GNTBTC","ELFETH","XVGBTC","BATETH","BLZETH","XEMBNB","STORJETH","BTGETH","MANAETH","DGDETH","NEOBNB","LSKETH","YOYOETH","GXSETH","CMTBNB","OMGETH","MDAETH","IOTABNB","ZENETH","MTHETH","POABTC","MFTETH","POEETH","CNDBNB","AGIBTC","ZILBTC","RENBNB","LENDETH","LTCTUSD","BCPTBTC","GTOBNB","VIBBTC","TNBBTC","VIBEBTC","VIABNB","BCCUSDT","STORMETH","RDNBNB","ICXETH","STEEMETH","ARKETH","BLZBTC","VETBNB","SNTETH","CLOAKETH","NAVETH","GNTETH","CDTETH","QKCBTC","TRIGETH","CVCBTC","RPXBNB","WAVESPAX","RPXBTC","ENJBNB","NANOBNB","CDTBTC","BTSBTC","SYSBNB","DENTETH","GOBNB","POABNB","NXSETH","PAXETH","STORMBTC","SUBBTC","OSTETH","PIVXBNB","USDCBTC","NCASHETH","BCNBNB","ICNETH","POAETH","SKYBNB","STRATETH","WAVESBNB","BCNETH","CVCBNB","IOSTETH","BCHSVPAX","CNDBTC","WTCETH","XLMBNB","ICNBTC","NPXSETH","MANABTC","BTSETH","WPRBTC","VENETH","FUELETH","NAVBNB","APPCETH","RLCBNB","AEBNB","QLCETH","SYSBTC","YOYOBNB","GRSETH","NULSETH","KMDETH","SCETH","ZENBNB","SCBNB","SKYETH","AMBBNB","QSPETH","APPCBTC","PHXBTC","TNTBTC","BCHSVUSDC","RCNETH","ICXBNB","VETBTC","INSETH"]}