{"data":{"EVXBTC":0.9788254775,"RDNBTC":0.9578020787,"BNTBTC":0.9487154189,"NAVBTC":0.9365092019,"GXSBTC":0.9344833311,"HCBTC":0.9093122723,"PPTBTC":0.9084468541,"PIVXBTC":0.9049588151,"DGDBTC":0.9042805384,"MODBTC":0.8976014925,"LRCBTC":0.8913762264,"LRCETH":0.8553816136,"LUNBTC":0.8396042329,"THETABTC":0.837824947,"WABIBTC":0.8331098606,"DLTBTC":0.8285881585,"EVXETH":0.8272286037,"GVTBTC":0.8193628859,"NULSUSDT":0.8149204214,"NULSBTC":0.8126374531,"ZENBTC":0.8103732997,"RLCBTC":0.7824439618,"ADXBTC":0.7635234422,"EDOBTC":0.757590596,"BRDBTC":0.7548280634,"VIABTC":0.746561494,"LUNETH":0.7463899088,"ENGBTC":0.7454448408,"NANOBTC":0.7374152419,"CLOAKBTC":0.7281038481,"GVTETH":0.7175972712,"BNBPAX":0.7166034739,"GRSBTC":0.7042499324,"THETAETH":0.7003300865,"NANOETH":0.6949143427,"SALTBTC":0.6845584351,"WINGSBTC":0.6813117808,"FUNETH":0.6707281158,"HOTETH":0.6650246209,"ARNBTC":0.6585008944,"NXSBTC":0.6584576569,"ELFBTC":0.6372778513,"DLTETH":0.631066713,"GTOETH":0.5992758089,"TRXXRP":0.5881989187,"XZCBTC":0.5710675843,"ZRXBTC":0.5697551376,"MDABTC":0.5601782618,"STORJBTC":0.5597704482,"WINGSETH":0.5496631983,"TRXETH":0.5323894378,"WAVESBTC":0.501471443,"ARKBTC":0.4902750178,"WAVESUSDT":0.4716561374,"OAXBTC":0.4673394386,"ZRXETH":0.4645064683,"WAVESTUSD":0.4606822222,"NEBLBTC":0.4569084104,"BQXBTC":0.4414367499,"BCDBTC":0.4384169287,"KMDBTC":0.4329863196,"INSBTC":0.4127647591,"WAVESETH":0.4099094518,"ONTBTC":0.4018148998,"MTLBTC":0.3805702128,"XLMTUSD":0.3778749841,"AGIBTC":0.369485752,"TRXUSDT":0.3688841864,"STRATBTC":0.3548259177,"XLMETH":0.3508913353,"LINKBTC":0.3402662671,"ARNETH":0.315040312,"EOSUSDC":0.3083123088,"BQXETH":0.3053149102,"LSKBTC":0.2999830045,"PAXUSDT":0.299901616,"TUSDUSDT":0.2976102562,"NASBTC":0.2902061318,"OAXETH":0.2726841695,"GASBTC":0.2710454589,"BNBUSDT":0.2458953557,"ZILETH":0.2405272006,"REPBTC":0.2402990342,"VETUSDT":0.2350925451,"XMRBTC":0.2277093406,"DCRBTC":0.2208354791,"XLMBTC":0.2036767219,"NEOTUSD":0.2028145626,"USDCPAX":0.2011598682,"AIONBTC":0.2008110881,"BTGBTC":0.2004831135,"ONTUSDT":0.1995619273,"BCHABCUSDT":0.1848946366,"BCHABCBTC":0.1673488959,"CMTETH":0.1657681653,"WTCBTC":0.1552791991,"BCPTETH":0.1477321599,"ETCETH":0.1435019347,"ONTETH":0.1406592441,"LINKETH":0.1369642947,"XMRETH":0.1362387193,"BNBUSDC":0.1325327209,"BNBBTC":0.1318383747,"NEOBTC":0.1224058597,"KNCBTC":0.111446282,"LINKUSDT":0.1099759573,"TRXBNB":0.1047762149,"XLMPAX":0.0996068394,"LINKUSDC":0.0976275688,"DASHBTC":0.0809199227,"MCOBTC":0.068451905,"XLMUSDC":0.0630210762,"TRXTUSD":0.0517842863,"AEBTC":0.0418023612,"VETETH":0.0334570919,"ETHUSDC":0.0329386382,"LTCUSDT":0.0319005857,"OMGBTC":0.0199412711,"TUSDETH":0.0060761976,"BCHSVUSDT":-0.000655303,"PAXTUSD":-0.0118771406,"LTCBTC":-0.0126116204,"ETCBTC":-0.0172891526,"WANBTC":-0.0178265583,"LTCETH":-0.0195210524,"XLMUSDT":-0.0310166462,"NEOETH":-0.0366759354,"BCHSVBTC":-0.0419904065,"BNBETH":-0.0432845482,"DNTETH":-0.0438063437,"AEETH":-0.0512207343,"BATBTC":-0.0566371916,"ZECBTC":-0.0622769105,"POWRBTC":-0.0803804051,"TUSDBTC":-0.0805033686,"REPETH":-0.0932878225,"XRPBNB":-0.0954508231,"SKYBTC":-0.097195493,"USDCTUSD":-0.0973531067,"QTUMBTC":-0.1050143354,"STEEMBTC":-0.1230257163,"TUSDBNB":-0.1309662441,"BTCUSDC":-0.1453593289,"EOSBTC":-0.1468929715,"EOSPAX":-0.154245651,"POLYBTC":-0.1900342973,"NEOUSDT":-0.2054755479,"ETCUSDT":-0.2094313815,"XRPPAX":-0.2625224431,"EOSUSDT":-0.2674337293,"LINKTUSD":-0.2774167558,"XRPTUSD":-0.2821941082,"ETHBTC":-0.3034641309,"XRPBTC":-0.304673433,"USDCUSDT":-0.3127426059,"XRPETH":-0.3191488084,"ADAETH":-0.3281311595,"XRPUSDC":-0.3325998089,"BTCPAX":-0.3601959739,"ETHPAX":-0.3631789727,"ICXUSDT":-0.3691879416,"IOTABTC":-0.3692782128,"ETHUSDT":-0.4024013466,"LTCBNB":-0.4145469597,"IOTAETH":-0.4255012484,"EOSETH":-0.4326460663,"XRPUSDT":-0.4350992643,"BTCUSDT":-0.441825044,"ICXBTC":-0.4568853199,"ADAUSDT":-0.4748538602,"ADATUSD":-0.5147194314,"QTUMUSDT":-0.5838091729,"IOTAUSDT":-0.6225587464},"startDate":"2019-01-20","endDate":"2019-01-27","numDays":7,"excludedPairs":["INSETH","CVCBTC","KEYBTC","CNDBNB","REQBTC","RDNBNB","QLCETH","XVGETH","LTCTUSD","FUELETH","CDTETH","KEYETH","LOOMETH","GTOBTC","BCDETH","RLCETH","HSRETH","EDOETH","QLCBNB","ARKETH","LENDBTC","POEBTC","ZECETH","BLZBTC","SNTBTC","RCNBNB","BCHSVPAX","NXSBNB","BRDETH","WPRETH","BTSETH","OSTBTC","BLZBNB","QSPETH","POABTC","SYSBTC","STEEMETH","BNTETH","APPCBNB","YOYOETH","CLOAKETH","DCRBNB","RVNBNB","WTCBNB","NASETH","XEMBTC","WAVESPAX","XVGBTC","USDCBTC","SKYBNB","DOCKBTC","STORMBTC","ZENETH","SNMBTC","APPCBTC","HCETH","ADABTC","CMTBNB","WABIBNB","BATBNB","QTUMBNB","BCNBNB","PHXBTC","PAXBNB","ENGETH","MTHBTC","NANOBNB","ICNETH","MDAETH","NULSETH","XEMBNB","ARDRBNB","MFTETH","AMBETH","LTCUSDC","RENBNB","CNDBTC","RVNBTC","RLCBNB","IOTABNB","POAETH","LENDETH","AIONETH","AGIBNB","VIBETH","XZCXRP","ENJBTC","GNTETH","TRIGBTC","NPXSETH","RCNETH","STORMETH","STRATETH","NEBLETH","DGDETH","GRSETH","VIBBTC","QKCETH","WANETH","WPRBTC","PIVXETH","STORJETH","SNMETH","CVCBNB","DLTBNB","CHATETH","TRIGBNB","SUBETH","QSPBNB","POWRETH","MITHBTC","SYSBNB","XZCETH","MTLETH","ARDRBTC","GOBTC","BCPTBTC","ARDRETH","SNGLSBTC","CVCETH","RCNBTC","ICXETH","MCOETH","STEEMBNB","MTHETH","VIBEETH","POLYBNB","XEMETH","RPXBTC","VENETH","HOTBTC","QTUMETH","FUELBTC","MFTBTC","POWRBNB","LOOMBNB","OSTBNB","ADXETH","SCBNB","VETBTC","WAVESUSDC","NCASHBTC","BCPTBNB","TNTBTC","LOOMBTC","DNTBTC","BATETH","ADABNB","ENJBNB","POEETH","CDTBTC","RDNETH","ELFETH","IOTXETH","DOCKETH","TNTETH","LTCPAX","CHATBTC","TRXUSDC","THETABNB","IOSTBTC","SALTETH","VETBNB","MANABTC","DATABTC","GXSETH","TRIGETH","YOYOBTC","WAVESBNB","KNCETH","PPTETH","MFTBNB","RENBTC","TRXBTC","KMDETH","LSKBNB","WABIETH","SKYETH","ADXBNB","PIVXBNB","MANAETH","VENUSDT","ASTETH","BCCBNB","PAXBTC","AGIETH","NAVBNB","DENTETH","VIBEBTC","SCBTC","WTCETH","NULSBNB","CMTBTC","PAXETH","ZILBNB","BCHSVTUSD","BCCETH","BRDBNB","BTSBNB","BLZETH","OMGETH","BCHSVUSDC","ASTBTC","IOTXBTC","LSKETH","NASBNB","BCNBTC","DASHETH","CNDETH","SYSETH","SNGLSETH","BCHABCTUSD","WANBNB","BCHABCUSDC","USDCBNB","TNBBTC","RPXETH","QLCBTC","GNTBNB","BCHABCPAX","ZILBTC","NCASHETH","AMBBNB","ZENBNB","SCETH","YOYOBNB","ONTBNB","ICXBNB","REQETH","AMBBTC","PHXETH","ENJETH","DENTBTC","RPXBNB","GOBNB","MODETH","APPCETH","AEBNB","STORMBNB","BCCUSDT","VENBNB","ICNBTC","BTSBTC","SUBBTC","SNTETH","POABNB","NCASHBNB","OSTETH","GNTBTC","LINKPAX","XLMBNB","EOSBNB","GTOBNB","NEOBNB","VIABNB","NXSETH","QSPBTC","ETCBNB","TNBETH","DATAETH","BCCBTC","NAVETH","BCNETH","HSRBTC","BTGETH","PHXBNB","NPXSBTC","FUNBTC","MCOBNB","EOSTUSD","NEBLBNB","VENBTC","TRXPAX","AIONBNB","XZCBNB","QKCBTC","MITHBNB","REPBNB","VIAETH","IOSTETH"]}