{"data":{"EOSPAX":0.979773502,"MITHBTC":0.9680135063,"BNBPAX":0.9658494791,"ADAUSDT":0.9541470572,"EOSUSDC":0.9527278231,"ADABNB":0.9500274314,"BTTBNB":0.949748848,"EOSUSDT":0.9455345932,"EOSBNB":0.9396422575,"XRPBTC":0.9362097389,"EOSTUSD":0.9339764415,"TRXUSDT":0.9324456558,"XLMUSDT":0.9299761718,"DCRBTC":0.9289821001,"WTCBTC":0.9224986513,"XRPUSDT":0.9182768058,"ICXUSDT":0.9165590625,"ETCBTC":0.9101476879,"LTCBNB":0.9099785426,"ETCUSDT":0.902098521,"ARNETH":0.8998939031,"VETUSDT":0.8962396964,"DASHBTC":0.8928734347,"BNBETH":0.8910938052,"GASBTC":0.8881144419,"BCHSVUSDT":0.8862980908,"ZRXETH":0.8857099719,"IOTAUSDT":0.884039524,"BCHSVBTC":0.8832411725,"NEBLBTC":0.8829443784,"EOSBTC":0.8798846734,"IOTABTC":0.876856256,"ARNBTC":0.8760599906,"ICXBTC":0.8759971918,"ENJETH":0.8705690786,"XZCBTC":0.8698027929,"QTUMBTC":0.8686497112,"XLMBNB":0.8682655209,"ETHUSDT":0.8671985033,"QTUMUSDT":0.859537079,"THETAETH":0.8551464801,"LSKBTC":0.8481722646,"XRPBNB":0.8414999943,"IOSTETH":0.841433138,"XRPUSDC":0.8407942098,"ETHUSDC":0.8401843102,"TRXBNB":0.8357675983,"BNBUSDT":0.8337804674,"EOSETH":0.8324225565,"LINKUSDT":0.8321066334,"SKYBTC":0.8320091464,"BCHABCBTC":0.830897696,"EDOBTC":0.8293484222,"ZILETH":0.8179340992,"BTCUSDT":0.816065076,"XRPPAX":0.8137598264,"XLMBTC":0.8117122056,"APPCBTC":0.8103713869,"XRPTUSD":0.8098239952,"NEOUSDT":0.8070559649,"BTTUSDT":0.8040314673,"LTCBTC":0.8038923483,"VETETH":0.8000397341,"XLMETH":0.797908046,"MDABTC":0.7963986829,"LINKBTC":0.7940941593,"DLTBTC":0.7937948586,"ETCETH":0.7935933724,"TRXXRP":0.7908032396,"ETHBTC":0.7892251082,"WAVESUSDT":0.7874836665,"INSBTC":0.7867654005,"GVTBTC":0.7855092746,"ARKETH":0.7833513224,"BNBUSDC":0.7799464445,"ICXETH":0.7776584378,"BCDBTC":0.7759997266,"BCHABCUSDT":0.7715026079,"XLMPAX":0.7633498924,"WAVESBTC":0.7604151326,"EVXBTC":0.7589526657,"STORJETH":0.7564720383,"XRPETH":0.7532253987,"TRXETH":0.743056329,"THETABTC":0.7403878917,"STORJBTC":0.7331599779,"ARKBTC":0.7310889644,"ETHPAX":0.7296375772,"NULSUSDT":0.7170328956,"BNBBTC":0.7147870869,"ENGBTC":0.6983659499,"GXSBTC":0.6958598678,"BTCPAX":0.692487165,"LRCBTC":0.6843479028,"POWRBTC":0.683331215,"PIVXBTC":0.6824637615,"LTCUSDT":0.6816476056,"LINKETH":0.676323633,"IOTAETH":0.6754830888,"ADAETH":0.6726634806,"KNCBTC":0.663967429,"REPBTC":0.6596812743,"VIABTC":0.6594679816,"AEBTC":0.6577496303,"BTGBTC":0.6487926228,"THETABNB":0.6483947152,"FUELETH":0.6480881149,"BTCUSDC":0.6437611427,"ADXBTC":0.6431419668,"USDCTUSD":0.6419032247,"POLYBTC":0.6402990631,"KMDBTC":0.62799393,"ELFETH":0.6272074748,"TRXTUSD":0.6267647789,"RDNBTC":0.6228258352,"BQXBTC":0.6118636371,"WABIBTC":0.5924275895,"BCHSVTUSD":0.5791644084,"GRSBTC":0.5737603864,"ELFBTC":0.5674314861,"RDNETH":0.5622819313,"ZENBTC":0.5585176319,"CVCBTC":0.5524208353,"NEOBNB":0.544617638,"ZECBTC":0.5277437028,"NANOBTC":0.5231453263,"OMGBTC":0.5190755952,"BCHABCUSDC":0.5138286409,"NASBTC":0.5130764602,"WANBTC":0.5107354069,"ONTUSDT":0.5017766514,"ZRXBTC":0.5004322689,"LUNBTC":0.4963943821,"LTCETH":0.496360046,"OMGETH":0.4911000251,"NEOETH":0.4736913857,"HOTETH":0.4733234648,"AIONBTC":0.451044149,"WAVESETH":0.410655161,"EVXETH":0.3857994358,"NAVBTC":0.3701178285,"ADATUSD":0.3576932382,"LTCUSDC":0.3501495063,"MCOBTC":0.3501111876,"BCHABCTUSD":0.3428552613,"NEOBTC":0.3238079627,"NULSBTC":0.3192441835,"OAXBTC":0.3147884286,"MCOETH":0.312957561,"ONTETH":0.2670855092,"LTCTUSD":0.2654931954,"XMRETH":0.2623261575,"ONTBTC":0.2417125502,"BATETH":0.2321676656,"TUSDBTC":0.2306847291,"BATBTC":0.2163303691,"STRATBTC":0.1905691588,"PPTBTC":0.1853332807,"ONTBNB":0.1836489361,"USDCPAX":0.1552149169,"MTLBTC":0.1495900198,"BTCUSDS":0.1214702772,"STEEMBTC":0.0799742681,"HCBTC":0.0783252471,"XMRBTC":0.0760238759,"NXSBTC":-0.0086816431,"NEOTUSD":-0.0460735137,"MODBTC":-0.0526206683,"WINGSBTC":-0.1989771062,"PAXTUSD":-0.215587014,"TUSDBNB":-0.2167200807,"CLOAKBTC":-0.2194022202,"SALTBTC":-0.2267976761,"MODETH":-0.2282233294,"XLMTUSD":-0.2615487861,"TUSDETH":-0.2615539737,"SUBBTC":-0.2889995149,"XLMUSDC":-0.3832982514,"USDCUSDT":-0.4646117801,"TUSDUSDT":-0.4676581529,"PAXUSDT":-0.5910167358,"DGDBTC":-0.6417269953},"startDate":"2019-02-14","endDate":"2019-02-21","numDays":7,"excludedPairs":["WINGSETH","QSPETH","XVGBTC","MANAETH","VENBNB","ASTETH","ARDRBTC","LUNETH","LSKETH","DENTETH","IOTXBTC","APPCETH","BLZETH","AGIBTC","VENUSDT","LINKUSDC","BCCUSDT","YOYOBNB","ADABTC","PHXETH","NXSETH","AEBNB","ICNBTC","AMBBTC","NXSBNB","NAVETH","AMBBNB","VENETH","MTHETH","BCNBTC","NANOETH","HOTUSDT","ENGETH","BATBNB","RENBTC","PAXBNB","GVTETH","ARDRETH","AMBETH","PIVXETH","WABIETH","ONGBTC","DCRBNB","IOTABNB","BCHSVUSDC","NAVBNB","CMTBTC","QLCBTC","DATAETH","BTTPAX","VIBEBTC","LENDBTC","USDCBNB","SCBTC","BRDBNB","LINKPAX","ZENETH","NEBLETH","XEMETH","ZENBNB","RCNBNB","GNTETH","BCNETH","POAETH","DOCKBTC","CNDETH","ICXBNB","WAVESPAX","GNTBNB","PHXBNB","QKCBTC","SNGLSETH","POWRBNB","QTUMETH","DLTETH","TRIGETH","TNBETH","DLTBNB","LOOMBNB","SYSETH","ENJBNB","ENJBTC","IOSTBTC","VIBBTC","TRXPAX","BNTBTC","OAXETH","LRCETH","CMTBNB","BCCBNB","INSETH","ICNETH","YOYOBTC","XZCXRP","ZECETH","DOCKETH","XVGETH","BTSBTC","TRXBTC","GXSETH","CMTETH","CHATETH","LSKBNB","TNTETH","REPBNB","GOBNB","BNTETH","MTHBTC","AIONETH","VIAETH","BCCETH","TRIGBNB","STORMETH","USDSTUSD","QSPBNB","BCNBNB","ZILUSDT","APPCBNB","SKYETH","AIONBNB","MFTETH","PHXBTC","LENDETH","REPETH","XEMBTC","XZCETH","STEEMETH","MDAETH","USDSPAX","VETBTC","GTOBNB","WANETH","MCOBNB","RPXBNB","TRXUSDC","OSTETH","AGIBNB","SYSBNB","EDOETH","RLCBNB","SKYBNB","XEMBNB","STORMBTC","IOTXETH","ZILBTC","SYSBTC","WPRBTC","XZCBNB","DGDETH","PPTETH","STEEMBNB","VIBEETH","BTSBNB","YOYOETH","FUELBTC","SUBETH","BTTUSDC","HOTBNB","BLZBNB","CNDBNB","ONGUSDT","NPXSBTC","LINKTUSD","RCNETH","GNTBTC","DENTBTC","HSRBTC","SNTETH","NCASHBNB","QSPBTC","CNDBTC","BRDETH","MTLETH","SNTBTC","USDSUSDT","RPXBTC","AEETH","LOOMBTC","KEYBTC","BCPTBNB","GRSETH","ARDRBNB","POWRETH","PIVXBNB","SNGLSBTC","BLZBTC","NEBLBNB","WPRETH","MANABTC","FUNBTC","POEETH","FUNETH","VENBTC","HSRETH","BCPTETH","CVCETH","DATABTC","BCDETH","BTTBTC","PAXETH","POABNB","QLCBNB","RDNBNB","WTCETH","ADXETH","TRIGBTC","OSTBNB","WAVESBNB","GTOBTC","BTSETH","BCCBTC","ONGBNB","BCPTBTC","NASETH","NCASHBTC","REQBTC","KMDETH","BCHSVPAX","WAVESUSDC","RVNBNB","GOBTC","SCBNB","PAXBTC","HOTBTC","RENBNB","QTUMBNB","MITHBNB","DASHETH","STRATETH","GTOETH","QKCETH","NASBNB","ETCBNB","WAVESTUSD","CDTBTC","NCASHETH","USDCBTC","CDTETH","BNBUSDS","SNMBTC","TNBBTC","HCETH","RVNBTC","POLYBNB","VIBETH","BTTTUSD","TNTBTC","QLCETH","USDSUSDC","VETBNB","WABIBNB","BQXETH","CLOAKETH","SALTETH","DNTBTC","RPXETH","STORMBNB","POABTC","SCETH","NULSETH","LOOMETH","VIABNB","SNMETH","BCHABCPAX","WTCBNB","CVCBNB","NPXSETH","WANBNB","RLCBTC","REQETH","ZILBNB","RCNBTC","NULSBNB","ASTBTC","DNTETH","LTCPAX","KEYETH","POEBTC","BTGETH","AGIETH","ADXBNB","NANOBNB","MFTBTC","BRDBTC","MFTBNB","CHATBTC","RLCETH","KNCETH","OSTBTC"]}