{"data":{"WAVESETH":0.897359252,"WAVESBTC":0.8341169691,"DLTBTC":0.8246002096,"ETCUSDT":0.8114423507,"OAXBTC":0.8084891451,"LRCBTC":0.8014511285,"WAVESUSDT":0.7966044553,"MTLETH":0.7951329049,"RCNBTC":0.7899776016,"ETCBTC":0.7879383903,"QLCBTC":0.7838422894,"CELRUSDT":0.7625003397,"MTLBTC":0.7562987949,"ENJBNB":0.7538902821,"ENJBTC":0.7534557555,"BTGBTC":0.7489343151,"AMBBTC":0.7395462115,"BCHABCPAX":0.7309595179,"LUNBTC":0.7039790556,"BTTUSDT":0.7013431296,"ETCETH":0.689297516,"EVXBTC":0.686874419,"INSBTC":0.6788686551,"IOSTUSDT":0.6713023459,"REPBTC":0.6656175206,"ICXETH":0.6633728311,"ENJETH":0.663282706,"BCHABCUSDT":0.6579371219,"XRPUSDT":0.6441589629,"IOSTBNB":0.6408545031,"BLZBTC":0.6364138828,"HOTUSDT":0.6264489911,"BQXBTC":0.6223464236,"FETUSDT":0.6138082534,"BCHABCTUSD":0.6123444503,"KNCBTC":0.6115285162,"BCHABCBTC":0.602200315,"BCHSVUSDT":0.6017594338,"BCHABCUSDC":0.5999211154,"EVXETH":0.5948950371,"ARKBTC":0.5906355371,"STORJBTC":0.5826816561,"ETHUSDT":0.5796291994,"BTTBNB":0.5679719507,"EOSUSDC":0.566066594,"LTCUSDT":0.5642447138,"XRPPAX":0.5630053765,"BCHSVBTC":0.5617618034,"XRPBTC":0.5531770471,"GVTBTC":0.5439480873,"ENGBTC":0.5414230404,"LSKBTC":0.535035006,"TRXXRP":0.5343563996,"EOSTUSD":0.5329861925,"ICXUSDT":0.5313853827,"ICXBTC":0.526500395,"CMTBTC":0.5262802325,"WABIBTC":0.5230968965,"ADATUSD":0.5154252629,"BCDBTC":0.5091574277,"QTUMUSDT":0.5068195635,"BCHSVTUSD":0.5035604537,"XRPTUSD":0.4989627779,"XRPUSDC":0.4948736869,"RVNBNB":0.4947811071,"RVNBTC":0.4918679815,"TRXUSDT":0.4897544093,"IOTAUSDT":0.4799097081,"GRSBTC":0.4798572261,"TRXETH":0.4752279809,"ONGBTC":0.4600992772,"APPCBTC":0.4387657581,"FETBTC":0.435892135,"FETBNB":0.434376585,"ETHTUSD":0.433317143,"ADAUSDT":0.4298223044,"VETETH":0.4259524312,"USDCTUSD":0.4218055952,"LTCUSDC":0.4185118419,"EOSUSDT":0.4159528654,"LTCBTC":0.4134074874,"XRPETH":0.4091264276,"ARNBTC":0.4086845062,"ETHUSDC":0.4078692551,"BTCUSDT":0.3969100347,"NEOUSDT":0.3847934174,"XLMETH":0.3817160084,"XEMBTC":0.371385789,"LTCBNB":0.3672016943,"BNBUSDC":0.3656206776,"XRPBNB":0.3651728152,"ZILUSDT":0.3648852152,"EOSBTC":0.3614392059,"BNBETH":0.3577628043,"BTCPAX":0.3553867517,"LTCTUSD":0.3520807731,"LTCPAX":0.3475894357,"ETHBTC":0.3433769621,"LTCETH":0.3433408295,"XLMUSDT":0.3399066933,"ZRXUSDT":0.3324793274,"NEOBTC":0.3282542619,"LINKUSDT":0.3256421993,"NEOETH":0.3197419879,"ADAETH":0.3195488715,"WANBTC":0.3092903881,"ETHPAX":0.2938371663,"BTCUSDC":0.290904656,"BATETH":0.2894450014,"EOSETH":0.2804076069,"IOTABTC":0.2740650343,"PPTBTC":0.2727926374,"SYSBTC":0.2679090468,"ADABTC":0.2677401695,"IOSTETH":0.2586027646,"KMDBTC":0.2441414342,"FUELETH":0.2402061383,"IOTAETH":0.2337996622,"LINKETH":0.2299879621,"XMRUSDT":0.2182506944,"AIONBTC":0.2158995313,"ONTBNB":0.2102663022,"ONTETH":0.2102447998,"VETBNB":0.2090317117,"NEOBNB":0.2078833896,"VETUSDT":0.1844974058,"NANOETH":0.1819940646,"ZILETH":0.1814244,"STEEMBTC":0.1789376971,"QKCETH":0.1787663297,"ONTBTC":0.1787112981,"LINKBTC":0.1738267515,"ADABNB":0.1674191655,"SKYBTC":0.163064763,"TRXBNB":0.1526197697,"ONTUSDT":0.1524824098,"CVCBTC":0.1424920902,"THETABTC":0.1366043201,"BATUSDT":0.1317052867,"XZCBTC":0.1307887839,"XLMBNB":0.1240302606,"XLMBTC":0.1232068988,"GASBTC":0.1140748799,"ZECUSDT":0.1097581771,"OMGBTC":0.1066157738,"ELFBTC":0.1032347698,"NANOBTC":0.0827684663,"OMGETH":0.0638816792,"BTCTUSD":0.0633157752,"NXSBTC":0.0630404425,"BNBTUSD":0.0600357402,"VIABTC":0.0543378857,"ONGUSDT":0.0511718545,"ZRXBTC":0.0508778998,"BTCUSDS":0.0382291943,"TRXTUSD":0.0294083435,"LOOMBTC":0.0176709925,"ZECETH":0.0062447249,"BNBPAX":-0.001310334,"DASHETH":-0.0031444053,"NULSUSDT":-0.0238349755,"EOSBNB":-0.035721596,"NEBLBTC":-0.0440238589,"WTCBTC":-0.0471014082,"DCRBTC":-0.0643656858,"BNBUSDT":-0.0691209699,"BNTBTC":-0.0732402433,"GXSBTC":-0.0904853186,"ZECBTC":-0.0989128959,"BATBTC":-0.1006942558,"STRATBTC":-0.1174794065,"NAVBTC":-0.1343809418,"AEBTC":-0.1588218945,"NEOTUSD":-0.1590411175,"MCOBTC":-0.1642059554,"DASHUSDT":-0.1675014763,"PIVXBTC":-0.1675792917,"XMRBTC":-0.1786431564,"POLYBTC":-0.1885515177,"NULSBTC":-0.1989719906,"GNTBTC":-0.2028802262,"BNBBTC":-0.2134305059,"RDNBTC":-0.2184288883,"BCPTBTC":-0.2479429763,"EDOBTC":-0.3013657469,"NASBTC":-0.3636749287,"DGDBTC":-0.3894625361,"ASTBTC":-0.3958025097,"QTUMBTC":-0.4640460375,"HCBTC":-0.5182503673,"DASHBTC":-0.5298896481,"ADXBTC":-0.549573467,"USDSUSDT":-0.6094816267,"POWRBTC":-0.6102694965,"BRDBTC":-0.7014906102,"TUSDUSDT":-0.7747944681,"USDCUSDT":-0.7868558123,"USDCPAX":-0.8200054486,"RLCBTC":-0.8275316131,"PAXTUSD":-0.8293260154,"PAXUSDT":-0.8309766528,"MDABTC":-0.837174639,"USDSPAX":-0.84517046},"startDate":"2019-04-01","endDate":"2019-04-08","numDays":7,"excludedPairs":["TNTETH","HOTETH","DNTBTC","RCNETH","NANOBNB","CMTBNB","SALTETH","OSTBTC","TRXBTC","POWRETH","ASTETH","TUSDBNB","MFTETH","KMDETH","BCHSVPAX","RLCBNB","ADXBNB","MTHETH","LSKBNB","TNBBTC","USDSTUSD","NEBLBNB","QLCBNB","REPBNB","ZILBNB","SKYETH","SYSETH","QLCETH","LSKETH","SNMETH","BTSETH","WINGSETH","BCCBNB","QSPBNB","GOBTC","ZRXBNB","ZECPAX","CNDETH","RPXBNB","WAVESPAX","BTTPAX","XZCETH","WABIETH","LENDETH","EOSPAX","WABIBNB","GTOBTC","DNTETH","BCCETH","ICXBNB","GTOBNB","QKCBTC","XLMTUSD","APPCETH","AGIETH","TRXUSDC","BQXETH","NPXSBTC","BLZETH","TRIGBNB","BTSBNB","LOOMBNB","TUSDETH","WAVESBNB","PPTETH","TRIGETH","VENBTC","SNTBTC","YOYOBTC","PAXBNB","STORJETH","NULSBNB","MFTBNB","ICNBTC","DOCKBTC","GOBNB","ELFETH","VIBEETH","DGDETH","MITHBNB","AEBNB","WANETH","NXSBNB","CELRBTC","BTGETH","HCETH","RLCETH","RPXETH","ONGBNB","IOTXBTC","GNTBNB","ZENBNB","MITHBTC","BCCBTC","SCBTC","EDOETH","SKYBNB","POEETH","LENDBTC","BNTETH","ETCBNB","PHXBNB","BRDBNB","CLOAKETH","ZRXETH","LINKPAX","LOOMETH","YOYOBNB","XLMPAX","POEBTC","BATBNB","NASBNB","KNCETH","ZENBTC","SNTETH","CNDBTC","WAVESTUSD","NAVBNB","VETBTC","GVTETH","XZCXRP","MODETH","BCCUSDT","VIABNB","CHATBTC","BCNBTC","BCNBNB","CVCBNB","YOYOETH","NANOUSDT","SNGLSBTC","SNGLSETH","NEOPAX","ZECBNB","BNBUSDS","VIBETH","NASETH","SCETH","NCASHETH","NEBLETH","ADAPAX","NPXSETH","TRIGBTC","BLZBNB","STEEMBNB","OSTBNB","NCASHBNB","HOTBNB","LUNETH","CVCETH","RDNETH","SUBBTC","LRCETH","WPRBTC","THETAETH","BTSBTC","CHATETH","QSPETH","SNMBTC","ARDRETH","TNBETH","FUNETH","AGIBTC","IOSTBTC","SALTBTC","USDCBNB","MCOETH","GNTETH","KEYETH","HSRETH","CLOAKBTC","XEMETH","POLYBNB","DCRBNB","BCDETH","MANABTC","GTOETH","BRDETH","AEETH","FUNBTC","CDTETH","BCHSVUSDC","CNDBNB","REQBTC","AIONETH","ADAUSDC","PAXBTC","HSRBTC","XZCBNB","INSETH","RENBNB","NAVETH","WANBNB","IOTABNB","WINGSBTC","BTTBTC","POWRBNB","DENTBTC","BCPTETH","LINKUSDC","BTTTUSD","QTUMBNB","REPETH","STORMBTC","DLTBNB","DLTETH","STEEMETH","ZILBTC","XVGETH","RENBTC","ENGETH","VIAETH","FUELBTC","USDSUSDC","NCASHBTC","LINKTUSD","QSPBTC","AMBETH","XLMUSDC","ZENETH","MANAETH","MCOBNB","ADXETH","XVGBTC","STORMBNB","XMRBNB","ARKETH","PIVXETH","ZECUSDC","CDTBTC","RCNBNB","ARNETH","PIVXBNB","MFTBTC","CELRBNB","RDNBNB","VENBNB","ZECTUSD","SYSBNB","OMGBNB","OMGUSDT","VENETH","DATAETH","WTCETH","KEYBTC","CMTETH","ARDRBTC","DENTETH","GXSETH","POABNB","BTTUSDC","MDAETH","XMRETH","GRSETH","PHXETH","IOTXETH","MODBTC","OSTETH","AGIBNB","SCBNB","OAXETH","BCPTBNB","STRATETH","THETABNB","USDCBTC","STORMETH","WAVESUSDC","MTHBTC","NXSETH","TUSDBTC","RPXBTC","TNTBTC","XEMBNB","VENUSDT","POABTC","WTCBNB","DATABTC","PHXBTC","AIONBNB","BCNETH","QTUMETH","DOCKETH","REQETH","APPCBNB","HOTBTC","POAETH","DASHBNB","VIBBTC","ICNETH","TRXPAX","SUBETH","PAXETH","NEOUSDC","AMBBNB","VIBEBTC","NULSETH","WPRETH","ARDRBNB"]}