{"data":{"LINKBTC":0.9833904858,"LINKUSDT":0.9821451759,"LINKETH":0.9799906855,"LINKUSDC":0.9728889752,"LINKTUSD":0.9694907039,"EDOBTC":0.96190142,"STORJBTC":0.941294012,"BRDBTC":0.9361684657,"ARKBTC":0.9113698369,"GXSBTC":0.9005279744,"MITHUSDT":0.8786196585,"QTUMBTC":0.8726838987,"ENGBTC":0.8495105003,"VIABTC":0.8472306384,"NAVBTC":0.8442007609,"QTUMUSDT":0.83075907,"GXSETH":0.8110489405,"XZCBTC":0.7991037638,"MITHBNB":0.7987093904,"EVXBTC":0.7852914972,"ZRXUSDT":0.7833017085,"BCDBTC":0.7808980649,"GNTBTC":0.7786920229,"HCBTC":0.778007549,"NASBTC":0.7655892205,"IOSTUSDT":0.7642661717,"ELFBTC":0.7386368409,"NULSUSDT":0.7369447146,"ONTUSDT":0.7258731344,"ONTBTC":0.7253867226,"ZRXBTC":0.717306303,"XZCETH":0.6952950987,"DLTBTC":0.6915143468,"LOOMBTC":0.6735893772,"ADXBTC":0.6639648391,"HCETH":0.6506713176,"EVXETH":0.6492439987,"LUNBTC":0.6398705738,"GASBTC":0.6350247442,"XZCBNB":0.6345148488,"PPTBTC":0.6305872065,"NASETH":0.6293508752,"LOOMETH":0.6248856703,"WABIBTC":0.613450252,"ATOMBTC":0.6095850918,"LTCUSDT":0.6044045332,"NEBLBTC":0.6024882922,"STEEMBTC":0.5987850998,"LTCBTC":0.5919942189,"OAXBTC":0.5894475618,"NEOBTC":0.5584750618,"STRATBTC":0.5560163951,"MDABTC":0.5558130583,"ZECTUSD":0.5491512692,"PIVXBTC":0.5485612393,"LTCBNB":0.5419427755,"MCOBTC":0.5356284662,"KNCBTC":0.5274764703,"FETBNB":0.5272502656,"MATICUSDT":0.5221525054,"LTCETH":0.4912687091,"TRXUSDC":0.4801968037,"ONGBTC":0.4772654394,"POWRBTC":0.4756907687,"FETBTC":0.4721288391,"LTCPAX":0.4652396102,"ETCBTC":0.4563489168,"NEOUSDT":0.4487203081,"FETUSDT":0.434536482,"ATOMUSDT":0.4294790743,"ZECBTC":0.4178655917,"ARNBTC":0.4131910398,"ZECUSDT":0.4131606113,"GRSBTC":0.4111778511,"NEOTUSD":0.4103814015,"REPBTC":0.4074905154,"NEOETH":0.4059952997,"BTCPAX":0.3996755245,"ONTBNB":0.3961565335,"CELRUSDT":0.395603859,"DASHBTC":0.3955425425,"DASHUSDT":0.3880074688,"APPCBTC":0.3819022423,"AEBTC":0.3787475389,"IOSTETH":0.3738177301,"BCHABCBTC":0.3709870314,"MTLBTC":0.3681161714,"NANOBTC":0.3623558892,"NULSBTC":0.3623267527,"BCHABCUSDT":0.3486948651,"THETABTC":0.3435262713,"ADABNB":0.3262610282,"NXSBTC":0.3201324827,"THETAETH":0.3196626489,"RDNBTC":0.3186689314,"ZENBTC":0.316797314,"THETAUSDT":0.3109890167,"GVTBTC":0.3029087492,"LTCTUSD":0.290368982,"IOTABTC":0.2700745658,"BTGBTC":0.2692826225,"XMRBTC":0.2632635333,"INSBTC":0.25859119,"EOSBTC":0.2437986515,"NEOBNB":0.2398069002,"MATICBNB":0.2333471969,"ETCUSDT":0.2303723632,"BTCUSDC":0.2186850672,"EOSUSDT":0.2147696709,"EOSUSDC":0.2127368089,"ONEUSDT":0.2016152356,"BTCTUSD":0.1999412267,"BQXBTC":0.1993827622,"ENJUSDT":0.1913376451,"WTCBTC":0.1841833227,"ADAUSDT":0.1820743815,"IOTABNB":0.1713743743,"ENJBTC":0.170956502,"ZECETH":0.169923088,"BCHABCTUSD":0.1677841228,"SKYBTC":0.1558306732,"BTCUSDT":0.1546486107,"ETHBTC":0.1540481014,"RLCBTC":0.1527772655,"ATOMBNB":0.1508902566,"LTCUSDC":0.1488609209,"NANOUSDT":0.1421250129,"BCHABCUSDC":0.1406452728,"ICXBTC":0.1397085127,"IOTAUSDT":0.1396726991,"KMDBTC":0.1392979104,"USDCTUSD":0.1239633623,"WAVESBTC":0.1215850359,"BTTUSDT":0.1207316893,"BNTBTC":0.1139382688,"POLYBTC":0.091357312,"ZILETH":0.0825140587,"ADAETH":0.0817769468,"BTCUSDS":0.0757816952,"WAVESUSDT":0.0751786153,"TRXTUSD":0.0687160823,"ZILUSDT":0.0672069383,"CELRBNB":0.0649439554,"VETETH":0.0624198425,"BATETH":0.050180241,"BATBTC":0.0421654941,"DGDBTC":0.0320158442,"RVNBNB":0.0261352582,"ONGUSDT":0.023697817,"XLMUSDT":0.0224464325,"HOTUSDT":0.017818841,"HOTBNB":0.0164925769,"TFUELUSDT":0.0120027157,"ADAUSDC":0.0087291522,"ADABTC":0.0021092666,"ONEBNB":-0.0054463102,"ICXETH":-0.0126583364,"ZILBNB":-0.0324731564,"BATUSDT":-0.0364756313,"WAVESETH":-0.0414455877,"LSKBTC":-0.0502659442,"VETUSDT":-0.0587975959,"WANBTC":-0.0682041683,"EOSETH":-0.0814329157,"EOSBNB":-0.0835162343,"TRXUSDT":-0.0876705127,"EOSTUSD":-0.0935355202,"ADATUSD":-0.0965454894,"MFTETH":-0.1019163846,"BNBUSDT":-0.1155578526,"USDSUSDC":-0.1211614628,"BNBBTC":-0.1245924888,"ETHTUSD":-0.1285559042,"ETHUSDT":-0.1303067885,"BTTBNB":-0.1463727302,"ETHPAX":-0.153005517,"USDCPAX":-0.1609622073,"TRXETH":-0.1683339268,"VETBNB":-0.1824574479,"ICXUSDT":-0.1839836244,"OMGBTC":-0.189530936,"BCHABCPAX":-0.2197422688,"BNBPAX":-0.2218384726,"TRXBNB":-0.2238554317,"BNBTUSD":-0.2354475943,"BNBUSDC":-0.2363790362,"QKCETH":-0.239230034,"TUSDUSDT":-0.2418357626,"OMGUSDT":-0.2435236794,"EOSPAX":-0.2544126573,"XMRUSDT":-0.2570069427,"TRXXRP":-0.2618003026,"PAXTUSD":-0.2798838556,"ETHUSDC":-0.2872068861,"AIONBTC":-0.2991867334,"USDCUSDT":-0.3283322503,"BNBETH":-0.3442829209,"XRPBNB":-0.433686861,"XRPPAX":-0.4372316971,"XRPUSDT":-0.4583354773,"XRPUSDC":-0.4775162322,"PAXUSDT":-0.4812481499,"WAVESTUSD":-0.5432451672,"XRPETH":-0.5501636877,"XRPBTC":-0.5729049654,"XRPTUSD":-0.7253599819,"DCRBTC":-0.8778622335},"startDate":"2019-06-08","endDate":"2019-06-15","numDays":7,"excludedPairs":["TRIGETH","DCRBNB","ETCTUSD","RCNBNB","QSPBTC","TNBETH","NULSETH","PHXETH","SALTBTC","DNTBTC","BTSETH","FTMTUSD","LRCETH","NULSBNB","TNTBTC","OAXETH","OSTBTC","HSRBTC","RENBNB","THETABNB","STORMBNB","GOBTC","TUSDBNB","MFTBTC","DENTBTC","QLCETH","NASBNB","CVCBTC","POWRBNB","BATUSDC","ZRXETH","ATOMPAX","ICNETH","DASHETH","XVGBTC","LRCBTC","QSPBNB","QTUMBNB","ZENETH","NAVETH","DASHBNB","CVCETH","BCHSVUSDT","FTMBNB","RCNBTC","DENTETH","DLTETH","DOCKBTC","VENBTC","LENDETH","BCHSVTUSD","ETCPAX","KEYBTC","BCNETH","ARDRBTC","NPXSBTC","CHATBTC","WPRBTC","RDNETH","VETBTC","VIBBTC","FTMUSDC","IOTXBTC","BCCETH","XLMTUSD","POABTC","CNDBTC","CLOAKETH","LENDBTC","ASTETH","DGDETH","BTGETH","BCCUSDT","ZECPAX","HOTETH","REQETH","MCOETH","SCBTC","DOCKETH","IOSTBTC","SYSBNB","IOTXETH","VENUSDT","SNGLSBTC","QKCBTC","STORMBTC","POWRETH","XEMBNB","RDNBNB","EDOETH","PHBBNB","GTOBNB","NCASHETH","XEMETH","APPCBNB","QSPETH","AMBETH","CDTETH","USDSUSDT","ARNETH","ADAPAX","ENGETH","AIONETH","DATAETH","CHATETH","NAVBNB","VIBEBTC","FUNETH","OSTBNB","CLOAKBTC","TUSDBTC","USDSTUSD","MTHBTC","LSKETH","AEETH","BCCBTC","ICNBTC","DLTBNB","BLZBTC","TNTETH","VIAETH","CMTBTC","XEMBTC","QLCBTC","ATOMTUSD","SNTETH","WAVESBNB","AMBBNB","TNBBTC","RLCETH","WINGSBTC","POEETH","TRIGBNB","GNTBNB","BATTUSD","SALTETH","ONEUSDC","LUNETH","SUBBTC","NXSBNB","XZCXRP","GRSETH","XLMETH","ENJBNB","SUBETH","BCDETH","USDCBTC","ZECBNB","WTCBNB","PIVXETH","BTSBNB","STEEMBNB","FTMUSDT","POABNB","TFUELBTC","OSTETH","SNMBTC","SNMETH","XMRBNB","WAVESPAX","ONGBNB","NXSETH","CMTETH","XLMUSDC","NANOBNB","IOTAETH","MATICBTC","POLYBNB","NEOUSDC","INSETH","FUELBTC","BCNBNB","CVCBNB","ARKETH","WABIBNB","STORMETH","GOBNB","WINGSETH","MANAETH","BRDBNB","BCHSVBTC","NEOPAX","PAXBNB","REQBTC","FUNBTC","BNBUSDS","BTTTUSD","BNTETH","YOYOBNB","XLMBTC","POEBTC","PHBBTC","MODETH","AMBBTC","BATPAX","QTUMETH","XMRETH","USDSPAX","ONETUSD","PIVXBNB","RPXETH","BRDETH","RVNBTC","SCBNB","CNDBNB","BCHSVPAX","ICXBNB","MODBTC","REPBNB","BATBNB","ZILBTC","DNTETH","CNDETH","AIONBNB","SYSETH","SKYETH","IOSTBNB","BTTPAX","NEBLETH","ARDRBNB","HSRETH","SCETH","ZECUSDC","REPETH","WANETH","LOOMBNB","POAETH","MDAETH","ZENBNB","LINKPAX","XVGETH","MTHETH","VIBEETH","PHXBTC","XLMPAX","BLZBNB","CMTBNB","NEBLBNB","TRIGBTC","WAVESUSDC","SNTBTC","DATABTC","MANABTC","FTMPAX","PHBUSDC","VENETH","GTOBTC","BCCBNB","TUSDETH","ELFETH","BCPTBNB","OMGETH","RPXBNB","MTLETH","PHBTUSD","MCOBNB","STORJETH","TFUELBNB","VENBNB","ETCETH","NPXSETH","RCNETH","PAXETH","STEEMETH","OMGBNB","RLCBNB","WPRETH","PHXBNB","NCASHBNB","PPTETH","TRXPAX","KMDETH","WANBNB","ETCBNB","GNTETH","CDTBTC","KEYETH","GTOETH","GVTETH","VIABNB","QLCBNB","AGIBTC","TRXBTC","MITHBTC","ETCUSDC","PAXBTC","BTTUSDC","SKYBNB","ADXBNB","TFUELTUSD","ZRXBNB","FTMBTC","ASTBTC","SNGLSETH","WTCETH","HOTBTC","BCHSVUSDC","BLZETH","YOYOETH","ATOMUSDC","YOYOBTC","ENJETH","NANOETH","AEBNB","NCASHBTC","RENBTC","SYSBTC","KNCETH","BCNBTC","ADXETH","ONEPAX","APPCETH","TFUELUSDC","BCPTETH","BTTBTC","STRATETH","WABIETH","PHBPAX","BQXETH","FUELETH","AGIETH","ARDRETH","RPXBTC","LSKBNB","TFUELPAX","XLMBNB","BTSBTC","ONEBTC","BCPTBTC","AGIBNB","MFTBNB","ONTETH","VIBETH","USDCBNB","CELRBTC"]}