{"data":{"WINGSBTC":0.9759785484,"WABIBTC":0.9407637244,"VIABTC":0.9404933532,"GXSBTC":0.9228216109,"EVXBTC":0.9205115085,"ARNBTC":0.9131743856,"RLCBTC":0.909614985,"MDABTC":0.8923915928,"BQXBTC":0.8923357329,"TNTBTC":0.8915469932,"LUNBTC":0.884934252,"ZENBTC":0.8701844953,"STORJBTC":0.8600551629,"TNTETH":0.853572834,"QKCETH":0.8481984278,"ASTBTC":0.8424664821,"ADXBTC":0.8380971438,"DLTBTC":0.838043401,"DLTETH":0.8359638599,"ARNETH":0.8323372467,"DOCKETH":0.8257551028,"VIBEETH":0.8140799527,"GTOBTC":0.8026155836,"REPBTC":0.7910956239,"BCPTBTC":0.7636001996,"VIBEBTC":0.7556657829,"NAVBTC":0.7520998043,"ARDRBTC":0.7493727537,"OAXBTC":0.736131012,"BQXETH":0.7340803983,"OAXETH":0.7305967715,"GASBTC":0.73016694,"BRDBTC":0.7239901722,"XZCBTC":0.7211156975,"STEEMBTC":0.7152089726,"STRATBTC":0.7110487774,"POWRETH":0.707520945,"NEOTUSD":0.6986964255,"PIVXBTC":0.6985216268,"POWRBTC":0.6963687076,"BCPTETH":0.6843832584,"INSBTC":0.683036802,"CVCBTC":0.6818103266,"REPETH":0.6800663939,"NULSBTC":0.6712481956,"PHXETH":0.6438416145,"MODBTC":0.6410915098,"NXSBTC":0.6378768765,"GTOETH":0.6374861812,"HCBTC":0.6288862342,"ELFBTC":0.623824003,"LRCBTC":0.6192169323,"SALTBTC":0.5990491419,"CLOAKBTC":0.5978754155,"DLTBNB":0.5967420856,"EOSUSDC":0.5919329621,"LRCETH":0.5908000256,"BCDBTC":0.5780409984,"NEOETH":0.5765755963,"BLZBTC":0.5685631435,"HCETH":0.5672623951,"AEBTC":0.5594840053,"RDNBTC":0.5592334458,"LINKBTC":0.5555316342,"BNBUSDT":0.5481554157,"BNBBTC":0.5475334829,"BNBUSDC":0.5458033302,"CMTETH":0.5401727505,"NULSUSDT":0.5354877647,"LINKETH":0.5152848189,"WTCBTC":0.4929544496,"AMBBTC":0.4890513378,"EOSBNB":0.4787385498,"AEETH":0.4613661709,"TRXETH":0.4513204637,"STRATETH":0.4502499619,"NEOBTC":0.43668645,"PPTBTC":0.4329301198,"TRXXRP":0.4158213915,"ETCETH":0.4097772344,"KMDBTC":0.3995282516,"BNBPAX":0.3858087339,"MTLBTC":0.3769100197,"NEOUSDT":0.3767954118,"GVTBTC":0.3520535786,"SKYBTC":0.346140085,"NASBTC":0.3407822236,"WAVESETH":0.3160903568,"WAVESBTC":0.3141654259,"ONTETH":0.2946576819,"XLMUSDC":0.2809351856,"ETCUSDT":0.2766460562,"TRXUSDT":0.26966321,"AIONBTC":0.263308086,"ONTUSDT":0.2632540755,"BNBETH":0.263114214,"XLMTUSD":0.2628499677,"ETCBTC":0.2325367594,"USDCPAX":0.2304710057,"ADABNB":0.2300437998,"VETUSDT":0.2214515408,"TRXBNB":0.2164413655,"ZILETH":0.2156606596,"BCHABCUSDT":0.2151359023,"ZRXBTC":0.2082558218,"ARKBTC":0.1932569058,"ONTBTC":0.1594602984,"USDCTUSD":0.1514230759,"XRPUSDT":0.1512879411,"LTCETH":0.1482476654,"LSKBTC":0.1466061933,"BCHSVUSDT":0.1399915007,"LTCUSDT":0.138498035,"XLMETH":0.1337532793,"WANBTC":0.1098532504,"PAXTUSD":0.1036738407,"OMGETH":0.0988854072,"VETETH":0.0980844194,"XRPUSDC":0.0969892038,"NANOBTC":0.0957775592,"BCHSVBTC":0.0903290665,"BATBTC":0.0902185083,"XLMUSDT":0.0790831355,"BTCPAX":0.0768255666,"ETHUSDT":0.0764941429,"XMRBTC":0.0532791801,"LTCBNB":0.0532574271,"PAXUSDT":0.049713001,"ETHPAX":0.0409013051,"LTCBTC":0.0404637565,"KNCBTC":0.0309498531,"MCOBTC":0.0262895362,"XMRETH":0.0259952841,"QTUMBTC":0.0252544569,"XRPETH":0.0245260016,"ADAETH":0.023848049,"TUSDETH":0.009934855,"BCHABCBTC":0.0073301295,"TUSDUSDT":-0.0036050059,"SNTETH":-0.019527479,"ETHBTC":-0.0331802726,"XLMPAX":-0.0388828758,"ADATUSD":-0.0557386329,"QTUMUSDT":-0.0564870744,"XRPBNB":-0.0819681402,"EOSETH":-0.0853949332,"TRXTUSD":-0.0857021403,"XRPTUSD":-0.107116358,"TUSDBTC":-0.126009559,"EOSBTC":-0.128272468,"XRPBTC":-0.131649024,"ZECBTC":-0.149883163,"ICXUSDT":-0.1620476646,"ICXBTC":-0.1676945571,"ETHUSDC":-0.170995136,"BTCUSDT":-0.1786811455,"ADAUSDT":-0.210101306,"OMGBTC":-0.2289780344,"DASHBTC":-0.2297834819,"IOTAUSDT":-0.2407006017,"EOSUSDT":-0.2421211893,"IOTABTC":-0.2437083512,"EOSPAX":-0.2445434917,"XRPPAX":-0.2592355122,"IOTAETH":-0.2963357818,"DCRBTC":-0.3068597329,"BTCUSDC":-0.3184905167,"TUSDBNB":-0.3264805864,"USDCUSDT":-0.3807802146,"BTGBTC":-0.4589385447,"ENGBTC":-0.7550994918},"startDate":"2019-01-14","endDate":"2019-01-21","numDays":7,"excludedPairs":["BTSETH","AMBBNB","RVNBNB","SCETH","ZENETH","CMTBNB","LOOMBNB","YOYOBTC","LUNETH","PAXBNB","TRXBTC","FUELETH","DENTETH","XZCXRP","GNTBNB","LINKUSDT","BCDETH","XEMBTC","CNDBNB","LINKPAX","AGIBNB","HOTETH","EDOBTC","RPXBNB","OSTETH","NPXSETH","PAXETH","VENETH","SNMETH","NAVBNB","QSPETH","ZRXETH","XEMBNB","ADXBNB","NXSETH","APPCBNB","SYSBNB","QLCBNB","QSPBTC","MFTBNB","VETBNB","IOSTETH","MITHBTC","BTGETH","NEBLETH","DENTBTC","RENBNB","ADXETH","GNTBTC","WANBNB","ZENBNB","SYSBTC","ICNBTC","AGIBTC","VENBTC","IOTXBTC","ELFETH","RDNBNB","EOSTUSD","WTCETH","NEBLBNB","STORMETH","ONTBNB","MITHBNB","BCNBTC","CDTETH","GRSETH","AEBNB","POEETH","DASHETH","QSPBNB","BCCBNB","GXSETH","LSKETH","POWRBNB","BLZETH","THETAETH","LSKBNB","GNTETH","THETABNB","AIONBNB","YOYOBNB","GRSBTC","VIBETH","WAVESUSDT","QLCBTC","RCNETH","BATBNB","BTSBTC","LOOMBTC","XLMBTC","BRDETH","SNGLSETH","PHXBTC","WANETH","ETCBNB","DATABTC","GTOBNB","PPTETH","ENJBNB","CNDETH","ADABTC","NULSETH","APPCETH","ENJETH","LINKTUSD","QTUMETH","PIVXETH","STORMBTC","KEYETH","POAETH","LENDETH","THETABTC","USDCBNB","SCBNB","SALTETH","XZCBNB","VENUSDT","REQETH","ENGETH","DNTETH","TRIGETH","BCNBNB","HSRETH","RPXETH","LOOMETH","BNTETH","NCASHBNB","RCNBTC","MFTBTC","WPRETH","CVCBNB","MTHETH","BTSBNB","DCRBNB","VIABNB","PHXBNB","CNDBTC","POABTC","CMTBTC","AMBETH","RPXBTC","MDAETH","SUBBTC","BRDBNB","XZCETH","BCNETH","BCCUSDT","NASETH","VIAETH","RCNBNB","BCCETH","OSTBTC","REQBTC","NCASHBTC","NEOBNB","CVCETH","POLYBNB","GVTETH","NAVETH","ARDRBNB","RVNBTC","WAVESUSDC","KNCETH","MCOBNB","MTLETH","ZILBTC","HOTBTC","VETBTC","BNTBTC","RLCETH","EVXETH","STEEMETH","AGIETH","RLCBNB","SUBETH","IOTABNB","KEYBTC","WAVESPAX","MFTETH","WABIETH","DATAETH","SNTBTC","WPRBTC","VIBBTC","SYSETH","NANOETH","NXSBNB","DGDETH","HSRBTC","VENBNB","PAXBTC","NULSBNB","BATETH","IOSTBTC","QKCBTC","STORMBNB","WAVESTUSD","CLOAKETH","BCPTBNB","NCASHETH","XVGBTC","BCCBTC","CHATBTC","WINGSETH","TRIGBTC","LINKUSDC","DGDBTC","TNBBTC","NEBLBTC","XVGETH","LENDBTC","EDOETH","APPCBTC","SCBTC","XLMBNB","POEBTC","BLZBNB","NANOBNB","OSTBNB","RDNETH","ZECETH","ENJBTC","ICXBNB","TNBETH","AIONETH","WAVESBNB","INSETH","MODETH","QTUMBNB","REPBNB","NPXSBTC","POLYBTC","ARKETH","FUNBTC","GOBTC","FUELBTC","SKYETH","KMDETH","MANAETH","ZILBNB","STORJETH","USDCBTC","MTHBTC","MANABTC","RENBTC","SNMBTC","ICNETH","FUNETH","ARDRETH","QLCETH","TRIGBNB","PIVXBNB","CHATETH","WABIBNB","GOBNB","IOTXETH","STEEMBNB","MCOETH","POABNB","CDTBTC","DOCKBTC","SKYBNB","DNTBTC","ASTETH","NASBNB","SNGLSBTC","XEMETH","WTCBNB","YOYOETH","ICXETH"]}