{"data":{"EVXBTC":0.924061406,"NAVBTC":0.9194894902,"RDNBTC":0.9073039212,"DGDBTC":0.8873369459,"MODBTC":0.8861763209,"HCBTC":0.8679558183,"EDOBTC":0.8437182492,"PPTBTC":0.8416687933,"LUNBTC":0.841572548,"PIVXBTC":0.8385810739,"WABIBTC":0.8292258549,"THETABTC":0.8236922638,"NULSBTC":0.8186945136,"GXSBTC":0.8067355495,"LRCBTC":0.8056380519,"VIABTC":0.8016830734,"ADXBTC":0.7941433594,"DLTBTC":0.7858560624,"EVXETH":0.7851024819,"GVTBTC":0.7827522439,"NULSUSDT":0.7770497251,"RLCBTC":0.7745014342,"LRCETH":0.7581676501,"LUNETH":0.7498502299,"GRSBTC":0.7358440871,"BNTBTC":0.7292685306,"BRDBTC":0.7109022217,"ZENBTC":0.7096798382,"NANOBTC":0.709528004,"CLOAKBTC":0.6846198133,"SALTBTC":0.6786238921,"HOTETH":0.6784479235,"THETAETH":0.677486024,"ENGBTC":0.6728560653,"GVTETH":0.6700203505,"NANOETH":0.6677821106,"BNBPAX":0.6522384206,"ARNBTC":0.6503455442,"WINGSBTC":0.6499785557,"ELFBTC":0.6333651643,"NXSBTC":0.6224803641,"FUNETH":0.6211467257,"DLTETH":0.6066028969,"STORJBTC":0.5979796783,"XZCBTC":0.5977891216,"MDABTC":0.5689676882,"ZRXBTC":0.5545597943,"GTOETH":0.5493465037,"TRXXRP":0.5312223418,"WINGSETH":0.5198762288,"TRXETH":0.5045272286,"WAVESBTC":0.4795528164,"ARKBTC":0.468459832,"OAXBTC":0.4478727552,"WAVESTUSD":0.4423596484,"WAVESUSDT":0.4421065764,"BQXBTC":0.4388565716,"KMDBTC":0.4367398242,"NEBLBTC":0.4347716745,"ZRXETH":0.4310912699,"INSBTC":0.416164883,"MTLBTC":0.4114881609,"WAVESETH":0.3988778578,"BCDBTC":0.3721104102,"XLMTUSD":0.3639060598,"STRATBTC":0.3573700799,"ONTBTC":0.3568071636,"TRXUSDT":0.3461549367,"AGIBTC":0.3356623195,"LINKBTC":0.3344254077,"ARNETH":0.3095220889,"BQXETH":0.3000076231,"XLMETH":0.2919667098,"LSKBTC":0.2844968856,"TUSDUSDT":0.277665791,"NASBTC":0.2705788377,"GASBTC":0.2621986297,"OAXETH":0.2534456931,"PAXUSDT":0.24342513,"BNBUSDT":0.2421673429,"REPBTC":0.2408817285,"EOSUSDC":0.2323919753,"DCRBTC":0.2312495,"VETUSDT":0.2272760972,"NEOTUSD":0.2210970722,"XMRBTC":0.2148963816,"ZILETH":0.2106819795,"BTGBTC":0.2074350833,"ETCETH":0.2028486846,"AIONBTC":0.1996330152,"BCHABCUSDT":0.1796641776,"XLMBTC":0.1747580554,"BCPTETH":0.1584740804,"BCHABCBTC":0.1566627423,"XLMUSDC":0.1541925105,"CMTETH":0.1452723095,"ONTUSDT":0.1413302837,"WTCBTC":0.1392021019,"USDCPAX":0.1364219822,"BNBBTC":0.1310775229,"LINKETH":0.129341502,"LINKUSDC":0.1252340971,"NEOBTC":0.1197838779,"ONTETH":0.119146556,"MCOBTC":0.1160154977,"KNCBTC":0.1154151139,"XMRETH":0.1110510827,"XLMPAX":0.1062461112,"LINKUSDT":0.0915477499,"TRXBNB":0.0850941553,"DASHBTC":0.0804808732,"AEBTC":0.0683286469,"OMGBTC":0.0682300873,"ETHUSDC":0.047110946,"BNBUSDC":0.0398214264,"VETETH":0.0370497193,"LTCUSDT":0.0225359741,"BCHSVUSDT":0.0190728333,"PAXTUSD":-0.0066600022,"ETCBTC":-0.0069315074,"USDCTUSD":-0.0077821109,"DNTETH":-0.008557001,"LTCBTC":-0.0134141537,"TUSDETH":-0.0203905172,"BCHSVBTC":-0.0206501503,"AEETH":-0.0242363412,"TRXTUSD":-0.0254413089,"WANBTC":-0.030980032,"LTCETH":-0.0323787306,"NEOETH":-0.0352631544,"REPETH":-0.0381045179,"BNBETH":-0.0483956801,"XLMUSDT":-0.0500063484,"ZECBTC":-0.0591741487,"TUSDBTC":-0.0650196443,"POWRBTC":-0.0663965964,"BATBTC":-0.0675106476,"XRPBNB":-0.0842433888,"STEEMBTC":-0.0851290048,"SKYBTC":-0.0973262493,"TUSDBNB":-0.0974511816,"QTUMBTC":-0.1036656317,"BTCUSDC":-0.1154838099,"EOSBTC":-0.1265369489,"EOSPAX":-0.1442165762,"POLYBTC":-0.1726779565,"ETCUSDT":-0.1944786693,"NEOUSDT":-0.2012566546,"EOSUSDT":-0.2409278691,"XRPPAX":-0.2539824329,"XRPTUSD":-0.2813083984,"XRPBTC":-0.2815520468,"ETHBTC":-0.2884630686,"LINKTUSD":-0.289783396,"XRPUSDC":-0.2911350146,"XRPETH":-0.3089447933,"ADAETH":-0.311754449,"ICXUSDT":-0.3167243362,"BTCPAX":-0.3193463886,"ETHPAX":-0.3244759105,"USDCUSDT":-0.3532189767,"IOTABTC":-0.3607093205,"ETHUSDT":-0.3771801474,"BTCUSDT":-0.4018444006,"EOSETH":-0.4021876903,"XRPUSDT":-0.4060206123,"IOTAETH":-0.4216317341,"LTCBNB":-0.425374153,"ICXBTC":-0.435419151,"ADAUSDT":-0.4480557021,"ADATUSD":-0.495384997,"QTUMUSDT":-0.5808025923,"IOTAUSDT":-0.6088225092},"startDate":"2019-01-20","endDate":"2019-01-27","numDays":7,"excludedPairs":["INSETH","CVCBTC","KEYBTC","CNDBNB","REQBTC","RDNBNB","QLCETH","XVGETH","LTCTUSD","FUELETH","CDTETH","KEYETH","LOOMETH","GTOBTC","BCDETH","RLCETH","HSRETH","EDOETH","QLCBNB","ARKETH","LENDBTC","POEBTC","ZECETH","BLZBTC","SNTBTC","RCNBNB","BCHSVPAX","NXSBNB","BRDETH","WPRETH","BTSETH","OSTBTC","BLZBNB","QSPETH","POABTC","SYSBTC","STEEMETH","BNTETH","APPCBNB","YOYOETH","CLOAKETH","DCRBNB","RVNBNB","WTCBNB","NASETH","XEMBTC","WAVESPAX","XVGBTC","USDCBTC","SKYBNB","DOCKBTC","STORMBTC","ZENETH","SNMBTC","APPCBTC","HCETH","ADABTC","CMTBNB","WABIBNB","BATBNB","QTUMBNB","BCNBNB","PHXBTC","PAXBNB","ENGETH","MTHBTC","NANOBNB","ICNETH","MDAETH","NULSETH","XEMBNB","ARDRBNB","MFTETH","AMBETH","LTCUSDC","RENBNB","CNDBTC","RVNBTC","RLCBNB","IOTABNB","POAETH","LENDETH","AIONETH","AGIBNB","VIBETH","XZCXRP","ENJBTC","GNTETH","TRIGBTC","NPXSETH","RCNETH","STORMETH","STRATETH","NEBLETH","DGDETH","GRSETH","VIBBTC","QKCETH","WANETH","WPRBTC","PIVXETH","STORJETH","SNMETH","CVCBNB","DLTBNB","CHATETH","TRIGBNB","SUBETH","QSPBNB","POWRETH","MITHBTC","SYSBNB","XZCETH","MTLETH","ARDRBTC","GOBTC","BCPTBTC","ARDRETH","SNGLSBTC","CVCETH","RCNBTC","ICXETH","MCOETH","STEEMBNB","MTHETH","VIBEETH","POLYBNB","XEMETH","RPXBTC","VENETH","HOTBTC","QTUMETH","FUELBTC","MFTBTC","POWRBNB","LOOMBNB","OSTBNB","ADXETH","SCBNB","VETBTC","WAVESUSDC","NCASHBTC","BCPTBNB","TNTBTC","LOOMBTC","DNTBTC","BATETH","ADABNB","ENJBNB","POEETH","CDTBTC","RDNETH","ELFETH","IOTXETH","DOCKETH","TNTETH","LTCPAX","CHATBTC","TRXUSDC","THETABNB","IOSTBTC","SALTETH","VETBNB","MANABTC","DATABTC","GXSETH","TRIGETH","YOYOBTC","WAVESBNB","KNCETH","PPTETH","MFTBNB","RENBTC","TRXBTC","KMDETH","LSKBNB","WABIETH","SKYETH","ADXBNB","PIVXBNB","MANAETH","VENUSDT","ASTETH","BCCBNB","PAXBTC","AGIETH","NAVBNB","DENTETH","VIBEBTC","SCBTC","WTCETH","NULSBNB","CMTBTC","PAXETH","ZILBNB","BCHSVTUSD","BCCETH","BRDBNB","BTSBNB","BLZETH","OMGETH","BCHSVUSDC","ASTBTC","IOTXBTC","LSKETH","NASBNB","BCNBTC","DASHETH","CNDETH","SYSETH","SNGLSETH","BCHABCTUSD","WANBNB","BCHABCUSDC","USDCBNB","TNBBTC","RPXETH","QLCBTC","GNTBNB","BCHABCPAX","ZILBTC","NCASHETH","AMBBNB","ZENBNB","SCETH","YOYOBNB","ONTBNB","ICXBNB","REQETH","AMBBTC","PHXETH","ENJETH","DENTBTC","RPXBNB","GOBNB","MODETH","APPCETH","AEBNB","STORMBNB","BCCUSDT","VENBNB","ICNBTC","BTSBTC","SUBBTC","SNTETH","POABNB","NCASHBNB","OSTETH","GNTBTC","LINKPAX","XLMBNB","EOSBNB","GTOBNB","NEOBNB","VIABNB","NXSETH","QSPBTC","ETCBNB","TNBETH","DATAETH","BCCBTC","NAVETH","BCNETH","HSRBTC","BTGETH","PHXBNB","NPXSBTC","FUNBTC","MCOBNB","EOSTUSD","NEBLBNB","VENBTC","TRXPAX","AIONBNB","XZCBNB","QKCBTC","MITHBNB","REPBNB","VIAETH","IOSTETH"]}