{"data":{"BATBTC":0.9608944387,"BATETH":0.9527734048,"NEBLBTC":0.9368968002,"WINGSBTC":0.9307464229,"STORJBTC":0.9305735133,"SUBBTC":0.9293403965,"VIABTC":0.8998147388,"BCHSVBTC":0.8871629655,"PPTBTC":0.8766581558,"RDNBTC":0.8548984321,"BATBNB":0.8418981136,"ADXBTC":0.8231570022,"BCHSVUSDT":0.8222918766,"STRATBTC":0.820058338,"LUNBTC":0.7884543898,"POLYBTC":0.7790670526,"TRXTUSD":0.7621105192,"ICXBTC":0.7618259278,"GRSBTC":0.7561636591,"TRXXRP":0.7526121996,"THETABTC":0.7490541913,"CLOAKBTC":0.7457766853,"GXSBTC":0.7449950504,"NULSBTC":0.7439554339,"MCOBTC":0.7348660429,"STEEMBTC":0.7306107797,"WAVESBTC":0.7303701588,"ZENBTC":0.7231669681,"EVXBTC":0.6970010753,"BCHSVTUSD":0.6957514216,"POWRBTC":0.680406979,"ENGBTC":0.6762224602,"REPBTC":0.6667680771,"HCBTC":0.6648690276,"OAXBTC":0.6625283133,"QKCETH":0.6617115985,"TRXUSDT":0.6577062655,"MODBTC":0.6536480895,"BRDBTC":0.6334589873,"REPETH":0.6316256874,"EDOBTC":0.6291339339,"BTTBNB":0.6212018375,"DGDBTC":0.6112948059,"WTCBTC":0.5903519776,"WAVESUSDT":0.5896171155,"NULSUSDT":0.5884431591,"TUSDETH":0.5865801683,"THETAETH":0.5825662747,"XZCBTC":0.5781171302,"TRXETH":0.5698816555,"RLCBTC":0.5693312756,"ICXUSDT":0.5684027038,"DLTBTC":0.5618848152,"NPXSETH":0.5568890528,"XEMBTC":0.5464612306,"THETABNB":0.5457362055,"ICXETH":0.5456884706,"BQXBTC":0.526065604,"BCHABCBTC":0.5188089756,"WABIBTC":0.4737210198,"INSBTC":0.4708396398,"NAVBTC":0.4623957206,"MTLETH":0.448899635,"LINKBTC":0.4461452154,"BNBPAX":0.4309622692,"LTCETH":0.4265499597,"IOTABTC":0.4264045081,"BNBBTC":0.4253658206,"DLTETH":0.4188950645,"BNBUSDC":0.3990908988,"ARNBTC":0.3872064662,"WAVESETH":0.3796663137,"WAVESTUSD":0.3789079482,"EVXETH":0.3766482219,"EOSBTC":0.3747223214,"XEMETH":0.3742730283,"DASHBTC":0.3729557031,"EOSETH":0.369085631,"BNBUSDT":0.3670822648,"TRXBNB":0.3529735973,"EOSUSDC":0.3424909655,"BTGBTC":0.3352916397,"USDCUSDT":0.3318990543,"GASBTC":0.3317350237,"LTCUSDT":0.3308123657,"LTCBTC":0.3303371141,"LINKETH":0.2919885414,"LINKUSDT":0.2918864395,"PIVXBTC":0.273930152,"ARNETH":0.2596707592,"IOTAETH":0.2574763597,"NEOETH":0.2563061402,"PAXUSDT":0.2536700847,"HOTETH":0.252511828,"BNBETH":0.2514072677,"BCHABCTUSD":0.2133323363,"MFTETH":0.2005374373,"USDCTUSD":0.1875133206,"TUSDUSDT":0.1871765938,"LTCUSDC":0.1797603041,"XLMPAX":0.1778083874,"KMDBTC":0.1757928356,"MDABTC":0.1672663217,"IOTAUSDT":0.1670592287,"EOSPAX":0.1645858689,"ADABNB":0.1634875516,"WANBTC":0.1589087203,"NEOBTC":0.1562010441,"EOSUSDT":0.1510901547,"PAXTUSD":0.1386184676,"XLMBNB":0.1160305962,"ETCBTC":0.0979910963,"WAVESBNB":0.0875334013,"USDCPAX":0.0862689633,"BCDBTC":0.0808679198,"AEBTC":0.0784907536,"BCHABCUSDT":0.0779180831,"SKYBTC":0.0688971081,"EOSBNB":0.0664937353,"XRPBNB":0.0612097014,"XLMUSDC":0.0383436285,"LTCTUSD":0.0262121486,"XLMBTC":0.0254886932,"BTTUSDT":0.0253846532,"ETHUSDC":0.0225105701,"XLMUSDT":0.0175472,"BTCPAX":0.0156987042,"ADAETH":0.0071471196,"LRCBTC":0.0050620872,"MTLBTC":-0.0167072036,"XRPUSDC":-0.0169000471,"XRPPAX":-0.016919672,"GVTBTC":-0.017664712,"LSKBTC":-0.0361402684,"XRPBTC":-0.0373114244,"XRPETH":-0.0606570584,"XLMTUSD":-0.0640012555,"AGIBTC":-0.0650906878,"LINKTUSD":-0.0745446359,"NEOBNB":-0.0770292405,"LTCBNB":-0.077587971,"XRPUSDT":-0.0824869162,"VETETH":-0.0841857249,"AMBBTC":-0.0936089293,"TUSDBNB":-0.099033157,"XRPTUSD":-0.1000948469,"ADAUSDT":-0.1016356341,"TUSDBTC":-0.1074126744,"AIONBTC":-0.1131218408,"EOSTUSD":-0.1225038921,"ADATUSD":-0.1273403766,"ZILETH":-0.1346437181,"LINKUSDC":-0.1476048518,"XLMETH":-0.1533555268,"VETUSDT":-0.167713532,"BTCUSDT":-0.1816851905,"ZRXETH":-0.1844062535,"ZECBTC":-0.1881890354,"ZRXBTC":-0.2123626336,"NEOUSDT":-0.2220662375,"ONTBTC":-0.2349376056,"BTCUSDC":-0.3124666084,"ONTUSDT":-0.3218758677,"ETHUSDT":-0.3404065495,"NEOTUSD":-0.3434279832,"SALTBTC":-0.3568627596,"NXSBTC":-0.3584314753,"ETHBTC":-0.3689039359,"DCRBTC":-0.3706953015,"NASBTC":-0.3818023909,"OMGBTC":-0.3954048686,"ARKBTC":-0.4549268944,"OMGETH":-0.5138756059,"ETCUSDT":-0.514037234,"XMRETH":-0.528493927,"QTUMBTC":-0.5385804301,"XMRBTC":-0.588487124,"QTUMUSDT":-0.6168147166,"NANOETH":-0.6690634103,"ETHPAX":-0.7442947347,"NANOBTC":-0.8279960162},"startDate":"2019-02-01","endDate":"2019-02-08","numDays":7,"excludedPairs":["AGIBNB","OSTBNB","RLCBNB","BTSETH","ENJBNB","WAVESUSDC","MITHBTC","WINGSETH","LENDBTC","BQXETH","ZECETH","DOCKBTC","HSRBTC","SYSETH","WABIETH","RDNBNB","DENTBTC","QTUMBNB","NULSBNB","BCNETH","VIBETH","QLCETH","SCETH","WPRBTC","BCCBNB","ELFBTC","STEEMETH","STORMETH","BCHSVUSDC","GTOBTC","CNDETH","YOYOBNB","VENUSDT","NPXSBTC","REPBNB","ENJBTC","BCCETH","NEBLETH","BCCBTC","VENBTC","OSTBTC","POWRBNB","TRIGBTC","DGDETH","YOYOBTC","LOOMBTC","POLYBNB","QSPBTC","ARDRBTC","MCOETH","ELFETH","RVNBTC","CVCBTC","MANABTC","CVCBNB","EDOETH","ONTETH","CHATETH","RENBNB","LRCETH","BTTBTC","PAXBNB","XZCXRP","ZILBTC","REQBTC","NCASHBTC","CNDBTC","KNCETH","BCPTBNB","ZILBNB","LINKPAX","OAXETH","SYSBNB","XEMBNB","IOTXETH","ZENBNB","POEBTC","RDNETH","PPTETH","KNCBTC","AGIETH","ASTBTC","SNMBTC","BLZBNB","AIONETH","VIBEBTC","CMTETH","DOCKETH","CVCETH","BCPTBTC","QLCBNB","BNTETH","RCNBTC","RLCETH","MCOBNB","BTSBTC","QTUMETH","CMTBTC","ENGETH","LSKBNB","WANBNB","FUNBTC","ADABTC","STORMBTC","HCETH","SNMETH","BLZETH","YOYOETH","WABIBNB","DATABTC","LSKETH","VIABNB","OSTETH","ASTETH","RCNETH","ARDRBNB","NCASHBNB","STORJETH","TRXPAX","SUBETH","NASETH","DCRBNB","QKCBTC","TNTETH","NANOBNB","POAETH","PIVXETH","PHXBTC","BCHABCUSDC","SCBTC","MITHBNB","TNBBTC","SKYBNB","BCCUSDT","AIONBNB","BTSBNB","GOBTC","PAXETH","QLCBTC","SCBNB","BTGETH","SNGLSETH","PIVXBNB","BNTBTC","FUNETH","ADXETH","SNTBTC","QSPBNB","BRDETH","GNTETH","DATAETH","PHXBNB","XVGETH","INSETH","AMBETH","ICNBTC","NCASHETH","RVNBNB","DNTBTC","BRDBNB","MTHBTC","SNGLSBTC","DASHETH","MDAETH","ETCBNB","RENBTC","ONTBNB","IOSTBTC","MFTBNB","CDTETH","CDTBTC","CNDBNB","LENDETH","ETCETH","DENTETH","VIBBTC","CMTBNB","TRIGETH","GRSETH","LUNETH","ARKETH","WTCETH","TRIGBNB","HOTBTC","FUELETH","BCNBTC","CHATBTC","NEBLBNB","RCNBNB","SALTETH","STORMBNB","SYSBTC","FUELBTC","TRXBTC","BCHSVPAX","GNTBNB","NAVETH","GOBNB","RPXBTC","LTCPAX","NAVBNB","GTOETH","GTOBNB","WPRETH","NULSETH","POEETH","APPCBNB","PHXETH","STEEMBNB","BCNBNB","HSRETH","QSPETH","SNTETH","NXSBNB","TRXUSDC","GVTETH","USDCBNB","VIAETH","ADXBNB","TNTBTC","POABNB","BTCUSDS","VENETH","LOOMETH","BCDETH","MFTBTC","USDCBTC","VETBNB","AEBNB","REQETH","VETBTC","ARDRETH","WANETH","XZCBNB","RPXETH","ENJETH","BCHABCPAX","PAXBTC","KMDETH","ICNETH","GNTBTC","AEETH","KEYBTC","APPCBTC","ICXBNB","DNTETH","IOTXBTC","XZCETH","RPXBNB","WAVESPAX","POABTC","NXSETH","BCPTETH","SKYETH","WTCBNB","GXSETH","MTHETH","NASBNB","APPCETH","KEYETH","VENBNB","MODETH","MANAETH","POWRETH","STRATETH","BNBUSDS","DLTBNB","LOOMBNB","TNBETH","IOSTETH","AMBBNB","XVGBTC","CLOAKETH","IOTABNB","ZENETH","VIBEETH","BLZBTC"]}