{"data":{"OAXBTC":0.8759582147,"EVXBTC":0.8441222405,"EDOBTC":0.8424073967,"WINGSBTC":0.8270085921,"GRSBTC":0.7619575436,"RLCBTC":0.7592341625,"ELFBTC":0.7394913899,"GXSBTC":0.733068551,"ADXBTC":0.7085028756,"SUBBTC":0.7075848472,"EVXETH":0.6761544425,"APPCBTC":0.65355009,"XRPBTC":0.6515373695,"LUNBTC":0.6459784731,"BQXBTC":0.6352103572,"XRPETH":0.6248223625,"BRDBTC":0.624495974,"DGDBTC":0.6082232332,"VIABTC":0.6020471467,"BNTBTC":0.5802206384,"PPTBTC":0.5725782497,"ARNBTC":0.5600017959,"STORJBTC":0.5538888698,"NULSBTC":0.5502953842,"OAXETH":0.541349133,"XRPUSDT":0.5376456938,"MDABTC":0.4958480257,"THETABTC":0.4947218628,"PIVXBTC":0.4843425863,"CLOAKBTC":0.4565105641,"WAVESBTC":0.4531983893,"STRATBTC":0.4524438615,"SALTBTC":0.4492431161,"PHXETH":0.436714266,"VIBEBTC":0.4146554946,"DLTETH":0.4071136937,"XRPTUSD":0.3971169169,"XRPPAX":0.389676894,"INSBTC":0.3874763104,"XLMTUSD":0.3873361463,"LRCBTC":0.3799257979,"EOSUSDC":0.3742072836,"DLTBTC":0.3701976761,"GASBTC":0.3580235449,"ARNETH":0.3486403326,"MFTETH":0.331090325,"ADATUSD":0.3215784974,"LTCETH":0.312447019,"TUSDUSDT":0.3046373933,"REPBTC":0.3046013894,"BCHABCTUSD":0.2985500088,"WAVESETH":0.2896118289,"NULSUSDT":0.2794930893,"TUSDETH":0.27834091,"MTLBTC":0.2698380351,"ARKBTC":0.2669956871,"IOTAUSDT":0.2662195141,"LTCBTC":0.2581003462,"GVTBTC":0.258031758,"WAVESUSDT":0.249228627,"REPETH":0.2454129224,"BCHABCBTC":0.2428272606,"WAVESBNB":0.2258205192,"LTCUSDT":0.2243706909,"BNTETH":0.2234246933,"WABIBTC":0.2161870886,"RDNBTC":0.2107549409,"XLMBTC":0.2007680648,"SKYBTC":0.1901634005,"NXSBTC":0.1851385456,"XLMPAX":0.17841649,"KMDBTC":0.177308804,"USDCUSDT":0.1768814482,"EOSETH":0.1685000866,"HOTETH":0.1599508366,"BCHABCUSDT":0.1565963356,"TRXUSDC":0.1496647431,"THETAETH":0.1494417782,"XLMUSDC":0.1482586907,"XZCBTC":0.1450366351,"XLMBNB":0.1420244616,"POWRBTC":0.1388756173,"XRPBNB":0.1340055751,"ZENBTC":0.1339133843,"XLMETH":0.1338610152,"LTCTUSD":0.1300354896,"NEOETH":0.1289970187,"XLMUSDT":0.1197465699,"ADABNB":0.1125147958,"PAXUSDT":0.1068040202,"BCDBTC":0.0968092806,"BNBPAX":0.0960440581,"USDCPAX":0.0958514635,"XRPUSDC":0.0923893488,"NEOBTC":0.0841812638,"ZILETH":0.0741145373,"NASBTC":0.0655398888,"EOSBTC":0.0653015408,"BNBETH":0.0607619867,"EOSUSDT":0.0539350816,"ONTETH":0.0521481999,"TUSDBTC":0.0508879777,"HCBTC":0.0484264389,"MITHBTC":0.0394792085,"LOOMBTC":0.0322394751,"ZECBTC":0.0266022111,"LRCETH":0.0160615611,"LINKTUSD":0.014328533,"ZRXETH":-0.0199026728,"LINKETH":-0.0228215739,"BNBUSDC":-0.0294635827,"LTCBNB":-0.0436219356,"BCHSVBTC":-0.0488624033,"AMBBTC":-0.0505629964,"ETHPAX":-0.0583837451,"MANABTC":-0.0703378559,"BTCPAX":-0.076458733,"ADAETH":-0.0775946959,"NEOTUSD":-0.085368591,"ONTUSDT":-0.0910535321,"TRXETH":-0.1019807842,"BNBUSDT":-0.105007474,"LINKUSDT":-0.1106041956,"ONTBTC":-0.1170498492,"BNBBTC":-0.1204159852,"ETHUSDC":-0.1218903811,"LINKBTC":-0.1221748664,"BTGBTC":-0.1271252479,"TRXXRP":-0.1278508797,"AGIBTC":-0.1282203265,"DASHBTC":-0.1343518987,"POLYBTC":-0.1359298226,"NEOUSDT":-0.1377695827,"ENGBTC":-0.1439433746,"TUSDBNB":-0.1498818664,"BTCUSDC":-0.154008988,"NEOBNB":-0.1570492195,"WANBTC":-0.1586467061,"WAVESTUSD":-0.1605760551,"LSKBTC":-0.1633846588,"ETHBTC":-0.1636608573,"ETHUSDT":-0.1655536611,"USDCTUSD":-0.1749929182,"ZRXBTC":-0.1841886618,"BCHSVUSDT":-0.1884185576,"WTCBTC":-0.1945546407,"ETCUSDT":-0.2127290677,"ADAUSDT":-0.2174610955,"EOSBNB":-0.2251403908,"EOSPAX":-0.2384507839,"BTCUSDT":-0.2505234873,"TRXBNB":-0.2543200258,"QTUMUSDT":-0.2551524322,"MCOBTC":-0.2595982256,"LINKUSDC":-0.2751835658,"XMRETH":-0.2795119489,"QTUMBTC":-0.2816652206,"VETUSDT":-0.2837543651,"IOTABTC":-0.2864586676,"DCRBTC":-0.2982376397,"AEBTC":-0.3230143385,"ICXETH":-0.3330623176,"IOTAETH":-0.3353962266,"TRXTUSD":-0.3361972909,"ICXUSDT":-0.3533891541,"TRXUSDT":-0.3631221261,"VETBNB":-0.3665338138,"KNCBTC":-0.3724840884,"ETCBTC":-0.3765536451,"NANOETH":-0.3884717567,"STEEMBTC":-0.3919903075,"ICXBTC":-0.4054768729,"XMRBTC":-0.4123737662,"XEMBTC":-0.4522562325,"XEMETH":-0.4860114018,"BATBTC":-0.494803946,"PAXTUSD":-0.4985351161,"NANOBTC":-0.5449376054,"NAVBTC":-0.5816450141,"GNTBTC":-0.5852890917,"AIONBTC":-0.6198205567,"OMGETH":-0.6823684132,"OMGBTC":-0.7162765149},"startDate":"2019-01-27","endDate":"2019-02-03","numDays":7,"excludedPairs":["BCNETH","FUELETH","AEETH","AIONETH","GNTBNB","DLTBNB","WINGSETH","MTHETH","QLCBTC","TRIGETH","ARKETH","FUELBTC","LOOMBNB","XVGBTC","CHATBTC","KNCETH","NCASHETH","QSPETH","ONTBNB","YOYOETH","KMDETH","POEBTC","INSETH","STRATETH","ZILBNB","CMTBTC","POABTC","VETBTC","QKCETH","ZECETH","YOYOBNB","RCNBNB","LTCPAX","BCHSVUSDC","ENJBNB","REPBNB","ELFETH","RDNETH","RLCBNB","ENJETH","ETCBNB","LSKETH","ADXBNB","CMTBNB","NCASHBTC","STEEMETH","VIBETH","CDTBTC","IOSTETH","ICNBTC","BCPTBTC","GXSETH","POAETH","THETABNB","CMTETH","AIONBNB","NASETH","GVTETH","SNGLSETH","DASHETH","ARDRBTC","SNTETH","WTCBNB","RENBNB","GRSETH","WANETH","LENDBTC","VIABNB","BTTBNB","PIVXETH","SYSBNB","OSTBNB","DNTBTC","RVNBTC","STORMBTC","RPXETH","GOBTC","VENUSDT","WPRETH","MFTBNB","BQXETH","MITHBNB","MTHBTC","AGIETH","USDCBNB","REQBTC","MODBTC","XZCXRP","PAXBTC","WAVESPAX","DNTETH","BCHSVTUSD","ARDRBNB","AGIBNB","BRDETH","POLYBNB","SKYBNB","SNMETH","ZILBTC","REQETH","CNDBTC","DENTBTC","FUNETH","WANBNB","PHXBNB","CNDETH","SCETH","BRDBNB","RVNBNB","STORJETH","APPCBNB","SNTBTC","CVCBTC","STORMBNB","POEETH","IOTABNB","VETETH","DGDETH","AMBBNB","NAVBNB","BTSBNB","FUNBTC","ZENBNB","BCCETH","NANOBNB","BCHABCPAX","NEBLETH","IOTXETH","STORMETH","BCCBTC","XEMBNB","PIVXBNB","DOCKETH","ASTBTC","NXSETH","STEEMBNB","QKCBTC","VIBEETH","MCOBNB","NASBNB","TNTETH","BLZETH","SUBETH","CNDBNB","SNMBTC","WPRBTC","GTOBNB","BCHSVPAX","MODETH","CLOAKETH","POABNB","CHATETH","SCBTC","QLCBNB","HCETH","RCNETH","SYSBTC","NEBLBTC","APPCETH","AMBETH","BLZBTC","BTTBTC","DCRBNB","RCNBTC","MDAETH","BTTUSDT","AEBNB","LUNETH","CVCETH","LENDETH","ETCETH","PAXETH","OSTBTC","QSPBNB","SALTETH","RPXBNB","GNTETH","ADXETH","SYSETH","TNTBTC","CVCBNB","RLCETH","VIAETH","VENBTC","ZENETH","BTSBTC","NULSBNB","BCCUSDT","ENGETH","TRIGBTC","YOYOBTC","DENTETH","ADABTC","QSPBTC","XZCETH","HSRETH","MTLETH","NXSBNB","BCDETH","NAVETH","BLZBNB","ASTETH","WAVESUSDC","PAXBNB","LINKPAX","TRIGBNB","KEYETH","QTUMBNB","XVGETH","GTOETH","DATABTC","SCBNB","WTCETH","BTSETH","LSKBNB","POWRBNB","ENJBTC","EOSTUSD","IOTXBTC","USDCBTC","GTOBTC","LOOMETH","MFTBTC","TNBETH","BATETH","NPXSETH","NULSETH","QTUMETH","RDNBNB","ICNETH","MCOETH","BCNBTC","NPXSBTC","HSRBTC","EDOETH","VENBNB","SNGLSBTC","TRXBTC","ICXBNB","VENETH","DATAETH","VIBBTC","DOCKBTC","BTGETH","GOBNB","HOTBTC","TRXPAX","RENBTC","OSTETH","KEYBTC","NEBLBNB","POWRETH","BCPTBNB","BCNBNB","BCPTETH","CDTETH","RPXBTC","PHXBTC","PPTETH","NCASHBNB","WABIBNB","MANAETH","IOSTBTC","BCHABCUSDC","SKYETH","LTCUSDC","ARDRETH","BCCBNB","XZCBNB","WABIETH","TNBBTC","BATBNB","QLCETH"]}