{"data":{"EDOBTC":0.9584578791,"BTTUSDT":0.9561898805,"BRDBTC":0.9537886044,"POLYBTC":0.9520660623,"APPCBTC":0.9419615433,"APPCETH":0.9265525619,"GVTBTC":0.9253702371,"ASTBTC":0.9195979797,"DGDBTC":0.919021351,"RVNBTC":0.9126747974,"RVNBNB":0.9119897983,"NEOUSDT":0.8987786179,"ONTBNB":0.8972086284,"NEOBTC":0.8947140301,"MDABTC":0.8916454113,"GASBTC":0.8820649379,"DLTBTC":0.8776733785,"ZRXBTC":0.8679527282,"BLZBTC":0.8639974821,"NPXSETH":0.8626559586,"BCPTBTC":0.8608072411,"ONTETH":0.8601673829,"ONTUSDT":0.8593295841,"MANAETH":0.8527881048,"ETHUSDT":0.8514809087,"ONTBTC":0.8432205528,"BCHABCUSDT":0.8413049736,"MDAETH":0.8157786451,"EOSETH":0.8135928218,"ETHBTC":0.811100107,"BCHABCBTC":0.8079741604,"NEOETH":0.7931518423,"PIVXBTC":0.7898453912,"KNCBTC":0.7888516841,"VIABTC":0.7866867962,"BTTBNB":0.7864063123,"AIONBTC":0.7858785758,"ETHUSDC":0.7838672451,"LUNBTC":0.7779484957,"ZRXETH":0.7746159955,"EVXBTC":0.767188442,"ETHPAX":0.7653686929,"KNCETH":0.7639043519,"SKYBTC":0.7638622815,"BQXBTC":0.7595018008,"ADAUSDT":0.7482941099,"ARKBTC":0.7397295087,"POWRBTC":0.7363113079,"GXSBTC":0.7335070624,"OAXBTC":0.7240772872,"XLMUSDC":0.7233713386,"XLMUSDT":0.7164622888,"BCHSVUSDT":0.7046076928,"QTUMUSDT":0.6968309145,"RDNBTC":0.6948054726,"ONGUSDT":0.6890231792,"BATBNB":0.6859248002,"NEOBNB":0.6834467913,"EOSBTC":0.6662921267,"XRPUSDC":0.6657982839,"ZILUSDT":0.6634315791,"OMGBTC":0.6566421741,"XLMTUSD":0.6500232573,"STORJBTC":0.6422752358,"XRPTUSD":0.6413028613,"LINKBTC":0.6353532767,"OMGETH":0.631677458,"EOSUSDT":0.6301118584,"XRPUSDT":0.6282774515,"NASBTC":0.6151601252,"BCHABCTUSD":0.6048381281,"XRPBTC":0.5993901926,"TRXXRP":0.5977484628,"BCHSVTUSD":0.5914287001,"REPBTC":0.5906526845,"EOSBNB":0.5886226499,"BCHSVBTC":0.5882763524,"TRXUSDT":0.5849270472,"MTLBTC":0.5728946897,"XLMPAX":0.5705500969,"MCOBTC":0.5622563461,"LINKUSDT":0.5411315241,"NEBLBTC":0.5387419026,"ETCUSDT":0.5387217844,"TRXETH":0.5356983316,"BTGBTC":0.5346979832,"TRXTUSD":0.5342675259,"USDCUSDT":0.5295990468,"ETCBTC":0.5194810503,"ONGBTC":0.5112920303,"QTUMBTC":0.5074613802,"NANOBTC":0.5074411373,"WABIBTC":0.5059489752,"BATBTC":0.5037841758,"BTCUSDS":0.4985909244,"ZECBTC":0.496396174,"LOOMETH":0.4745672999,"NULSUSDT":0.4673496954,"ADATUSD":0.4601220055,"BATETH":0.4553114703,"PPTBTC":0.4449102095,"XLMETH":0.4395981982,"HOTBNB":0.4288838656,"NEOTUSD":0.4258478649,"ADAETH":0.4206266977,"ICXUSDT":0.4141997081,"XRPBNB":0.4095394043,"EOSPAX":0.4067393453,"LOOMBTC":0.4063784118,"WAVESBTC":0.4015691102,"BNBUSDC":0.3868422219,"KMDBTC":0.3861703719,"AEBTC":0.3848342384,"HCBTC":0.3818574864,"BTCUSDT":0.3798035755,"INSETH":0.3787485875,"XRPPAX":0.3668237688,"XRPETH":0.3641070604,"ENJBTC":0.3591545001,"RCNETH":0.3567102136,"LINKETH":0.3562611599,"INSBTC":0.3546026335,"ZILETH":0.3456390005,"STRATBTC":0.3424013126,"ARNBTC":0.338673604,"IOTAUSDT":0.338496805,"HOTUSDT":0.3364395708,"WAVESUSDT":0.335977658,"STEEMBTC":0.3358719218,"ENJETH":0.3202828829,"ENJBNB":0.3201886028,"LTCBNB":0.3190101644,"USDCPAX":0.3163804978,"XLMBNB":0.3119565477,"EOSUSDC":0.3118852557,"TUSDBNB":0.298558469,"BCDBTC":0.2961017346,"ENGBTC":0.2852650737,"ICXETH":0.2846826984,"IOTABTC":0.2798994065,"ADXBTC":0.271571909,"NULSBTC":0.2683495013,"TRXBNB":0.2628364801,"AEETH":0.2590127753,"ICXBTC":0.2555370635,"TUSDUSDT":0.2373808725,"ZENBTC":0.2259658317,"EOSTUSD":0.2219155456,"ICXBNB":0.2206918621,"CVCBTC":0.2179335111,"ELFBTC":0.2097855328,"ADABNB":0.1913684075,"WTCBTC":0.1574496655,"LTCUSDT":0.1542375222,"ELFETH":0.152346879,"USDCTUSD":0.1319031587,"BTCPAX":0.1092968647,"VETUSDT":0.108831087,"ARNETH":0.0960126616,"LTCBTC":0.0798345615,"FUELETH":0.0721992589,"LTCETH":0.0669168696,"XMRBTC":0.0214896625,"BNBUSDT":0.0018621307,"BNBBTC":-0.0060514858,"DCRBTC":-0.0246662288,"GRSBTC":-0.0344964887,"RLCBTC":-0.0355873872,"WANBTC":-0.0876209644,"TUSDETH":-0.1026415705,"THETAETH":-0.1458264363,"BTCUSDC":-0.1556453441,"BNBETH":-0.1668179288,"LSKBTC":-0.1716533999,"PAXTUSD":-0.1996648183,"PAXUSDT":-0.2271100952,"DASHBTC":-0.2809211224,"LTCTUSD":-0.2946250543,"THETABNB":-0.2972798417,"TUSDBTC":-0.2982384174,"NXSBTC":-0.3072487369,"THETABTC":-0.3318707139,"USDSPAX":-0.4438409798,"LTCUSDC":-0.459700176,"BNBPAX":-0.4907796651},"startDate":"2019-02-25","endDate":"2019-03-04","numDays":7,"excludedPairs":["QTUMETH","WAVESPAX","XEMBNB","PHXETH","FETBNB","BTTPAX","BQXETH","EDOETH","AEBNB","SALTETH","CNDBNB","BCHABCUSDC","BCNBTC","NEBLBNB","SNTBTC","BTTTUSD","DOCKETH","IOSTBTC","ADXETH","GVTETH","KEYETH","TNTETH","BTTUSDC","QLCETH","RENBTC","BLZBNB","XZCBNB","FUELBTC","PAXBTC","WAVESBNB","TRIGETH","POABNB","LRCBTC","LUNETH","WANETH","NAVETH","SUBETH","RLCETH","CVCBNB","VIBBTC","AGIETH","PHXBTC","BTTBTC","MFTBNB","VETBTC","STEEMETH","FETUSDT","BTSBTC","SCBNB","FUNBTC","NPXSBTC","GTOBTC","NASETH","DENTETH","POLYBNB","LINKTUSD","ARDRETH","XLMBTC","TNBETH","CMTBNB","CLOAKETH","STORMBTC","TRXBTC","ZILBNB","QKCETH","DENTBTC","NULSETH","CMTBTC","ARDRBNB","ASTETH","GOBTC","GNTETH","SNGLSBTC","IOTXETH","BCPTETH","PAXBNB","ZILBTC","OSTBNB","ZRXUSDT","WAVESETH","CHATBTC","STRATETH","XZCETH","MTLETH","MODETH","SYSBNB","MTHBTC","PAXETH","DLTETH","RPXBTC","IOTXBTC","ENGETH","FETBTC","RDNBNB","REQETH","VENBTC","QSPBTC","TRIGBNB","VENBNB","AMBETH","BRDETH","WABIETH","USDSTUSD","AMBBNB","STORMETH","DATABTC","HOTETH","VIAETH","GTOBNB","XZCXRP","HOTBTC","LRCETH","TNTBTC","TRXUSDC","DASHETH","HSRETH","NCASHBTC","AIONETH","WPRETH","SUBBTC","STEEMBNB","PHXBNB","AMBBTC","REPETH","MCOETH","BCHSVPAX","BCPTBNB","BTSBNB","CDTETH","LINKUSDC","QTUMBNB","QSPBNB","NANOETH","ICNBTC","BLZETH","OSTETH","ZECETH","CDTBTC","BNBUSDS","WTCBNB","TNBBTC","DNTBTC","BCHSVUSDC","WPRBTC","POABTC","KEYBTC","DCRBNB","HCETH","REQBTC","NCASHETH","NXSBNB","LOOMBNB","VIBEETH","PIVXBNB","ADABTC","LSKBNB","CNDETH","QLCBNB","YOYOBNB","POEBTC","DLTBNB","KMDETH","VETBNB","SALTBTC","ZENETH","CVCETH","LTCPAX","PIVXETH","LSKETH","LENDBTC","NEBLETH","WABIBNB","GTOETH","HSRBTC","SNMETH","MODBTC","MFTBTC","MTHETH","RPXBNB","BTGETH","AIONBNB","ARDRBTC","USDCBTC","STORMBNB","LENDETH","GOBNB","ARKETH","VIBEBTC","CLOAKBTC","BNTBTC","BCDETH","VIABNB","ONGBNB","SNGLSETH","GXSETH","SCBTC","BTSETH","POWRBNB","RDNETH","WINGSBTC","RLCBNB","SYSBTC","BCCBNB","USDSUSDC","AGIBNB","MITHBNB","ZRXBNB","BCNBNB","XEMBTC","ETCETH","TRIGBTC","SYSETH","CHATETH","IOTABNB","NASBNB","DOCKBTC","CNDBTC","BRDBNB","XMRETH","RCNBNB","USDSUSDT","YOYOETH","RPXETH","SCETH","BCHABCPAX","NAVBNB","WAVESUSDC","IOSTETH","NCASHBNB","RCNBTC","SNTETH","XVGBTC","MCOBNB","NANOBNB","REPBNB","OAXETH","SKYETH","DGDETH","VENUSDT","GNTBNB","OSTBTC","XVGETH","BCCUSDT","MITHBTC","USDCBNB","QKCBTC","NULSBNB","ADXBNB","IOTAETH","SNMBTC","WTCETH","SKYBNB","DNTETH","VENETH","POWRETH","CMTETH","AGIBTC","MFTETH","VETETH","POAETH","XZCBTC","RENBNB","MANABTC","ZENBNB","VIBETH","TRXPAX","APPCBNB","BCCETH","BCCBTC","QSPETH","BCNETH","STORJETH","FUNETH","XEMETH","ETCBNB","POEETH","WINGSETH","GNTBTC","NXSETH","GRSETH","ICNETH","PPTETH","QLCBTC","LINKPAX","YOYOBTC","EVXETH","WANBNB","NAVBTC","BNTETH","DATAETH","WAVESTUSD"]}