{"data":{"EVXBTC":0.9463971387,"RLCBTC":0.9231385917,"QTUMUSDT":0.9190108956,"NAVBTC":0.9132781419,"ZENBTC":0.9104290807,"ARDRBTC":0.8966332364,"ALGOBTC":0.8927127235,"DCRBTC":0.8649884381,"OAXBTC":0.8631670963,"ALGOUSDT":0.8426938111,"FUELETH":0.8197663068,"QTUMBTC":0.8140143568,"NULSUSDT":0.79438581,"WTCBTC":0.777563672,"KNCBTC":0.756757401,"MATICBNB":0.7368375456,"ANKRUSDT":0.7363196527,"ANKRBNB":0.7317536795,"LTCUSDC":0.7249567998,"ALGOBNB":0.7208887442,"WABIBTC":0.7180998195,"MATICUSDT":0.7081539146,"GNTBTC":0.7041995628,"NXSBTC":0.7022498248,"LRCETH":0.6866431857,"LINKBTC":0.6692957359,"WTCETH":0.66852409,"GXSBTC":0.6657236103,"THETAUSDT":0.6612544892,"STRATBTC":0.6580574861,"KNCETH":0.6558952297,"LTCUSDT":0.655698992,"POWRBTC":0.6399539013,"APPCBTC":0.6241563731,"PPTBTC":0.623049233,"BCHABCUSDC":0.6152113185,"THETABTC":0.6120220774,"ATOMUSDT":0.6079482163,"RENBNB":0.5912731797,"ONEBNB":0.5746799156,"LTCETH":0.5724327038,"NULSBTC":0.569838657,"ETHUSDC":0.5694676308,"STEEMBTC":0.5612888949,"LINKUSDT":0.5486806024,"LTCBTC":0.535647192,"LRCBTC":0.5339407252,"DUSKBTC":0.5308120157,"LTCTUSD":0.525078593,"REPBTC":0.523419593,"LTCPAX":0.5233415035,"STORJBTC":0.5205598444,"RENBTC":0.5139215725,"BLZBTC":0.5096307227,"ETCUSDT":0.5014274081,"BTCUSDS":0.4899018713,"LTCBNB":0.4898917652,"EOSPAX":0.4796476757,"ONTUSDT":0.4789020795,"MDABTC":0.4770541703,"BCHABCBTC":0.4732206699,"ELFBTC":0.4721726242,"TRXUSDT":0.4691054151,"THETAETH":0.4652016837,"ETHUSDT":0.4637980237,"BNBUSDC":0.4609260433,"DLTBTC":0.4593277555,"ENGBTC":0.4547540396,"DOGEUSDT":0.4486144921,"ARNBTC":0.4395001322,"NEOUSDT":0.4315835808,"WAVESUSDT":0.4172612827,"BTCTUSD":0.4075922762,"BCHABCUSDT":0.4073352832,"ONGBTC":0.4071762529,"DGDBTC":0.3894229947,"ONEUSDT":0.3828213556,"LINKUSDC":0.3782104273,"XRPUSDT":0.3637919166,"DUSKUSDT":0.3624610572,"ZILUSDT":0.361038316,"BTCPAX":0.3570871707,"XRPBTC":0.3559505976,"MDAETH":0.3546358706,"BRDBTC":0.3539674928,"XMRBNB":0.3421701979,"BNBBTC":0.3353285091,"ETHBTC":0.3341104441,"NANOETH":0.3300886171,"ETCBTC":0.3298077819,"BCHABCTUSD":0.324569115,"BNBUSDT":0.3146224439,"ENJBTC":0.3107398736,"TRXXRP":0.3046258849,"BRDBNB":0.2935016245,"ETHPAX":0.2889363853,"BTCUSDT":0.2862982403,"XLMUSDT":0.2836171314,"BTCUSDC":0.2741443787,"EOSUSDC":0.2677039363,"WAVESETH":0.264462634,"BNBETH":0.2620687503,"ATOMBTC":0.2618921132,"XMRUSDT":0.2618474945,"SNTETH":0.255005345,"BCHABCPAX":0.2546575227,"GRSBTC":0.2412370154,"HCBTC":0.2384016638,"EOSBNB":0.2383695169,"FTMBNB":0.2332264173,"CVCBTC":0.2318369457,"USDCTUSD":0.2289333769,"WAVESBTC":0.227472262,"TRXETH":0.2231601333,"TRXUSDC":0.2197860767,"IOTAUSDT":0.2158085961,"ZECUSDT":0.2126776613,"NEOBTC":0.2110328317,"RDNBTC":0.2099801515,"BNBPAX":0.2050944459,"LINKTUSD":0.2016803474,"XRPETH":0.1968749177,"ETHTUSD":0.190738555,"XMRBTC":0.1841329715,"IOSTUSDT":0.1786415641,"NEOETH":0.1604358481,"ADAUSDC":0.1475263118,"XLMETH":0.1453162376,"ETCETH":0.1433136765,"NANOBNB":0.1412316675,"FETBNB":0.1378290598,"NANOBTC":0.1321436218,"BTTUSDT":0.131482135,"ENJUSDT":0.1305546466,"ALGOUSDC":0.1272515373,"XRPPAX":0.1270490196,"LINKPAX":0.1251578567,"LOOMBTC":0.1220160823,"USDCUSDT":0.1214453971,"ENJETH":0.1204518146,"XMRETH":0.1145235158,"FETUSDT":0.1089311951,"ZILETH":0.1038330056,"NASBTC":0.0997171438,"OMGUSDT":0.0965134243,"KMDBTC":0.0701369925,"NANOUSDT":0.0538626337,"MCOBTC":0.0489086704,"MTLBTC":0.0488879436,"BTGBTC":0.0486033646,"BNBTUSD":0.0431208813,"CELRUSDT":0.020880168,"XRPBNB":0.019637575,"XRPTUSD":0.0166085099,"USDCPAX":0.0145169992,"SKYBTC":0.0135697117,"FTMUSDT":0.00393137,"ONTBTC":0.0031096485,"ATOMBNB":0.0014162744,"VIABTC":-0.0008529775,"ASTBTC":-0.0022523671,"FETBTC":-0.0057360873,"NEBLBTC":-0.0132154003,"XEMBTC":-0.0170516725,"BQXBTC":-0.0224680675,"DASHETH":-0.0272575633,"ADAETH":-0.0416025239,"VETETH":-0.0526107405,"AIONBTC":-0.0533263715,"IOTABTC":-0.054348105,"TUSDUSDT":-0.0589596077,"ERDUSDT":-0.0750278593,"XZCBTC":-0.0760318011,"IOTAETH":-0.0771237008,"ADABTC":-0.0785425389,"VETUSDT":-0.0787616513,"TFUELUSDT":-0.0851103955,"LSKBTC":-0.0879853698,"DASHUSDT":-0.091058752,"OMGBTC":-0.0926577037,"LINKETH":-0.094048042,"EOSETH":-0.1013020635,"XLMBTC":-0.1066560197,"DASHBTC":-0.1214330458,"ERDBNB":-0.1218257318,"XRPUSDC":-0.123460886,"BATBTC":-0.1354081043,"BATETH":-0.1383068825,"ADXBTC":-0.1522156754,"XLMBNB":-0.156964133,"NEOBNB":-0.1586034016,"POLYBTC":-0.1631731293,"PAXTUSD":-0.1708520796,"BATBNB":-0.1759055006,"LUNBTC":-0.1764777869,"RVNBTC":-0.1766521364,"VETBNB":-0.1775321502,"TRXBNB":-0.1962900493,"EOSUSDT":-0.207833114,"BATUSDT":-0.2097534101,"WANBTC":-0.2118171465,"EOSBTC":-0.2197765961,"RVNBNB":-0.2266388721,"PAXUSDT":-0.2381228955,"HOTBNB":-0.2473668763,"INSBTC":-0.2503928138,"HOTUSDT":-0.2542846234,"MITHUSDT":-0.2610695926,"ZECETH":-0.2615031405,"ARKBTC":-0.2819864362,"ADAUSDT":-0.2921632511,"ZRXBTC":-0.3058589135,"ZECBTC":-0.3081552813,"ICXBTC":-0.3135342773,"BCDBTC":-0.3252688488,"ICXETH":-0.3440866114,"ZRXUSDT":-0.3634044721,"ADABNB":-0.3671266251,"GVTBTC":-0.4038753816,"EDOBTC":-0.4558400703,"AEBTC":-0.5435659836,"ICXUSDT":-0.564375212},"startDate":"2019-07-30","endDate":"2019-08-06","numDays":7,