{"data":{"GRSBTC":0.9258021594,"XVGETH":0.8997534291,"PPTBTC":0.8933903209,"APPCBTC":0.884181874,"DLTBTC":0.8741355599,"APPCETH":0.865473902,"ENJETH":0.8573190435,"ENJBTC":0.8457868479,"OAXBTC":0.8351101164,"ENJBNB":0.8292575751,"NXSBTC":0.8250845687,"EDOBTC":0.8122133185,"BATBTC":0.7992375662,"VIABTC":0.7931676365,"WABIBTC":0.7899115975,"RVNBTC":0.7870317933,"EVXBTC":0.7867178277,"PHXBTC":0.7863160645,"KNCBTC":0.7823181915,"BLZBTC":0.7822431878,"BCHSVBTC":0.7578196808,"XLMUSDT":0.7520602304,"LTCUSDT":0.7494624677,"PHXBNB":0.7481911299,"LTCBTC":0.7439654945,"ADXBTC":0.7418888321,"BATETH":0.7304392238,"BCPTBTC":0.7297648352,"RDNBTC":0.7116328152,"RVNBNB":0.7094790352,"ARNBTC":0.7083379896,"LTCETH":0.7074412466,"XLMTUSD":0.7006679518,"WANBTC":0.6952809374,"PHXETH":0.684726305,"REPBTC":0.6833392305,"XLMETH":0.6809170446,"LTCTUSD":0.6722052069,"LUNBTC":0.6666112054,"NEBLBTC":0.6653116358,"ICXBTC":0.6642145636,"STORJBTC":0.6532493042,"ARNETH":0.6411657373,"BCHSVUSDT":0.6400932799,"LSKBTC":0.6385823546,"BNTBTC":0.6308937518,"LINKETH":0.6281288339,"STRATBTC":0.6269264148,"AIONBTC":0.6207699736,"BTTUSDT":0.6184003529,"ZENBTC":0.5992170854,"HOTETH":0.5864870479,"FETBTC":0.5753906881,"BRDBTC":0.5704913642,"LOOMBTC":0.5648392576,"BNBBTC":0.5596877996,"PIVXBTC":0.5495941965,"WTCBTC":0.5489677511,"ONGBTC":0.5479239827,"NULSBTC":0.5345751464,"ENGBTC":0.534131375,"HOTUSDT":0.5336294331,"LINKBTC":0.5318745054,"POWRBTC":0.5298197703,"BQXBTC":0.5298119488,"INSBTC":0.5212204557,"ICXETH":0.5153047555,"ICXUSDT":0.5062749571,"BCDBTC":0.5000424732,"FETUSDT":0.4961143118,"BNBETH":0.4836171366,"STEEMBTC":0.4825465524,"MDABTC":0.4797582548,"GXSBTC":0.4793228896,"LOOMBNB":0.4646324864,"ONGUSDT":0.4461518266,"BATBNB":0.4396758006,"DGDBTC":0.437527429,"KNCETH":0.4366433031,"WAVESBTC":0.4336809555,"USDCTUSD":0.4286399071,"POLYBTC":0.4219365907,"ONTBTC":0.4168283996,"LINKUSDT":0.4057148474,"MFTETH":0.405368204,"XLMBNB":0.3989926507,"RLCBTC":0.3960050598,"WAVESUSDT":0.3933110292,"BNBUSDT":0.3698318971,"THETABTC":0.3644626744,"USDSUSDC":0.358429506,"EOSTUSD":0.3451282851,"LOOMETH":0.3431265207,"NASBTC":0.3428027692,"FETBNB":0.341925747,"TNBETH":0.3308343597,"THETABNB":0.3216640979,"XRPUSDC":0.3106467966,"XRPTUSD":0.3024237975,"QTUMUSDT":0.2740300914,"BNBUSDC":0.2270107639,"NEOETH":0.2145895766,"EOSUSDT":0.204749108,"FUELETH":0.2007927762,"QTUMBTC":0.1987605295,"BTGBTC":0.1939190714,"XRPBTC":0.1605774319,"NEOUSDT":0.1585610569,"NANOBTC":0.1574857754,"BTTBNB":0.1419343037,"ETHPAX":0.1336119341,"ZILUSDT":0.1251005952,"NEOBTC":0.1245726256,"HOTBNB":0.1165278245,"EOSBTC":0.1105132121,"XZCBTC":0.1100036814,"ETHUSDT":0.1071083594,"TUSDBTC":0.1036654941,"BTCUSDS":0.1020561842,"XMRBTC":0.0990497343,"EOSUSDC":0.0955709431,"NEOTUSD":0.090783566,"ONTETH":0.0864851208,"TUSDBNB":0.0807458577,"MTLBTC":0.0707157758,"TRXBNB":0.0706927654,"VETBNB":0.0697723014,"EOSETH":0.0686031109,"ICXBNB":0.0664645198,"NEOBNB":0.064489979,"ZRXUSDT":0.0582632458,"EOSBNB":0.0573311774,"ARKBTC":0.0567796211,"HCBTC":0.0483023058,"BNBPAX":0.0476900956,"EOSPAX":0.0370847395,"XRPBNB":0.0295891729,"LTCBNB":0.0293194588,"ONTUSDT":0.0248089809,"ETHBTC":0.0076629664,"BTCPAX":0.0025170227,"XRPUSDT":-0.0020115373,"USDCUSDT":-0.0136262771,"BCHABCUSDT":-0.0195343145,"BTCUSDC":-0.0317703675,"GASBTC":-0.0469523017,"THETAETH":-0.0560421269,"ADABNB":-0.0679593616,"AEBTC":-0.0706341484,"XRPETH":-0.0738559991,"ADAETH":-0.0759187635,"IOTAETH":-0.0806024477,"ELFBTC":-0.0813112639,"ETCETH":-0.0880515557,"ZRXBTC":-0.0884054423,"BTCUSDT":-0.0910928176,"LTCUSDC":-0.0991346332,"DASHBTC":-0.1037394576,"OMGBTC":-0.1072920491,"ADAUSDT":-0.1079484724,"ETCBTC":-0.1211718209,"ETCUSDT":-0.1276516673,"BCHABCTUSD":-0.1326267728,"VETUSDT":-0.1360517835,"USDCPAX":-0.1360855031,"USDSPAX":-0.13678774,"SKYBTC":-0.1387224858,"PAXTUSD":-0.1411427833,"ONTBNB":-0.1421270837,"ZECBTC":-0.1449525838,"VETETH":-0.1508689071,"MCOBTC":-0.1624253056,"GVTBTC":-0.1701341815,"ETHUSDC":-0.1939194958,"PAXUSDT":-0.2322994607,"ZECETH":-0.2366294806,"TRXXRP":-0.254925493,"BCHABCBTC":-0.284397331,"TRXETH":-0.3089577997,"DCRBTC":-0.3211540221,"IOTABTC":-0.3233412846,"TUSDUSDT":-0.3246922404,"TRXUSDT":-0.439376312,"IOTAUSDT":-0.4402712021,"KMDBTC":-0.4624209633,"TUSDETH":-0.4816301304,"XRPPAX":-0.5435486675,"TRXTUSD":-0.5992152206},"startDate":"2019-03-02","endDate":"2019-03-09","numDays":7,"excludedPairs":["XZCBNB","SNGLSBTC","ENGETH","LRCETH","BCCETH","WAVESPAX","SYSBNB","SUBBTC","IOTABNB","WAVESUSDC","HCETH","STORMETH","BCHSVTUSD","QKCBTC","CMTBTC","STEEMBNB","NPXSBTC","CVCBTC","AGIBTC","AMBBNB","SKYETH","PIVXETH","BTTBTC","AMBETH","GOBTC","BRDETH","ZENETH","YOYOETH","DASHETH","AIONETH","OSTBTC","TNTBTC","TRIGBTC","USDCBNB","STORMBTC","XZCXRP","IOTXETH","MODBTC","NCASHBTC","WINGSBTC","BCDETH","DNTBTC","DOCKETH","TNBBTC","BCNBNB","KMDETH","WABIBNB","DLTBNB","MDAETH","GNTETH","CNDBNB","BCHSVUSDC","REPBNB","MANABTC","NULSUSDT","XEMBNB","SALTETH","SYSBTC","MFTBNB","OAXETH","XVGBTC","WTCETH","CDTETH","VIBEBTC","BLZBNB","DGDETH","ADXETH","ELFETH","ETCBNB","SCETH","QLCETH","VENBTC","VENUSDT","PAXBNB","ARDRETH","XLMUSDC","BCCUSDT","LTCPAX","POAETH","QKCETH","VIABNB","MITHBNB","CLOAKETH","POEBTC","TNTETH","VIAETH","ICNETH","NASBNB","TRXUSDC","BTSBNB","NANOBNB","STORMBNB","DLTETH","LUNETH","BTTTUSD","AEETH","WABIETH","WAVESBNB","XMRETH","RPXBTC","GVTETH","LSKBNB","BCPTETH","XZCETH","RENBTC","MITHBTC","BNTETH","RENBNB","SCBNB","LINKPAX","POWRETH","QLCBTC","RLCETH","WAVESETH","CDTBTC","NANOETH","CMTETH","ZENBNB","TRIGBNB","BLZETH","DENTBTC","IOTXBTC","WTCBNB","PAXETH","GTOBTC","MFTBTC","SCBTC","SUBETH","DATABTC","SNTBTC","VENETH","WPRETH","GTOBNB","TRXBTC","ZILBNB","NCASHBNB","FUNETH","POWRBNB","WANBNB","BCNBTC","ONGBNB","ZILETH","SNTETH","DENTETH","BCPTBNB","NULSBNB","USDSUSDT","ASTBTC","HSRETH","XEMBTC","AGIBNB","BNBUSDS","OSTBNB","EDOETH","LSKETH","LRCBTC","REQETH","RLCBNB","NASETH","TRIGETH","GXSETH","BTSBTC","NEBLETH","SYSETH","ASTETH","IOSTBTC","QTUMBNB","QSPBNB","CMTBNB","LINKUSDC","CHATETH","CNDBTC","MTLETH","GOBNB","WPRBTC","WINGSETH","RPXETH","SKYBNB","DOCKBTC","IOSTETH","QLCBNB","MTHBTC","LINKTUSD","GNTBTC","POABTC","NXSBNB","BCNETH","CLOAKBTC","NAVBNB","HSRBTC","MODETH","CVCBNB","CNDETH","NAVBTC","SALTBTC","PAXBTC","RDNETH","FUNBTC","HOTBTC","AGIETH","STRATETH","BQXETH","PIVXBNB","XLMBTC","GNTBNB","BCHSVPAX","RPXBNB","ARDRBTC","VIBEETH","RCNBTC","VIBBTC","RCNBNB","LENDBTC","RDNBNB","NULSETH","DNTETH","REPETH","TRXPAX","CVCETH","MCOBNB","BTGETH","EVXETH","QTUMETH","AEBNB","ZRXBNB","BCHABCPAX","ADXBNB","KEYBTC","POEETH","ARKETH","NPXSETH","ZRXETH","QSPETH","RCNETH","ICNBTC","XLMPAX","ZILBTC","APPCBNB","MCOETH","DCRBNB","SNGLSETH","VENBNB","GTOETH","FUELBTC","QSPBTC","BCCBNB","OMGETH","MANAETH","YOYOBTC","NAVETH","YOYOBNB","XEMETH","WANETH","VETBTC","NCASHETH","BCCBTC","DATAETH","BATUSDT","NXSETH","BCHABCUSDC","STORJETH","ADATUSD","SNMBTC","AIONBNB","ARDRBNB","BRDBNB","WAVESTUSD","NEBLBNB","AMBBTC","PPTETH","ADABTC","OSTETH","BTTUSDC","VIBETH","INSETH","LENDETH","CHATBTC","USDCBTC","GRSETH","POLYBNB","BTTPAX","REQBTC","MTHETH","STEEMETH","KEYETH","USDSTUSD","SNMETH","POABNB","BTSETH"]}