{"data":{"EVXBTC":0.9384390158,"HCBTC":0.9292788706,"PPTBTC":0.923383436,"WABIBTC":0.9221582253,"PHXETH":0.9013299858,"BQXBTC":0.8971517593,"RLCBTC":0.8956071236,"ARNBTC":0.8866978078,"HCETH":0.8836377799,"QTUMBTC":0.8715904349,"LUNBTC":0.8621660945,"TNTETH":0.8534985951,"QKCETH":0.8485071396,"REPBTC":0.8381978168,"QKCBTC":0.8313311732,"PIVXBTC":0.814708905,"NAVBTC":0.7838758194,"STORJBTC":0.7798656129,"VIBEETH":0.7780996466,"POLYBTC":0.7738739771,"BRDBTC":0.7691253934,"DLTBTC":0.7664482039,"EOSUSDC":0.7647141733,"DOCKETH":0.7636156661,"DLTBNB":0.7602494704,"WTCBTC":0.7581955834,"RDNBTC":0.7529815262,"GTOBTC":0.752405194,"INSBTC":0.7502736021,"VIBEBTC":0.7467427741,"DLTETH":0.7454651517,"ADXBTC":0.7436743006,"STEEMBTC":0.7433460162,"REPETH":0.7429572905,"LINKBTC":0.7413490177,"QTUMUSDT":0.7371685751,"OAXBTC":0.7304802702,"WINGSBTC":0.7240648678,"CVCBTC":0.722216535,"ARNETH":0.7209366373,"BQXETH":0.7179691727,"MDABTC":0.7060695978,"ZENBTC":0.6986750579,"BCHSVBTC":0.6984324715,"GASBTC":0.6955851626,"NULSBTC":0.6694201949,"POWRETH":0.65403748,"CLOAKBTC":0.6478846938,"BCHSVUSDT":0.6413180001,"GTOETH":0.6138839419,"MODBTC":0.6118989226,"LINKETH":0.6108549853,"LRCBTC":0.5945186239,"XZCBTC":0.5929452934,"ELFBTC":0.590211133,"LRCETH":0.5887778929,"POWRBTC":0.5872852184,"NASBTC":0.5813830064,"AEBTC":0.5781880128,"STRATBTC":0.5779214173,"MTLBTC":0.5585975144,"BLZBTC":0.5413063077,"BNBBTC":0.5228985501,"XEMETH":0.5214977757,"AMBBTC":0.5208420707,"WAVESBTC":0.5157039532,"AEETH":0.4694901076,"NULSUSDT":0.444934893,"BNBUSDC":0.4363191155,"TRXXRP":0.4306568866,"TRXETH":0.4125192486,"TRXUSDT":0.4077779727,"BNBUSDT":0.3967155468,"NXSBTC":0.395637899,"SKYBTC":0.3849700544,"XLMTUSD":0.3821687114,"WAVESETH":0.3656891912,"BNBPAX":0.3291478898,"TRXTUSD":0.3284314302,"NEOETH":0.3270477461,"ETCUSDT":0.3242506163,"ETCBTC":0.31393727,"TUSDUSDT":0.3083131844,"QTUMETH":0.2870355452,"SALTBTC":0.2789450882,"TRXBNB":0.2789247745,"ONTBTC":0.2436137582,"GXSBTC":0.240621248,"XVGETH":0.2224138902,"TUSDBTC":0.2198791186,"BATBTC":0.2160095448,"BNBETH":0.2043173326,"ONTUSDT":0.2022492882,"STRATETH":0.1871534392,"ONTETH":0.1691930653,"MCOBTC":0.151643973,"ARKBTC":0.1318424205,"GVTBTC":0.1176380947,"BCHABCUSDT":0.1030870373,"LSKBTC":0.0940555284,"AIONBTC":0.0817014936,"BATETH":0.064563561,"XLMETH":0.0644927253,"BCHABCBTC":0.0546433737,"ZILETH":0.0536408235,"XLMUSDT":0.0469255381,"LTCBNB":0.0459571274,"XLMUSDC":0.026089449,"KNCBTC":0.0197000737,"TUSDETH":0.0185203156,"XLMPAX":0.0026731458,"ZECBTC":-0.0285721053,"NEBLBTC":-0.0334250116,"BCDBTC":-0.0427557888,"XMRBTC":-0.0490458746,"ZRXBTC":-0.0750659673,"IOSTETH":-0.0862033037,"SNTETH":-0.0985758276,"VETETH":-0.0995613756,"LTCETH":-0.1009514545,"XMRETH":-0.1057292274,"XRPBNB":-0.1197470831,"LTCUSDT":-0.1278537083,"ADAETH":-0.1291862697,"ETCETH":-0.130296575,"NANOBTC":-0.1562777972,"NEOUSDT":-0.157278241,"USDCPAX":-0.1652254143,"XRPPAX":-0.171926954,"PAXTUSD":-0.1762455591,"BTCPAX":-0.1833104054,"XRPETH":-0.1851672557,"EOSPAX":-0.1867081415,"LTCBTC":-0.1938527182,"KMDBTC":-0.2003966754,"NEOBTC":-0.2241426058,"WANBTC":-0.2429381238,"ICXETH":-0.2433426162,"XRPTUSD":-0.2463633762,"ICXUSDT":-0.2501178454,"USDCTUSD":-0.2616151814,"NEOTUSD":-0.2719570298,"OMGETH":-0.2806233584,"DCRBTC":-0.2976361599,"TUSDBNB":-0.3073284554,"PAXUSDT":-0.3282179638,"BTCUSDC":-0.333228215,"ICXBTC":-0.3352028449,"ETHBTC":-0.3388444541,"DASHBTC":-0.3405181929,"EOSBTC":-0.3471971286,"ZECETH":-0.3610900484,"EOSETH":-0.3616130843,"VETUSDT":-0.3995868953,"XRPUSDT":-0.405665761,"ETHUSDT":-0.4079504875,"IOTABTC":-0.4254766916,"XRPUSDC":-0.4286162938,"BTCUSDT":-0.4303511615,"EOSUSDT":-0.4368887723,"USDCUSDT":-0.4449323485,"BTGBTC":-0.449505578,"IOTAETH":-0.4512756495,"ADAUSDT":-0.4518377093,"ETHPAX":-0.5010032866,"ADATUSD":-0.5457656227,"IOTAUSDT":-0.6140053728,"ETHUSDC":-0.6334813172,"OMGBTC":-0.647074218,"ENGBTC":-0.7775143036},"startDate":"2019-01-12","endDate":"2019-01-19","numDays":7,"excludedPairs":["CLOAKETH","RCNETH","SCBNB","DENTBTC","WABIBNB","AEBNB","RENBNB","RENBTC","WAVESPAX","BCNBTC","BCCBTC","CMTBTC","BTSBTC","ZRXETH","PPTETH","DATAETH","RPXBTC","APPCBTC","NCASHBNB","WAVESBNB","RDNBNB","BNTETH","PHXBTC","STORMETH","WINGSETH","CHATBTC","VENETH","GRSBTC","VIABNB","VETBTC","BTSETH","BCPTETH","NPXSETH","ADXBNB","LSKETH","BCNETH","RCNBNB","MCOBNB","POWRBNB","TRIGBTC","KEYETH","YOYOBNB","MANAETH","HSRBTC","QSPBNB","MDAETH","SKYETH","EVXETH","USDCBNB","MANABTC","DGDBTC","KEYBTC","POABNB","SYSBNB","LENDETH","AGIBTC","NEBLBNB","BCCUSDT","NEOBNB","OSTBNB","CHATETH","XZCETH","NASETH","RPXBNB","XEMBTC","NULSBNB","RLCETH","ELFETH","MITHBTC","XZCBNB","ARDRBNB","WTCETH","GOBTC","NASBNB","MODETH","OSTETH","XLMBTC","PAXBNB","QLCBTC","FUNBTC","EOSBNB","THETABTC","GOBNB","ENJBNB","ENJETH","XEMBNB","SCETH","LINKUSDT","ARDRBTC","CDTETH","GNTETH","FUNETH","BRDBNB","TRIGBNB","ZENETH","STEEMETH","GRSETH","NULSETH","BCCBNB","IOSTBTC","ETCBNB","ICXBNB","HSRETH","FUELETH","CMTETH","BLZETH","THETABNB","VETBNB","RCNBTC","VENUSDT","ARDRETH","TRIGETH","RVNBNB","DNTETH","XZCXRP","GXSETH","POEBTC","ADABTC","ARKETH","STORJETH","DNTBTC","PHXBNB","NANOETH","LOOMETH","BNTBTC","MFTBNB","SALTETH","POLYBNB","QLCBNB","YOYOBTC","VIBETH","IOTXBTC","INSETH","YOYOETH","ICNBTC","SCBTC","NXSETH","NCASHBTC","SNMETH","KNCETH","WABIETH","NAVBNB","APPCETH","BTSBNB","AIONETH","BCPTBTC","PAXBTC","MFTETH","QLCETH","VENBTC","POEETH","STORMBNB","USDCBTC","EDOETH","VIABTC","PAXETH","TRXBTC","BRDETH","SNMBTC","IOTABNB","ONTBNB","CVCETH","DOCKBTC","STORMBTC","CDTBTC","SNTBTC","EDOBTC","RLCBNB","HOTBTC","DATABTC","POAETH","RDNETH","SNGLSBTC","BCPTBNB","GTOBNB","PIVXETH","VIBBTC","MCOETH","IOTXETH","WANBNB","ICNETH","BATBNB","AIONBNB","BTGETH","TNTBTC","FUELBTC","MITHBNB","REQBTC","LENDBTC","XRPBTC","QTUMBNB","BCNBNB","VENBNB","GNTBTC","NANOBNB","MFTBTC","BCCETH","MTLETH","SYSBTC","SKYBNB","WPRETH","GNTBNB","RVNBTC","LOOMBTC","REPBNB","AMBBNB","ENGETH","WTCBNB","ZENBNB","CMTBNB","WAVESUSDC","CVCBNB","XVGBTC","LSKBNB","CNDETH","BLZBNB","AGIBNB","LINKUSDC","DASHETH","SUBETH","SYSETH","XLMBNB","POABTC","OAXETH","KMDETH","QSPETH","REQETH","NEBLETH","WAVESTUSD","ASTETH","ENJBTC","QSPBTC","ZILBTC","WANETH","NPXSBTC","NXSBNB","OSTBTC","LINKPAX","HOTETH","WPRBTC","CNDBNB","EOSTUSD","NCASHETH","ADABNB","MTHBTC","RPXETH","LUNETH","SNGLSETH","VIAETH","WAVESUSDT","CNDBTC","ASTBTC","DCRBNB","GVTETH","LOOMBNB","SUBBTC","LINKTUSD","BCDETH","AGIETH","DGDETH","THETAETH","PIVXBNB","APPCBNB","ZILBNB","TNBBTC","TNBETH","NAVETH","DENTETH","STEEMBNB","AMBETH","ADXETH","MTHETH"]}