{"data":{"IOTAUSDT":0.8845598857,"RCNBTC":0.8537099229,"CELRUSDT":0.8500025635,"BCHABCUSDC":0.8474641588,"ZENBTC":0.8465236887,"DGDBTC":0.8451984023,"BTCUSDT":0.8349259495,"ENGBTC":0.8277983031,"DGDETH":0.8266258953,"IOTABTC":0.8244195748,"BCHABCBTC":0.8046162454,"RDNBTC":0.8033752973,"QTUMUSDT":0.7997683106,"NASBTC":0.7992611515,"XMRUSDT":0.7969227325,"NAVBTC":0.7907002841,"BCHABCTUSD":0.7823088779,"QKCBTC":0.7817381928,"IOTABNB":0.7793578572,"BTCPAX":0.7788328755,"STORJBTC":0.7766675774,"BTCUSDC":0.772089746,"AIONBTC":0.7718305503,"BCHABCUSDT":0.7599114579,"QTUMBTC":0.7595073761,"POWRBTC":0.7591430508,"LTCUSDT":0.7541208002,"BCHABCPAX":0.749308886,"DASHUSDT":0.7389062052,"AEBTC":0.7292575362,"BTCTUSD":0.7288826302,"STEEMBTC":0.7119774192,"IOTAETH":0.7059695791,"MATICBNB":0.701621976,"WANBTC":0.6990818529,"DASHBTC":0.6936146154,"BTGBTC":0.6764725824,"XRPUSDT":0.6764144968,"ELFBTC":0.6737591337,"DLTBTC":0.6710944132,"LINKUSDT":0.6702645615,"ETHBTC":0.6688475267,"TRXUSDC":0.6588327242,"ETHPAX":0.6584210126,"LTCUSDC":0.6571868845,"EOSETH":0.6526801067,"MITHBTC":0.6507503476,"GRSBTC":0.6451159991,"ETHUSDC":0.6409171997,"MITHUSDT":0.6364368865,"QKCETH":0.635083756,"LTCBTC":0.6289342473,"DASHETH":0.6282636239,"EOSUSDT":0.6153701284,"LTCTUSD":0.6093867169,"MFTETH":0.6054969668,"LUNBTC":0.6050428634,"BNBETH":0.5983007024,"BNBTUSD":0.5980734523,"BATETH":0.5973969285,"MATICUSDT":0.5901246152,"VETUSDT":0.58386672,"OMGBTC":0.5796604915,"ONGBTC":0.5727319351,"MTLBTC":0.5679567753,"XRPBTC":0.5618213505,"BNBPAX":0.5572511808,"XLMUSDT":0.5506968374,"LTCBNB":0.5496537181,"MCOBTC":0.541596898,"BTTBNB":0.53787929,"ADATUSD":0.5313635758,"LTCPAX":0.5308705526,"EDOBTC":0.5288440742,"ETHUSDT":0.5266975559,"WABIBTC":0.5180330317,"TRXETH":0.5112344735,"OMGUSDT":0.5101111817,"XLMUSDC":0.5053279086,"FETUSDT":0.4970847549,"VIBETH":0.4897575942,"GXSBTC":0.4871831888,"VIABTC":0.4868478111,"ARNBTC":0.4822162959,"VIAETH":0.4737887829,"BTCUSDS":0.4658212979,"PIVXBTC":0.4638158194,"XRPTUSD":0.4629589643,"EOSTUSD":0.4558739668,"BATUSDT":0.4528896571,"XRPUSDC":0.4481380225,"ADAUSDT":0.4427911766,"BNBUSDC":0.442287924,"EOSBTC":0.439939114,"TRXUSDT":0.4360189594,"WAVESUSDT":0.4314189835,"LINKBTC":0.4306931855,"RLCBTC":0.4300281914,"BNBBTC":0.428370175,"BATBTC":0.4282125717,"XLMBNB":0.4151443071,"VETETH":0.4132048721,"WAVESBTC":0.4097676249,"ETHTUSD":0.4052184182,"BATBNB":0.4004390454,"XMRETH":0.3944490055,"ZRXUSDT":0.385502322,"KNCBTC":0.3847180407,"BCPTBTC":0.3837843882,"ZECUSDT":0.3725150515,"HOTUSDT":0.3628592635,"XRPETH":0.3563166175,"ETCUSDT":0.3544930235,"EVXBTC":0.3418903631,"EOSBNB":0.3406517421,"REPBTC":0.3284166401,"PAXTUSD":0.3238277546,"XLMBTC":0.3178890798,"FETBTC":0.3073677866,"ADAETH":0.2965859102,"TRXXRP":0.2807293559,"ZRXBTC":0.2793034958,"XEMBTC":0.2763625207,"INSBTC":0.2759873426,"KMDBTC":0.2660280253,"BTTUSDT":0.2586016287,"CVCBTC":0.2415280263,"AMBBTC":0.2245890533,"NEOUSDT":0.224126835,"NANOUSDT":0.2219291603,"MDABTC":0.2173326848,"POLYBTC":0.2138019607,"BNBUSDT":0.2093228217,"SKYBTC":0.1849994713,"ADAUSDC":0.1765018378,"VETBNB":0.1746746481,"RVNBNB":0.1556732615,"LSKBTC":0.1406380747,"GASBTC":0.1324180982,"LTCETH":0.1271751039,"ENJBTC":0.1178873219,"NANOBTC":0.1161905932,"NEOBNB":0.0993252626,"STRATBTC":0.0958619486,"XLMETH":0.0942988151,"XMRBTC":0.0879448286,"EOSUSDC":0.081450443,"ADABTC":0.0813008063,"BCDBTC":0.0648301407,"LOOMBTC":0.0526574518,"TRXBNB":0.0439878575,"ZECETH":0.0412291787,"ONTBNB":0.0370029961,"XRPPAX":0.0202709616,"ADXBTC":-0.0028804578,"ENJUSDT":-0.0093497907,"ADABNB":-0.0305657854,"ZECBTC":-0.0350632618,"ONTUSDT":-0.0510229991,"ARKBTC":-0.0568851888,"TUSDUSDT":-0.0816563737,"OMGETH":-0.0900466406,"ENJETH":-0.090214742,"OAXBTC":-0.0923844047,"PPTBTC":-0.1024413664,"USDCUSDT":-0.1048826399,"XRPBNB":-0.1200013983,"NULSUSDT":-0.1204165232,"RVNBTC":-0.1253562071,"NXSBTC":-0.1481054972,"ELFETH":-0.1598092048,"USDCTUSD":-0.1598438903,"THETABTC":-0.1676087853,"PAXUSDT":-0.1710626609,"NEOBTC":-0.2024674725,"ONTETH":-0.2091328526,"HCBTC":-0.2174307375,"DCRBTC":-0.2448901305,"THETAUSDT":-0.2826901946,"BQXBTC":-0.2957810366,"NANOETH":-0.3103440432,"BNTBTC":-0.3123489198,"BRDBTC":-0.3131158789,"NEOETH":-0.3254575423,"FUELETH":-0.3314246477,"ONTBTC":-0.3317431078,"ICXUSDT":-0.3708104223,"NEOTUSD":-0.3772082579,"USDCPAX":-0.3994478469,"ZILUSDT":-0.4547020184,"NULSBTC":-0.4611240067,"ETCBTC":-0.4797783751,"GVTBTC":-0.5018665761,"XZCBTC":-0.5545549132,"ICXBTC":-0.5879544344,"WTCBTC":-0.6440020652,"EOSPAX":-0.7128378539,"ZILETH":-0.7373639546,"IOSTUSDT":-0.7711289199,"ETCETH":-0.7734306598,"IOSTETH":-0.7760419502},"startDate":"2019-04-29","endDate":"2019-05-06","numDays":7,"excludedPairs":["LSKBNB","CNDETH","BRDETH","GRSETH","XZCBNB","NCASHBTC","CMTETH","SKYETH","RPXBTC","NANOBNB","MFTBTC","NASBNB","QTUMBNB","ZENBNB","RLCBNB","ARDRETH","CELRBNB","NULSETH","WINGSBTC","CHATETH","QSPBTC","CVCBNB","RDNBNB","MANABTC","ARNETH","LINKPAX","ATOMBNB","BRDBNB","LOOMETH","NXSBNB","OAXETH","APPCETH","BLZBNB","SCBNB","PHXBTC","AGIBNB","BCDETH","TUSDBTC","ADXBNB","LSKETH","CNDBTC","MDAETH","MTLETH","HCETH","BCNBNB","AGIETH","FUNBTC","INSETH","TRIGBNB","REPBNB","BCHSVPAX","BNBUSDS","CMTBNB","POWRETH","QTUMETH","MANAETH","POWRBNB","TNTETH","SNMBTC","KMDETH","WABIBNB","NASETH","DCRBNB","AGIBTC","ENGETH","BCHSVUSDC","XLMTUSD","XZCXRP","STORMETH","AIONETH","WANBNB","HSRETH","AEBNB","RDNETH","YOYOETH","VIABNB","QLCBNB","AMBETH","CNDBNB","KEYETH","ASTBTC","GTOBTC","STEEMBNB","FETBNB","POABTC","MITHBNB","DLTETH","ZRXETH","BCHSVTUSD","SNTBTC","BCCBNB","PPTETH","WTCBNB","BTTPAX","BTTTUSD","QSPETH","ATOMUSDT","TRXTUSD","YOYOBTC","KNCETH","ASTETH","IOTXBTC","CDTBTC","THETAETH","RLCETH","REQBTC","LRCETH","BLZBTC","ENJBNB","RCNBNB","GOBTC","USDCBTC","XVGBTC","MCOBNB","WPRETH","OSTBNB","ZECPAX","RENBNB","GTOBNB","BQXETH","VIBEBTC","ONGUSDT","NEBLBTC","HOTBNB","BTSBNB","EDOETH","QSPBNB","REQETH","CDTETH","NPXSETH","MTHBTC","OSTETH","NXSETH","SUBETH","XLMPAX","GNTBNB","SALTETH","PAXBTC","XEMETH","APPCBNB","POABNB","AEETH","XVGETH","HOTETH","QLCETH","STRATETH","DATAETH","ICXETH","AMBBNB","ZILBNB","CELRBTC","ZENETH","POEETH","PHXETH","XMRBNB","ARDRBTC","ICNBTC","NAVBNB","STORMBNB","LINKETH","VIBEETH","MODETH","SUBBTC","ETCBNB","PIVXETH","THETABNB","POEBTC","DENTBTC","GNTETH","XZCETH","SYSBTC","WAVESUSDC","MATICBTC","EVXETH","OMGBNB","XEMBNB","NCASHETH","USDSUSDC","DLTBNB","TUSDBNB","WAVESPAX","BTSETH","WTCETH","TUSDETH","IOSTBTC","USDSTUSD","LENDBTC","CMTBTC","LENDETH","MCOETH","IOTXETH","ZILBTC","SYSETH","WAVESBNB","TNBBTC","BTTBTC","SALTBTC","REPETH","GOBNB","MODBTC","BTSBTC","BCPTETH","SCETH","BCHSVBTC","WAVESETH","BLZETH","ZECTUSD","LUNETH","TNBETH","GNTBTC","LINKUSDC","QLCBTC","NULSBNB","WINGSETH","SKYBNB","VETBTC","NEBLBNB","VENUSDT","PIVXBNB","LOOMBNB","BTTUSDC","BCCETH","YOYOBNB","FUELBTC","TNTBTC","PHXBNB","WPRBTC","RENBTC","TRXBTC","NPXSBTC","NEOPAX","FUNETH","GVTETH","CVCETH","IOSTBNB","SCBTC","ICXBNB","BCNBTC","VIBBTC","CLOAKBTC","VENBTC","WANETH","BTGETH","DASHBNB","WAVESTUSD","STORJETH","DNTETH","WABIETH","SNGLSBTC","SNMETH","DOCKETH","USDSUSDT","STEEMETH","POAETH","SNGLSETH","BCHSVUSDT","LRCBTC","ICNETH","DATABTC","OSTBTC","ZRXBNB","ADXETH","NEBLETH","LINKTUSD","RPXBNB","GXSETH","TRIGETH","APPCBTC","ADAPAX","GTOETH","DENTETH","STORMBTC","USDSPAX","ARDRBNB","MFTBNB","PAXETH","BNTETH","ZECUSDC","HSRBTC","POLYBNB","NAVETH","ARKETH","DOCKBTC","ZECBNB","ONGBNB","MTHETH","NCASHBNB","SYSBNB","HOTBTC","ATOMBTC","VENBNB","USDCBNB","BCCBTC","AIONBNB","TRXPAX","KEYBTC","CLOAKETH","RCNETH","BCPTBNB","DNTBTC","NEOUSDC","RPXETH","TRIGBTC","BCNETH","BCCUSDT","CHATBTC","PAXBNB","SNTETH","VENETH"]}