{"data":{"KMDBTC":0.3272714847,"CMTETH":25.791508232,"OAXETH":94.514382003,"EOSUSDT":0.207435517,"REPBTC":49.5119609887,"TUSDBTC":0.3846383656,"PAXUSDT":0.8613629045,"EVXBTC":17.6444676966,"TUSDETH":-0.7868765789,"BRDBTC":5.3497083769,"EOSUSDC":1.3725680388,"XLMUSDC":-4.0280494502,"ASTBTC":16.5538908466,"BQXETH":79.527906228,"WABIBTC":13.0291869702,"BCHSVBTC":-3.7798464357,"WAVESBTC":0.1559834273,"BNBUSDC":8.9613322912,"ADATUSD":-0.9317965933,"SALTBTC":5.9023825305,"ETCUSDT":0.945587229,"TNTETH":-14.5211800339,"XMRBTC":0.1184945382,"XRPUSDC":-3.8642521769,"GASBTC":3.5720617925,"ETHUSDT":-5.702603658,"USDCPAX":0.8537458346,"LINKBTC":4.560073574,"TRXUSDT":5.1168382694,"NANOBTC":2.9205786625,"ADXBTC":14.9160259345,"NEOETH":-1.298941758,"XRPBTC":-3.227030563,"STEEMBTC":48.3782651454,"NEOUSDT":-0.6545945457,"LTCBTC":-1.8365922739,"GVTBTC":-0.754583437,"DLTBTC":-12.0414296624,"OAXBTC":90.0824592412,"NXSBTC":8.043878721,"BNBBTC":8.7899904,"TUSDBNB":0.0865610027,"POABTC":11.9232965517,"LTCBNB":-2.4381577905,"SKYBTC":0.5443578464,"LRCETH":120.4440512088,"STRATBTC":-0.236492582,"BATBTC":-0.4320006723,"XZCBTC":7.5230222456,"BCDBTC":-5.2739377412,"QTUMBTC":-3.1020729303,"PAXTUSD":-0.0691264518,"NEOTUSD":-1.7346253292,"BCPTETH":14.3654983549,"POWRBTC":33.6985970011,"WTCBTC":-2.0112395512,"TRXBNB":4.5259743017,"BTCUSDT":-1.6177144281,"ARNBTC":11.3966855153,"GXSBTC":10.2536291252,"LINKETH":4.0485588452,"ETHBTC":-6.5277616922,"ARKBTC":4.8473061612,"REPETH":50.842092058,"BCHSVUSDT":-3.6071738718,"KNCBTC":-1.4074213619,"AIONBTC":7.3596555502,"HCBTC":-16.7477346746,"BQXBTC":79.8284788605,"MCOBTC":-1.7076903268,"LUNBTC":45.7190224067,"XLMTUSD":-3.9679084884,"TUSDUSDT":0.8916951714,"QKCETH":-21.7810962902,"PPTBTC":-1.6024887434,"FUNETH":28.1286699379,"XLMUSDT":-3.5784371647,"TRXXRP":4.0467454676,"VETETH":9.4850898471,"ETHUSDC":-6.4556079994,"DLTETH":-10.4426444871,"ADAETH":-0.4511335179,"XRPBNB":-3.3949507878,"BCHABCUSDT":-2.8244695667,"EOSETH":-1.0094553637,"NASBTC":3.6975533122,"BCPTBTC":14.6003167533,"LRCBTC":120.9627790533,"IOTAETH":1.0467447425,"POLYBTC":2.3569212967,"BNBPAX":9.4085409751,"STORJBTC":5.3432069819,"ZRXBTC":0.321067485,"DCRBTC":4.0732214123,"RLCBTC":-7.4447689533,"BCHABCBTC":-3.4354652592,"ADABNB":-0.3020748766,"BNBUSDT":9.5863886958,"AEETH":4.3269992899,"MDABTC":1.7329284522,"ETHPAX":-5.8423684194,"LTCUSDT":-1.122060391,"EVXETH":18.5447764774,"SNTETH":17.8664232976,"LSKBTC":2.1403578502,"ARNETH":12.2684434177,"GTOETH":2.9491605744,"APPCBTC":4.7453491969,"NEOBTC":-1.1525899214,"ONTBTC":0.5489505197,"WANETH":9.1599391925,"AEBTC":5.1566489897,"MODBTC":3.0820024059,"INSBTC":1.1344912182,"ELFBTC":4.3834965392,"CLOAKBTC":7.7406441126,"EOSPAX":-0.6712382255,"XRPUSDT":-2.870845226,"VIBEETH":-21.8260126014,"EOSBTC":-0.500469577,"USDCUSDT":0.8897759293,"ENGBTC":-1.6507023816,"POWRETH":36.2097648691,"OMGBTC":2.2163363756,"PIVXBTC":-4.0932999752,"WINGSBTC":35.9044105201,"XLMETH":-3.828501335,"ZECBTC":-3.9805544483,"XRPTUSD":-3.7577569924,"BNBETH":8.8431527743,"RDNBTC":0.5426870167,"XMRETH":0.4069046549,"TRXETH":4.9261833687,"XLMPAX":-3.7608320804,"MTLBTC":1.2281963459,"ONTUSDT":0.9859454901,"ONTETH":0.3184200608,"EDOBTC":0.6520700097,"AMBBTC":0.0849597794,"WAVESETH":0.1133813376,"ICXBTC":0.8027223777,"BTCUSDC":-2.0332404275,"DGDBTC":6.4693752404,"STRATETH":0.5724890901,"LTCETH":-1.9332469854,"QTUMUSDT":-3.0919470388,"WANBTC":9.5591139534,"OMGETH":1.6940176415,"XRPPAX":-2.950798574,"GTOBTC":1.5199581062,"VIABTC":5.302522093,"ETCBTC":0.4099822939,"ICXUSDT":1.7091902292,"BTCPAX":-1.5588001729,"ZENBTC":5.4888236518,"NULSUSDT":6.5766559213,"VIBEBTC":-22.589072787,"DOCKETH":15.3182534448,"XRPETH":-3.4597762717,"TRXTUSD":3.6768275596,"ZILETH":5.8216408525,"VETUSDT":10.6890689375,"DASHBTC":-0.0710038154,"CMTBTC":25.4907539285,"IOTABTC":1.1631633261,"USDCTUSD":0.0162972397,"BTGBTC":-7.4412456086,"WINGSETH":36.2485372622,"NAVBTC":7.4810479744,"IOTAUSDT":2.0988743604,"NULSBTC":6.1353724927,"ADAUSDT":0.511917596},"startDate":"2019-01-16","endDate":"2019-01-23","numDays":7,"excludedPairs":["STEEMETH","IOSTBTC","POEETH","NPXSETH","EDOETH","BTSBTC","RDNBNB","MFTBNB","QLCBTC","AIONBNB","BLZBTC","BRDBNB","PAXBNB","ADXBNB","SYSBNB","THETABTC","GRSBTC","RCNETH","ENJBNB","ZILBNB","GTOBNB","LINKUSDC","BCHSVUSDC","QTUMETH","XLMBNB","INSETH","SYSETH","HSRBTC","QLCBNB","YOYOBTC","SALTETH","NANOETH","LENDETH","POABNB","OSTBTC","SNGLSBTC","PIVXBNB","BCDETH","FUELETH","VENBTC","GNTBNB","RCNBTC","BCCBTC","ZENBNB","ARDRETH","BCNBTC","MITHBNB","CDTETH","FUNBTC","NEOBNB","REQETH","RPXBTC","CVCBTC","DGDETH","ICXBNB","NASBNB","ZRXETH","MFTBTC","RENBNB","WTCBNB","MTHBTC","ASTETH","ADABTC","BTSETH","TNBETH","CVCBNB","AGIETH","KNCETH","ENJETH","VETBNB","ETCETH","RLCBNB","ARKETH","ENJBTC","GNTETH","MFTETH","WANBNB","MANAETH","WAVESBNB","DNTETH","DATAETH","NULSETH","SKYETH","QLCETH","NEBLETH","REQBTC","QTUMBNB","AEBNB","NAVETH","CVCETH","NEBLBNB","DASHETH","ONTBNB","BTGETH","BLZETH","LENDBTC","ZILBTC","SNGLSETH","KMDETH","ZECETH","QSPBTC","BNTETH","WPRBTC","LUNETH","GRSETH","LOOMETH","RVNBNB","XZCETH","POWRBNB","HSRETH","ELFETH","NAVBNB","SYSBTC","KEYETH","WABIBNB","AIONETH","MITHBTC","RENBTC","SNMBTC","BCNBNB","TNTBTC","VETBTC","POAETH","XEMBTC","SNTBTC","GNTBTC","TRXBTC","VENUSDT","TRIGETH","BCHSVPAX","SKYBNB","ZENETH","QKCBTC","USDCBNB","WABIETH","YOYOETH","PHXBNB","ENGETH","PAXBTC","RLCETH","OSTETH","HOTETH","VIBETH","AMBETH","BCHSVTUSD","IOTXETH","DCRBNB","ICNBTC","MCOBNB","CNDETH","BLZBNB","IOTXBTC","PHXETH","THETAETH","XEMETH","BCHABCUSDC","ETCBNB","XVGBTC","GVTETH","LOOMBTC","TRIGBNB","BCCETH","RVNBTC","VENETH","PIVXETH","CHATBTC","NXSETH","CNDBNB","EOSBNB","EOSTUSD","NPXSBTC","SCBTC","WTCETH","KEYBTC","APPCBNB","CHATETH","NCASHETH","ICNETH","LSKBNB","RCNBNB","CNDBTC","STORMBTC","ARDRBTC","CMTBNB","NANOBNB","GOBNB","LINKUSDT","CLOAKETH","WAVESTUSD","MDAETH","STEEMBNB","BATETH","NASETH","DOCKBTC","HOTBTC","NEBLBTC","OSTBNB","GOBTC","STORMETH","STORMBNB","BCHABCTUSD","QSPETH","VIBBTC","PHXBTC","MCOETH","SCBNB","NXSBNB","FUELBTC","HCETH","IOSTETH","USDCBTC","DENTETH","THETABNB","XLMBTC","TNBBTC","ADXETH","BATBNB","BNTBTC","DENTBTC","DATABTC","POEBTC","TRIGBTC","WAVESUSDC","BTSBNB","VENBNB","SUBETH","LINKTUSD","APPCETH","GXSETH","SCETH","BCHABCPAX","ICXETH","ARDRBNB","XZCBNB","SNMETH","XEMBNB","MTHETH","REPBNB","AGIBTC","NULSBNB","DNTBTC","WAVESUSDT","WPRETH","PPTETH","BRDETH","XZCXRP","WAVESPAX","NCASHBTC","SUBBTC","XVGETH","VIAETH","BCPTBNB","BCCBNB","CDTBTC","NCASHBNB","MODETH","STORJETH","AGIBNB","LINKPAX","VIABNB","MANABTC","YOYOBNB","DLTBNB","QSPBNB","PAXETH","BCCUSDT","POLYBNB","AMBBNB","IOTABNB","LSKETH","RPXBNB","LOOMBNB","RDNETH","RPXETH","MTLETH","BCNETH"]}