{"data":{"USDCPAX":0.3790506931,"AIONBTC":-5.4200583738,"ZILUSDT":0.7829062283,"BNBTUSD":7.1115595592,"IOSTUSDT":10.320669423,"WTCBTC":4.2286124654,"XLMBNB":2.2924096034,"ZRXUSDT":4.9807845901,"ASTETH":34.4996723983,"FETBNB":-35.2900431473,"EOSUSDC":25.682850656,"EOSPAX":27.3121417622,"XMRBTC":7.3027615015,"THETAUSDT":12.9915710392,"IOTABNB":13.9132133847,"MCOBTC":33.3812612116,"THETABTC":12.4541366111,"BRDBTC":-4.9106558101,"BCDBTC":0.7729986241,"HOTUSDT":16.8963192799,"XRPTUSD":10.3246713892,"LINKTUSD":7.7864795892,"TRXXRP":18.2557239617,"XMRUSDT":7.8508645093,"TRXTUSD":19.0581657181,"BNBBTC":8.1894482409,"ADXBTC":17.2721016561,"LTCPAX":25.4335494433,"BTTUSDC":42.0067125949,"WAVESBNB":11.7196118605,"RVNBNB":-8.473291796,"BCHABCUSDT":3.9199220553,"NEOBTC":1.3992188008,"THETABNB":8.292344055,"WAVESUSDT":11.9020325713,"BCPTBTC":56.3969463182,"BTTBNB":37.3371866538,"APPCBTC":24.2462897236,"XLMUSDT":2.3427013866,"ADABNB":7.4234434962,"REPBTC":-1.1148219316,"XRPETH":10.048692925,"ADATUSD":7.0734992042,"WAVESTUSD":12.9103273991,"ENJUSDT":0.6346338861,"LSKBTC":5.1809794045,"INSBTC":15.2998631159,"GASBTC":16.6895192803,"TNTETH":20.7245786742,"HOTETH":15.4822215463,"NEOUSDT":2.0020703427,"EVXBTC":8.075160962,"PAXUSDT":0.4131912751,"ZILETH":0.4508822154,"LRCBTC":14.3832052525,"IOTAETH":11.4314063937,"LOOMBTC":7.9146394352,"OAXBTC":2.1010964171,"BTCUSDT":9.9052959036,"AMBBTC":2.0463857859,"ADAETH":6.2170520316,"BCPTBNB":58.2855602387,"USDCTUSD":0.001862533,"BTCUSDS":9.9477463868,"XLMBTC":1.945169248,"QTUMBTC":0.7884420076,"ATOMUSDT":0.5019583936,"ZRXBTC":3.5864368613,"FETBTC":-32.8759419299,"LINKUSDC":9.0191743312,"BNBPAX":8.828114647,"QKCETH":9.2936560974,"XRPPAX":10.9908053878,"OMGUSDT":6.8901376834,"EDOBTC":28.5419901378,"DASHUSDT":1.927134114,"BNBETH":7.2214894236,"ETCBTC":10.8261900747,"TNTBTC":17.7848251725,"STEEMBTC":10.4574847035,"ICXBTC":-2.3097946131,"XZCBTC":2.0165529854,"ETHUSDT":6.6641287511,"TRXUSDT":19.7612071625,"MATICBTC":-33.8648770318,"BNBUSDC":8.566739962,"NEBLBTC":4.9991126453,"PAXTUSD":0.0225542932,"RDNBTC":-2.3941586031,"NASBTC":4.2846644893,"BTTUSDT":41.2778847471,"FETUSDT":-33.279946301,"ETCUSDT":11.8100300508,"ARNBTC":33.9759790848,"VETUSDT":1.3297220593,"WAVESETH":10.3582610463,"USDCUSDT":0.4071855456,"NEOETH":0.9060979171,"STRATBTC":12.7348136071,"LINKETH":8.0661392237,"ZECUSDT":12.8191323563,"BQXBTC":2.6829793019,"ONGUSDT":7.5675176912,"BTGBTC":4.2867104822,"RLCBTC":-8.2750673969,"WABIBTC":1.6419654675,"BTTTUSD":41.8290830344,"ASTBTC":33.4164515133,"QTUMUSDT":1.840236464,"ICXUSDT":-1.3547760349,"EOSETH":25.9841206767,"BNBUSDT":9.0599492542,"LTCUSDT":25.722385202,"ADAUSDC":6.4921308291,"CELRUSDT":-35.4138475703,"KMDBTC":15.904079868,"LUNBTC":2.8398300912,"GVTBTC":8.4860285336,"PPTBTC":-0.0605065786,"NULSBTC":7.6141909071,"ENJBNB":2.6499201283,"MITHUSDT":-3.1144280744,"NANOBTC":-0.0871480527,"QLCBTC":-0.4185930486,"BATUSDT":1.815123958,"ATOMBTC":0.077274245,"LTCBNB":24.096378245,"EOSBTC":26.3828309452,"DLTBTC":-6.233303055,"LINKUSDT":8.2947748897,"NEOBNB":2.2586412697,"XRPBTC":10.5558462833,"POLYBTC":8.706828345,"VETETH":0.5046841482,"VETBNB":-0.4091181215,"ENJETH":1.141398668,"GRSBTC":3.2252880212,"DASHBTC":1.4959497785,"WANBTC":4.4812396267,"ETHTUSD":6.2770676558,"HOTBNB":11.4635323276,"BATETH":0.1052742464,"DENTETH":42.287410387,"ETHPAX":6.335992958,"DCRBTC":-4.2702219344,"OMGBTC":6.9252783242,"XRPBNB":10.7166835053,"AEBTC":10.7280303235,"ADAUSDT":7.3854092116,"XRPUSDT":11.0076420201,"STORJBTC":9.9775479533,"XRPUSDC":10.447248973,"MATICBNB":-33.8585144034,"TUSDUSDT":0.3544364893,"BTCUSDC":9.2454253475,"POWRBTC":5.86521798,"TRXETH":18.6842052297,"ELFBTC":16.2083205895,"LINKBTC":8.1979593805,"BCHABCTUSD":3.6219194171,"TRXBNB":17.7940159529,"ATOMBNB":0.2423345917,"MTLBTC":5.745788345,"ARKBTC":4.3247187298,"ZECBTC":11.8019580839,"SKYBTC":15.7719825028,"VIBEBTC":15.5053295726,"IOTABTC":11.8755636696,"KNCBTC":6.1721056669,"NULSUSDT":8.9365627434,"ENJBTC":1.1590440809,"DGDBTC":-1.7168936316,"EOSUSDT":27.1361548581,"ETHUSDC":5.8034590057,"LTCETH":24.7732938917,"EOSBNB":25.1030128719,"BCHABCPAX":3.596192442,"ELFETH":16.7612026335,"MDABTC":2.0118880265,"EOSTUSD":26.9704528098,"ONGBTC":6.6706173427,"IOTAUSDT":13.2921675216,"WAVESBTC":11.1229390584,"BTCTUSD":9.42739073,"PIVXBTC":9.8976368421,"ONTBTC":5.4901723321,"BATBTC":0.2327966565,"LTCUSDC":24.9083032397,"FUELETH":-0.8648262258,"BCHABCBTC":2.8613424552,"TRXUSDC":20.1689521976,"ZILBNB":0.1507746374,"THETAETH":12.5091003527,"CELRBNB":-37.7746102072,"VIABTC":-19.2081898966,"NANOUSDT":0.7851936418,"BATBNB":-1.5480507933,"LTCTUSD":25.174605807,"ONTUSDT":6.3882876401,"ENGBTC":4.297413716,"ETHBTC":6.0504869635,"LTCBTC":24.7613020013,"BTCPAX":9.7612989279,"MATICUSDT":-32.9063277155,"BCHABCUSDC":2.704372901},"startDate":"2019-05-22","endDate":"2019-05-29","numDays":7,"excludedPairs":["CNDETH","GTOBNB","REQETH","CDTBTC","NCASHBTC","XLMTUSD","PAXBNB","BATTUSD","VIBBTC","NAVETH","ARNETH","NXSETH","BRDETH","CVCBNB","QSPBTC","AMBETH","NEBLBNB","STEEMETH","REPBNB","NPXSETH","VIBETH","WTCETH","MTHBTC","MCOETH","OSTBNB","WANBNB","STORMETH","CDTETH","KEYETH","FUNBTC","BCCETH","VENBNB","WAVESUSDC","POABTC","ZECBNB","AGIETH","RDNBNB","NPXSBTC","SYSBNB","BNTETH","LSKETH","RENBNB","DOCKETH","HCETH","ADXETH","BATPAX","GOBTC","XVGETH","LENDBTC","USDCBNB","ETCTUSD","PHBPAX","PHBTUSD","RLCBNB","ETCBNB","USDSTUSD","NEOPAX","TNBBTC","BCHSVUSDT","NCASHETH","QLCETH","LENDETH","RLCETH","NEOTUSD","NXSBNB","WABIETH","GTOETH","NULSETH","ONTBNB","BTSBTC","RCNBTC","AGIBNB","CMTBNB","BTSETH","POEETH","WPRETH","LSKBNB","ZRXBNB","SNMETH","BQXETH","NAVBTC","GNTBNB","ARKETH","STORJETH","CLOAKBTC","HSRBTC","NEBLETH","LUNETH","QTUMETH","SNMBTC","RPXETH","ETCUSDC","OAXETH","SUBBTC","QLCBNB","HOTBTC","SNGLSETH","DNTBTC","SYSBTC","BTTBTC","CHATBTC","RVNBTC","ICXBNB","HCBTC","PAXBTC","QSPBNB","MFTBTC","SALTETH","LRCETH","GVTETH","TUSDETH","VIBEETH","XMRETH","SCBTC","GRSETH","RCNETH","TFUELBTC","USDSUSDT","MFTBNB","XVGBTC","MITHBNB","HSRETH","QKCBTC","WPRBTC","RPXBTC","ETCETH","ARDRBNB","IOSTBNB","PPTETH","ENGETH","XLMUSDC","TRXBTC","GNTETH","VENETH","FUNETH","RPXBNB","SNTETH","MTLETH","NANOBNB","POWRBNB","STORMBNB","POABNB","GNTBTC","SKYETH","TRIGBNB","ADABTC","XZCBNB","ZRXETH","TNBETH","MFTETH","SNGLSBTC","ZECUSDC","SUBETH","ICXETH","NAVBNB","VIAETH","BCNBNB","CNDBNB","USDSPAX","ZECTUSD","NCASHBNB","VETBTC","XLMPAX","PHBUSDC","ICNETH","NANOETH","LOOMETH","TUSDBTC","LINKPAX","NASBNB","BCHSVBTC","SALTBTC","BNBUSDS","DASHBNB","WTCBNB","GXSBTC","TFUELBNB","DOCKBTC","BLZBNB","BNTBTC","SNTBTC","AIONETH","REPETH","SCETH","POEBTC","YOYOBNB","OSTETH","CVCBTC","TFUELUSDT","DATAETH","PHXBNB","ZILBTC","STRATETH","ADAPAX","FUELBTC","VIABNB","APPCBNB","TRXPAX","XLMETH","CLOAKETH","WINGSETH","XEMETH","TFUELPAX","MCOBNB","MANABTC","TRIGETH","REQBTC","PAXETH","BTGETH","VENUSDT","QSPETH","YOYOETH","CHATETH","AMBBNB","TFUELUSDC","USDCBTC","BLZETH","STORMBTC","NXSBTC","BCPTETH","STEEMBNB","SYSETH","PHXETH","SKYBNB","ONGBNB","KNCETH","SCBNB","ZENETH","MDAETH","BLZBTC","PHBBNB","DGDETH","YOYOBTC","IOSTETH","ONTETH","WINGSBTC","PHXBTC","ATOMPAX","OMGETH","WANETH","ARDRBTC","BCHSVUSDC","ICNBTC","ATOMTUSD","AGIBTC","BATUSDC","KEYBTC","ZECPAX","XZCXRP","RENBTC","VENBTC","MODBTC","DASHETH","IOSTBTC","RCNBNB","MODETH","GXSETH","RDNETH","NEOUSDC","ZECETH","NULSBNB","CMTETH","WAVESPAX","QTUMBNB","BCCBNB","LOOMBNB","TUSDBNB","DATABTC","ARDRETH","PIVXBNB","XZCETH","DENTBTC","MANAETH","ZENBTC","POAETH","ETCPAX","EVXETH","BCHSVTUSD","PIVXETH","XMRBNB","AEBNB","BCNBTC","ADXBNB","XEMBNB","BTSBNB","IOTXETH","EDOETH","BCHSVPAX","AIONBNB","GOBNB","DLTETH","AEETH","DNTETH","NASETH","USDSUSDC","OSTBTC","XEMBTC","TRIGBTC","BCCBTC","BCNETH","KMDETH","BTTPAX","BCDETH","DCRBNB","MTHETH","BCCUSDT","APPCETH","POLYBNB","INSETH","BRDBNB","PHBBTC","CMTBTC","CNDBTC","MITHBTC","GTOBTC","ATOMUSDC","OMGBNB","POWRETH","ZENBNB","TFUELTUSD","DLTBNB","CVCETH","IOTXBTC","CELRBTC","WABIBNB"]}