{"data":{"LTCBTC":230.4063322522,"LTCPAX":160.0064486942,"BTCUSDS":519.4578781016,"WAVESBTC":103.8716610147,"BRDBTC":-58.778985699,"DENTETH":-17.4685632727,"BNBETH":22.5355297246,"XLMBNB":-33.0170025505,"ENJBTC":-14.3938218149,"XLMBTC":35.9004163931,"LRCBTC":441.9407153399,"ETHUSDC":561.3058506695,"CELRUSDT":-37.6357269143,"WTCBTC":-63.4909454867,"TUSDUSDT":91.9377659726,"DASHBTC":-66.2611255313,"NULSUSDT":-21.7225519352,"APPCBTC":-40.9180680303,"ONTBNB":41.3286083016,"BCHABCPAX":103.4920878706,"QLCBTC":-81.1361680518,"NULSBTC":110.2862573288,"AMBBTC":-38.4069461139,"INSBTC":-39.1769562968,"GASBTC":3.0009174631,"RVNBTC":-30.8800536241,"PAXUSDT":91.4445278632,"ICXUSDT":25.7523412454,"EOSETH":148.6680055619,"ONGUSDT":63.0663376584,"GRSBTC":-31.2995968961,"XRPUSDC":692.1182499497,"ETHBTC":183.5918906706,"STORJBTC":-82.0994796104,"ICXBTC":9.7266011823,"EVXETH":-79.6968329816,"LOOMBTC":-66.0725002797,"XLMETH":42.7367651397,"WAVESUSDT":87.0562837649,"TRXTUSD":100.8334596696,"PIVXBTC":-44.4701452603,"USDSPAX":78.9447439896,"PAXTUSD":222.9889013967,"BCHSVBTC":163.2315589398,"BTTBNB":117.7582734607,"BCHABCUSDC":391.459132089,"BQXBTC":-66.0629767665,"BTTUSDT":124.5004760941,"ONTETH":79.3030873096,"KMDBTC":-28.4432104377,"ADAUSDT":97.024391454,"CVCBTC":-59.1013766345,"XMRUSDT":14.8593943205,"POLYBTC":-16.4944696867,"GNTBTC":-14.2277941308,"OAXBTC":-84.1718585801,"BCHABCTUSD":1293.8515070594,"XMRBTC":-41.2665602004,"QKCETH":35.7177168177,"ETHUSDT":358.677791687,"WAVESETH":484.0936664515,"ZECUSDT":9.6167190218,"LSKBTC":73.2094245521,"CMTBTC":26.4128793408,"BCHABCBTC":649.9056074093,"GVTBTC":-46.3516254431,"ASTBTC":-27.4997909912,"QTUMUSDT":87.3244632277,"BCDBTC":67.2674127905,"KNCBTC":-35.0731568764,"USDCUSDT":77.3740956859,"XEMBTC":107.5859847178,"IOTAETH":-9.2694780868,"IOSTUSDT":114.0470334951,"IOSTETH":52.0915107028,"NXSBTC":-49.5729187256,"RDNBTC":-27.2448016888,"VETUSDT":36.5480230732,"BCHABCUSDT":1150.5047632499,"ETHTUSD":158.5718360495,"NEBLBTC":578.3432004154,"VIABTC":199.7545268538,"ELFBTC":-29.9951631242,"LTCETH":325.3990021957,"LINKUSDT":-42.7391069824,"IOSTBNB":115.19106043,"XRPBTC":87.5247955527,"EOSTUSD":141.1103888753,"WANBTC":-43.5995787291,"BATETH":-45.1538897645,"DCRBTC":-53.669555611,"ENJBNB":6.058072191,"THETABTC":44.499229018,"LINKETH":-45.2662297504,"XZCBTC":3.1020018439,"ADABNB":-27.5402721258,"BCHSVUSDT":360.8931789638,"ZILUSDT":142.4201960346,"EVXBTC":-87.563544951,"DLTBTC":-19.5331389931,"MCOBTC":167.1935389037,"BLZBTC":354.1569297838,"VETETH":103.3249707237,"ADAETH":46.3993982067,"ONTUSDT":105.7291355012,"BTCUSDT":153.1200609555,"NEOETH":133.9072913396,"BCHSVTUSD":74.6084025195,"ZRXUSDT":-13.1781663891,"OMGETH":28.8333586157,"LTCUSDC":780.8587624825,"NASBTC":-54.3486010602,"VETBNB":76.8759292115,"BTGBTC":34.9099368462,"PPTBTC":-60.2546967487,"NEOUSDT":153.3596326072,"ETHPAX":136.925491874,"VIBBTC":270.4897976466,"BNBUSDT":-27.9778265481,"BNTBTC":53.8790216104,"EDOBTC":-42.5901732414,"RLCBTC":-83.1372976515,"QTUMBTC":-17.8925287792,"STRATBTC":2.4683961358,"SKYBTC":-42.5083974176,"XRPPAX":72.0075556949,"MDABTC":-81.554383982,"FETBTC":-7.6349301218,"ICXETH":56.2022968726,"NEOBNB":23.3091859227,"ZECETH":-61.7252286274,"GXSBTC":-21.3967166043,"WABIBTC":-76.6804070768,"IOTABTC":-22.7156604428,"USDCTUSD":31.8274999754,"SYSBTC":70.2562137669,"BNBBTC":-38.2238608095,"FUELETH":522.3980826831,"ONTBTC":64.8782376557,"BTCPAX":107.5396205657,"BTCTUSD":28.9797544072,"RVNBNB":-19.2972259219,"NEOBTC":101.8006909054,"OMGBTC":5.7511341589,"GOBTC":-73.3029335229,"LINKBTC":-65.6132577554,"AGIBTC":120.702308193,"NANOETH":707.8950949233,"REPBTC":1218.7909177471,"ENGBTC":-77.1038813175,"EOSBTC":170.4880735438,"TRXUSDT":267.2986768023,"XLMUSDT":70.9524722208,"BATUSDT":-70.0933568202,"USDCPAX":72.4447584942,"POABTC":16.9380322357,"ETCBTC":1205.4318154898,"ZILETH":36.4060330309,"NEOTUSD":84.7747636161,"TRXETH":230.2461075563,"ENJETH":-8.4352842039,"EOSUSDT":158.591588953,"BNBUSDC":26.5072179775,"HCBTC":24.4854873713,"LTCTUSD":572.5643172392,"LTCUSDT":380.9155034417,"XRPUSDT":224.0154096698,"ARNBTC":-41.4803368988,"XRPETH":77.5479767135,"AEBTC":8.5724495039,"LUNBTC":-25.7005689821,"MTLETH":-67.5756802493,"BTSBTC":-32.3704239496,"ETCUSDT":923.2637627827,"ADATUSD":85.1381417743,"DGDBTC":-19.8391907374,"ARKBTC":-25.0022531105,"ZECBTC":-36.2858913703,"ZRXBTC":-29.875859848,"EOSUSDC":435.2759936687,"XRPTUSD":322.3245216933,"LTCBNB":87.8280594028,"MTLBTC":-88.1069709526,"HOTUSDT":102.0568825791,"USDSUSDT":56.7551057534,"ONGBTC":72.3615229575,"TRXXRP":140.7598113898,"DASHETH":-45.6615158956,"ADXBTC":-37.2175321595,"FETUSDT":2.4199625212,"BTCUSDC":184.5376776599,"DASHUSDT":-59.1336685794,"XRPBNB":16.6215047772,"FETBNB":-18.7795789443,"NANOBTC":410.7117690781,"AIONBTC":-5.9020268579,"STEEMBTC":42.8149056353,"IOTAUSDT":62.82201111,"BATBTC":-69.2261568792,"ADABTC":33.5927853085,"ETCETH":131.8982187187,"BNBTUSD":-11.0783648842,"EOSBNB":14.8982452463,"TRXBNB":128.4724026734,"POWRBTC":-46.9131942512},"startDate":"2019-04-02","endDate":"2019-04-09","numDays":7,"excludedPairs":["KEYBTC","XEMBNB","TNBETH","WPRBTC","ARNETH","ZILBTC","REPBNB","ADXETH","RPXETH","BTTTUSD","TUSDETH","DATABTC","DENTBTC","BQXETH","BCCUSDT","ICXBNB","STRATETH","PHXBTC","HOTBNB","DOCKBTC","SCBTC","WAVESTUSD","NXSBNB","BCPTBNB","APPCBNB","PAXBTC","QSPBTC","BTGETH","BNBPAX","CELRBTC","NPXSETH","PAXBNB","AMBETH","BTTUSDC","WANBNB","GNTBNB","ONGBNB","VENBTC","TNBBTC","OMGUSDT","RLCBNB","RDNETH","ADAPAX","ADXBNB","LENDETH","QSPETH","AEBNB","AMBBNB","LUNETH","FUNBTC","SUBBTC","REPETH","INSETH","QTUMBNB","OSTBNB","RDNBNB","BCHSVUSDC","QTUMETH","WTCBNB","NAVETH","BTTPAX","ZRXBNB","TUSDBNB","STORJETH","DNTETH","STORMETH","NEOPAX","VETBTC","MDAETH","RCNBNB","STORMBTC","HOTBTC","RCNETH","EOSPAX","RENBTC","BCDETH","LRCETH","DNTBTC","NULSBNB","NEBLETH","PIVXBNB","MFTETH","NASETH","GNTETH","STEEMETH","OSTETH","CMTETH","DLTETH","CNDETH","VIAETH","BRDBNB","BTTBTC","VENBNB","MODBTC","ICNBTC","DASHBNB","DGDETH","MTHBTC","MANABTC","BNBUSDS","MFTBNB","ADAUSDC","XMRETH","NEBLBNB","OAXETH","SUBETH","XLMUSDC","WAVESBNB","VIABNB","XLMTUSD","WAVESPAX","HCETH","BATBNB","DLTBNB","WINGSETH","RPXBTC","REQETH","POWRETH","NANOUSDT","SKYBNB","ZRXETH","BTSETH","QLCBNB","OMGBNB","VIBETH","NAVBTC","POEBTC","YOYOETH","VENETH","TRIGBNB","USDCBNB","NPXSBTC","TRXBTC","USDCBTC","HSRBTC","GOBNB","AIONBNB","CMTBNB","QKCBTC","WABIBNB","ZENBNB","PAXETH","CHATBTC","USDSUSDC","RENBNB","MCOBNB","APPCETH","MITHBNB","POWRBNB","WPRETH","HOTETH","NCASHBNB","SNGLSETH","IOTXBTC","XVGETH","BCCETH","CHATETH","SYSETH","NCASHBTC","LINKTUSD","FUELBTC","WANETH","IOSTBTC","XEMETH","XLMPAX","QLCETH","ARDRBNB","NASBNB","SCETH","GTOETH","KNCETH","SYSBNB","BTSBNB","WABIETH","VENUSDT","EDOETH","ZECUSDC","LOOMBNB","QSPBNB","CVCETH","CLOAKETH","LSKBNB","MANAETH","POABNB","ZENBTC","BCHSVPAX","NEOUSDC","USDSTUSD","TNTBTC","LENDBTC","PIVXETH","CLOAKBTC","XVGBTC","VIBEBTC","AEETH","LOOMETH","LINKUSDC","GTOBTC","WINGSBTC","TUSDBTC","NXSETH","NCASHETH","ARKETH","BCCBNB","ARDRETH","AIONETH","GVTETH","SNTETH","ZILBNB","IOTABNB","ASTETH","BNTETH","SCBNB","PHXETH","BCNBTC","THETABNB","OSTBTC","YOYOBTC","POEETH","CDTBTC","TRIGBTC","BCNBNB","RPXBNB","GTOBNB","TNTETH","KMDETH","BCNETH","SNTBTC","LSKETH","STORMBNB","XZCXRP","GXSETH","BCPTBTC","MCOETH","VIBEETH","CNDBTC","REQBTC","BCPTETH","SNMETH","NANOBNB","MODETH","POLYBNB","SALTETH","NULSETH","SALTBTC","TRXPAX","DATAETH","ZECPAX","POAETH","DCRBNB","AGIETH","GRSETH","MFTBTC","CNDBNB","MITHBTC","HSRETH","PPTETH","LINKPAX","SKYETH","TRIGETH","ELFETH","ARDRBTC","RCNBTC","PHXBNB","ZENETH","CVCBNB","IOTXETH","BLZBNB","SNGLSBTC","BLZETH","TRXUSDC","XMRBNB","ICNETH","CDTETH","XZCBNB","BRDETH","WTCETH","XZCETH","MTHETH","SNMBTC","YOYOBNB","AGIBNB","FUNETH","ETCBNB","DOCKETH","RLCETH","CELRBNB","ZECTUSD","THETAETH","STEEMBNB","ZECBNB","BCCBTC","ENGETH","WAVESUSDC","KEYETH","NAVBNB"]}