{"data":{"TRXXRP":239.7045013883,"XLMUSDC":91.438824521,"BCHABCBTC":-36.8584274366,"DASHBTC":-57.6717289877,"LTCUSDT":3.1890331443,"ICXETH":-5.5307943566,"XLMTUSD":95.8043178703,"PAXUSDT":-22.940639798,"GTOBTC":-57.9793603297,"BCDBTC":-4.8490650086,"LRCETH":-94.8440907101,"AGIBTC":-34.2152806469,"RDNBTC":-94.9082824033,"SKYBTC":-64.9215318778,"ONTETH":-21.1572728242,"TUSDBNB":87.198019077,"NXSBTC":-76.8705787585,"DLTETH":-45.4660337141,"VIBEBTC":-84.4679354146,"XLMBTC":90.4616069289,"OMGBTC":-26.9675770641,"MODBTC":-49.535234087,"BNBUSDC":281.1576391071,"WAVESETH":-56.30393222,"REPBTC":-47.7793125578,"OMGETH":-28.1962920424,"THETABTC":-72.1426913686,"TUSDBTC":21.1447479713,"AIONBTC":-34.8760374365,"NEOTUSD":9.6453835923,"BNBUSDT":9.4659803587,"BRDBTC":-1.9577209053,"CLOAKBTC":-73.8420040207,"DGDBTC":-61.3203855943,"ZECBTC":-7.7300215447,"HCBTC":-59.9868742884,"TUSDETH":30.2167198182,"ADAUSDT":19.4184270113,"BCHSVUSDT":34.5254371137,"POWRBTC":-45.0625509771,"EOSUSDT":-35.1066433558,"BNBPAX":-13.8038647726,"BNBETH":162.3483483877,"EOSBTC":-14.4582867108,"GASBTC":-42.7429674708,"MTLBTC":-19.2546159001,"BTGBTC":120.7393247166,"NEOETH":4.5350055586,"EVXETH":102.8996641163,"GVTBTC":-89.1108403597,"ETHUSDC":67.7358560034,"WANBTC":-58.936898996,"LINKTUSD":-47.0372533287,"USDCPAX":-83.3914667977,"XRPUSDC":297.687069605,"XLMUSDT":106.0374685759,"AMBBTC":-48.7138964223,"LSKBTC":-1.7669698005,"BTCUSDC":-23.779750155,"USDCUSDT":28.626446238,"TRXBNB":154.954173186,"MCOBTC":-68.2100604617,"XRPETH":132.501283231,"XMRBTC":-17.322980941,"XRPUSDT":259.1528473308,"AEBTC":-32.4180255057,"EOSUSDC":-75.6264027777,"TRXETH":24.5383797626,"STRATBTC":-72.0114394293,"GNTBTC":-41.554014287,"ICXUSDT":4.6815224083,"BNTETH":152.7823448378,"QTUMBTC":-41.7931640355,"NEOBTC":2.2114510461,"OAXBTC":-49.9066967603,"LINKUSDT":-5.5117276084,"ONTBTC":-34.0365315666,"ETHPAX":41.4353566443,"RLCBTC":1465.122243835,"BATBTC":-22.2622179325,"EOSPAX":-24.7877583486,"IOTAETH":149.2515943686,"ETCBTC":16.7266123272,"ADATUSD":90.49304,"ARNBTC":-6.0257926287,"ETCUSDT":12.4043586875,"MDABTC":-66.7999172656,"LINKUSDC":-56.3719899832,"LINKETH":14.0915887845,"IOTAUSDT":-3.3040315474,"QTUMUSDT":-25.4685561643,"IOTABTC":-16.8067636036,"BCHABCUSDT":-14.1467187872,"VIABTC":183.024147732,"ASTBTC":-70.3437715424,"NANOETH":-86.9282226132,"ETHUSDT":31.0980865206,"LUNETH":-93.186223854,"ENGBTC":-84.0111253302,"XLMPAX":-28.1098418967,"PIVXBTC":43.1101887097,"POLYBTC":-54.1073477919,"XZCBTC":-20.9883829641,"NEBLBTC":-68.8630273534,"ELFBTC":-51.6860280053,"WINGSBTC":-46.3384029267,"DCRBTC":-62.9740338666,"ONTUSDT":55.6376248409,"LOOMBTC":-40.9966897712,"LRCBTC":-86.3565510789,"XRPPAX":154.8295798852,"BTCPAX":-36.5672262487,"NASBTC":-51.2623153044,"XRPBNB":324.2934501399,"NANOBTC":-83.2540824532,"PHXETH":17.4307928888,"NPXSETH":254.1321533669,"MITHBTC":-12.2967989466,"ZILETH":27.0896268887,"PAXTUSD":-66.2497345287,"NAVBTC":-75.4406713227,"LUNBTC":-94.2869937803,"BQXBTC":-0.783471369,"GRSBTC":-12.1976397732,"BCHSVBTC":6.8641435693,"TUSDUSDT":25.7219393904,"EOSETH":1.0271637575,"REPETH":-24.8397155205,"NULSUSDT":75.6075927727,"SALTBTC":-86.8752181563,"XRPBTC":264.2577170525,"XLMBNB":192.9619064111,"USDCTUSD":22.2128744772,"NEOUSDT":-13.9971026741,"NULSBTC":52.034091849,"FUNETH":-94.5046101803,"DLTBTC":-63.3837504032,"HOTETH":62.6723672985,"VETUSDT":-44.9857085605,"OAXETH":-61.7307141163,"LTCETH":-38.0947378721,"STEEMBTC":-80.522141812,"LTCBTC":2.662904078,"PPTBTC":-48.8999667155,"ICXBTC":16.5365588989,"TRXTUSD":-18.6473800682,"WAVESBNB":10.8888753124,"KNCBTC":-51.3484271715,"WTCBTC":-51.2279135356,"WAVESTUSD":-76.2847052539,"WABIBTC":-87.6727592086,"BNTBTC":36.933295088,"ADAETH":27.6727520855,"KMDBTC":13.6496616191,"INSBTC":-35.7534321306,"GVTETH":-88.610859288,"THETAETH":-73.1441976141,"TRXUSDT":-9.0097944605,"BCHABCTUSD":-52.0050533873,"ADXBTC":-92.728493546,"ZENBTC":-68.1380615511,"ARKBTC":-22.7910032322,"LTCBNB":11.8209686566,"EDOBTC":-38.4556082123,"ZRXETH":-55.8117560745,"BNBBTC":-18.2538787299,"EOSBNB":-49.6029355881,"APPCBTC":-57.221494052,"ZRXBTC":-60.1368054107,"EVXBTC":110.9456638026,"WAVESBTC":-60.9367964168,"LINKBTC":-11.4009923941,"XEMBTC":36.8046808676,"MANABTC":-59.8712881691,"ARNETH":0.8890953331,"GXSBTC":-23.0546685312,"XLMETH":20.5927648078,"WAVESUSDT":17.6129867088,"ETHBTC":-2.1727755391,"XRPTUSD":251.107020554,"BTCUSDT":-6.934504456},"startDate":"2019-01-24","endDate":"2019-01-31","numDays":7,"excludedPairs":["DLTBNB","VETETH","MTLETH","WINGSETH","ETCETH","ETCBNB","USDCBNB","HSRBTC","NULSBNB","POWRETH","SKYETH","BLZETH","WANETH","SALTETH","RENBNB","PPTETH","VETBTC","VENBTC","ICNBTC","BCCUSDT","SNTETH","TRIGBTC","HCETH","WANBNB","ONTBNB","WAVESPAX","BLZBNB","ZECETH","RPXETH","ICXBNB","PAXBTC","LINKPAX","RCNBTC","CVCETH","POABTC","STORMBNB","GNTETH","AEETH","RCNBNB","ENJETH","SNGLSBTC","DNTBTC","PIVXBNB","POWRBNB","PAXETH","WAVESUSDC","ZILBTC","NULSETH","NAVETH","DCRBNB","PIVXETH","NPXSBTC","AIONETH","FUELBTC","SUBBTC","BCHSVPAX","XVGBTC","BLZBTC","TNBBTC","CMTETH","TNTETH","XEMETH","LSKETH","INSETH","KMDETH","GTOETH","TRXUSDC","XZCBNB","BCHABCUSDC","ICNETH","BRDETH","NEBLBNB","PAXBNB","RDNBNB","ADABTC","BQXETH","THETABNB","QLCBNB","YOYOETH","ADXBNB","GNTBNB","DOCKETH","ASTETH","ENJBNB","CMTBTC","YOYOBNB","NXSETH","MODETH","EOSTUSD","LTCPAX","BTSBNB","LENDETH","POABNB","GXSETH","XMRETH","XEMBNB","VIBBTC","BRDBNB","OSTETH","SYSBTC","DGDETH","STORJETH","QLCBTC","DNTETH","NCASHBTC","RPXBNB","AGIETH","VENUSDT","ADABNB","APPCETH","MFTETH","TNTBTC","HOTBTC","BCCBTC","CNDBNB","CMTBNB","POLYBNB","ELFETH","STORMBTC","LENDBTC","RLCETH","VIABNB","IOSTETH","REQETH","AEBNB","RVNBTC","APPCBNB","POAETH","DATAETH","DOCKBTC","MTHBTC","ADXETH","STORJBTC","NCASHBNB","RENBTC","MDAETH","DASHETH","QKCETH","MFTBNB","MANAETH","STEEMBNB","REQBTC","SYSBNB","BATBNB","NANOBNB","CVCBNB","QSPBTC","SNMETH","BCNBTC","BATETH","SCBNB","SNGLSETH","LTCUSDC","RDNETH","DATABTC","TRIGETH","NASETH","NCASHETH","AIONBNB","BCPTETH","XZCETH","QKCBTC","YOYOBTC","ENGETH","MTHETH","SCETH","CDTBTC","SNMBTC","FUNBTC","POEBTC","BTGETH","WPRBTC","WTCBNB","BCPTBTC","BTSBTC","NEOBNB","FUELETH","BCCBNB","BCHSVTUSD","LTCTUSD","HSRETH","ZENETH","KEYETH","WABIBNB","CHATETH","TRXPAX","VETBNB","GOBNB","DENTETH","VIBEETH","ZENBNB","ARDRBTC","STRATETH","ZILBNB","KNCETH","AGIBNB","BCNETH","XZCXRP","RVNBNB","XVGETH","DENTBTC","PHXBTC","MITHBNB","AMBETH","BCHABCPAX","NEBLETH","STORMETH","NXSBNB","MFTBTC","SCBTC","TNBETH","LOOMETH","TRXBTC","NAVBNB","WABIETH","IOTABNB","LOOMBNB","GOBTC","RCNETH","RLCBNB","GRSETH","ARDRETH","QTUMBNB","SNTBTC","WPRETH","IOTXBTC","WTCETH","MCOETH","CVCBTC","QTUMETH","BCPTBNB","OSTBTC","ENJBTC","QLCETH","QSPBNB","RPXBTC","REPBNB","BCCETH","VENBNB","CHATBTC","SYSETH","EDOETH","BCDETH","BTSETH","BCNBNB","PHXBNB","SKYBNB","CNDETH","CNDBTC","AMBBNB","CDTETH","LSKBNB","VIAETH","GTOBNB","STEEMETH","TRIGBNB","IOTXETH","USDCBTC","CLOAKETH","IOSTBTC","VIBETH","OSTBNB","KEYBTC","ARDRBNB","QSPETH","POEETH","NASBNB","VENETH","ARKETH","SUBETH","MCOBNB","BCHSVUSDC"]}