{"data":{"MITHBNB":10.832431937,"BQXBTC":-11.8965236953,"ETHUSDT":12.8160947129,"GASBTC":6.9110788123,"WANBTC":-2.8364927882,"BATBTC":7.0023269968,"XRPBTC":11.5929438662,"WAVESBTC":5.1591543628,"FETUSDT":-8.8229235043,"LINKBTC":66.8881414218,"EVXBTC":10.4933108309,"XZCBTC":24.9079401717,"REPBTC":-1.0484667889,"BCDBTC":9.9786662714,"TRXBNB":7.3378101088,"AEBTC":3.7670877115,"ZECTUSD":23.4072583033,"VETETH":-2.7280145739,"LINKUSDC":67.4874351631,"ENGETH":11.9341847035,"LTCBNB":8.7295506377,"XRPUSDC":12.9433850866,"BNTBTC":6.8020145669,"NEBLBTC":-13.4385666146,"OAXBTC":15.2162438539,"MTLBTC":15.8813542278,"CELRUSDT":-2.2184875871,"ZILUSDT":11.9643045412,"ETHPAX":13.9007068977,"MATICUSDT":-12.9542194934,"EOSETH":12.4338347676,"EOSUSDT":12.3740597461,"XMRUSDT":15.1805492651,"ADATUSD":11.7878799718,"LOOMBTC":-2.684059469,"STEEMBTC":2.6230797647,"ARKBTC":-5.7355451319,"OMGBTC":5.8022572514,"IOTABNB":3.2182744039,"OMGUSDT":6.9604897851,"BTTUSDT":14.5674030902,"ADXBTC":2.3835195392,"ENJBTC":-2.5962341585,"ATOMBTC":14.3352952511,"XRPPAX":11.4480653995,"STRATBTC":4.7031561856,"ELFBTC":1.3155916359,"PIVXBTC":7.9760978952,"ONEBNB":-13.1715486793,"LUNBTC":-5.1437852475,"BNBBTC":6.6073539823,"PAXUSDT":-0.0020090851,"VETUSDT":-2.3213717509,"DLTBTC":-4.3036760683,"THETAETH":-7.9455415449,"POLYBTC":3.4217554688,"ADAETH":11.9596904449,"NAVBTC":6.3133296173,"NULSUSDT":2.9764397989,"VETBNB":-2.7637068077,"WTCBTC":-14.9730746914,"BCHABCUSDC":11.3976086802,"FETBTC":-9.4933740414,"BTTBNB":15.6646806369,"RENBTC":9.0940498461,"LTCBTC":8.6993795674,"TRXUSDT":8.0956790694,"DCRBTC":4.582043562,"BATUSDT":7.2994539687,"EOSBTC":11.8157845558,"LTCUSDT":7.8239193775,"PPTBTC":-13.0470039879,"BRDBTC":2.3741203696,"XRPUSDT":10.9734641138,"DASHBTC":7.6303938142,"GXSETH":-7.4643143001,"BNBETH":7.0717726685,"GVTBTC":-0.0644468875,"ZRXUSDT":7.266633216,"ZECBTC":24.5694347011,"LTCETH":9.1712464705,"BCHABCTUSD":11.058732078,"LTCTUSD":7.8533133529,"EDOBTC":17.9117663014,"TRXXRP":8.9492437757,"WAVESETH":5.4992782026,"LTCPAX":7.5531959861,"CELRBNB":-1.7280450966,"LSKBTC":5.2735713177,"ZECUSDT":25.1946132033,"ZENBTC":3.0945873698,"GNTBTC":5.5159052586,"SYSBTC":-7.8157392261,"DGDBTC":-9.0657889021,"ZECBNB":25.8893948417,"HOTUSDT":-3.8643355181,"NANOBTC":-0.5436273528,"ADABTC":11.5549108044,"BCHABCBTC":10.6826228445,"ENJUSDT":-2.4379285672,"ZILETH":11.4975327019,"VIABTC":-2.1807467996,"DASHUSDT":8.0861968993,"HOTETH":-3.2838544906,"MFTETH":-1.4978706227,"CMTBNB":36.0763309999,"CMTETH":34.9893784249,"LINKUSDT":66.4297049674,"WAVESUSDT":5.0654404431,"ZRXBTC":6.7841666248,"VIBEBTC":-13.6041591424,"RDNBTC":16.2211664548,"EOSUSDC":12.7552852071,"XRPTUSD":11.6515085905,"POEETH":18.8765100104,"QTUMBTC":12.8197050077,"QTUMETH":12.9362191789,"NASETH":-14.8170597807,"NULSBTC":2.4087524057,"EOSBNB":11.6200563203,"XRPETH":12.5052414536,"LINKETH":67.3845698621,"TRXETH":7.9005962663,"USDCTUSD":-0.0365649436,"POWRBTC":0.9942999367,"BTCUSDC":17.3384156517,"TRXTUSD":9.0616811592,"XMRBTC":14.479147142,"RVNBNB":-4.6002354663,"BTGBTC":6.9425449806,"ICXBTC":-1.4685249895,"GRSBTC":-0.1489038644,"BTCUSDT":17.6587950822,"MTHBTC":21.6265305094,"STORJBTC":4.0674041628,"NEOBNB":16.7956859295,"MITHUSDT":10.2565322892,"BCHABCUSDT":10.979128019,"BTCPAX":17.4556927515,"BNBPAX":7.0481560297,"BNBTUSD":6.9493113009,"NEOUSDT":17.4563565284,"EOSTUSD":12.1023207902,"KNCBTC":0.1727436053,"XRPBNB":10.9984107459,"IOSTUSDT":9.307969589,"NEOTUSD":16.2532807111,"ONEUSDT":-13.9107631548,"TFUELUSDT":-11.249638797,"HCBTC":27.8823777875,"ADAUSDT":11.6574585769,"ARDRBTC":8.6329609782,"ETCBTC":6.4664426128,"BTCTUSD":17.2860289142,"ONTUSDT":4.3302018573,"LTCUSDC":7.5706990479,"INSBTC":6.1022490458,"GXSBTC":-7.2220816305,"THETABTC":-8.1298775941,"BTCUSDS":17.617865156,"ZECETH":25.4466002266,"ICXUSDT":-0.832537125,"BCHABCPAX":10.5164592885,"ETHBTC":12.414417724,"IOTAUSDT":3.4561185787,"QTUMUSDT":13.7443220364,"BNBUSDT":6.8135352378,"FETBNB":-9.8901332053,"ATOMBNB":14.625663166,"RLCBTC":-9.7617565166,"IOTABTC":3.2856502622,"MDABTC":-10.2918079911,"ADABNB":10.9872685991,"NEOETH":15.8571179316,"EOSPAX":12.4610318953,"MTHETH":19.7827421709,"PAXTUSD":-0.0294189712,"BNBUSDC":6.9211302648,"ARNBTC":-3.1314152352,"XLMUSDT":6.2694773851,"AIONBTC":-12.1404568051,"ETCUSDT":6.7125814805,"NXSBTC":-1.3420793045,"FUELETH":7.3342491013,"BATETH":8.2047110631,"USDSUSDC":-0.0176147561,"NASBTC":-14.4128899603,"TRXUSDC":7.3995098819,"APPCBTC":6.8117594327,"ATOMUSDT":14.0475425612,"NEOBTC":15.9833907863,"ETHUSDC":12.8355030943,"NANOUSDT":-0.3418125796,"USDCPAX":-0.0302310356,"ZILBNB":12.0198634165,"ONTBTC":3.4737064118,"SKYBTC":-2.9899861114,"WABIBTC":-7.3210966098,"THETAUSDT":-7.9393940303,"ICXETH":-0.7439947401,"USDCUSDT":0.0257640466,"ADAUSDC":11.5345307726,"MATICBNB":-11.4981108786,"CVCBTC":-0.5733900282,"KMDBTC":0.1856970263,"HOTBNB":-4.350231121,"ETHTUSD":12.9236959812,"RVNBTC":-4.9105351422,"TUSDUSDT":0.0691667043,"OMGETH":6.2106683697,"MCOBTC":-0.4006485255,"ENGBTC":11.3672217821,"LINKTUSD":70.1644895543},"startDate":"2019-06-11","endDate":"2019-06-18","numDays":7,