{"data":{"BATUSDT":-73.9883375737,"ETHBTC":-48.5767657087,"TRXXRP":-63.3884612826,"STORJBTC":-43.804686723,"NEOUSDT":-79.8516526034,"LTCBTC":-86.4573436331,"ONTBTC":-66.0780686009,"XRPPAX":19.233142905,"XMRUSDT":-62.6834036427,"ASTBTC":-19.7325816994,"LINKETH":-54.3041125358,"LOOMBTC":-57.654994675,"ETCETH":-59.9517134885,"WAVESUSDT":28.1945454181,"RLCBTC":-74.1690152304,"BNBBTC":-30.307257052,"BCDBTC":-69.8114513901,"BTSBTC":-74.8945988898,"ZRXBTC":-58.8857604971,"EVXETH":-69.2559562453,"MDABTC":-37.0512130487,"NANOUSDT":27.2003134864,"QLCBTC":-81.2020783144,"ZILUSDT":-61.0971140144,"BCHABCUSDT":-83.8453540261,"RVNBNB":-56.2988054812,"ENJBNB":-69.0103517329,"NEBLBTC":-68.4701696875,"BCHSVTUSD":-85.0788360941,"ETHUSDC":-64.9052700794,"WTCBTC":-38.7604664833,"LINKBTC":-57.052854069,"QTUMBTC":-78.1516240049,"BNBUSDC":-76.4558629069,"OMGBTC":-78.9736112829,"SKYBTC":-76.643155454,"NXSBTC":-75.3253827777,"IOTAUSDT":-80.4857096189,"LUNBTC":-67.9284867009,"ONTETH":-71.7956800544,"BTGBTC":-67.0427082543,"ONGUSDT":-80.9684783177,"BCHSVBTC":-94.0777881407,"XLMETH":-76.2521196176,"HOTUSDT":-70.1432875501,"ETHTUSD":-69.6353403351,"REPBTC":-89.1810842535,"WABIBTC":-78.5813706262,"USDCTUSD":-69.8643392273,"LTCUSDC":-73.8675140363,"DGDBTC":28.5862424589,"ADABNB":-62.7654215937,"SYSBTC":-56.0126600664,"BCHSVUSDT":-90.6716492857,"DENTETH":25.7458654951,"LTCTUSD":-89.9099467285,"BTCPAX":-24.7350247661,"STRATBTC":-33.9924760835,"USDCPAX":-64.2174384588,"BNTBTC":-54.8760924572,"MCOBTC":-47.4939903756,"IOSTUSDT":-30.0887369718,"VETETH":-68.1173718456,"KMDBTC":-35.288781538,"XRPETH":-70.1352282518,"BLZBTC":39.1956488797,"XLMBTC":-75.5410929476,"GNTBTC":-37.5403356459,"DASHBTC":-77.8231330031,"BCHABCBTC":-91.0747963104,"IOSTBNB":-47.549181067,"ICXUSDT":-71.5962178976,"OMGETH":-67.0109434522,"XRPUSDC":-86.7415793811,"CELRUSDT":-36.3036443549,"ETHUSDT":-58.6306146913,"IOTABTC":-76.5832908888,"USDCUSDT":-59.0212871954,"ADATUSD":-81.9774694614,"ONGBTC":-69.389589447,"ZECETH":-85.5191510688,"ELFBTC":-67.6806415108,"ETCUSDT":-42.4270875845,"DCRBTC":-62.2368601059,"LRCBTC":-70.7428340866,"NULSBTC":21.6481836726,"XMRBTC":-47.5389129973,"FETBTC":-55.3011511689,"GASBTC":-89.3716580504,"BRDBTC":-74.6239209627,"GRSBTC":33.3415194973,"ADAUSDC":-73.9383382177,"BCHABCUSDC":-83.7599180662,"TRXBNB":-59.7015565258,"EOSPAX":-25.5509525162,"ADAUSDT":-72.1385171859,"NEOETH":-77.8649859,"ADXBTC":130.7737468341,"XLMUSDT":-81.8297972913,"ZECBTC":-43.945019948,"THETAETH":-33.6428334111,"XRPTUSD":-87.1002910218,"LSKBTC":-78.1534597253,"OAXBTC":691.564748727,"TUSDUSDT":-74.6236846309,"EDOBTC":-61.1488676945,"PIVXBTC":-47.3548761775,"BATETH":-79.8141228431,"ZILETH":-63.6154031469,"ZECUSDT":-58.9081514706,"XVGETH":-33.0966707347,"KNCBTC":-67.0913879121,"IOTAETH":-78.9366013912,"USDSPAX":-41.9162751151,"EOSTUSD":-73.2668966513,"ICXETH":-68.9903056952,"BTCUSDS":-65.3296491846,"BCHABCPAX":-73.4700246095,"TRXUSDT":-51.0086621315,"ARDRBTC":-32.3800231698,"NEOBNB":-80.9960873213,"VETBNB":-80.0011707531,"ARNBTC":-38.4311451346,"EOSBTC":-47.2823844791,"TNBETH":161.3341350207,"CELRBNB":11.3179179925,"ADAETH":-71.9065822174,"ONTBNB":-77.9605582099,"BQXBTC":-74.713671022,"BTCUSDC":-66.0472548058,"XZCBTC":-81.5160341888,"EOSBNB":-33.8076670173,"NEOBTC":-85.9540982171,"NULSUSDT":-57.8871924033,"GVTBTC":-48.9603723345,"VETUSDT":-77.2850980156,"BTTUSDT":-4.2769958226,"THETABTC":-19.4021131604,"EOSUSDC":-62.3567582653,"ETHPAX":-47.8688213656,"DASHUSDT":-82.904500659,"ENJETH":-50.7587001585,"STEEMBTC":-54.4275369303,"APPCBTC":-72.4541940713,"CMTBTC":-48.8927335894,"BATBTC":-67.1326437154,"INSBTC":139.8379390325,"EOSETH":-52.3729714203,"RVNBTC":-66.7365769785,"PAXUSDT":-62.7791192966,"AEBTC":-62.209575105,"BTCUSDT":-61.48892369,"BCHABCTUSD":-85.6245117041,"EOSUSDT":-36.3380451095,"AIONBTC":-82.9974235662,"BNBTUSD":-77.1758774965,"XLMBNB":-82.1130097012,"XRPUSDT":-76.465910587,"EVXBTC":-71.1586061742,"VIABTC":-86.1133350122,"ETCBTC":-59.0151076382,"NANOETH":31.6207606323,"TRXETH":-56.8946706935,"LINKUSDT":-74.1287913146,"NEOTUSD":-82.7419365632,"WAVESETH":320.584284347,"BNBETH":-70.41584247,"WANBTC":-56.5994323512,"FETBNB":-32.5945518764,"LTCBNB":-84.1187680127,"BTTBNB":-66.6175076872,"ENJBTC":-48.6249726874,"AMBBTC":-85.3242499936,"HCBTC":-17.6243334605,"POWRBTC":-52.8804881703,"ADABTC":-69.2310027456,"FUELETH":115.1211365299,"BNBUSDT":-31.5030706927,"RDNBTC":-62.2516447894,"LTCUSDT":-78.66922421,"ENGBTC":-71.5691362008,"ICXBTC":-73.1285394899,"WAVESBTC":127.0965438615,"TRXTUSD":-72.7856898194,"DLTBTC":-68.2587454038,"NANOBTC":5.2641556027,"NASBTC":87.7730407298,"IOSTETH":-47.333617644,"CVCBTC":-62.9157467265,"MTLBTC":-81.2528154943,"GXSBTC":-5.3801770223,"XRPBNB":-74.5952659761,"BTCTUSD":-68.5590557796,"FETUSDT":-48.7123203299,"OMGUSDT":-68.7635645747,"ONTUSDT":-72.5472408475,"ARKBTC":-53.8994425758,"PPTBTC":-55.8943698152,"XRPBTC":-64.3740630596,"LTCETH":-87.9914906652,"LTCPAX":-38.4822719529,"QTUMUSDT":-90.3196829846,"ZRXUSDT":-64.7093472172},"startDate":"2019-04-04","endDate":"2019-04-11","numDays":7,"excludedPairs":["XLMPAX","RENBTC","USDSTUSD","HOTBNB","WAVESPAX","BTTTUSD","BCHSVUSDC","SNMBTC","THETAUSDT","CDTBTC","TUSDBTC","BRDBNB","DCRBNB","ZILBTC","KEYETH","ZECBNB","ZECTUSD","NEOUSDC","STRATETH","BTTPAX","BLZBNB","SNGLSBTC","MTHBTC","BCNBTC","AMBBNB","ARDRBNB","BQXETH","QTUMETH","GTOBTC","QTUMBNB","PHXETH","KNCETH","BTSETH","REPBNB","CLOAKBTC","TRXBTC","ZENBNB","TNTBTC","MTLETH","QLCETH","RLCBNB","SKYBNB","MFTBTC","OAXETH","MCOBNB","USDCBNB","HSRBTC","REQETH","NCASHBNB","FUNETH","DASHBNB","NASETH","NEBLBNB","IOTXBTC","STORJETH","PHXBTC","BCNBNB","LINKTUSD","POEBTC","NULSBNB","BATBNB","BCNETH","BCPTBNB","MCOETH","BTSBNB","VENBTC","DENTBTC","CMTETH","BCCBNB","ZECPAX","BCCBTC","TRIGETH","WAVESUSDC","RCNETH","PAXBNB","FUNBTC","POWRBNB","RENBNB","RPXBTC","MANAETH","APPCBNB","NPXSETH","ELFETH","BNBUSDS","VENUSDT","AGIBNB","WTCETH","CELRBTC","ZENETH","MITHBTC","YOYOETH","POAETH","APPCETH","WINGSBTC","GNTBNB","CDTETH","TRIGBTC","WPRBTC","NCASHETH","LSKBNB","RDNBNB","BTGETH","MFTETH","PAXTUSD","TRIGBNB","SNTBTC","XMRBNB","VETBTC","TRXPAX","BCPTBTC","RPXETH","QKCBTC","RPXBNB","LOOMBNB","NAVBTC","RCNBNB","SUBETH","BTTBTC","OSTBTC","LINKUSDC","RDNETH","USDSUSDT","FUELBTC","XEMETH","GTOETH","GNTETH","WANBNB","DNTBTC","GOBNB","RCNBTC","GRSETH","ICXBNB","ICNBTC","DLTETH","AEBNB","XEMBTC","CNDBTC","XZCXRP","OMGBNB","MITHBNB","MFTBNB","IOTABNB","MODBTC","STEEMETH","BTTUSDC","POABTC","VENETH","STORMBTC","ICNETH","CVCBNB","DASHETH","RLCETH","NXSETH","LENDBTC","DNTETH","PIVXETH","VIABNB","BCHSVPAX","TNTETH","ARKETH","CNDBNB","CLOAKETH","WINGSETH","QSPBTC","NAVETH","DATAETH","CMTBNB","LUNETH","QLCBNB","LSKETH","WABIBNB","VIBETH","SKYETH","POEETH","XZCBNB","VENBNB","AEETH","PAXBTC","PAXETH","NEOPAX","WAVESBNB","WABIETH","ARNETH","REPETH","NULSETH","GOBTC","DGDETH","BLZETH","SYSETH","HCETH","SNGLSETH","WPRETH","BCDETH","STORMBNB","SCBNB","BNTETH","POLYBTC","HOTETH","LINKPAX","NANOBNB","SNMETH","XMRETH","GTOBNB","GVTETH","BNBPAX","NPXSBTC","CHATBTC","REQBTC","STORMETH","ZILBNB","WTCBNB","LENDETH","USDCBTC","ASTETH","STEEMBNB","AIONBNB","ZECUSDC","ETCBNB","SCETH","HOTBTC","POLYBNB","KMDETH","SCBTC","ONGBNB","THETABNB","WANETH","BRDETH","SYSBNB","USDSUSDC","NCASHBTC","VIAETH","EDOETH","SNTETH","ENGETH","BCCETH","ADXETH","CNDETH","ZRXETH","TUSDETH","IOSTBTC","POABNB","VIBEETH","AMBETH","DOCKETH","YOYOBTC","ARDRETH","XLMUSDC","LOOMETH","CVCETH","QSPETH","VIBEBTC","TNBBTC","CHATETH","ADAPAX","PPTETH","ZRXBNB","OSTETH","POWRETH","NAVBNB","OSTBNB","KEYBTC","HSRETH","INSETH","MANABTC","BCCUSDT","VIBBTC","PIVXBNB","AGIBTC","WAVESTUSD","SALTBTC","SUBBTC","NASBNB","NXSBNB","MDAETH","BCPTETH","XLMTUSD","XVGBTC","NEBLETH","QSPBNB","AGIETH","ADXBNB","DOCKBTC","PHXBNB","XZCETH","MODETH","AIONETH","XEMBNB","LRCETH","IOTXETH","QKCETH","YOYOBNB","MTHETH","DLTBNB","SALTETH","ZENBTC","DATABTC","TRXUSDC","TUSDBNB","GXSETH"]}