{"data":{"XRPETH":2.6812662745,"AMBBTC":5.8781162822,"NEOETH":6.7597670732,"TUSDUSDT":0.0465747642,"ONGBTC":17.3610388147,"SKYBTC":7.7352748381,"ELFBTC":1.8452884481,"GXSBTC":16.4087269817,"XLMETH":23.0689215525,"BATETH":-0.4191193911,"XLMBNB":24.0985725215,"DLTBTC":19.6935666859,"ICXBTC":-3.1392300312,"ARNETH":42.4018785305,"BNTETH":-9.1032776661,"THETABNB":2.1581398046,"XEMBTC":7.2611187198,"LSKBTC":18.6494613496,"XLMBTC":22.7530430636,"ONTBTC":6.67064886,"MDABTC":21.2228777559,"ETCBTC":7.1977903602,"NULSBTC":4.9177103277,"FETUSDT":-19.4214264235,"ZRXUSDT":9.4215521087,"MITHBTC":2.333525721,"GRSETH":73.9729522966,"LTCBNB":9.1806792702,"OMGETH":17.2217955432,"XMRBTC":8.1839067229,"NAVBTC":10.7391678589,"XRPPAX":2.1231109628,"EOSTUSD":2.3506590269,"ARKBTC":16.5649743984,"ADXBTC":11.557167815,"BRDBTC":8.475637794,"NULSUSDT":6.0221504354,"ETHPAX":5.0623557924,"KNCETH":-18.8601910498,"QTUMBTC":15.8072568487,"THETABTC":1.8503250905,"NXSBTC":26.6239817661,"LINKBTC":3.793270288,"ZENBTC":17.3514262202,"DASHBTC":12.6472725646,"BLZBTC":11.1025713057,"TRXETH":3.9945018041,"EOSPAX":3.2540955642,"ONTBNB":8.3239524492,"PPTBTC":15.484091243,"LINKTUSD":3.5546922033,"KMDBTC":18.4541707591,"LOOMETH":13.4740438068,"PAXUSDT":-0.0936050136,"ADABNB":13.7684817086,"FETBNB":-18.4192609658,"VIAETH":36.1571480131,"KNCBTC":-19.7412707695,"CVCBTC":20.0951770023,"IOTABTC":8.0889244572,"BTGBTC":9.2441711747,"THETAETH":2.3755082998,"BTCPAX":2.1924293573,"ONTUSDT":6.260915785,"POWRBTC":6.7319180616,"VIABTC":35.7438934537,"BNTBTC":-10.1064177993,"VETETH":15.1367586862,"RVNBTC":-13.2040043062,"HOTUSDT":13.5169075926,"WAVESBTC":2.9490191779,"NEBLBTC":29.7573221557,"PAXTUSD":-0.0744316786,"BCHABCUSDT":16.6234873714,"STORJBTC":16.762300983,"WABIBTC":-3.6172078462,"FUELETH":19.2318011959,"AGIBTC":21.7727177455,"BTCUSDT":2.4784244042,"LTCUSDT":6.157285554,"EVXBTC":5.8406759609,"STEEMBTC":6.0590864977,"BNBBTC":7.9269930262,"BTTUSDT":3.2743053689,"GASBTC":11.2027818424,"BCHABCBTC":18.1872240012,"DGDBTC":9.5488884087,"BTCUSDC":2.7847317427,"GRSBTC":73.74246578,"LTCETH":7.6806993619,"BATUSDT":-0.034764595,"XZCBTC":17.0649788924,"BCHABCTUSD":15.9429721488,"QTUMETH":16.4364231343,"OMGBTC":16.943774838,"RLCBTC":33.5574251519,"WANBTC":10.4285167177,"ZILUSDT":2.9591394327,"XZCXRP":17.3978240542,"ADATUSD":11.1892260621,"HCBTC":0.0957799334,"GNTBTC":9.3935639021,"ICXETH":-3.1801416341,"OAXBTC":13.4823157422,"USDCUSDT":-0.0891499606,"LTCTUSD":7.0733980562,"VETUSDT":15.4250704836,"ENJBNB":-21.493801348,"EOSBNB":5.2998752472,"ETCUSDT":6.7071537295,"KMDETH":17.6950267046,"BATBTC":0.0451584386,"ZRXBTC":10.0011170833,"CMTBTC":5.9847545242,"EOSUSDC":3.5943761458,"AIONBTC":6.1745697743,"POLYBTC":9.2549155322,"BQXBTC":7.2364538505,"IOTAUSDT":7.7703164728,"ARDRBTC":16.2535450353,"ADAETH":13.6040402404,"STRATBTC":12.9686134098,"ONTETH":6.8602155965,"LINKUSDC":3.4093690647,"ZECBTC":8.7953613479,"REPBTC":11.4702729747,"GVTBTC":7.4122794176,"QTUMUSDT":15.6835429675,"ZRXETH":10.2026385232,"NANOETH":15.2413057503,"FETBTC":-18.9714873853,"AEBTC":7.538686503,"TRXUSDT":3.2028653354,"ETHBTC":4.043026918,"EDOBTC":-1.3580617782,"WAVESETH":3.4255153798,"ARNBTC":41.6745304799,"LINKUSDT":3.5990398965,"RDNBTC":8.73246835,"USDCPAX":-0.0413753417,"ONGUSDT":17.4356440308,"XRPTUSD":2.8615114517,"XLMUSDC":22.5940368197,"LTCPAX":6.9154986424,"BCDBTC":22.4976209388,"BCHSVUSDT":4.905529454,"ONGBNB":19.6520222078,"INSBTC":5.8741303749,"BNBUSDT":7.0991055421,"ETHUSDC":4.4872170529,"TRXXRP":4.1013386524,"RVNBNB":-12.7509694241,"LUNBTC":18.8910320272,"LTCBTC":6.734986956,"WANETH":10.9939407501,"WAVESUSDT":2.5460280917,"ZILETH":3.7839761274,"XRPBNB":4.0023634923,"NEOTUSD":6.2638723002,"MDAETH":22.8124166001,"LINKETH":4.5596208388,"ENGBTC":10.0255281215,"XLMTUSD":23.0503282306,"NASBTC":26.9101991652,"NEOBTC":6.4656520826,"BCHSVBTC":5.8332091316,"ICXUSDT":-3.4705963374,"EOSETH":3.7833389532,"ADAUSDT":12.1275890939,"WTCBTC":18.5512360577,"BNBETH":7.8252533867,"APPCBTC":-18.1608963645,"XLMUSDT":21.9181718282,"NANOBTC":13.3715545976,"ENJETH":-21.6495020237,"NEOUSDT":6.0729352388,"BNBPAX":7.2497333306,"BTTBNB":4.0340897597,"MCOBTC":20.4202580918,"MTLBTC":10.0399806325,"TRXBNB":5.5688297093,"XRPBTC":2.5149555439,"XRPUSDT":1.8746334469,"DCRBTC":19.1031010618,"ETHUSDT":3.8260273616,"ENJBTC":-21.715516415,"EOSBTC":3.2140138304,"EOSUSDT":2.9083644104,"PIVXBTC":9.638084793},"startDate":"2019-03-09","endDate":"2019-03-17","numDays":7,"excludedPairs":["LSKETH","NCASHETH","MFTBTC","STEEMBNB","XEMBNB","REPBNB","TRIGETH","PHXETH","NPXSETH","TNTETH","POAETH","REPETH","SYSBTC","DOCKETH","FUNETH","BTTUSDC","NASETH","NXSETH","WPRETH","SUBBTC","NCASHBTC","NEOBNB","ETCETH","BNBTUSD","SCETH","CNDETH","WTCBNB","XZCBNB","NEBLBNB","STORMETH","BTTBTC","BNBUSDS","CHATBTC","PPTETH","DATABTC","STORJETH","GOBTC","SNMETH","GXSETH","WAVESBNB","PIVXETH","BCHSVTUSD","BATBNB","TRIGBNB","MTLETH","YOYOETH","QLCBNB","CLOAKBTC","TUSDBTC","CDTBTC","INSETH","DLTBNB","RDNBNB","MTHBTC","QTUMBNB","PAXBTC","BCCETH","PHXBNB","SYSBNB","YOYOBTC","BTCTUSD","BCHSVUSDC","ENGETH","BCCBNB","BRDETH","RENBTC","LOOMBTC","QSPBNB","BTSETH","SKYETH","BCHABCPAX","IOTABNB","LSKBNB","DOCKBTC","VETBTC","RDNETH","IOTXBTC","MODETH","IOTXETH","OSTBTC","XMRBNB","TRIGBTC","GTOBNB","ICNBTC","POABTC","DENTETH","NANOBNB","DASHETH","ICNETH","CLOAKETH","CMTETH","QSPETH","LOOMBNB","DNTETH","PAXETH","HOTBNB","BCCBTC","CNDBNB","VIBEETH","KEYBTC","LRCBTC","USDCBTC","USDCTUSD","ZENETH","MCOBNB","BTCUSDS","STRATETH","USDSUSDC","BLZBNB","AEBNB","TUSDETH","NCASHBNB","WAVESUSDC","BCPTETH","SKYBNB","CHATETH","BCHSVPAX","AGIBNB","MODBTC","BCHABCUSDC","ZENBNB","AIONBNB","BCDETH","MANAETH","AMBBNB","IOSTBTC","AIONETH","MTHETH","BCNETH","APPCETH","AGIETH","RCNETH","AMBETH","TRXUSDC","ETCBNB","OSTETH","WPRBTC","DENTBTC","USDSUSDT","ELFETH","XVGETH","TNBBTC","GTOBTC","BCCUSDT","TRXBTC","DATAETH","VIBBTC","VETBNB","HOTETH","XRPUSDC","AEETH","HSRETH","WINGSBTC","BTSBNB","STORMBTC","XZCETH","ASTBTC","ADXETH","EVXETH","QSPBTC","VENUSDT","WABIBNB","USDSTUSD","BCNBTC","SALTETH","ZECETH","VENBTC","MCOETH","VENBNB","QKCBTC","QKCETH","HSRBTC","ICXBNB","YOYOBNB","BCNBNB","STORMBNB","OAXETH","NAVETH","SNGLSBTC","SYSETH","MANABTC","ARDRETH","QLCBTC","SUBETH","FUELBTC","WABIETH","BTGETH","ZILBTC","XLMPAX","TRXTUSD","BNBUSDC","BTSBTC","RCNBNB","DLTETH","ZILBNB","XVGBTC","PIVXBNB","POEBTC","RLCETH","POLYBNB","LTCUSDC","BCPTBNB","CDTETH","TNTBTC","SNTETH","POWRETH","WINGSETH","NASBNB","VIABNB","NULSETH","POABNB","CNDBTC","NULSBNB","ZRXBNB","XEMETH","PHXBTC","WAVESPAX","MFTBNB","MFTETH","XMRUSDT","EDOETH","SCBNB","KEYETH","IOSTETH","POWRBNB","NAVBNB","WTCETH","TUSDBNB","FUNBTC","DGDETH","WAVESTUSD","BRDBNB","LRCETH","PAXBNB","BTTPAX","SNMBTC","LENDBTC","RPXETH","APPCBNB","ASTETH","VIBETH","NXSBNB","BTTTUSD","VIBEBTC","ADABTC","OSTBNB","RENBNB","GVTETH","LUNETH","RPXBTC","XMRETH","IOTAETH","CMTBNB","LENDETH","USDCBNB","SALTBTC","DCRBNB","BCPTBTC","NPXSBTC","ADXBNB","GNTBNB","USDSPAX","GTOETH","VENETH","DNTBTC","WANBNB","ETHTUSD","SNTBTC","NEBLETH","BQXETH","QLCETH","CVCETH","CVCBNB","STEEMETH","ARKETH","REQETH","POEETH","BLZETH","ARDRBNB","REQBTC","RPXBNB","MITHBNB","RLCBNB","GNTETH","GOBNB","TRXPAX","LINKPAX","TNBETH","HCETH","HOTBTC","RCNBTC","SNGLSETH","SCBTC"]}