{"data":{"BATETH":413.1716145994,"FUELETH":1212.5545124153,"GRSBTC":43.8133930446,"NANOBTC":52.3394710887,"AEBTC":-7.9738578629,"LTCTUSD":-6.6714157701,"LINKETH":623.9177671637,"ENGBTC":621.9245117775,"BNTBTC":2766.9784243466,"ENJETH":1071.7506132258,"STRATBTC":43.2839208965,"ETCBTC":46.3501815595,"TRXXRP":-19.6669020061,"ARNBTC":56.8748281011,"XLMTUSD":140.7250539853,"XZCBTC":6.338075053,"BTTBNB":60.2317564547,"LTCETH":47.1594226715,"TRXETH":29.880900661,"ZILUSDT":183.6618167776,"ONTETH":86.0479556071,"PHXETH":2600.6995069927,"XRPUSDC":-76.6084375169,"BTCPAX":101.7458363508,"ONTUSDT":128.802525249,"VETUSDT":166.5009593823,"BCHABCUSDT":36.521570032,"NXSBTC":97.2270155731,"ETHPAX":107.8478931998,"KMDBTC":-58.1134787126,"POLYBTC":231.0378109696,"PAXUSDT":59.7301033967,"RVNBNB":1253.134654421,"APPCBTC":404.994678365,"BNBBTC":70.8253865229,"XLMETH":189.4939182588,"XRPBTC":-20.3628485948,"ADXBTC":-8.6472608774,"OAXBTC":-17.5294653502,"IOTABTC":-15.9488412887,"NEOBNB":-24.6110059828,"BTCUSDC":48.056808483,"PHXBTC":1852.6685036793,"POWRBTC":-69.2392964135,"DASHBTC":102.7407388545,"DLTBTC":16.2296639509,"USDSPAX":223.8040089825,"USDSUSDC":478.0431080421,"BTCUSDS":104.3829486754,"AIONBTC":167.6142853805,"NEOUSDT":40.1020714981,"TUSDUSDT":11.9518508894,"NEBLBTC":-19.277152624,"RDNBTC":5.9723652773,"NEOBTC":10.2442923532,"BLZBTC":6.7647228724,"BCHSVBTC":24.0783563859,"BTGBTC":56.1197093409,"XRPPAX":-24.0880576041,"PPTBTC":106.388431804,"FETUSDT":-71.6281575638,"BCHSVUSDT":95.9679587118,"QTUMUSDT":7.2717322824,"XRPTUSD":-36.1112455228,"QTUMBTC":-6.2314428641,"WAVESBTC":119.2505865909,"TNBETH":-23.1439380447,"LTCUSDC":106.8369762459,"DGDBTC":9.558039495,"BNBUSDC":7.286338983,"IOTAETH":-9.4390048564,"OMGBTC":-0.2557336057,"TRXUSDT":50.7412175709,"MFTETH":252.9038413228,"XRPETH":-31.9478483037,"WTCBTC":20.3175986113,"EOSTUSD":-34.817329808,"STEEMBTC":-14.7804438347,"FETBNB":-67.4532055179,"LOOMBTC":36.2704013517,"RVNBTC":381.5688112636,"KNCETH":4.2142200027,"STORJBTC":-5.4903417103,"FETBTC":-74.3071460443,"GXSBTC":98.1636985994,"EOSBTC":26.8261165974,"USDCPAX":123.2113932783,"EDOBTC":-1.2617023992,"NEOTUSD":31.1653184768,"BCDBTC":59.5310498229,"EOSUSDC":-46.71322829,"BTTUSDT":-20.8601702217,"ONTBTC":112.3042201556,"TUSDETH":-33.0769771835,"APPCETH":405.2976725796,"NULSBTC":26.5960881374,"THETAETH":-35.0183189746,"VETETH":29.8016327136,"BATBNB":183.3659851219,"EOSBNB":16.9875742739,"BCHABCBTC":20.314819451,"IOTAUSDT":-7.9778731995,"PHXBNB":6762.5090069123,"XLMUSDT":132.7329283779,"DCRBTC":46.5422494764,"HOTBNB":234.5472602038,"ONGBTC":85.5604466475,"ETCETH":20.3623528921,"ETHUSDC":52.9964223199,"BQXBTC":118.285047852,"BNBUSDT":106.0085963238,"ADAETH":57.3971807145,"GASBTC":-8.7297622129,"WANBTC":472.512668219,"ARKBTC":41.0016863183,"SKYBTC":-73.2000137702,"VIABTC":110.7470585844,"EOSUSDT":36.7103705051,"BRDBTC":28.8044864916,"HOTETH":151.5485641813,"NEOETH":11.4676831098,"MCOBTC":62.3987166925,"USDCUSDT":13.3153118525,"ICXBTC":44.6721371112,"LINKBTC":417.8547893486,"LOOMBNB":60.360899754,"TRXTUSD":-9.181358331,"LOOMETH":15.3942826785,"ONGUSDT":81.8116301703,"ADABNB":88.4437214277,"ZENBTC":-39.8208772117,"ZRXUSDT":309.829766244,"EOSETH":-31.307818339,"MDABTC":-57.9185775955,"USDCTUSD":124.6421494742,"LTCUSDT":54.9116071407,"ENJBTC":2356.0283850058,"BTCUSDT":52.0397293829,"EOSPAX":-59.5944607987,"LSKBTC":306.1653274954,"ZRXBTC":101.767709162,"NASBTC":33.0223647672,"INSBTC":-46.5879625091,"LTCBNB":212.8294623043,"ENJBNB":4720.1412073225,"PAXTUSD":838.3440608298,"BATBTC":276.6356067481,"KNCBTC":-23.6894663115,"TRXBNB":94.153378923,"BCHABCTUSD":93.5592282464,"ELFBTC":35.3892890649,"BNBPAX":-5.5795685522,"RLCBTC":-5.4969865303,"XLMBNB":147.78488293,"XVGETH":261.7517134933,"WABIBTC":44.0711992273,"MTLBTC":158.1126641389,"ADAUSDT":90.5793245061,"TUSDBNB":221.6104382163,"VETBNB":150.126281873,"ZECETH":244.6929318497,"GVTBTC":-39.0130431444,"PIVXBTC":102.9515436915,"ETHUSDT":8.9216611682,"XRPBNB":90.0141977449,"THETABTC":-6.6876560663,"ICXUSDT":35.8840268571,"HCBTC":373.7949256521,"WAVESUSDT":497.3072916424,"XMRBTC":25.9449403087,"LUNBTC":-49.5725551695,"LTCBTC":68.0394130565,"ETCUSDT":31.368263146,"XRPUSDT":-38.5413007064,"ZECBTC":98.9945713054,"HOTUSDT":234.7371477227,"ARNETH":56.7011229454,"TUSDBTC":1.5361766833,"EVXBTC":-42.6046372972,"ICXETH":4.4241312124,"LINKUSDT":553.956772422,"REPBTC":88.5871133058,"ICXBNB":69.7447171843,"BCPTBTC":815.8979834383,"ETHBTC":37.1761861954,"ONTBNB":409.5263777295,"BNBETH":14.9747845666,"THETABNB":81.5829690764},"startDate":"2019-03-02","endDate":"2019-03-09","numDays":7,"excludedPairs":["XZCBNB","SNGLSBTC","ENGETH","LRCETH","BCCETH","WAVESPAX","SYSBNB","SUBBTC","IOTABNB","WAVESUSDC","HCETH","STORMETH","BCHSVTUSD","QKCBTC","CMTBTC","STEEMBNB","NPXSBTC","CVCBTC","AGIBTC","AMBBNB","SKYETH","PIVXETH","BTTBTC","AMBETH","GOBTC","BRDETH","ZENETH","YOYOETH","DASHETH","AIONETH","OSTBTC","TNTBTC","TRIGBTC","USDCBNB","STORMBTC","XZCXRP","IOTXETH","MODBTC","NCASHBTC","WINGSBTC","BCDETH","DNTBTC","DOCKETH","TNBBTC","BCNBNB","KMDETH","WABIBNB","DLTBNB","MDAETH","GNTETH","CNDBNB","BCHSVUSDC","REPBNB","MANABTC","NULSUSDT","XEMBNB","SALTETH","SYSBTC","MFTBNB","OAXETH","XVGBTC","WTCETH","CDTETH","VIBEBTC","BLZBNB","DGDETH","ADXETH","ELFETH","ETCBNB","SCETH","QLCETH","VENBTC","VENUSDT","PAXBNB","ARDRETH","XLMUSDC","BCCUSDT","LTCPAX","POAETH","QKCETH","VIABNB","MITHBNB","CLOAKETH","POEBTC","TNTETH","VIAETH","ICNETH","NASBNB","TRXUSDC","BTSBNB","NANOBNB","STORMBNB","DLTETH","LUNETH","BTTTUSD","AEETH","WABIETH","WAVESBNB","XMRETH","RPXBTC","GVTETH","LSKBNB","BCPTETH","XZCETH","RENBTC","MITHBTC","BNTETH","RENBNB","SCBNB","LINKPAX","POWRETH","QLCBTC","RLCETH","WAVESETH","CDTBTC","NANOETH","CMTETH","ZENBNB","TRIGBNB","BLZETH","DENTBTC","IOTXBTC","WTCBNB","PAXETH","GTOBTC","MFTBTC","SCBTC","SUBETH","DATABTC","SNTBTC","VENETH","WPRETH","GTOBNB","TRXBTC","ZILBNB","NCASHBNB","FUNETH","POWRBNB","WANBNB","BCNBTC","ONGBNB","ZILETH","SNTETH","DENTETH","BCPTBNB","NULSBNB","USDSUSDT","ASTBTC","HSRETH","XEMBTC","AGIBNB","BNBUSDS","OSTBNB","EDOETH","LSKETH","LRCBTC","REQETH","RLCBNB","NASETH","TRIGETH","GXSETH","BTSBTC","NEBLETH","SYSETH","ASTETH","IOSTBTC","QTUMBNB","QSPBNB","CMTBNB","LINKUSDC","CHATETH","CNDBTC","MTLETH","GOBNB","WPRBTC","WINGSETH","RPXETH","SKYBNB","DOCKBTC","IOSTETH","QLCBNB","MTHBTC","LINKTUSD","GNTBTC","POABTC","NXSBNB","BCNETH","CLOAKBTC","NAVBNB","HSRBTC","MODETH","CVCBNB","CNDETH","NAVBTC","SALTBTC","PAXBTC","RDNETH","FUNBTC","HOTBTC","AGIETH","STRATETH","BQXETH","PIVXBNB","XLMBTC","GNTBNB","BCHSVPAX","RPXBNB","ARDRBTC","VIBEETH","RCNBTC","VIBBTC","RCNBNB","LENDBTC","RDNBNB","NULSETH","DNTETH","REPETH","TRXPAX","CVCETH","MCOBNB","BTGETH","EVXETH","QTUMETH","AEBNB","ZRXBNB","BCHABCPAX","ADXBNB","KEYBTC","POEETH","ARKETH","NPXSETH","ZRXETH","QSPETH","RCNETH","ICNBTC","XLMPAX","ZILBTC","APPCBNB","MCOETH","DCRBNB","SNGLSETH","VENBNB","GTOETH","FUELBTC","QSPBTC","BCCBNB","OMGETH","MANAETH","YOYOBTC","NAVETH","YOYOBNB","XEMETH","WANETH","VETBTC","NCASHETH","BCCBTC","DATAETH","BATUSDT","NXSETH","BCHABCUSDC","STORJETH","ADATUSD","SNMBTC","AIONBNB","ARDRBNB","BRDBNB","WAVESTUSD","NEBLBNB","AMBBTC","PPTETH","ADABTC","OSTETH","BTTUSDC","VIBETH","INSETH","LENDETH","CHATBTC","USDCBTC","GRSETH","POLYBNB","BTTPAX","REQBTC","MTHETH","STEEMETH","KEYETH","USDSTUSD","SNMETH","POABNB","BTSETH"]}