{"data":{"ATOMBNB":-15.4776037244,"FTMUSDT":-5.2859184349,"BCHABCTUSD":-1.0734095347,"SKYBTC":-25.9242945815,"LINKETH":-8.7384993724,"BTCUSDC":7.2450150171,"ZECUSDT":-6.034131413,"NULSBTC":-9.7423511274,"LINKTUSD":-9.439127015,"ERDUSDT":-8.3153742756,"MTHETH":-8.5178797795,"WANETH":-8.1498230288,"ONGBTC":-4.9683543721,"USDCPAX":-0.3807391651,"BATBNB":-4.5510471883,"EOSTUSD":-0.1456578051,"IOTAUSDT":-2.6885169017,"WTCBTC":-5.8833430021,"EVXETH":-11.5078212095,"XRPETH":1.7963923892,"LTCETH":-0.0592822899,"ONEBNB":-10.3862158392,"EVXBTC":-13.1886757032,"KMDBTC":-5.2185948363,"NPXSUSDT":-7.2043755878,"LTCUSDC":-1.8328987301,"XZCBTC":-14.057411656,"WABIBNB":62.3684339602,"LTCBTC":-0.4184782063,"BTGBTC":-9.1369786973,"GRSBTC":1.6936239511,"MITHUSDT":-7.2738192941,"ETCETH":4.632827931,"EOSUSDC":0.9125802595,"ETCBNB":1.4053417148,"NANOUSDT":-1.4506947988,"XLMBNB":-5.9658978795,"MTLBTC":5.1964250502,"ICXBNB":-2.7454989635,"ICXUSDT":-4.9636332619,"ENGBTC":-6.6992307971,"TRXBNB":-5.0816285267,"TOMOUSDT":-13.6454000783,"FETUSDT":-11.3678150823,"XRPTUSD":0.5468501923,"WANBTC":-10.4744388389,"LTCTUSD":-1.6186022627,"ETCUSDC":3.5378751495,"FTMBNB":-4.1527096831,"BTCUSDT":5.6786606224,"ERDBNB":-8.1139069723,"ATOMUSDT":-16.5830027036,"TRXXRP":-4.2710330072,"DENTUSDT":-9.1784172948,"NEOBTC":-0.8625556132,"TUSDUSDT":-0.3222804921,"BNBPAX":-11.3910238195,"EOSETH":2.9300872727,"ARKBTC":1.3926267487,"ADAETH":-1.4934862852,"DASHETH":-5.8380984647,"LTCBNB":-1.9441281146,"QTUMUSDT":-9.8507660192,"WABIETH":65.3918099144,"WAVESUSDT":-6.1678101036,"EOSUSDT":0.5803029447,"ETHUSDC":1.0750820818,"BNBTUSD":-10.7814819216,"DUSKUSDT":-23.1073974862,"OMGETH":-3.6292168655,"WAVESBTC":-4.7778092203,"OMGBTC":-4.7160958174,"BTCTUSD":6.648908995,"WANUSDT":-11.4309781813,"MDABTC":-6.1499876511,"ALGOUSDT":-29.2117643326,"HCBTC":-11.2917781707,"COSUSDT":-6.2942936434,"ZENBTC":-11.1702842509,"ZRXUSDT":0.1219482005,"BTCUSDS":7.0407954561,"ETHUSDT":-0.8222098649,"COCOSBNB":-18.3119593511,"BRDBTC":-2.3095408663,"DASHBTC":-5.8749207176,"PPTBTC":-19.6275449577,"BNBBTC":-10.8835930205,"XRPUSDC":1.4973098173,"ONTUSDT":-5.6136847309,"MATICUSDT":2.0998790767,"PERLUSDT":-13.3065534118,"BCHABCUSDC":-0.2912842871,"MATICBNB":4.3166000485,"TRXUSDT":-6.1278261026,"GVTBTC":-9.8659507583,"PIVXBTC":3.540245799,"ZILETH":-4.5468455606,"THETAETH":-8.680161435,"AEBTC":-15.9289687316,"HOTBNB":-7.9647925033,"GNTBTC":-0.3148794841,"USDCUSDT":-0.3299557595,"QTUMBTC":-8.1951264645,"WABIBTC":61.2985716213,"NULSUSDT":-12.2918325725,"ONEUSDT":-12.5600447673,"ZECBTC":-5.6263428983,"ALGOBTC":-27.5198164059,"DOGEUSDT":-0.7114496968,"VETUSDT":-5.5210463541,"BCDBTC":-5.1534427141,"REPBTC":2.6888744675,"NEOBNB":-1.894626446,"HOTUSDT":-10.1986458508,"OMGUSDT":-5.8456926052,"ADAUSDC":-2.369763092,"ANKRUSDT":-4.6253184573,"RVNBNB":-4.4768983109,"BATUSDT":-6.1324225905,"DASHUSDT":-7.1773522971,"XMRUSDT":-3.0402668161,"CELRUSDT":-17.7490715463,"LINKBTC":-9.9282761018,"ENJUSDT":17.121559828,"LINKUSDT":-10.7448578675,"XRPPAX":-0.5062203379,"BCHABCPAX":-1.6115508788,"BCHABCBTC":0.364228782,"ETCUSDT":1.0169358628,"CELRBNB":-17.2210988418,"PERLBNB":-13.2509368797,"ADABNB":-4.2145642973,"LTCPAX":-4.7724253762,"INSETH":22.8244013939,"ONTBTC":-3.3997927368,"COCOSUSDT":-19.8974317039,"ADAUSDT":-4.7389732329,"NANOBTC":-0.6114446483,"DCRBTC":7.0388949038,"VIABTC":-13.6199234116,"QTUMETH":-6.7562452086,"ALGOBNB":-28.3428188926,"IOSTUSDT":-11.6361046953,"XRPUSDT":0.0838710486,"GASBTC":-8.3855345914,"RENBNB":-31.7155081742,"THETAUSDT":-9.2980010539,"IOTABTC":-1.469964507,"BNBUSDT":-12.8095089544,"XLMUSDT":-6.5989012563,"ZECETH":-4.6507807958,"WANBNB":-10.8020038068,"ARNBTC":-1.1663587098,"ZRXBTC":0.8949812332,"TFUELUSDT":-15.3159951939,"INSBTC":5.7942499856,"LUNBTC":-10.2468189831,"BTTUSDT":-10.7193750105,"ETHTUSD":-1.0694994887,"PAXUSDT":-0.286268287,"LTCUSDT":-1.7920761862,"NEOUSDT":-2.545559775,"STRATBTC":-12.1738354387,"ENJETH":25.0453204114,"BTCPAX":5.9240586811,"XRPBTC":1.1543541489,"ETCBTC":1.9439789894,"ICXETH":-0.6933687669,"DUSKBTC":-21.3980635279,"IOTAETH":-1.0977794419,"ETHPAX":-2.1226662216,"EOSBTC":2.5132822956,"ETHBTC":0.2275933011,"XRPBNB":-0.1328607502,"BATBTC":-3.7251729868,"ENJBNB":20.0581052855,"BNBUSDC":-11.2660553809,"WAVESETH":-2.7492414746,"LSKBTC":-5.8785193144,"COSBNB":-5.8722773335,"TRXETH":-3.5108025973,"XMRETH":-0.5571141974,"NEOETH":0.1440025506,"ICXBTC":-2.5090791659,"WINUSDC":-12.0394059697,"TRXUSDC":-5.0884428558,"RENBTC":-30.3515980658,"EOSBNB":0.0409521298,"DUSKBNB":-21.5821757546,"XLMUSDC":-4.6088430103,"MCOBTC":-5.354180517,"BATETH":-1.598872261,"QKCETH":0.2258346878,"NEBLBTC":-8.7983258426,"XMRBTC":-2.5797041089,"GXSBTC":-1.4350073663,"TOMOBTC":-12.8052261057,"PERLBTC":-11.1768306451,"LINKUSDC":-9.731590118,"XLMETH":-4.3295798507,"ZILUSDT":-7.9961129644,"BNBETH":-9.7966191517,"NASBTC":-7.5474008474,"THETABTC":-7.5055129384,"IOTABNB":-1.7653190385,"RDNBTC":-5.2465918457,"USDCTUSD":0.0059581068,"BCHABCUSDT":-1.092968555,"PAXTUSD":0.0332675092,"BATUSDC":-4.4392080966,"OAXBTC":-23.6889742391,"WINUSDT":-12.738909346,"MTLUSDT":4.6543179721,"XMRBNB":-2.9063868144,"ATOMBTC":-14.9155621623,"MTLETH":9.991707179},"startDate":"2019-08-28","endDate":"2019-09-05","numDays":7,