{"data":{"IOTAUSDT":27.7382625135,"XLMUSDT":-37.6328481929,"ZILETH":-59.50429111,"XZCBTC":-65.7063530937,"BTTUSDT":96.9182696546,"THETABTC":18.4145715962,"TRXETH":-54.015844073,"ICXBTC":-46.0169677183,"NASETH":-45.0787802394,"LINKBTC":-65.7836912217,"XMRETH":-28.4460512574,"LUNBTC":-61.8695160523,"WANBTC":-49.6559871219,"LTCUSDT":-33.593993929,"SKYBTC":-35.3942337489,"TRXXRP":13.5588739055,"QKCETH":-41.8587452005,"MTLETH":6.0569004899,"BCHSVUSDT":-38.3794491907,"PIVXBTC":-59.7373303954,"QTUMBTC":-35.9431027182,"EOSBTC":-78.258767985,"BCHABCPAX":-6.0370819809,"VETUSDT":-52.9876735622,"ONTETH":16.1286328369,"XMRBTC":-11.2695735723,"EOSUSDT":-75.9041398411,"IOTAETH":48.3391486454,"RLCBTC":37.9764016314,"KMDBTC":152.9051651803,"NASBTC":-21.5585143649,"ZECBTC":-47.6717623852,"USDCTUSD":-68.8434806547,"HOTUSDT":509.1218943551,"ONGUSDT":489.1315761587,"GXSBTC":-86.009453574,"BTCUSDS":-32.2312852154,"BNBTUSD":-21.4892454557,"WAVESETH":-86.5523635461,"WTCBTC":-0.564169826,"STEEMBTC":-24.8781920011,"ICXUSDT":-66.7309478011,"BCHABCBTC":10.7718388131,"AIONBTC":-6.7704903938,"OAXETH":-94.2282210981,"ENJBTC":282.1627784886,"BATUSDT":193.0261146674,"FETBNB":-22.1913497746,"RVNBNB":-47.5595753197,"BTCTUSD":-9.1928820222,"PAXUSDT":-53.023019782,"NEOUSDT":-31.5782342046,"CVCBTC":12.1635435413,"NULSUSDT":107.0747905287,"POWRBTC":18.3199933387,"FETBTC":-5.8202793694,"KNCBTC":-25.3892266009,"ZRXBTC":-61.394610662,"RDNBTC":-58.8596071803,"LSKBTC":-54.0298266831,"XRPTUSD":-12.4987790655,"PPTBTC":-58.4581866829,"NANOBTC":-61.6137371903,"USDCPAX":2.5817107313,"BTTBNB":-29.0608334122,"OAXBTC":-94.1912324841,"STORJBTC":-54.2866025267,"XLMETH":-53.4791948398,"EOSUSDC":-79.1659240162,"ETHTUSD":-82.4819937408,"ELFBTC":-3.5570559377,"BTGBTC":-65.7037756736,"XRPPAX":-55.529380064,"BTCUSDC":-50.8112662333,"ETHPAX":-87.7291329899,"BRDBTC":-13.8028391423,"NEOETH":-49.4511349688,"GVTBTC":-72.2080660364,"ADXBTC":-81.0672900381,"EOSTUSD":-79.907629141,"APPCBTC":-38.0215694791,"BCHSVBTC":16.2729858415,"EOSPAX":-85.5796210837,"XRPBTC":13.7284061027,"LRCBTC":-55.2707626632,"BATETH":155.9081915817,"ETCUSDT":-72.3045269385,"REPBTC":12.9399174573,"ZENBTC":50.1925071905,"ZILUSDT":-39.6036074928,"DLTBTC":-55.4805590475,"TRXTUSD":-85.5390480746,"LTCUSDC":-73.9926152671,"EVXBTC":-39.8337025771,"ONTUSDT":-24.946808321,"THETAUSDT":125.4203067876,"TUSDUSDT":-52.0427146244,"BTCPAX":-53.9302291717,"LTCPAX":-72.4933737693,"XRPUSDT":29.0925855926,"DASHBTC":-40.5947112627,"GASBTC":319.2765654319,"RVNBTC":-33.169368536,"MCOBTC":15.9779021811,"PAXTUSD":-7.0782892057,"ONGBTC":1131.922970507,"USDCUSDT":-48.3202667996,"BCDBTC":-86.1325842597,"MFTETH":79.9448286915,"AEBTC":-72.2192334385,"WABIBTC":1196.0781626093,"MFTBNB":75.9523605722,"BQXBTC":-38.2384998584,"BNTBTC":-45.6850257276,"BCHSVTUSD":-65.177880326,"NAVBTC":-37.6954003401,"LTCETH":-35.8466025778,"BLZBTC":-80.1360036922,"OMGUSDT":-14.5399527898,"BTCUSDT":-42.832353555,"NXSBTC":-51.8813243088,"INSBTC":-32.125580502,"BCHABCTUSD":-47.5332566792,"LTCBNB":-54.101004693,"ADABNB":-67.7216621558,"EOSETH":-69.8827970941,"XMRUSDT":-39.1664281787,"ETCBTC":-80.8095409214,"BCHABCUSDT":-18.082426425,"WABIETH":873.6409887056,"DCRBTC":-59.2113103514,"EOSBNB":-86.3703824459,"ETHBTC":-61.2903148437,"NANOUSDT":-44.7804036252,"WAVESBTC":-71.0895332994,"VETETH":-52.0405634311,"BNBBTC":-12.8370333141,"OMGETH":-22.5148513571,"ZECETH":-40.0742482475,"NULSBTC":25.4102014522,"NEBLBTC":-48.8439694918,"XRPUSDC":-24.2178567572,"ADATUSD":-71.5609607057,"IOSTETH":-59.0513464453,"CELRUSDT":-1.7985847642,"MTLBTC":-26.4038508687,"XRPBNB":32.1706320151,"TRXUSDT":-59.1136531589,"ETHUSDT":-59.7036936971,"ONTBTC":-38.0583586075,"ICXETH":-63.9203570274,"DGDBTC":-78.2207335404,"ZRXUSDT":-54.3197175029,"BNBUSDT":-16.847004873,"ETHUSDC":-64.5486239619,"HCBTC":-11.9295841451,"NEOBNB":-44.8236655516,"ADAUSDT":-68.1397231743,"ADAETH":-56.3106450937,"FETUSDT":-11.6545790307,"IOSTUSDT":-68.5025184232,"XRPETH":19.7658545595,"MDABTC":-24.3772228999,"EDOBTC":-22.8435264867,"STRATBTC":-75.7818850779,"NEOBTC":-29.1442228676,"ENJBNB":228.5953472469,"ARKBTC":-71.6772102258,"NANOETH":-74.385671711,"GNTBTC":-80.5496873194,"FUELETH":-64.6868058407,"LTCTUSD":-54.3743874063,"EVXETH":-37.4130361311,"BATBTC":71.7643373971,"LTCBTC":-34.0546589551,"WAVESUSDT":-64.2948096357,"QTUMUSDT":-47.0182351207,"BCHABCUSDC":-57.9571964848,"USDSPAX":-74.0279961033,"WAVESBNB":9.6910344034,"DASHUSDT":-55.8578461004,"ENGBTC":-53.0438791538,"BNBETH":-62.8492121412,"IOTABTC":59.4312471029,"LINKUSDT":-53.4210570819,"GRSBTC":-59.9348547233,"BTTUSDC":296.4119703313,"OMGBTC":-2.5485679739,"VIABTC":548.9301956371,"BNBUSDC":-69.077642392,"ENJETH":133.3775282511,"TRXBNB":-62.2323207051,"ARNBTC":174.6553165471,"WABIBNB":1233.9679555529,"ZECUSDT":-52.1995656054,"THETAETH":5.351392941},"startDate":"2019-04-11","endDate":"2019-04-18","numDays":7,"excludedPairs":["BCPTETH","BTTTUSD","SYSBNB","MTHETH","XEMBNB","POLYBTC","NCASHBNB","BCPTBNB","XVGETH","IOTXBTC","VENBTC","DOCKETH","DASHETH","DLTETH","AGIBNB","QTUMETH","ARNETH","RCNETH","ICNETH","ZENETH","LUNETH","BTTPAX","BTSBTC","LINKUSDC","RCNBTC","ADAUSDC","INSETH","BCCBNB","ICXBNB","STORJETH","ASTBTC","SCETH","ZECTUSD","CDTBTC","NCASHBTC","VIAETH","SALTBTC","OMGBNB","XVGBTC","VENETH","NASBNB","USDSUSDC","QLCBTC","XLMBNB","GVTETH","XLMBTC","GTOBTC","SNGLSBTC","POWRETH","TRXPAX","LOOMETH","PIVXBNB","SCBNB","RCNBNB","ADXETH","BCCBTC","FUNETH","HCETH","REPETH","USDSUSDT","LOOMBTC","NULSBNB","DNTETH","BQXETH","BCCETH","USDCBNB","DCRBNB","WANBNB","BCHSVUSDC","CLOAKETH","ENGETH","TUSDBNB","POEBTC","VIBETH","RLCBNB","USDSTUSD","DATAETH","AMBBNB","OSTETH","BCNETH","PPTETH","SCBTC","VIBBTC","WINGSETH","WANETH","VENUSDT","IOSTBNB","MDAETH","GOBNB","YOYOBNB","GTOBNB","CNDBTC","RDNETH","LSKBNB","DATABTC","BNBUSDS","ADABTC","WTCETH","REQETH","NULSETH","BCNBTC","PHXBTC","XZCBNB","REQBTC","LENDETH","HOTBNB","LSKETH","KEYBTC","HOTBTC","PAXBTC","CLOAKBTC","DNTBTC","XZCETH","VETBNB","PAXBNB","BCHSVPAX","DENTBTC","TUSDETH","QLCETH","RDNBNB","BCPTBTC","NANOBNB","WPRETH","WAVESTUSD","AGIETH","YOYOBTC","FUNBTC","LENDBTC","TNTETH","HSRBTC","LRCETH","OSTBTC","SYSBTC","DGDETH","CNDBNB","SKYBNB","STORMBNB","QSPBTC","DLTBNB","RPXBNB","STEEMETH","MODBTC","CMTBNB","NCASHETH","DASHBNB","XZCXRP","ELFETH","OSTBNB","TRXBTC","XLMPAX","NAVETH","XEMETH","VIABNB","AGIBTC","CELRBNB","TRIGBTC","XEMBTC","CVCETH","AMBETH","ONGBNB","ARKETH","POWRBNB","LINKETH","LINKTUSD","NAVBNB","GNTETH","AIONBNB","XLMTUSD","MFTBTC","MITHBTC","NXSBNB","SALTETH","STEEMBNB","ARDRETH","BTSETH","XLMUSDC","REPBNB","NEOTUSD","GNTBNB","PIVXETH","VETBTC","POLYBNB","CMTETH","TNBETH","NEBLBNB","LOOMBNB","MCOBNB","WTCBNB","GRSETH","TNBBTC","IOTXETH","CELRBTC","IOSTBTC","POABTC","QSPBNB","BCCUSDT","EDOETH","QKCBTC","ZECUSDC","MANAETH","GTOETH","CHATBTC","BATBNB","NEOUSDC","STORMBTC","TNTBTC","NEBLETH","ZENBNB","RENBTC","STRATETH","CVCBNB","CHATETH","SNMBTC","POEETH","CNDETH","POAETH","FUELBTC","ZRXBNB","APPCETH","QLCBNB","MANABTC","RPXETH","THETABNB","ETCETH","WAVESPAX","TRIGETH","BLZBNB","SNTBTC","GXSETH","TUSDBTC","ZECBNB","KNCETH","RPXBTC","AEBNB","KEYETH","BNBPAX","BTSBNB","STORMETH","PHXBNB","APPCBNB","WINGSBTC","KMDETH","BRDBNB","CMTBTC","BTTBTC","RENBNB","AMBBTC","ADXBNB","VIBEETH","BCDETH","PAXETH","BCNBNB","NXSETH","ARDRBTC","DOCKBTC","MITHBNB","ASTETH","SNGLSETH","CDTETH","NPXSETH","BTGETH","ONTBNB","PHXETH","MODETH","VENBNB","QTUMBNB","DENTETH","USDCBTC","TRIGBNB","LINKPAX","MTHBTC","NPXSBTC","HSRETH","BNTETH","AEETH","BRDETH","HOTETH","BLZETH","ZILBTC","SKYETH","ADAPAX","TRXUSDC","NEOPAX","WPRBTC","RLCETH","VIBEBTC","WAVESUSDC","SYSETH","ZECPAX","GOBTC","POABNB","SNTETH","ZRXETH","MCOETH","YOYOETH","ETCBNB","QSPETH","ICNBTC","ARDRBNB","SUBBTC","SNMETH","SUBETH","IOTABNB","XMRBNB","ZILBNB","AIONETH"]}