{"data":{"GVTBTC":3.7232670937,"ONTETH":-1.2486475561,"TUSDBTC":-0.1240485404,"BCHSVUSDT":2.8780981695,"ARNETH":25.6218513839,"USDCUSDT":0.6470430738,"INSBTC":7.8102827892,"QTUMBTC":-0.4115216274,"QTUMETH":-0.6664115484,"TRXETH":-3.8260256419,"ONTBTC":-1.5522792554,"WINGSBTC":6.0122381106,"REPETH":52.006087081,"SKYBTC":5.693204721,"POWRETH":45.7510382093,"XLMTUSD":0.6913726755,"ICXBTC":0.2770237433,"LTCBTC":-4.7857170668,"NANOBTC":-2.3557035206,"NEBLBTC":-2.6639697678,"QKCBTC":10.7227128475,"IOTAUSDT":-1.2981716027,"PHXETH":25.2231299467,"ADXBTC":6.6465278283,"WANBTC":6.2286840829,"EVXBTC":29.0165514726,"CLOAKBTC":19.5286922706,"ZRXBTC":3.8202647839,"SALTBTC":2.103896709,"BTCUSDT":0.2457421485,"XRPETH":-2.8651771045,"LINKETH":15.313630734,"ARNBTC":25.6726089058,"XRPUSDC":-1.8181125603,"OMGBTC":-1.1266552785,"ICXUSDT":0.7500207297,"ETHUSDT":-3.3677467087,"LTCETH":-5.081194895,"XMRETH":-1.4727087553,"OMGETH":-1.4130240571,"OAXBTC":87.3437894318,"ELFBTC":3.2626441209,"AEETH":18.4931496082,"GASBTC":0.8165015829,"LINKBTC":15.8341077685,"WABIBTC":36.8940432089,"IOTABTC":-1.8594547524,"BCHABCUSDT":-1.2002636182,"PIVXBTC":1.8555070447,"XRPUSDT":-1.3295128665,"BQXETH":111.0028528215,"DCRBTC":0.6276584808,"XRPPAX":-1.5746956243,"VIBEETH":40.7037734971,"XLMUSDT":1.6169760503,"BTCUSDC":-0.5426794481,"XLMETH":0.7329228008,"QKCETH":10.8546689194,"TUSDETH":-0.6778699888,"STRATETH":10.2139560803,"IOSTETH":5.0001304386,"EOSUSDC":1.7426169831,"TRXUSDT":-3.2813273414,"ZECBTC":-6.532768872,"KNCBTC":-5.8965412204,"XRPTUSD":-1.6194274057,"STORJBTC":4.4827118559,"EOSETH":1.691373694,"ETCETH":-2.9016696849,"ICXETH":-0.132853923,"ARKBTC":3.3758846829,"ADAETH":0.5713289221,"NEOBTC":-3.6318910813,"ETCUSDT":-1.517335963,"TRXXRP":-3.695555824,"GTOBTC":23.5446403731,"TUSDUSDT":0.6485975098,"ETHBTC":-3.9983290516,"BNBBTC":7.4491086949,"ZENBTC":-1.1847538222,"GXSBTC":6.7116071461,"USDCPAX":0.6719243663,"RLCBTC":9.6782309644,"NASBTC":7.9521378181,"XZCBTC":5.4881814239,"VETUSDT":2.4703036082,"NAVBTC":15.1165582559,"POWRBTC":46.925587179,"NEOTUSD":-3.028130603,"NULSUSDT":10.2776163609,"EOSPAX":3.1777203394,"IOTAETH":-2.7575259708,"DOCKETH":47.6473722468,"AMBBTC":4.4931342508,"HCETH":5.7594287694,"NEOETH":-4.1215883849,"BLZBTC":10.6439189883,"CVCBTC":8.5724038841,"MTLBTC":4.6893428229,"TRXBNB":-5.5532609559,"VIBEBTC":42.7976642685,"PAXTUSD":0.1909337212,"REPBTC":52.0764245707,"BTCPAX":0.1096728875,"ZECETH":-6.5303677571,"ADATUSD":0.7043578451,"BNBPAX":7.9778559467,"BTGBTC":-7.0213994648,"PAXUSDT":0.8128449449,"BCHABCBTC":-2.0143022525,"DLTETH":126.0970341258,"STEEMBTC":37.9389900079,"EOSUSDT":2.8874880364,"POLYBTC":0.2190953724,"BQXBTC":113.1326897047,"LUNBTC":25.1343471348,"BRDBTC":7.8402602323,"ETHUSDC":-4.470861346,"LRCBTC":46.6300442763,"LTCUSDT":-3.6358436617,"QTUMUSDT":0.5240561797,"NEOUSDT":-2.8071282966,"AIONBTC":7.0627158823,"VETETH":0.8129627908,"DLTBTC":131.0156046403,"MCOBTC":-0.2976633458,"MODBTC":7.2934966608,"TUSDBNB":-0.4412788539,"AEBTC":19.1250848769,"DLTBNB":134.6519023768,"ZILETH":8.993865714,"BATBTC":-0.229383192,"WTCBTC":9.9012973729,"SNTETH":10.24795678,"XLMUSDC":0.7346687472,"TNTETH":46.5695617975,"LTCBNB":-5.6037421745,"EOSBTC":2.2284181135,"LSKBTC":1.8641954638,"NXSBTC":2.1421377389,"ENGBTC":-3.4841841643,"STRATBTC":10.631454171,"USDCTUSD":0.0333326896,"XLMPAX":1.4261056185,"HCBTC":5.7480109547,"GTOETH":22.4368653539,"PPTBTC":2.030169879,"MDABTC":1.5911377254,"BNBETH":6.5411028293,"XEMETH":-5.5022342867,"ADAUSDT":1.7589670366,"BATETH":-0.6084717641,"XVGETH":-13.9469000629,"BNBUSDT":8.17931712,"ETHPAX":-3.6401135509,"DASHBTC":-2.8770524726,"WAVESETH":-2.6618634164,"ETCBTC":-2.2493565435,"WAVESBTC":-1.973011398,"BCDBTC":-4.7498493156,"KMDBTC":0.8713801965,"BCHSVBTC":2.1990817946,"XRPBNB":-2.739133331,"BNBUSDC":6.774367857,"RDNBTC":3.8288896258,"TRXTUSD":-4.5696425499,"ONTUSDT":-1.0150941318,"NULSBTC":9.8124176611,"XMRBTC":-1.0867446368,"LRCETH":45.1934522764},"startDate":"2019-01-12","endDate":"2019-01-19","numDays":7,"excludedPairs":["CLOAKETH","RCNETH","SCBNB","DENTBTC","WABIBNB","AEBNB","RENBNB","RENBTC","WAVESPAX","BCNBTC","BCCBTC","CMTBTC","BTSBTC","ZRXETH","PPTETH","DATAETH","RPXBTC","APPCBTC","NCASHBNB","WAVESBNB","RDNBNB","BNTETH","PHXBTC","STORMETH","WINGSETH","CHATBTC","VENETH","GRSBTC","VIABNB","VETBTC","BTSETH","BCPTETH","NPXSETH","ADXBNB","LSKETH","BCNETH","RCNBNB","MCOBNB","POWRBNB","TRIGBTC","KEYETH","YOYOBNB","MANAETH","HSRBTC","QSPBNB","MDAETH","SKYETH","EVXETH","USDCBNB","MANABTC","DGDBTC","KEYBTC","POABNB","SYSBNB","LENDETH","AGIBTC","NEBLBNB","BCCUSDT","NEOBNB","OSTBNB","CHATETH","XZCETH","NASETH","RPXBNB","XEMBTC","NULSBNB","RLCETH","ELFETH","MITHBTC","XZCBNB","ARDRBNB","WTCETH","GOBTC","NASBNB","MODETH","OSTETH","XLMBTC","PAXBNB","QLCBTC","FUNBTC","EOSBNB","THETABTC","GOBNB","ENJBNB","ENJETH","XEMBNB","SCETH","LINKUSDT","ARDRBTC","CDTETH","GNTETH","FUNETH","BRDBNB","TRIGBNB","ZENETH","STEEMETH","GRSETH","NULSETH","BCCBNB","IOSTBTC","ETCBNB","ICXBNB","HSRETH","FUELETH","CMTETH","BLZETH","THETABNB","VETBNB","RCNBTC","VENUSDT","ARDRETH","TRIGETH","RVNBNB","DNTETH","XZCXRP","GXSETH","POEBTC","ADABTC","ARKETH","STORJETH","DNTBTC","PHXBNB","NANOETH","LOOMETH","BNTBTC","MFTBNB","SALTETH","POLYBNB","QLCBNB","YOYOBTC","VIBETH","IOTXBTC","INSETH","YOYOETH","ICNBTC","SCBTC","NXSETH","NCASHBTC","SNMETH","KNCETH","WABIETH","NAVBNB","APPCETH","BTSBNB","AIONETH","BCPTBTC","PAXBTC","MFTETH","QLCETH","VENBTC","POEETH","STORMBNB","USDCBTC","EDOETH","VIABTC","PAXETH","TRXBTC","BRDETH","SNMBTC","IOTABNB","ONTBNB","CVCETH","DOCKBTC","STORMBTC","CDTBTC","SNTBTC","EDOBTC","RLCBNB","HOTBTC","DATABTC","POAETH","RDNETH","SNGLSBTC","BCPTBNB","GTOBNB","PIVXETH","VIBBTC","MCOETH","IOTXETH","WANBNB","ICNETH","BATBNB","AIONBNB","BTGETH","TNTBTC","FUELBTC","MITHBNB","REQBTC","LENDBTC","XRPBTC","QTUMBNB","BCNBNB","VENBNB","GNTBTC","NANOBNB","MFTBTC","BCCETH","MTLETH","SYSBTC","SKYBNB","WPRETH","GNTBNB","RVNBTC","LOOMBTC","REPBNB","AMBBNB","ENGETH","WTCBNB","ZENBNB","CMTBNB","WAVESUSDC","CVCBNB","XVGBTC","LSKBNB","CNDETH","BLZBNB","AGIBNB","LINKUSDC","DASHETH","SUBETH","SYSETH","XLMBNB","POABTC","OAXETH","KMDETH","QSPETH","REQETH","NEBLETH","WAVESTUSD","ASTETH","ENJBTC","QSPBTC","ZILBTC","WANETH","NPXSBTC","NXSBNB","OSTBTC","LINKPAX","HOTETH","WPRBTC","CNDBNB","EOSTUSD","NCASHETH","ADABNB","MTHBTC","RPXETH","LUNETH","SNGLSETH","VIAETH","WAVESUSDT","CNDBTC","ASTBTC","DCRBNB","GVTETH","LOOMBNB","SUBBTC","LINKTUSD","BCDETH","AGIETH","DGDETH","THETAETH","PIVXBNB","APPCBNB","ZILBNB","TNBBTC","TNBETH","NAVETH","DENTETH","STEEMBNB","AMBETH","ADXETH","MTHETH"]}