{"data":{"BTGBTC":-23.8804897934,"GXSBTC":6.1625273205,"DASHBTC":-4.2280233208,"XLMUSDT":-65.3140450238,"PIVXBTC":68.4205402037,"OMGETH":102.0010010383,"ELFETH":3.8530619473,"AEBTC":84.5798111351,"TRXTUSD":-12.729870733,"BTCUSDT":-16.1100513856,"WAVESUSDT":-7.2037587355,"ICXBTC":247.58385605,"ZILUSDT":-62.0498416513,"LTCETH":-54.4729630049,"MDABTC":315.5736182238,"BTCUSDC":46.0032160867,"TRXXRP":-6.322847623,"ETCUSDT":-39.1512300377,"NANOBTC":-27.1363114264,"NEOTUSD":94.7028233756,"XRPPAX":78.1143260491,"XRPUSDC":-0.2489119441,"TRXBNB":-31.7032119617,"ETHUSDT":-14.7384886994,"MANAETH":2978.411775255,"GRSBTC":1.4933525956,"BCPTBTC":-35.3819920324,"USDSTUSD":-27.1811747168,"LUNBTC":1080.7378633245,"USDSUSDT":3.1745557572,"AEETH":133.2977247752,"RLCBTC":226.4267025851,"MDAETH":764.9673087304,"LTCUSDT":-64.9488573993,"WABIBTC":114.4235067444,"XLMTUSD":-52.1845026299,"GVTBTC":109.6382686193,"BTTUSDT":54.4367430812,"BNBUSDC":-68.2235809056,"XRPUSDT":-20.2627102219,"ARNBTC":16.9712600777,"ONTUSDT":19.1506171023,"WANBTC":167.7331882002,"XRPETH":18.7644853406,"ADXBTC":-34.4020794338,"XMRBTC":4.1570306022,"ARKBTC":52.0472307591,"INSBTC":-20.7790415814,"LTCBTC":-62.4264574874,"ONTETH":49.8396692951,"STRATBTC":-3.8165118746,"LINKETH":-4.5961022016,"TUSDBNB":-79.8531207257,"TUSDETH":-24.4247171468,"USDSPAX":-4.7319931825,"DLTBTC":-62.359350387,"USDCUSDT":-21.7330527798,"ZRXETH":752.2339723559,"ADATUSD":67.4096082905,"ARNETH":-1.3775768385,"VETETH":20.0185903941,"LINKUSDT":-41.5229156323,"RDNBTC":374.124790488,"BNBUSDT":-27.3610827336,"EOSPAX":-52.0771450594,"ENGBTC":1196.0726671867,"VETUSDT":43.9100213139,"XLMUSDC":-63.3111871263,"BCHABCUSDT":-48.175957372,"THETABNB":225.620385533,"ONGUSDT":-79.3399141672,"RCNETH":467.6975008492,"STORJBTC":-61.0489481447,"XRPBTC":-0.5362208228,"OAXBTC":17.8848596411,"FUELETH":404.0971627968,"NASBTC":69.4512893625,"BATBTC":588.0887930929,"TUSDUSDT":-35.3118798293,"IOTABTC":-25.7865673749,"EOSTUSD":-69.705264679,"NEOBTC":0.2384506791,"ADABNB":-60.3773114221,"HCBTC":-15.9166676796,"HOTBNB":9.4797558438,"BCHSVBTC":56.8549107661,"QTUMUSDT":13.083213418,"BCHABCBTC":-38.7057884521,"LTCTUSD":-63.5545664416,"HOTUSDT":111.9228162659,"ZENBTC":-75.4355365056,"WAVESETH":29.3607205751,"XRPBNB":-36.1739993463,"BTCPAX":-19.2803463846,"SYSBTC":23.5456772391,"BCHSVTUSD":21.798543451,"USDCTUSD":23.1526388551,"XRPTUSD":-33.9279395124,"NEOETH":16.4646170948,"ENJETH":325.1212011433,"XLMETH":-38.0804368343,"QTUMBTC":-0.3404968184,"LINKBTC":-54.3804204612,"GASBTC":-74.2510574003,"ZECBTC":4.5913710846,"EOSETH":-71.8664967296,"OMGBTC":66.1473794556,"WAVESBTC":38.0964756806,"ADAUSDT":-44.8172659061,"ZILETH":-23.3367332006,"BTTBNB":23.9974877054,"PPTBTC":10.1157381581,"PAXUSDT":-9.1315778993,"ETHBTC":8.2456559535,"ETHPAX":58.5360309461,"APPCBTC":190.2067952772,"ETHUSDC":-32.5229563517,"THETABTC":170.7461308834,"LOOMETH":100.4087523911,"DCRBTC":-20.9003406204,"BATBNB":681.2292300751,"STEEMBTC":44.7734544559,"TUSDBTC":-39.5561046273,"ONGBTC":-69.5348951974,"ENJBTC":829.2962431467,"LOOMBTC":55.3341767023,"SKYBTC":-49.7916421235,"BCHABCTUSD":-5.2698066564,"VETBNB":148.2252056765,"MTLBTC":-72.0646623001,"ELFBTC":53.7088573834,"ETCBTC":-33.470019446,"ENJBNB":2832.470784777,"NULSUSDT":-18.7022701711,"KMDBTC":87.8205443946,"PAXTUSD":108.1130603472,"BCDBTC":-35.4326499116,"NXSBTC":36.0071609765,"BTCUSDS":2.9033901173,"ADAETH":39.7912711816,"NEBLBTC":11.5074585608,"EDOBTC":1288.8814660299,"ONTBNB":65.0981903288,"BATETH":640.3914035136,"ICXUSDT":109.8905664865,"ZRXBTC":824.7108766132,"LSKBTC":13.7548802295,"EVXBTC":-81.9230158451,"NEOUSDT":-11.0053756388,"TRXUSDT":-41.9295094244,"LTCBNB":-64.7937557051,"VIABTC":828.9199781022,"REPBTC":-18.866652265,"ZECETH":-57.5710283047,"POLYBTC":112.0464781009,"IOTAUSDT":-50.6556430319,"EOSUSDC":-90.7374677016,"KNCBTC":105.4498117299,"BTTTUSD":196.9406387084,"MCOBTC":-68.6951650747,"BCHSVUSDT":112.6981497723,"AIONBTC":156.377380519,"THETAETH":235.9473615252,"BQXBTC":619.0739997577,"EOSBNB":-67.2028090955,"BNBETH":-27.2593404676,"BTTPAX":1385.8242978361,"TRXETH":18.2858554879,"LTCUSDC":-46.7047032968,"ICXETH":210.9412234753,"EOSUSDT":-59.495813982,"NEOBNB":-50.9712887558,"WTCBTC":-23.4005083246,"ONTBTC":14.3846790719,"USDCPAX":277.5651855887,"RCNBTC":435.4870497902,"BRDBTC":7430.2924333825,"POWRBTC":47.6664292842,"BNBPAX":-45.0015330327,"XLMPAX":-56.2959276167,"EOSBTC":-52.9195116321,"XLMBNB":-66.0997955649,"NULSBTC":84.2142609667,"BNBBTC":-9.4102069355},"startDate":"2019-02-21","endDate":"2019-02-28","numDays":7,"excludedPairs":["NAVETH","YOYOETH","BTTBTC","NPXSETH","ICXBNB","LINKUSDC","ASTBTC","POEETH","POABTC","DOCKBTC","LENDETH","AEBNB","VENBTC","REQETH","USDSUSDC","CVCBTC","IOTAETH","POAETH","RCNBNB","BNTBTC","DCRBNB","REPBNB","GNTBNB","BRDETH","APPCETH","NASETH","SYSBNB","WPRBTC","ARDRBNB","GVTETH","ICNETH","SNGLSETH","BLZBNB","YOYOBTC","REQBTC","BCHABCPAX","TRXUSDC","RENBNB","BCHSVUSDC","MCOETH","SNGLSBTC","MODBTC","BTSBTC","MFTBTC","GTOBNB","VIABNB","WAVESPAX","HSRBTC","STORJETH","RDNETH","LUNETH","NULSETH","POEBTC","POLYBNB","PAXBTC","ZILBTC","RPXETH","STEEMBNB","USDCBTC","QTUMBNB","GNTBTC","GOBTC","SNMETH","NPXSBTC","WANETH","BCHSVPAX","DATAETH","HSRETH","POWRETH","XZCXRP","IOSTBTC","CHATETH","TRIGBNB","BTSBNB","ENGETH","SKYBNB","LSKBNB","LSKETH","RVNBTC","SUBBTC","QTUMETH","BCCBTC","YOYOBNB","XVGETH","GOBNB","RVNBNB","LRCBTC","WTCETH","GRSETH","BCNBTC","WABIETH","TRIGBTC","XMRETH","ZILBNB","HOTETH","CNDBNB","QSPBNB","TRXBTC","AMBBTC","CVCETH","OSTETH","ASTETH","CNDBTC","LRCETH","AMBETH","IOTXETH","XZCBTC","APPCBNB","RLCETH","ICNBTC","ARKETH","VENBNB","AIONBNB","WAVESBNB","LOOMBNB","WAVESTUSD","ETCBNB","TRIGETH","PHXETH","XEMETH","XZCETH","LTCPAX","PAXBNB","QLCETH","SNMBTC","ARDRETH","SUBETH","TNTBTC","BTTUSDC","NEBLETH","EDOETH","DENTETH","BQXETH","BLZETH","STORMETH","SCETH","ZENETH","MFTETH","KMDETH","IOTABNB","VENUSDT","RLCBNB","NAVBTC","BNTETH","SALTBTC","RENBTC","AGIBNB","BCPTBNB","IOSTETH","PPTETH","VIBEBTC","BCCUSDT","HCETH","AMBBNB","NANOBNB","CMTETH","SCBTC","IOTXBTC","AGIETH","VIBEETH","CLOAKETH","BTGETH","ADABTC","SKYETH","PIVXETH","BRDBNB","RDNBNB","CNDETH","BCDETH","AIONETH","QKCBTC","BCNETH","OSTBTC","DATABTC","VIAETH","PHXBNB","GXSETH","KNCETH","CMTBTC","OSTBNB","MFTBNB","POABNB","GTOETH","BCCBNB","ADXBNB","BLZBTC","OAXETH","CDTBTC","WTCBNB","INSETH","QLCBTC","MITHBNB","MCOBNB","MTLETH","ARDRBTC","BCPTETH","CMTBNB","DGDETH","BCHABCUSDC","QSPETH","SALTETH","NULSBNB","TRXPAX","ONGBNB","DLTBNB","GNTETH","LINKTUSD","DENTBTC","WANBNB","MODETH","MITHBTC","SNTBTC","NCASHBTC","STRATETH","WPRETH","LINKPAX","RPXBTC","WINGSETH","TNBETH","AGIBTC","NCASHETH","NANOETH","ADXETH","NAVBNB","BTSETH","XEMBTC","CVCBNB","STEEMETH","PIVXBNB","DNTETH","DLTETH","POWRBNB","PHXBTC","FUELBTC","SCBNB","NXSETH","NCASHBNB","KEYBTC","DGDBTC","WINGSBTC","QKCETH","GTOBTC","DOCKETH","VENETH","HOTBTC","CHATBTC","QLCBNB","QSPBTC","WABIBNB","ZENBNB","STORMBTC","XEMBNB","REPETH","ETCETH","TNTETH","VETBTC","NEBLBNB","SNTETH","FUNETH","MANABTC","MTHBTC","NASBNB","NXSBNB","USDCBNB","BCCETH","WAVESUSDC","RPXBNB","XZCBNB","BCNBNB","MTHETH","BNBUSDS","DASHETH","XLMBTC","LENDBTC","PAXETH","CDTETH","TNBBTC","SYSETH","XVGBTC","STORMBNB","FUNBTC","CLOAKBTC","EVXETH","VIBBTC","DNTBTC","VIBETH","KEYETH"]}