{"data":{"NASBTC":19.3033473816,"LINKETH":4.6901245191,"CLOAKBTC":-6.9213045806,"BCHABCTUSD":20.9883565842,"ONGBNB":-38.7500129251,"STEEMBTC":5.6091275853,"TRXUSDT":5.883488877,"ETHUSDT":24.5200504976,"LTCBTC":15.0584348948,"TRXBNB":6.522842644,"MDABTC":26.1335779028,"USDCPAX":-0.4372720025,"ICXETH":22.3021789274,"USDCTUSD":0.1324273151,"NULSUSDT":6.7743446086,"NEOBNB":17.902426218,"BCDBTC":9.1206692841,"PPTBTC":3.953005603,"BTCPAX":10.882442731,"NULSBTC":5.4339992566,"ARNETH":17.48036353,"LINKUSDT":3.5053164175,"IOTAETH":15.3338739564,"STRATBTC":10.4714805743,"ADAETH":16.5383336179,"PAXUSDT":-0.6784661007,"NXSBTC":-0.3766197859,"PAXTUSD":-0.0412497357,"XRPPAX":7.7342649026,"IOTABTC":13.9297530734,"ADABNB":15.2208322212,"NEOETH":18.5581708122,"EOSBNB":45.2709506376,"BNBPAX":15.7684514697,"ONTBNB":42.2035256447,"XRPUSDC":8.4751160716,"ETHBTC":24.5850579212,"XRPBTC":7.8256519933,"BTCUSDT":11.3453410738,"ENJETH":29.9160694917,"AEBTC":11.5718675032,"EOSTUSD":46.1732728102,"QTUMBTC":18.6400113075,"LUNBTC":39.2506334419,"RDNBTC":18.1235333453,"AIONBTC":1.7958310507,"BTCUSDS":12.0573580786,"ZECETH":8.0183027866,"IOSTETH":23.5830082009,"ICXBTC":19.2648125748,"XLMETH":19.278266099,"RLCBTC":30.865299618,"BQXBTC":7.4372498442,"IOTAUSDT":14.1295523407,"BTTUSDT":8.7464758912,"EOSUSDC":40.3858437793,"ZECBTC":7.1610965865,"KNCBTC":8.6595568003,"BTCUSDC":11.4256396296,"LTCUSDT":15.0658840735,"EOSUSDT":42.0181639801,"ARNBTC":15.3143399806,"WTCBTC":11.4500518781,"LTCTUSD":15.711102325,"BCHABCUSDC":23.3335368964,"EVXBTC":7.4822203592,"TUSDETH":-1.0053103206,"TRXETH":6.7982756509,"TRXXRP":6.5415555599,"EDOBTC":4.9145666296,"SALTBTC":-5.2115875056,"MTLBTC":20.0994918164,"ELFBTC":12.2641268844,"GASBTC":23.7550909461,"OMGETH":11.6387687224,"XLMBNB":18.6660268319,"ZENBTC":21.8608412734,"ICXUSDT":17.8362814189,"LSKBTC":10.2703765996,"ELFETH":14.3879898518,"ARKETH":35.9267325122,"REPBTC":3.2084792295,"TUSDBTC":-0.9620979564,"EOSETH":43.7492141901,"WAVESBTC":10.4428606356,"APPCBTC":-15.9300130375,"INSBTC":7.1005150081,"POLYBTC":5.2251196997,"OMGBTC":8.8799928396,"ONTBTC":39.9331277066,"LINKBTC":3.4896548974,"ADATUSD":16.1999422294,"ZILETH":13.6460555678,"FUELETH":13.5037728624,"SYSBTC":29.2073548871,"OAXBTC":2.2773413759,"XZCBTC":11.2271169808,"VETUSDT":17.3743145658,"DGDBTC":5.996650763,"ETHUSDC":26.0057520137,"BCHSVUSDT":6.5349217012,"QTUMUSDT":17.5740965675,"ONTUSDT":38.8127223678,"ENGBTC":22.8129910762,"LTCBNB":15.8020704605,"BTTBNB":9.3734457087,"NEBLBTC":13.6434065413,"XLMUSDC":19.0954479617,"DASHBTC":9.8467474367,"DLTETH":12.63273673,"XLMUSDT":17.9262146179,"THETABTC":9.1833988321,"ETCUSDT":15.0021547986,"BNBETH":17.8604035864,"WAVESUSDT":8.7910295269,"ADXBTC":9.0895239322,"ONTETH":41.2565364435,"ARKBTC":34.848935769,"LRCBTC":4.8973731267,"HCBTC":7.5363574043,"XMRBTC":10.2171172985,"NANOBTC":10.5529540968,"KMDBTC":28.3114253712,"ZRXBTC":8.7522629849,"USDSUSDT":-0.6430449807,"VETETH":20.6906555141,"XLMPAX":16.5715865465,"XLMTUSD":19.7126944902,"BCHSVBTC":6.4125935085,"WAVESETH":11.7003557966,"NEOTUSD":18.390616301,"DLTBTC":8.2606311888,"NAVBTC":10.8233388749,"BATBTC":7.6437315244,"XRPETH":9.0329025272,"RDNETH":18.7540598431,"WINGSBTC":-9.8699941992,"GRSBTC":4.494776133,"ETCETH":16.7725307473,"PIVXBTC":10.6283786789,"MCOBTC":7.8550138833,"USDCUSDT":-0.4816243234,"SKYBTC":13.8394844358,"HOTETH":4.7701457618,"TRXTUSD":7.1112803221,"NEOUSDT":16.964654707,"STORJBTC":9.8565099838,"DCRBTC":4.185946777,"BNBBTC":17.2218621597,"ONGBTC":-34.9549578805,"VETBNB":17.0387139955,"GXSBTC":16.3913930317,"XRPBNB":8.3379251128,"BTGBTC":26.3006262605,"BNBUSDT":16.0800653373,"XRPTUSD":8.8577948388,"MCOETH":9.3321261376,"ZRXETH":10.6868447421,"TUSDUSDT":-0.6615667218,"POWRBTC":14.0876856276,"GVTBTC":9.9538481924,"LTCUSDC":15.1490378992,"ADAUSDT":15.0838621111,"ETHPAX":23.9772097444,"USDSPAX":-0.6780549028,"BCHABCBTC":20.030299379,"WABIBTC":17.4986010312,"SUBBTC":-23.1874314043,"ETCBTC":15.6285624412,"BCHSVTUSD":6.8331930585,"MODBTC":2.5706219107,"BRDBTC":15.5251848699,"BCHABCUSDT":19.6376729439,"BNBUSDC":17.148357026,"AEETH":14.2852019919,"LTCETH":16.0644658521,"EOSPAX":39.3831925386,"NEOBTC":17.0142298567,"STORJETH":11.08258099,"TUSDBNB":-0.3036011001,"THETAETH":10.5868320028,"EOSBTC":42.4324789782,"ONGUSDT":-34.6806546513,"USDSTUSD":-0.0287917965,"XRPUSDT":8.0515643811,"WANBTC":9.8000288134},"startDate":"2019-02-17","endDate":"2019-02-24","numDays":7,"excludedPairs":["DNTBTC","BCHABCPAX","QSPBNB","CLOAKETH","ICNBTC","YOYOETH","MTHBTC","CHATETH","WPRBTC","IOTXBTC","BCNBNB","GRSETH","RENBNB","HOTBNB","VIABTC","MANAETH","ADABTC","CVCETH","ASTETH","STRATETH","AMBBTC","STORMBNB","THETABNB","MFTETH","KNCETH","SKYETH","QKCBTC","LINKTUSD","MCOBNB","PHXBTC","MANABTC","NULSBNB","ASTBTC","WTCETH","TNBBTC","GTOBTC","CNDETH","WAVESPAX","XLMBTC","RPXBTC","FUNBTC","XEMBTC","MFTBNB","BCNBTC","GNTBNB","BCCBTC","CVCBNB","QLCBTC","USDCBTC","LSKETH","SKYBNB","REPBNB","RCNBNB","BTSETH","VIAETH","RLCETH","DGDETH","SNTBTC","ENGETH","TRIGBNB","DATABTC","PIVXBNB","GOBNB","TRIGETH","WANBNB","HSRBTC","BNBUSDS","ZILUSDT","GTOETH","XMRETH","SNMETH","IOTABNB","AMBETH","QSPBTC","LUNETH","LOOMBNB","KMDETH","AIONETH","ZENBNB","MTHETH","POABTC","DOCKETH","LOOMBTC","ICXBNB","SNTETH","HSRETH","STEEMETH","ARDRBTC","AGIETH","NASETH","FUELBTC","NEBLBNB","APPCETH","IOSTBTC","AGIBNB","INSETH","NCASHBNB","TNTBTC","PPTETH","BCPTBTC","FUNETH","BTSBTC","USDCBNB","MODETH","BRDETH","BLZETH","IOTXETH","VENBNB","RDNBNB","QTUMETH","CDTETH","KEYETH","SNMBTC","LENDBTC","BTTPAX","BCDETH","ARDRETH","RCNBTC","ZILBNB","BTTUSDC","BCPTETH","RLCBNB","BATBNB","NEBLETH","OSTBNB","NULSETH","NPXSETH","CHATBTC","ADXETH","OSTBTC","SCBTC","RPXBNB","WAVESBNB","WABIETH","REQETH","POEBTC","BNTBTC","ADXBNB","AGIBTC","REPETH","EVXETH","HCETH","GOBTC","WINGSETH","VENETH","SYSBNB","BLZBTC","NXSBNB","STEEMBNB","ARDRBNB","BTTBTC","HOTBTC","ENJBNB","BCCETH","LRCETH","POEETH","BTGETH","APPCBNB","ETCBNB","CMTBTC","LSKBNB","QLCBNB","MITHBNB","PIVXETH","QSPETH","CNDBTC","OSTETH","SNGLSBTC","TRXPAX","RVNBTC","SYSETH","CVCBTC","WTCBNB","GVTETH","CNDBNB","SCETH","NXSETH","DATAETH","EDOETH","NAVBNB","RCNETH","BRDBNB","USDSUSDC","NPXSBTC","REQBTC","STORMETH","WAVESTUSD","GNTBTC","DCRBNB","DENTBTC","VIABNB","BCHSVPAX","PAXBTC","XVGBTC","ICNETH","DASHETH","LINKPAX","XVGETH","NCASHETH","CMTETH","WANETH","LENDETH","STORMBTC","BQXETH","QTUMBNB","BCCBNB","BNTETH","TNBETH","BLZBNB","AMBBNB","BCNETH","QLCETH","VENBTC","XZCETH","PAXETH","VIBEBTC","ENJBTC","XEMETH","AIONBNB","POWRETH","TRXUSDC","VIBBTC","GXSETH","BCPTBNB","LINKUSDC","WABIBNB","YOYOBTC","OAXETH","CMTBNB","GNTETH","MTLETH","PAXBNB","QKCETH","BCHSVUSDC","DOCKBTC","VENUSDT","BATETH","RENBTC","KEYBTC","ZENETH","XZCXRP","CDTBTC","NANOETH","MITHBTC","NANOBNB","YOYOBNB","SALTETH","WAVESUSDC","LTCPAX","NCASHBTC","SUBETH","DENTETH","MDAETH","POLYBNB","POAETH","VIBEETH","NASBNB","RVNBNB","PHXETH","SNGLSETH","LOOMETH","XZCBNB","AEBNB","GTOBNB","BTTTUSD","WPRETH","POWRBNB","NAVETH","BTSBNB","DNTETH","VETBTC","TRIGBTC","VIBETH","TRXBTC","XEMBNB","RPXETH","PHXBNB","ZILBTC","POABNB","DLTBNB","MFTBTC","TNTETH","BCCUSDT","HOTUSDT","SCBNB"]}