{"data":{"LUNBTC":-62.8736366408,"BNBBTC":29.4656710753,"TRXBNB":-2.3090824021,"LUNETH":-40.970618271,"BRDBTC":23.0951753603,"TRXXRP":-52.7362660401,"POLYBTC":-43.1947230036,"NXSBTC":-71.5196931023,"PAXTUSD":-54.2493570816,"GVTBTC":119.5184424013,"PPTBTC":-64.0780431477,"OAXBTC":-61.3302031287,"BCHABCTUSD":-56.8693356635,"MDABTC":37.3379961565,"WTCBTC":-51.1364498006,"ZECBTC":1.81801698,"XLMUSDT":40.235221895,"BNBUSDT":52.4066080499,"AMBBTC":-54.0332458447,"PHXETH":325.9940056451,"BCHSVTUSD":36.5267329791,"EDOBTC":428.4099725906,"MCOBTC":-28.1061427065,"MODBTC":-76.2293896314,"BNBPAX":-23.6503959606,"APPCBTC":-41.666853453,"NAVBTC":-93.1824351986,"OMGBTC":-30.6907119305,"OAXETH":-67.8798193872,"XRPPAX":-9.0069179228,"NANOETH":26.4433064304,"LRCBTC":-89.1943242604,"AGIBTC":35.6055040308,"LTCBTC":-15.7699772063,"EOSPAX":-55.7043170024,"LOOMBTC":50.6027972573,"BATBTC":-8.1238361385,"USDCPAX":-79.850102938,"TUSDUSDT":13.1573599759,"WAVESUSDT":390.2368320714,"LTCBNB":-15.4480453095,"ARNBTC":6.6066575906,"LINKETH":46.9796941508,"XRPUSDT":-18.7159344986,"ZILETH":-13.965391114,"TRXETH":-49.6543934567,"ARKBTC":78.1146835381,"XRPETH":-13.0523674841,"USDCUSDT":-25.3321998402,"THETABTC":-18.3997419495,"ENGBTC":-75.329918484,"ETHUSDC":-20.5778931009,"ICXBTC":-26.6156119572,"EOSUSDT":-50.6133803419,"GXSBTC":-60.0267386509,"NPXSETH":458.0023565106,"ADAUSDT":-5.7481707322,"GTOBTC":-76.2338076356,"LINKUSDC":59.7378319972,"XLMPAX":-51.3781759535,"USDCTUSD":-26.5692837269,"XRPBNB":14.9101834392,"XLMUSDC":-3.3815514443,"XLMETH":95.6509221559,"XLMTUSD":193.3564995448,"DGDBTC":-22.2581877192,"ETHBTC":-10.2012600704,"IOTAETH":-7.9758472668,"KNCBTC":8.5256966202,"RLCBTC":108.8846587834,"WAVESBNB":358.6149296983,"NEOETH":13.5321766446,"NEOUSDT":-27.3685052003,"VIABTC":-23.9583680354,"XMRBTC":-34.0967343363,"NEOBTC":6.2599151232,"ADXBTC":-88.7840529122,"THETAETH":-18.8087884458,"KMDBTC":46.2786884009,"PAXUSDT":-12.6827090736,"MITHBTC":17.5775756896,"EOSUSDC":-57.0625368834,"BCHSVUSDT":9.7355098795,"WAVESETH":168.366383428,"BQXBTC":99.7010521669,"XRPBTC":-2.1762232102,"BNTBTC":-68.0295731273,"IOTAUSDT":1.2835455205,"ADATUSD":43.8472139284,"ASTBTC":-74.7789340638,"LTCUSDT":-32.6943182472,"XEMBTC":-16.9224603225,"LINKBTC":35.5273778327,"TRXTUSD":22.8097144156,"GASBTC":-32.7561264431,"BTGBTC":35.6492291703,"BTCUSDC":-18.9652884529,"FUNETH":-47.9327312864,"ETHUSDT":-20.0813566624,"BNBUSDC":96.6435411083,"STORJBTC":-72.5949442272,"BCDBTC":-67.9265790224,"NEOTUSD":13.937506698,"ZENBTC":-57.8990023021,"WINGSBTC":0.3390614974,"ZRXETH":5.9312888431,"MTLBTC":-33.4076148846,"AIONBTC":46.3672126379,"NEBLBTC":-12.1335732808,"NASBTC":-31.1454568608,"ONTETH":21.8333628143,"EOSETH":-63.5688481164,"SKYBTC":-46.3350419539,"BCHABCUSDT":-11.9712473993,"ETHPAX":-38.4761991389,"REPBTC":-19.2430469426,"ETCUSDT":-18.1472343298,"XRPUSDC":-16.6417789497,"ZRXBTC":11.1282628145,"DCRBTC":-54.2753283064,"GNTBTC":30.5362219065,"STRATBTC":-18.2684226498,"XZCBTC":-7.725257063,"BCHABCBTC":-47.8757071177,"QTUMBTC":-30.7176054938,"DASHBTC":-38.3104613826,"EOSBTC":-35.3693989571,"TUSDBNB":206.0021237335,"POWRBTC":-58.5111122428,"WABIBTC":-71.2349014824,"PIVXBTC":-50.7629857627,"WANBTC":-58.4231757555,"BCHSVBTC":-2.1203818919,"INSBTC":-91.9011590223,"BTCPAX":-45.8233835516,"ONTBTC":-6.6115097983,"VETUSDT":-58.3094045664,"EOSBNB":30.401785697,"AEBTC":-50.4217787286,"LRCETH":-86.0921660774,"NANOBTC":7.0625510888,"ICXUSDT":20.6716786328,"BNBETH":56.2758727307,"LTCETH":-38.990308751,"XLMBTC":83.0227267396,"STEEMBTC":-75.7236774842,"DLTETH":-32.200454484,"HOTETH":421.1669664629,"XRPTUSD":-8.0175427573,"VIBEBTC":-15.222083147,"LSKBTC":-18.8757023812,"OMGETH":1.8289421134,"LINKUSDT":137.0174140086,"ELFBTC":22.8502153865,"NULSBTC":441.7948001837,"EVXBTC":-58.8506820598,"ARNETH":8.887195556,"CLOAKBTC":-37.9272442103,"BNTETH":-45.6062470485,"TUSDBTC":45.1540805986,"QTUMUSDT":-44.9704223882,"IOTABTC":-11.2609206289,"ADAETH":4.4449672051,"BTCUSDT":-3.2144841728,"ETCBTC":-29.9111589465,"REPETH":-40.6290632928,"RDNBTC":-56.4409854081,"GVTETH":386.2817824408,"SALTBTC":-68.9381747511,"DLTBTC":-21.8255392591,"GRSBTC":262.8441125137,"NULSUSDT":634.367478776,"EVXETH":-38.4364100368,"TRXUSDT":-25.9727478046,"MANABTC":-46.6558114473,"WAVESTUSD":-6.2358207665,"LINKTUSD":179.5972898729,"TUSDETH":-10.2812750145,"WAVESBTC":35.4330768506,"HCBTC":-60.7072108521,"ONTUSDT":-11.2142257625},"startDate":"2019-01-23","endDate":"2019-01-30","numDays":7,"excludedPairs":["KEYBTC","XZCBNB","RPXBNB","CMTBNB","DLTBNB","LTCTUSD","NEBLETH","AIONBNB","WABIETH","XLMBNB","RCNETH","TRXPAX","BTSBNB","CMTETH","NAVBNB","ADXBNB","SKYBNB","MDAETH","BCHSVPAX","ARDRETH","THETABNB","QKCBTC","TRIGETH","VIBEETH","QLCETH","SYSBNB","ICXETH","MITHBNB","STEEMBNB","PIVXETH","VENUSDT","QTUMETH","POEETH","GTOBNB","OSTBTC","BLZETH","GNTETH","BCNETH","VETETH","ENJBNB","BCNBTC","STORMBNB","VIBBTC","BCHSVUSDC","QKCETH","APPCETH","NAVETH","ICNBTC","QSPBNB","WANBNB","LENDETH","NULSBNB","VIAETH","SNGLSBTC","RCNBNB","TNBETH","MANAETH","LINKPAX","ZENBNB","LTCUSDC","DNTBTC","WAVESUSDC","AMBBNB","WINGSETH","BRDBNB","BCCBTC","MTHBTC","SCETH","BATETH","WTCETH","ARDRBTC","LTCPAX","MFTBNB","VETBNB","PIVXBNB","WANETH","XEMBNB","DNTETH","BCPTBTC","NEBLBNB","CLOAKETH","GTOETH","WPRETH","FUELETH","SYSBTC","POEBTC","CVCETH","USDCBTC","CHATETH","RCNBTC","TRXUSDC","BCCETH","XZCXRP","NULSETH","ZILBNB","ASTETH","ZENETH","FUELBTC","CMTBTC","TNBBTC","USDCBNB","EDOETH","VIABNB","PAXBNB","SNTETH","WTCBNB","GXSETH","BCHABCUSDC","PAXETH","CNDETH","BCPTETH","BCCUSDT","GOBTC","SNMBTC","BLZBNB","PHXBTC","MFTETH","HCETH","SCBNB","YOYOBNB","AIONETH","RDNETH","RENBTC","IOSTETH","STRATETH","ADABNB","POAETH","IOTXBTC","TRXBTC","ONTBNB","XEMETH","BCNBNB","VENETH","BCPTBNB","SKYETH","ARKETH","RLCBNB","MODETH","MFTBTC","GNTBNB","CNDBNB","ETCBNB","SUBETH","WABIBNB","DOCKBTC","OSTETH","VENBTC","NEOBNB","POABNB","RENBNB","LSKBNB","AMBETH","MTHETH","ENJBTC","BTSBTC","SALTETH","TRIGBTC","QSPBTC","BTGETH","STORMBTC","VENBNB","SUBBTC","NXSBNB","WAVESPAX","OSTBNB","HSRBTC","MCOBNB","DASHETH","POLYBNB","FUNBTC","XZCETH","RPXETH","NCASHETH","POABTC","RLCETH","STORMETH","ENJETH","NXSETH","NASBNB","RVNBNB","DOCKETH","CHATBTC","KNCETH","AEETH","RPXBTC","DCRBNB","CVCBNB","BCDETH","IOSTBTC","RVNBTC","STORJETH","TNTETH","LSKETH","QLCBTC","GOBNB","BCCBNB","CVCBTC","AGIBNB","NANOBNB","PAXBTC","CDTETH","SNGLSETH","LENDBTC","IOTXETH","RDNBNB","APPCBNB","POWRETH","ETCETH","ICNETH","ZECETH","ZILBTC","DENTBTC","ELFETH","BATBNB","ENGETH","LOOMETH","YOYOBTC","ADXETH","WPRBTC","XMRETH","AEBNB","IOTABNB","SNMETH","MCOETH","QLCBNB","EOSTUSD","MTLETH","DGDETH","DATAETH","STEEMETH","REQBTC","BLZBTC","PPTETH","TNTBTC","INSETH","KEYETH","XVGBTC","QTUMBNB","VETBTC","TRIGBNB","REQETH","ARDRBNB","LOOMBNB","REPBNB","QSPETH","ADABTC","SNTBTC","KMDETH","AGIETH","VIBETH","NCASHBNB","HSRETH","CDTBTC","DENTETH","BQXETH","ICXBNB","POWRBNB","NPXSBTC","PHXBNB","GRSETH","HOTBTC","SCBTC","SYSETH","NASETH","NCASHBTC","XVGETH","BTSETH","CNDBTC","BCHABCPAX","BRDETH","YOYOETH","DATABTC"]}