{"data":{"TRXETH":-57.2473507781,"LTCTUSD":146.6492198723,"TRXUSDC":-71.7310800095,"BNBETH":-65.9340563769,"DUSKBNB":-70.3594086641,"MTLBTC":81.1989331079,"ETHUSDT":-26.2680617486,"REPBTC":-70.299811196,"HOTUSDT":-62.6083330232,"ANKRUSDT":-64.3015114038,"RENBTC":-42.5384039094,"BNBBTC":-19.7022462547,"ALGOBTC":-45.5010861837,"WINBNB":680.6478231504,"CELRBNB":-7.8270621734,"XMRETH":119.9603546794,"NEOBTC":-66.2515891372,"TUSDUSDT":-31.8270416616,"ETHUSDC":-34.9535818941,"LTCUSDT":-25.4091518279,"ALGOBNB":-6.089914516,"TOMOBTC":-96.6724192422,"VETBNB":-81.1902965873,"ZRXETH":-74.3744588793,"EVXBTC":-11.5244011632,"ADAETH":-68.7607984053,"DOGEUSDT":-53.1026109157,"TOMOBNB":-95.3897612337,"ZILETH":-89.8076265776,"BTTUSDT":69.3830108893,"NEOBNB":-48.9809913694,"WTCBTC":-42.5751482579,"WABIBTC":4.2609832067,"RDNBTC":-90.5796890673,"WINUSDT":782.3511578452,"BRDBTC":-82.4238958383,"WAVESUSDT":-69.9901966557,"NANOUSDT":-82.6642481112,"BNBTUSD":-22.844007586,"COCOSUSDT":-71.581144264,"TRXUSDT":-51.6202150388,"DUSKBTC":-88.7062448967,"EOSETH":-15.7627228145,"EOSBTC":-24.5835615034,"USDCPAX":-1.8344914097,"ZECETH":-73.2550961551,"ADAUSDT":-76.429846954,"QKCETH":893.4779580149,"INSETH":74.4620062084,"ZRXBTC":-82.879383894,"FTMBNB":82.9607021567,"BTCUSDC":-57.9909643184,"COSBNB":-45.4425869309,"XMRUSDT":14.5492657526,"LTCBNB":-38.8229229865,"EDOBTC":-86.0304280072,"AEBTC":-56.4040331991,"MTLUSDT":-16.1623993993,"DUSKUSDT":-88.491732264,"ZECUSDT":-71.4053078686,"TRXBNB":-53.2211210332,"TFUELUSDT":6.5587355246,"RLCBTC":-79.9852531576,"BCHABCPAX":-62.4423708847,"LINKTUSD":12.3975157068,"BNBPAX":16.1253203281,"ONGBTC":-58.4092936349,"XMRBTC":-15.5399665607,"EVXETH":225.8949749854,"ATOMBTC":106.0020374541,"QTUMUSDT":-45.7186891926,"ETCBTC":-85.2082300134,"XRPETH":-59.0491918797,"TRXPAX":16.1231373069,"BTCUSDS":-36.7884163084,"GRSBTC":-52.1167269946,"HOTBNB":-50.1302884261,"ICXETH":-66.676350997,"XRPUSDC":-34.9407723335,"XLMUSDT":-57.0353843791,"ETCUSDT":-71.7061108294,"WAVESBTC":-71.5186373104,"NEBLBTC":-69.0676590552,"DGDBTC":-91.4256266481,"ERDBNB":-68.8512575371,"COCOSBNB":-76.5903070504,"FUNETH":-97.0508037184,"OMGBTC":-69.2077710463,"CELRUSDT":-69.0515517224,"BCHABCUSDC":54.454969156,"ETHTUSD":-37.5666560617,"NASBTC":-59.6483967913,"DASHUSDT":-2.0348287879,"XRPUSDT":-41.3852551725,"NULSBTC":-96.839635186,"FETUSDT":-64.6768797496,"BCDBTC":-73.9118328283,"ETCUSDC":-95.5956568386,"BTCTUSD":-56.6262714015,"IOSTUSDT":14.9819792947,"NANOBTC":-86.3489031777,"VIABTC":-31.1738493883,"BATBTC":-74.7151228095,"DOCKETH":-6.2648481502,"BNBUSDC":-52.346718729,"LTCPAX":-34.3028506017,"ENJBNB":24.8458879497,"NPXSUSDT":83.4334319512,"ARNBTC":-17.5913077277,"QTUMBTC":-69.3308373699,"MDABTC":-66.0033620485,"ZECBTC":-70.4204569265,"LINKBTC":-58.8206230985,"BTCUSDT":-40.9575227218,"BATETH":-63.0065279572,"COSUSDT":-50.1053987529,"BTGBTC":-26.0037797584,"VETUSDT":-86.5784806925,"ETCETH":-77.0410820804,"XZCBTC":-38.1647009307,"BTCPAX":-50.3296828159,"ARKBTC":-71.4653005348,"ENJUSDT":217.2749621861,"EOSBNB":12.223558658,"TOMOUSDT":-96.4558408958,"THETAETH":-67.4510797763,"WANBTC":-33.2427737119,"NEOUSDT":-68.8866842998,"IOTAUSDT":-76.8711803197,"OMGUSDT":-55.3149559651,"RENBNB":78.0320454265,"GVTBTC":-91.1436908022,"BNBUSDT":16.3888691586,"USDCTUSD":0.1568329908,"EOSUSDT":-21.5866675311,"PAXTUSD":-30.2427600681,"ZENBTC":-78.024653034,"USDCUSDT":-36.6904516313,"OMGETH":-78.7188145466,"TRXXRP":-63.9977539887,"SKYBTC":-85.1596906524,"BATUSDC":-61.1982158929,"ICXBNB":-61.421690498,"LINKUSDC":-86.8724083937,"RVNBNB":-86.2090697246,"THETAUSDT":-43.2679089833,"IOTABNB":-71.4592728954,"WANBNB":20.8605671892,"BCHABCTUSD":-11.9427597738,"MCOBTC":-65.3468774998,"BATBNB":-55.9475328176,"DCRBTC":65.2367514035,"ONTUSDT":-90.1480397854,"MITHUSDT":-90.6945374701,"ADABNB":-50.2652045111,"ETHPAX":107.9743734394,"WANETH":-29.0593454919,"XLMBNB":10.2622323913,"LTCETH":7.2281564427,"BCHABCUSDT":-45.6229603228,"XLMETH":-68.2912898347,"ONEBNB":-5.3433463048,"BCHABCBTC":-47.6449712221,"LINKUSDT":-60.2161212157,"MATICUSDT":-56.9544189608,"FTMUSDT":135.8078002171,"WINUSDC":47.43964156,"ALGOUSDT":-32.2055230505,"GXSBTC":-85.7045145951,"DASHBTC":2.4610371105,"LTCBTC":-31.920910744,"DASHETH":27.7879831821,"ATOMUSDT":110.4706251645,"HCBTC":-76.4179005918,"INSBTC":301.3452137076,"ADAUSDC":-67.8784077415,"BATUSDT":-70.3464102774,"ONTBTC":-95.5150165112,"ATOMBNB":80.4532259265,"MATICBNB":-24.9550521257,"NEOETH":-43.2180435602,"NULSUSDT":-94.6740667153,"ENGBTC":-68.165178467,"EOSUSDC":-9.6263448985,"IOTABTC":-64.4647166711,"IOTAETH":-70.9195691042,"PIVXBTC":26.4010273703,"ETCBNB":-84.7844605371,"LTCUSDC":-31.1026455037,"XMRBNB":0.130098586,"PPTBTC":-57.2891729,"ICXBTC":-65.7587671158,"LSKBTC":-68.8672853582,"ZRXUSDT":-76.313501877,"KMDBTC":-43.7024097151,"MTHETH":3.2039297976,"ENJETH":100.4145566489,"XRPPAX":272.4041616746,"ONEUSDT":-38.4291829523,"ETHBTC":-43.153174189,"LINKETH":-73.848438028,"ERDUSDT":-72.1726389473,"LUNBTC":-86.4171068639,"STRATBTC":0.692607146,"EOSPAX":-35.9720456414,"ZILUSDT":-88.5869158627,"ICXUSDT":-68.2691251569,"WAVESETH":-76.5767967737,"MTLETH":-13.0865357884,"PAXUSDT":14.7972266369,"XRPBNB":8.6790698132},"startDate":"2019-08-26","endDate":"2019-09-02","numDays":7,