{"data":{"BNBBTC":30.7607700145,"BCHSVTUSD":-2.2953853472,"REPBTC":7.8174639466,"ETHUSDC":-2.8101462575,"ARNBTC":-10.5320202356,"TRXUSDT":-1.1343348899,"XMRETH":-0.5413538059,"QTUMUSDT":-4.3226113182,"GASBTC":-3.891036742,"BNBUSDT":31.7076337699,"PPTBTC":-2.9691995043,"EOSPAX":1.7076964215,"CLOAKBTC":4.6515824937,"ETHBTC":-3.0433073607,"LTCBNB":4.4293381474,"AGIBTC":-7.7922651789,"GRSBTC":44.9763610063,"BCHABCTUSD":0.4881810557,"LINKTUSD":-0.9661338153,"BTCUSDT":-1.0072550776,"WINGSBTC":3.2964914419,"BCDBTC":-5.1623842849,"ENGBTC":-7.0220361665,"MDABTC":0.5217069599,"ETHUSDT":-2.3041102871,"SALTBTC":-3.9936944013,"KMDBTC":-4.5263793141,"TRXBNB":-2.227467754,"NEOUSDT":-0.5594627891,"OMGETH":-6.8298559048,"DCRBTC":-4.197762141,"NEOBNB":-0.7072485659,"LINKETH":-1.4505459156,"ZRXBTC":-9.3385971184,"NEBLBTC":-1.9569545972,"XLMTUSD":-11.9631941981,"ZRXETH":-9.3426183665,"QKCETH":4.3074872894,"LINKUSDC":-0.2463668964,"ADAETH":-5.3604512453,"POLYBTC":-10.2307530561,"HOTETH":2.3564156766,"XEMETH":-11.5407644227,"BCHABCBTC":-0.6738591355,"IOTABTC":-4.4906101619,"WAVESETH":-10.4411590599,"EOSTUSD":0.7733401792,"ARNETH":-10.0423648398,"XRPPAX":-7.7469824537,"HCBTC":0.8219337708,"XLMUSDC":-11.4977196234,"THETABNB":29.5797599786,"IOTAUSDT":-5.1081796345,"USDCPAX":0.582251949,"BNBUSDC":31.4724534654,"XLMBNB":-11.8605004667,"XEMBTC":-12.2322477413,"SKYBTC":-4.8391748631,"GVTBTC":-4.7786671016,"XRPETH":-8.1395580842,"LTCTUSD":5.0313344911,"PIVXBTC":-3.3165161886,"XZCBTC":-1.4777846684,"NEOBTC":-1.0001967689,"ADAUSDT":-5.0895165423,"ONTBTC":-3.8740836419,"EOSUSDT":1.8581769524,"RDNBTC":0.9160269278,"PAXTUSD":0.0316680155,"OMGBTC":-7.2142091077,"THETAETH":31.2757600899,"AMBBTC":-11.5794473238,"EVXBTC":-19.3746451864,"XRPUSDC":-7.9545702448,"WTCBTC":-2.7073750644,"TRXETH":-1.9335568912,"XRPTUSD":-7.2196899725,"BCHSVBTC":-2.1560963538,"USDCUSDT":0.5950597313,"BNBPAX":31.4031261104,"USDCTUSD":-0.0026628565,"EVXETH":-20.5639694725,"XLMETH":-10.8582305157,"BRDBTC":-5.2737861125,"ONTUSDT":-3.2664640126,"BQXBTC":-6.9326931761,"ICXETH":8.0427460937,"LINKUSDT":-1.9711326592,"ETHPAX":-2.2302013572,"DASHBTC":-2.747148088,"NULSBTC":-4.9321824159,"REPETH":7.7813064696,"PAXUSDT":0.5292778749,"LRCBTC":-9.0537654873,"EOSBTC":1.0235820454,"LUNBTC":-2.3932666812,"NPXSETH":1.5174168033,"NASBTC":-3.5067707153,"ADATUSD":-5.5560384046,"ZENBTC":-4.9406281743,"WAVESBTC":-10.4648667693,"BCHABCUSDT":0.3306459147,"THETABTC":29.3981079389,"BATETH":3.8256729074,"WAVESBNB":-9.5913682705,"WABIBTC":0.7075351999,"STRATBTC":-4.6327472897,"LTCUSDT":5.2328912705,"XMRBTC":-1.1928952749,"QTUMBTC":-5.4591152875,"TRXXRP":-1.9604879819,"ARKBTC":-8.7626856686,"BTTUSDT":-193.3272693118,"LTCUSDC":4.5246452069,"TUSDUSDT":0.5459883598,"AIONBTC":-3.6081787538,"VETETH":-5.1478618438,"AEBTC":-1.4455364455,"NEOETH":-1.0005832432,"NXSBTC":-15.0809293858,"DGDBTC":-5.9169983472,"BCHSVUSDT":-1.4024567755,"BATBTC":3.6907795798,"MCOBTC":-1.8176045702,"VIABTC":-4.7327100675,"ICXUSDT":9.6257080377,"TUSDBTC":-0.3351493034,"WAVESTUSD":-9.9756583105,"XLMPAX":-12.1868393067,"EOSETH":1.8875094843,"DLTBTC":-1.5676155987,"EOSUSDC":0.8459876515,"NULSUSDT":-4.3182550042,"GXSBTC":-0.1106785231,"SUBBTC":0.6700897051,"LTCETH":4.9597656047,"NANOETH":-10.9179959992,"RLCBTC":-13.2238571131,"TRXTUSD":-2.102381621,"ZILETH":-12.8210012459,"NAVBTC":1.1394879542,"BNBETH":31.6067065241,"XRPUSDT":-7.5693851477,"STORJBTC":11.8754302889,"MODBTC":-3.8616019706,"XRPBTC":-8.3344432353,"MTLBTC":3.3499548325,"XRPBNB":-7.346311726,"XLMUSDT":-10.9099889811,"STEEMBTC":-4.8903456448,"LSKBTC":-5.0206435527,"MTLETH":4.3288594736,"BTCPAX":-1.1387645624,"ZECBTC":-5.4716483443,"MFTETH":14.5478283827,"ETCBTC":-3.9174950202,"ICXBTC":8.8163511378,"EOSBNB":0.6429685798,"NEOTUSD":-0.635360875,"BTCUSDC":-1.8785201609,"BATBNB":4.4824940392,"LTCBTC":4.5371138222,"BTGBTC":-6.7802397044,"EDOBTC":-0.7689154885,"VETUSDT":-4.9684475907,"TUSDETH":0.2132629162,"ADXBTC":9.3127546134,"ETCUSDT":-3.2107249439,"INSBTC":-5.1722635751,"DLTETH":-1.1208248633,"BTTBNB":83.5258474191,"WANBTC":-1.6848195221,"IOTAETH":-3.9579540325,"NANOBTC":-11.2375712281,"OAXBTC":-7.3836856964,"XLMBTC":-11.0483743904,"POWRBTC":-0.8564214126,"ADABNB":-6.3898540979,"TUSDBNB":-0.7186000245,"WAVESUSDT":-9.8815674897,"LINKBTC":-2.6170867801},"startDate":"2019-02-01","endDate":"2019-02-08","numDays":7,"excludedPairs":["GTOETH","NAVETH","ONTBNB","XZCBNB","CMTBNB","ONTETH","SCBTC","OAXETH","TRIGBNB","NCASHBTC","WTCBNB","NCASHBNB","ETCBNB","CNDBNB","BLZBTC","ENGETH","NULSETH","BCNETH","NXSBNB","WPRBTC","IOTABNB","TRXUSDC","LSKETH","NAVBNB","AIONETH","QSPETH","MITHBNB","DNTETH","BCHABCUSDC","PHXETH","BTSBTC","GXSETH","KNCETH","ASTETH","POWRETH","RVNBTC","KNCBTC","AMBBNB","STORMBTC","QTUMBNB","QLCBTC","BLZBNB","MITHBTC","ELFBTC","BRDETH","MODETH","BTSETH","CHATBTC","HSRETH","BTGETH","LENDETH","LOOMBNB","WAVESPAX","BCCBNB","XZCETH","ARDRETH","MCOBNB","POEBTC","REQBTC","NEBLBNB","BCPTBNB","BRDBNB","CDTBTC","LENDBTC","RENBNB","VENBTC","VETBNB","STEEMETH","PAXETH","IOTXBTC","WABIBNB","OSTBTC","SYSBNB","FUELETH","VIBBTC","BCHSVUSDC","BTCUSDS","QTUMETH","APPCBNB","RVNBNB","FUNBTC","APPCBTC","NXSETH","DOCKBTC","XVGETH","STORJETH","SCBNB","VENUSDT","ARKETH","DGDETH","PHXBNB","ENJBTC","STORMETH","IOSTETH","TNTETH","WABIETH","VETBTC","REPBNB","MFTBTC","ARDRBNB","VENBNB","IOTXETH","GNTBTC","QSPBTC","GOBTC","LSKBNB","BCCBTC","STORMBNB","ADABTC","DLTBNB","XZCXRP","VIBEBTC","NASETH","DASHETH","GTOBTC","NPXSBTC","SNTETH","XVGBTC","KMDETH","BCHSVPAX","WINGSETH","BTSBNB","QKCBTC","GOBNB","DENTETH","KEYBTC","STEEMBNB","BCNBNB","HSRBTC","WTCETH","MANAETH","NEBLETH","RCNETH","RENBTC","LOOMBTC","RCNBTC","BCPTETH","CNDBTC","QSPBNB","CHATETH","LINKPAX","TNBETH","BCPTBTC","CVCBNB","ICXBNB","GNTBNB","POABTC","ZENBNB","KEYETH","BNBUSDS","USDCBNB","AEBNB","IOSTBTC","AGIBNB","MDAETH","POWRBNB","CMTETH","BCHABCPAX","CLOAKETH","XEMBNB","SNGLSBTC","TRIGBTC","LOOMETH","WAVESUSDC","WPRETH","ICNETH","CMTBTC","POABNB","RDNETH","LTCPAX","BCCUSDT","GVTETH","NULSBNB","POLYBNB","BQXETH","DATABTC","ICNBTC","YOYOBNB","ADXBNB","GRSETH","ZENETH","MTHBTC","BLZETH","EDOETH","SNTBTC","ETCETH","CDTETH","VIBEETH","VIAETH","SKYBNB","REQETH","RLCBNB","DATAETH","AGIETH","SYSBTC","SUBETH","SCETH","WANBNB","PPTETH","HOTBTC","HCETH","PIVXETH","RPXBNB","POAETH","RCNBNB","SALTETH","APPCETH","DENTBTC","ADXETH","ARDRBTC","NANOBNB","BCCETH","VENETH","SNMETH","MANABTC","ENJETH","SNGLSETH","CVCETH","INSETH","TRXPAX","DNTBTC","RLCETH","PAXBTC","ZECETH","OSTBNB","MCOETH","OSTETH","TNTBTC","RPXBTC","POEETH","ASTBTC","DCRBNB","BNTETH","USDCBTC","SNMBTC","YOYOBTC","VIBETH","CVCBTC","QLCETH","SYSETH","MTHETH","PHXBTC","QLCBNB","PIVXBNB","TNBBTC","SKYETH","BCDETH","TRXBTC","BTTBTC","STRATETH","YOYOETH","TRIGETH","ELFETH","AIONBNB","PAXBNB","FUNETH","RDNBNB","NASBNB","FUELBTC","VIABNB","RPXETH","AEETH","GNTETH","GTOBNB","ENJBNB","LRCETH","DOCKETH","NCASHETH","CNDETH","BCNBTC","AMBETH","BNTBTC","LUNETH","WANETH","ZILBNB","MFTBNB","ZILBTC"]}