{"data":{"DLTBTC":124.0390179327,"PIVXBTC":60.587475105,"ADABTC":116.3085046806,"BNBTUSD":425.9384973393,"IOSTETH":19.1040237318,"MTLBTC":-46.855939045,"LINKETH":441.9320960408,"LTCPAX":471.5565586911,"RLCBTC":134.1867073765,"ETHTUSD":-74.0336949306,"GNTBTC":-1.14368562,"BCHABCUSDC":-25.756349366,"APPCBTC":42.4517369416,"BATETH":10.5483883635,"NEOUSDT":20.3823036912,"ICXUSDT":67.1756331437,"ATOMBNB":32.6436730371,"BNBUSDT":79.5428894873,"LUNBTC":185.540376709,"CELRBNB":228.7548987324,"LTCBTC":30.2056457522,"BATBTC":11.6151979873,"RDNBTC":-30.3775286288,"ZILUSDT":-55.923882037,"NULSUSDT":1306.2505994929,"ONEBNB":-45.2181694863,"TRXUSDT":-0.3170048926,"XRPETH":-31.7118370038,"BNBETH":496.8585935437,"LSKBTC":14.8234584698,"LINKTUSD":252.8206084896,"GXSBTC":52.1887677325,"BNTBTC":266.6308148837,"EVXETH":-5.0033681479,"GVTBTC":113.4893225257,"ONTUSDT":67.1956105039,"FETUSDT":49.1608638059,"BTCUSDT":31.6224311328,"ZILETH":-13.2814974744,"RVNBNB":355.7532374045,"ICXBTC":69.4583779988,"ADABNB":662.663958145,"ADAETH":56.6631854984,"MCOBTC":-18.3599204192,"LTCUSDC":8.5428780086,"ZILBNB":-6.4688262665,"ZECUSDT":264.8855340459,"OMGBTC":-35.052161262,"ZECBTC":333.287675447,"PAXUSDT":-0.5814827412,"NANOUSDT":47.336216904,"INSBTC":250.4566175473,"XRPBTC":-5.7583276297,"XRPUSDT":-37.5904089402,"BCHABCBTC":53.1478584029,"XMRBTC":124.1701964618,"QKCETH":-40.6084757704,"EOSBTC":-20.5037408089,"NASETH":576.6780873842,"TRXXRP":9.5633293297,"WANBTC":43.978244953,"MITHBNB":5222.9670791488,"TRXTUSD":40.0963726189,"WABIBTC":92.6935677554,"PAXTUSD":-27.6405119584,"IOSTUSDT":-34.2385132224,"XZCETH":-66.5532164579,"ONGBTC":-56.2730969889,"WAVESUSDT":-12.3479368461,"FETBTC":38.4476649458,"SKYBTC":44.4657390625,"MFTETH":-66.1911653503,"NXSBTC":27.2940668818,"ATOMBTC":-63.4303488123,"POWRBTC":-63.0936551376,"EOSETH":-3.4211302721,"HCBTC":135.6219652734,"THETAETH":93.7310499384,"LTCUSDT":-10.9078500203,"ETHBTC":33.8579084944,"BCHABCUSDT":42.0748194792,"EOSTUSD":60.4404894182,"USDCPAX":-12.301036319,"AIONBTC":118.0765530881,"STORJBTC":9.4159977398,"LTCBNB":105.4397414801,"GXSETH":121.4745149594,"ZENBTC":116.0000844971,"TRXETH":31.2042528974,"THETABTC":86.5975060607,"NEBLBTC":117.2869227645,"ADAUSDC":15.2783102147,"EOSUSDC":-62.2489895597,"QTUMBTC":97.5824300058,"OAXBTC":132.3463243395,"ONTBTC":107.4164929163,"STEEMBTC":85.7969563755,"XRPPAX":-45.9168420693,"BTCUSDS":50.4863720422,"NASBTC":244.9041385969,"BRDBTC":442.4894596031,"KNCBTC":-15.6538187544,"ENJUSDT":-34.7619325922,"CELRUSDT":41.2351091166,"NULSBTC":3368.5237690442,"STRATBTC":13.8795094272,"XZCBTC":-75.1075196133,"ELFBTC":55.3327747559,"LOOMBTC":-37.4259253712,"IOTABTC":-20.8890152673,"VIABTC":502.6944778708,"EVXBTC":-36.3968908738,"VETETH":35.8350227047,"REPBTC":84.9592940205,"BNBBTC":200.4810744867,"MATICUSDT":-1.2535346108,"GASBTC":-32.8257248299,"NEOBTC":62.4558406058,"ETHPAX":52.932555522,"BTGBTC":-26.3726769744,"USDCTUSD":7.9103082277,"ADAUSDT":95.9804008788,"KMDBTC":14.663182494,"QTUMUSDT":129.5428580132,"THETAUSDT":70.5742569067,"HOTUSDT":64.7324417038,"ICXETH":501.2219498427,"TRXUSDC":110.7717466322,"ADATUSD":114.7065668523,"ETHUSDC":-4.5981442979,"USDSUSDC":39930.2524955975,"EOSPAX":-53.0890585571,"XRPTUSD":-48.0722532407,"BCHABCTUSD":7.522065899,"ADXBTC":-64.308339309,"BQXBTC":144.6885574169,"GRSBTC":-10.7658158014,"BCDBTC":4.7043316086,"ARNBTC":77.8001386076,"BTCPAX":-1.1343393311,"FETBNB":62.4213320951,"OMGUSDT":-16.7871427662,"TUSDUSDT":-3.6954659629,"EOSBNB":308.4543583913,"WAVESTUSD":88.3688380778,"NEOBNB":309.4005579749,"ETCBTC":15.4940918918,"ZRXUSDT":24.6538024975,"BTCUSDC":55.6065530421,"BTTUSDT":-26.6326452478,"ONEUSDT":-60.5944606605,"TRXBNB":365.5937377614,"LTCTUSD":-47.0130485821,"IOTABNB":187.0808568889,"LINKUSDC":73.9646584648,"XRPBNB":210.5015120357,"MATICBNB":34.7218165028,"EDOBTC":1037.9325926987,"ZRXBTC":23.391971085,"BTCTUSD":8.0671636834,"WAVESBTC":28.8087009909,"XMRUSDT":7.4923532113,"NEOETH":20.3537395729,"ZECTUSD":26.8986554008,"XZCBNB":-64.1369680055,"BTTBNB":155.7011948183,"LINKUSDT":575.2225234262,"MDABTC":62.0359724455,"LOOMETH":-39.7462863877,"BCHABCPAX":0.2950414292,"ENJBTC":-14.6470576318,"HCETH":217.1477450736,"VETBNB":141.2303765809,"DASHBTC":2.7303313051,"DGDBTC":181.7001789294,"HOTBNB":768.4435977794,"NANOBTC":120.0956079864,"ETCUSDT":-15.5359396353,"WAVESETH":12.093344633,"LTCETH":-16.1445030979,"NEOTUSD":-10.9365510482,"POLYBTC":-28.9346560238,"ONTBNB":245.1900748016,"ETHUSDT":2.1632209546,"TFUELUSDT":-17.8319681474,"BATUSDT":-9.7998722663,"ONGUSDT":-52.6334395893,"ZECETH":849.1795022212,"PPTBTC":118.1879115114,"ARKBTC":236.0814840347,"USDCUSDT":48.8637710021,"WTCBTC":7.8820234566,"NAVBTC":530.0367292413,"BNBPAX":344.9275472827,"IOTAUSDT":-18.1448616027,"MITHUSDT":396.6724033239,"DASHUSDT":-48.6510044495,"ATOMUSDT":-68.4016418521,"EOSUSDT":-21.6677090362,"ENGBTC":-6.6494922405,"VETUSDT":48.6063656647,"LINKBTC":537.8205960606,"DCRBTC":390.9216148876,"XLMUSDT":23.7931966941,"BNBUSDC":372.7333150665,"AEBTC":577.5179831696,"XRPUSDC":-2.3256210957},"startDate":"2019-06-08","endDate":"2019-06-15","numDays":7,