{"data":{"MCOBTC":-66.3841479451,"XMRBNB":-23.5188033043,"LTCUSDC":-28.4980561578,"ONTUSDT":-68.7794595851,"XZCBTC":86.9420820865,"ADAUSDT":-55.6915131721,"FETUSDT":-39.7388034556,"VIBBTC":99.8534724347,"ARNBTC":-28.7982026563,"ELFBTC":-34.102859881,"LTCTUSD":36.982276459,"EOSETH":-39.6325362357,"SKYBTC":54.0370667082,"ARKBTC":30.1981963615,"WTCBTC":-2.611670883,"KMDBTC":35.284786219,"HCETH":7.4793300107,"NEOUSDC":-75.4652171659,"ONTBTC":-68.9615533998,"POWRBTC":-28.5131411712,"LTCBNB":-6.3914718084,"XRPTUSD":-75.3918703207,"ADAETH":-60.5778523266,"ARDRBTC":682.956239873,"XLMBNB":-34.9547126953,"STEEMBTC":-13.5210717997,"ADABTC":-52.8772253771,"NULSUSDT":-85.5148047949,"PAXTUSD":-49.87169586,"IOTAETH":-48.3225241278,"GXSETH":-61.5830215989,"LOOMBTC":-52.9394971545,"LINKTUSD":1402.8865542118,"PIVXBTC":-39.5098798251,"NASBTC":-18.7030648588,"TRXTUSD":-59.3933413327,"DASHUSDT":-66.9485186767,"TRXXRP":-56.4503227543,"DLTBTC":-60.8941392109,"BCHABCUSDT":-62.7673027525,"NEOBNB":-75.4113956204,"STRATBTC":-46.0612205829,"TFUELUSDT":-55.9454018062,"ZILETH":-34.8049433543,"BTCUSDT":-27.7521684237,"XMRUSDT":-54.995400482,"EOSBNB":-74.625883952,"XRPUSDC":-69.1736869494,"OAXBTC":-31.9233503457,"MITHUSDT":-68.7161118863,"BNBUSDC":-75.4549726204,"TRXUSDC":-51.6757998773,"WAVESETH":-40.3296587495,"XRPBTC":-46.3364289488,"XLMUSDT":-35.3438506922,"ATOMBNB":-48.6709494101,"USDSUSDT":-83.6724243224,"ICXBTC":-38.8518882463,"WABIBTC":-61.5883419171,"QTUMBTC":351.4252244103,"ALGOUSDT":-79.5799043541,"NANOUSDT":-30.208308976,"ZILUSDT":-35.5459806758,"NEOBTC":-75.0283611593,"NAVBTC":-63.0039693064,"ENJBTC":-39.9305876727,"RDNBTC":54.5566734364,"ICXUSDT":-49.6408593357,"NEOETH":-67.4344772485,"ZECETH":0.9375844173,"ETHUSDT":-41.6240859896,"VETETH":-24.6075128551,"GNTBTC":552.3747531611,"BTTUSDT":2.722829761,"HOTUSDT":-38.1686789376,"LINKUSDT":1267.576704142,"BTTBNB":3.0436541124,"BNTBTC":-38.2331632182,"IOSTETH":-19.3253736591,"LTCPAX":-44.3972863943,"NEOUSDT":-68.5189929601,"ADATUSD":-21.1237894576,"VIABTC":-4.6760538671,"BTCUSDS":-92.5747712008,"LTCETH":-19.010258206,"GASBTC":-88.5020494357,"BNBETH":-61.3532527931,"LINKUSDC":1361.5200345477,"DCRBTC":-53.5876499138,"BTCTUSD":-45.1823357576,"VETBNB":7.222623718,"FUELETH":-94.5404351534,"ENGBTC":-58.6891743696,"ALGOBTC":-81.122967455,"THETAUSDT":-66.9536010826,"VETUSDT":20.8852040013,"BCDBTC":-45.4926483199,"FTMUSDT":77.6366312368,"XVGETH":-37.7187235722,"FETBNB":-58.8606927387,"ETHPAX":-58.7585271534,"EVXBTC":-7.1467777061,"XRPBNB":-68.3343614778,"RVNBNB":-35.87513363,"BRDBTC":29.2197925664,"GVTBTC":-32.7520074172,"ADXBTC":16.9603555158,"XLMETH":-58.4618312723,"FETBTC":-41.7826252227,"DASHETH":4.6856158619,"GXSBTC":-65.7481469182,"BCHABCUSDC":-63.2533623556,"BQXBTC":-1.8476734326,"AGIBTC":-66.0117372114,"RVNBTC":-6.1752892879,"ETHTUSD":-51.255049925,"POLYBTC":-52.3403503446,"BTCUSDC":-25.3795196894,"USDCPAX":-41.9274294778,"ZECUSDT":-56.9517007215,"QTUMETH":15.3605756885,"ALGOBNB":-91.7458614481,"BATUSDT":-42.7263991115,"ETCUSDT":-49.5662724609,"REPBTC":-39.8357383268,"XMRETH":-52.9225707483,"CELRBNB":23.2031849001,"MTLBTC":150.0648728934,"HCBTC":55.8837206132,"BNBPAX":-52.986712042,"BCHABCTUSD":-67.191692924,"MDABTC":-13.236513503,"ZRXUSDT":-13.8818293947,"NEOTUSD":-81.8801427259,"WANBTC":-60.1507922578,"DGDBTC":166.0626566854,"ETHBTC":-29.3292682362,"GRSBTC":-37.4188169552,"ADABNB":-56.3084227117,"XRPPAX":-78.9721351718,"WAVESUSDT":-2.3664907883,"BATBTC":-57.3777672309,"LINKETH":990.7688770155,"LINKBTC":1082.8529741,"LINKPAX":1815.3780770891,"ETCBTC":-55.7477450715,"BTGBTC":-60.3148823406,"TRXBNB":-56.013593506,"BCHABCPAX":-55.1459679707,"TUSDUSDT":-60.3297642578,"ETHUSDC":-38.0202162755,"TRXUSDT":-43.9968630471,"WAVESBTC":-55.8701049721,"RLCBTC":143.8895759172,"ATOMUSDT":-44.7261315934,"USDCUSDT":-43.5386069901,"LTCUSDT":-13.0424928157,"MANABTC":-2.8710845448,"IOTAUSDT":-53.1969649096,"EOSTUSD":-29.7648472133,"CELRUSDT":33.9237902197,"AEBTC":-23.5725903221,"AIONBTC":-68.4972177522,"ASTBTC":-55.3575120067,"BLZBTC":18.603872534,"ZENBTC":-29.3880249926,"PPTBTC":19.6580693802,"NEBLBTC":-29.7180324883,"OMGBTC":36.9383513382,"ZRXBTC":-20.073904402,"USDCTUSD":-85.3811445001,"XMRBTC":-14.2625796747,"BTCPAX":-20.8620184713,"ONTETH":-67.7757251064,"LTCBTC":24.8957371657,"OMGUSDT":126.9955319941,"MATICUSDT":10.5022956989,"EOSBTC":-41.1719264069,"ATOMBTC":-1.5041514724,"NANOBTC":-38.7304181699,"BNBBTC":-12.5649151262,"XLMBTC":-34.7608128633,"BNBTUSD":-59.03299313,"ZILBNB":-35.7245721117,"XRPUSDT":-67.169852675,"ONEUSDT":3.9627232866,"OMGETH":-0.8446717676,"BNBUSDT":-31.5829928477,"TRXETH":-31.1835421197,"XRPETH":-63.5950448458,"EOSPAX":-43.632225178,"HOTBNB":-54.0967803935,"LSKBTC":-69.2499037753,"ONTBNB":-64.0091942375,"IOSTUSDT":-51.0495493616,"BATETH":-59.0435298457,"ETCETH":-43.6433368813,"QTUMUSDT":188.8235429032,"PAXUSDT":-36.2320365159,"LUNBTC":-83.6468882382,"NULSBTC":-84.5727753238,"IOTABTC":-59.1202328211,"ENJUSDT":-54.6077459258,"DENTETH":19.8627715438,"ZECBTC":-20.9213415583,"KNCBTC":-4.6881028391,"EDOBTC":41.5485786781,"STORJBTC":-21.7750331688,"EOSUSDT":-49.1399238899,"ONEBNB":17.908751193,"IOTABNB":-68.8988465169,"MATICBNB":51.0943010075,"ICXETH":-40.635985508,"CVCBTC":25.6022714178,"BCHABCBTC":-45.2727201099,"ADAUSDC":-76.2870186138,"DASHBTC":-44.6398649839,"INSBTC":-96.0548040828,"EOSUSDC":-40.4888227237},"startDate":"2019-06-22","endDate":"2019-06-30","numDays":7,