{"data":{"DUSKUSDC":40.3085627066,"NANOETH":-16.53997194,"BCPTETH":-27.6240421717,"ETHTUSD":18.8485815124,"BATETH":89.4059979123,"RLCBTC":98.6263620797,"XMRBNB":-18.8654149845,"PAXTUSD":15.7648532992,"NEOETH":177.7777639011,"NEOUSDT":-16.0623130801,"BATBNB":11.6165949995,"THETAETH":102.1190326288,"IOTAUSDT":140.8659738332,"MTLBTC":411.2059658533,"ZRXETH":62.0205393491,"REPBTC":369.0903722112,"DCRBTC":-7.8572337946,"WANBTC":2786.7377521203,"ANKRUSDT":-83.942847996,"GRSBTC":29.4170132156,"MATICUSDT":-66.0348528967,"BTGBTC":98.5331858122,"LSKBTC":14.5203892169,"ALGOUSDT":-66.3002836315,"DUSKBNB":37.4960572147,"ZECBTC":-62.3735659958,"DASHBTC":-23.8177226363,"TFUELUSDT":-64.5737428909,"CELRBNB":22.1094324095,"BCHABCPAX":-40.0101731377,"DASHUSDT":-42.1510466235,"ICXBTC":1982.427004985,"MCOBTC":56.7119478713,"ALGOUSDC":-52.1996531455,"ENJBNB":77.1847144173,"PPTBTC":9.7360732209,"RVNBNB":29.9627617532,"BTCPAX":24.6603600738,"LINKETH":-22.3907029273,"WAVESBTC":89.9025802964,"ETHBTC":-2.0342618573,"ALGOBNB":-49.5594900995,"ERDBNB":22.6071060874,"DUSKUSDT":-1.6172075856,"WAVESUSDT":208.0941312149,"DUSKBTC":-21.1382361968,"CELRUSDT":-60.2068476813,"EOSBTC":-43.8890690186,"ENJETH":-26.0949569966,"LINKBTC":-25.3306662682,"ERDUSDT":59.137324122,"BCHABCUSDC":6.4430741249,"PAXUSDT":245.7586399523,"LTCBTC":-52.3658036129,"IOTAETH":133.1176530443,"XRPBNB":-23.3673812692,"ETHUSDT":16.3480553343,"EVXETH":320.1775625435,"WTCBTC":13.2491520635,"ADAUSDT":-23.8900849842,"THETABNB":107.7581342723,"BCHABCBTC":-21.2868396695,"OMGBTC":23.5151795293,"ENJUSDT":-7.0140347983,"NEOBTC":43.8703573783,"EOSUSDT":-10.2505895707,"ZENBTC":-41.1580218477,"ICXETH":1029.5140026988,"MDABTC":-31.4993099672,"NULSUSDT":-51.9829923835,"WINBNB":-77.5278778088,"LTCTUSD":-47.3140326936,"LINKUSDC":24.5740437414,"AEBTC":53.7337499322,"USDCPAX":-37.8479121279,"MATICBNB":-65.8392986231,"ANKRUSDC":-68.8233121414,"LTCBNB":-40.8255360193,"ETCUSDT":1497.9559234439,"BNBTUSD":5.1003437348,"BATUSDT":15.3002947795,"ONEBNB":-49.8809976323,"OMGETH":-65.9341219929,"NASBTC":190.132043419,"NULSBTC":13.4912401227,"WAVESETH":137.9784650895,"ONTBTC":-12.1196744375,"XRPETH":-14.044788353,"LTCPAX":-45.2555835185,"ZECETH":-48.0047031853,"QTUMUSDT":17.6889026335,"XMRUSDT":-31.8732232384,"BCDBTC":174.4660135112,"STEEMBTC":56.8322601271,"QTUMETH":19.7403081716,"LTCETH":-10.7078109111,"MITHUSDT":318.4984201143,"ETCETH":1396.426821994,"LTCUSDC":-39.4030076302,"EOSTUSD":-13.2274978532,"RENBNB":-17.6771852178,"BNBUSDC":-27.4082037416,"ETCBNB":765.8355793483,"ZRXUSDT":80.3150473306,"HOTUSDT":-26.7079177083,"ADABNB":102.16351911,"BTTUSDT":-0.5687891054,"KNCBTC":193.3103270749,"BTCUSDC":-7.8349334862,"NEBLBTC":71.0325771414,"PIVXBTC":68.6648633204,"THETABTC":121.1696709019,"KMDBTC":120.786924636,"NAVBTC":133.6410123865,"EOSPAX":401.036713643,"BATBTC":57.404738988,"WANETH":1558.947701518,"WINUSDC":-87.6045293107,"ZILETH":-86.0395034277,"XLMETH":-31.4580652634,"WINUSDT":-69.9718184483,"ZECUSDT":-39.5454990017,"COSBNB":-28.2563759264,"XRPTUSD":94.5476083955,"GXSBTC":74.3204970408,"BCHABCTUSD":-0.8961047395,"ICXUSDT":878.5300871291,"ETCBTC":1850.6156155942,"EOSUSDC":-26.1898050147,"VIABTC":215.4304817197,"XZCBTC":-30.4570441679,"XLMUSDT":-45.1915179889,"DASHETH":-13.997240986,"THETAUSDT":77.5876772091,"IOTABTC":127.4135530497,"ARKBTC":81.295122337,"LINKTUSD":21.051397664,"ZILUSDT":-86.0793096846,"USDSUSDT":-64.1922146996,"ICXBNB":424.0358900662,"RENBTC":48.3754668718,"LINKUSDT":2.9120335807,"FETUSDT":25.3610579359,"VETUSDT":-32.9598180731,"DGDBTC":4.7804302311,"TRXETH":47.5131421036,"LTCUSDT":-29.5431613929,"USDCUSDT":85.079957164,"NEOBNB":64.5446143378,"NANOBTC":-34.2366091564,"ANKRBNB":-99.0990229467,"NXSBTC":-43.5561698986,"ONEUSDT":-50.8051008048,"TRXXRP":133.3794304881,"ARNBTC":40.0188360082,"ENGBTC":340.0952273448,"ANKRPAX":-99.842251885,"XMRETH":-33.2957597882,"ATOMUSDT":-39.0074951914,"BCHABCUSDT":-1.5497960751,"ADAUSDC":-30.4097303958,"IOTABNB":213.9814603167,"FTMUSDT":53.9713543772,"BNBBTC":-44.9357670565,"XRPBTC":-15.4837172508,"ADAETH":-4.0276420514,"TRXBNB":53.7962572127,"BRDBTC":171.6691371891,"DOGEUSDT":14.7619217451,"OMGUSDT":-40.1605505272,"QTUMBTC":36.3732783702,"EOSETH":-50.4026222616,"STRATBTC":580.0676666044,"TUSDUSDT":11.6134527677,"TRXUSDC":248.0596084647,"IOSTUSDT":45.844857677,"GTOUSDT":51.1493706555,"INSBTC":-45.4885996118,"ATOMBTC":30.1252050504,"XMRBTC":127.4209153889,"ETHPAX":259.6958271073,"ONGBTC":440.1243242635,"BTCUSDS":45.2820570256,"BTCTUSD":42.0121233704,"LUNBTC":-36.4343788126,"USDCTUSD":-62.5307289354,"GASBTC":76.3873826182,"LINKPAX":46.1598146941,"NANOUSDT":-32.5828587545,"BTCUSDT":4.9007784611,"ALGOBTC":-43.5534032251,"BNBETH":11.7729344645,"XRPUSDT":27.9833528186,"KNCETH":222.9155219184,"COSUSDT":-68.8929540618,"XRPUSDC":-34.5371477928,"XRPPAX":106.4989950855,"EOSBNB":-44.6970490413,"MTLETH":686.6067510224,"SKYBTC":-18.5311899543,"GVTBTC":25.8074146458,"HCBTC":29.9642945034,"TRXUSDT":3.0388290983,"INSETH":-34.1919577059,"ZRXBTC":88.1011428655,"BNBUSDT":-39.3432638687,"BNBPAX":4.5294741222,"ELFETH":-85.9477168618,"LRCETH":43.2701886628,"EVXBTC":231.613226643,"ONTUSDT":-18.5009209768,"ETHUSDC":-10.5021961182},"startDate":"2019-08-11","endDate":"2019-08-23","numDays":7,