{"data":{"LTCBTC":48.3865084622,"LTCPAX":45.7616235745,"BTCUSDS":26.1595557308,"WAVESBTC":2.9641284599,"BRDBTC":15.6937136191,"DENTETH":-10.6730903846,"BNBETH":3.7160413063,"XLMBNB":19.8671761491,"ENJBTC":-0.734361767,"XLMBTC":19.4277778616,"LRCBTC":39.6927055421,"ETHUSDC":27.7411567545,"CELRUSDT":-8.7134434698,"WTCBTC":24.3831824743,"TUSDUSDT":-1.169490079,"DASHBTC":18.1114788134,"NULSUSDT":5.2113004182,"APPCBTC":5.5433729738,"ONTBNB":14.0323711548,"BCHABCPAX":82.5583041948,"QLCBTC":-6.2657016949,"NULSBTC":7.8277016114,"AMBBTC":2.8272369039,"INSBTC":10.3121122002,"GASBTC":19.8953818183,"RVNBTC":5.9489916601,"PAXUSDT":-1.1450041366,"ICXUSDT":20.0898878017,"EOSETH":31.5042301368,"ONGUSDT":3.907748448,"GRSBTC":7.899510708,"XRPUSDC":15.5542591377,"ETHBTC":27.510709987,"STORJBTC":-4.4683891356,"ICXBTC":21.5647778343,"EVXETH":-12.1958812599,"LOOMBTC":-1.3094623797,"XLMETH":19.6171986549,"WAVESUSDT":0.3314782835,"TRXTUSD":24.4407845339,"PIVXBTC":8.3784440935,"USDSPAX":-1.1600696426,"PAXTUSD":0.0327215292,"BCHSVBTC":28.5060999368,"BTTBNB":4.3612205584,"BCHABCUSDC":85.8205459119,"BQXBTC":5.911574445,"BTTUSDT":2.7562034492,"ONTETH":13.6771131687,"KMDBTC":7.0364966406,"ADAUSDT":21.8384080313,"CVCBTC":3.7408290758,"XMRUSDT":19.9548587486,"POLYBTC":10.5904986499,"GNTBTC":8.187294944,"OAXBTC":-11.2385263111,"BCHABCTUSD":84.6227115205,"XMRBTC":21.9595843433,"QKCETH":19.9807274176,"ETHUSDT":25.9693584084,"WAVESETH":2.5045369953,"ZECUSDT":16.8071502466,"LSKBTC":20.6789457574,"CMTBTC":20.4262103356,"BCHABCBTC":84.9947894703,"GVTBTC":-0.4508622055,"ASTBTC":1.6002356626,"QTUMUSDT":14.1377886902,"BCDBTC":36.1354448875,"KNCBTC":-1.2084472795,"USDCUSDT":-1.1732150756,"XEMBTC":32.3257300688,"IOTAETH":12.2064236534,"IOSTUSDT":41.1506279734,"IOSTETH":44.1038770914,"NXSBTC":2.5628690191,"RDNBTC":-0.2660292544,"VETUSDT":17.0057898298,"BCHABCUSDT":82.7188731306,"ETHTUSD":27.0588809145,"NEBLBTC":28.5128036127,"VIABTC":14.2789783038,"ELFBTC":15.6799000554,"LTCETH":48.7157079702,"LINKUSDT":3.5859872856,"IOSTBNB":42.4330534078,"XRPBTC":15.2582627191,"EOSTUSD":31.3565899219,"WANBTC":3.3381866435,"BATETH":1.529814845,"DCRBTC":26.033778863,"ENJBNB":-0.5241129919,"THETABTC":9.3001616292,"LINKETH":5.2471511816,"XZCBTC":12.9977976581,"ADABNB":23.9719676284,"BCHSVUSDT":26.8339144975,"ZILUSDT":15.2564772711,"EVXBTC":-12.7616734648,"DLTBTC":1.1915665526,"MCOBTC":13.0367225007,"BLZBTC":40.1972675619,"VETETH":19.227010283,"ADAETH":23.8086928016,"ONTUSDT":12.2474220158,"BTCUSDT":25.4974550852,"NEOETH":27.2560266998,"BCHSVTUSD":27.6845927592,"ZRXUSDT":4.5939173971,"OMGETH":26.6669931094,"LTCUSDC":48.1476474465,"NASBTC":10.2341550429,"VETBNB":18.7000831827,"BTGBTC":36.2405589826,"PPTBTC":5.7851629675,"NEOUSDT":25.2996986998,"ETHPAX":26.3554776007,"VIBBTC":20.6239657207,"BNBUSDT":2.655579873,"BNTBTC":15.550340055,"EDOBTC":0.7470487379,"RLCBTC":13.580693656,"QTUMBTC":15.4846985096,"STRATBTC":20.8768578274,"SKYBTC":17.1286431882,"XRPPAX":13.5511978688,"MDABTC":2.9862627831,"FETBTC":4.7839765065,"ICXETH":21.9362069521,"NEOBNB":27.0480893385,"ZECETH":17.5753782596,"GXSBTC":2.6195831911,"WABIBTC":-4.3961870035,"IOTABTC":12.0707203844,"USDCTUSD":-0.0470981404,"SYSBTC":2.3597020661,"BNBBTC":3.9281990866,"FUELETH":4.0620465594,"ONTBTC":13.5249050261,"BTCPAX":25.3137990715,"BTCTUSD":26.8114887564,"RVNBNB":6.4364135786,"NEOBTC":26.7860301734,"OMGBTC":26.1279383203,"GOBTC":3.2505648854,"LINKBTC":5.2187204179,"AGIBTC":3.2997387082,"NANOETH":43.2543938324,"REPBTC":45.6182080328,"ENGBTC":-9.4996706492,"EOSBTC":31.3073125007,"TRXUSDT":22.9741949491,"XLMUSDT":17.8766310072,"BATUSDT":0.5904162385,"USDCPAX":-1.1361154479,"POABTC":1.6856802908,"ETCBTC":50.6175373342,"ZILETH":17.3053926203,"NEOTUSD":26.4613938638,"TRXETH":24.8343914161,"ENJETH":-0.5929338503,"EOSUSDT":29.546129777,"BNBUSDC":4.0653002732,"HCBTC":10.6276884799,"LTCTUSD":48.8782090116,"LTCUSDT":46.5482432374,"XRPUSDT":13.8597480103,"ARNBTC":-0.3181843638,"XRPETH":15.3872785551,"AEBTC":21.5944914661,"LUNBTC":3.5820212475,"MTLETH":-2.3750655751,"BTSBTC":17.8724635668,"ETCUSDT":48.7099994479,"ADATUSD":23.8639734372,"DGDBTC":14.5825357239,"ARKBTC":-3.5320526539,"ZECBTC":17.8298623018,"ZRXBTC":5.8628906489,"EOSUSDC":31.5398129287,"XRPTUSD":15.1273935313,"LTCBNB":48.6339332283,"MTLBTC":-2.3671016631,"HOTUSDT":12.3002228865,"USDSUSDT":-1.2464175098,"ONGBTC":5.579754557,"TRXXRP":25.3738248798,"DASHETH":18.6313076472,"ADXBTC":5.5730755366,"FETUSDT":2.7475729299,"BTCUSDC":26.9725954954,"DASHUSDT":16.4228671609,"XRPBNB":15.7392697867,"FETBNB":4.4980922942,"NANOBTC":43.2900234755,"AIONBTC":21.9301431384,"STEEMBTC":10.0029513544,"IOTAUSDT":11.0672090132,"BATBTC":1.369659514,"ADABTC":23.9989984112,"ETCETH":50.7241533176,"BNBTUSD":4.4119164779,"EOSBNB":31.9749705777,"TRXBNB":25.9673338495,"POWRBTC":3.0361752361},"startDate":"2019-04-02","endDate":"2019-04-09","numDays":7,"excludedPairs":["KEYBTC","XEMBNB","TNBETH","WPRBTC","ARNETH","ZILBTC","REPBNB","ADXETH","RPXETH","BTTTUSD","TUSDETH","DATABTC","DENTBTC","BQXETH","BCCUSDT","ICXBNB","STRATETH","PHXBTC","HOTBNB","DOCKBTC","SCBTC","WAVESTUSD","NXSBNB","BCPTBNB","APPCBNB","PAXBTC","QSPBTC","BTGETH","BNBPAX","CELRBTC","NPXSETH","PAXBNB","AMBETH","BTTUSDC","WANBNB","GNTBNB","ONGBNB","VENBTC","TNBBTC","OMGUSDT","RLCBNB","RDNETH","ADAPAX","ADXBNB","LENDETH","QSPETH","AEBNB","AMBBNB","LUNETH","FUNBTC","SUBBTC","REPETH","INSETH","QTUMBNB","OSTBNB","RDNBNB","BCHSVUSDC","QTUMETH","WTCBNB","NAVETH","BTTPAX","ZRXBNB","TUSDBNB","STORJETH","DNTETH","STORMETH","NEOPAX","VETBTC","MDAETH","RCNBNB","STORMBTC","HOTBTC","RCNETH","EOSPAX","RENBTC","BCDETH","LRCETH","DNTBTC","NULSBNB","NEBLETH","PIVXBNB","MFTETH","NASETH","GNTETH","STEEMETH","OSTETH","CMTETH","DLTETH","CNDETH","VIAETH","BRDBNB","BTTBTC","VENBNB","MODBTC","ICNBTC","DASHBNB","DGDETH","MTHBTC","MANABTC","BNBUSDS","MFTBNB","ADAUSDC","XMRETH","NEBLBNB","OAXETH","SUBETH","XLMUSDC","WAVESBNB","VIABNB","XLMTUSD","WAVESPAX","HCETH","BATBNB","DLTBNB","WINGSETH","RPXBTC","REQETH","POWRETH","NANOUSDT","SKYBNB","ZRXETH","BTSETH","QLCBNB","OMGBNB","VIBETH","NAVBTC","POEBTC","YOYOETH","VENETH","TRIGBNB","USDCBNB","NPXSBTC","TRXBTC","USDCBTC","HSRBTC","GOBNB","AIONBNB","CMTBNB","QKCBTC","WABIBNB","ZENBNB","PAXETH","CHATBTC","USDSUSDC","RENBNB","MCOBNB","APPCETH","MITHBNB","POWRBNB","WPRETH","HOTETH","NCASHBNB","SNGLSETH","IOTXBTC","XVGETH","BCCETH","CHATETH","SYSETH","NCASHBTC","LINKTUSD","FUELBTC","WANETH","IOSTBTC","XEMETH","XLMPAX","QLCETH","ARDRBNB","NASBNB","SCETH","GTOETH","KNCETH","SYSBNB","BTSBNB","WABIETH","VENUSDT","EDOETH","ZECUSDC","LOOMBNB","QSPBNB","CVCETH","CLOAKETH","LSKBNB","MANAETH","POABNB","ZENBTC","BCHSVPAX","NEOUSDC","USDSTUSD","TNTBTC","LENDBTC","PIVXETH","CLOAKBTC","XVGBTC","VIBEBTC","AEETH","LOOMETH","LINKUSDC","GTOBTC","WINGSBTC","TUSDBTC","NXSETH","NCASHETH","ARKETH","BCCBNB","ARDRETH","AIONETH","GVTETH","SNTETH","ZILBNB","IOTABNB","ASTETH","BNTETH","SCBNB","PHXETH","BCNBTC","THETABNB","OSTBTC","YOYOBTC","POEETH","CDTBTC","TRIGBTC","BCNBNB","RPXBNB","GTOBNB","TNTETH","KMDETH","BCNETH","SNTBTC","LSKETH","STORMBNB","XZCXRP","GXSETH","BCPTBTC","MCOETH","VIBEETH","CNDBTC","REQBTC","BCPTETH","SNMETH","NANOBNB","MODETH","POLYBNB","SALTETH","NULSETH","SALTBTC","TRXPAX","DATAETH","ZECPAX","POAETH","DCRBNB","AGIETH","GRSETH","MFTBTC","CNDBNB","MITHBTC","HSRETH","PPTETH","LINKPAX","SKYETH","TRIGETH","ELFETH","ARDRBTC","RCNBTC","PHXBNB","ZENETH","CVCBNB","IOTXETH","BLZBNB","SNGLSBTC","BLZETH","TRXUSDC","XMRBNB","ICNETH","CDTETH","XZCBNB","BRDETH","WTCETH","XZCETH","MTHETH","SNMBTC","YOYOBNB","AGIBNB","FUNETH","ETCBNB","DOCKETH","RLCETH","CELRBNB","ZECTUSD","THETAETH","STEEMBNB","ZECBNB","BCCBTC","ENGETH","WAVESUSDC","KEYETH","NAVBNB"]}