{"data":{"XMRBTC":-26.6250999978,"BNBUSDT":6.8510897688,"BQXBTC":43.5435557181,"ZRXUSDT":-47.3883119409,"MCOBTC":-32.993640892,"BNBUSDC":-10.6432111494,"BTTTUSD":-2.2665754646,"CELRBNB":244.9532526255,"NEBLBTC":-15.0396280915,"ZENBTC":-85.1930472531,"ARKBTC":-40.2177813376,"XRPUSDT":-76.9964377738,"ATOMBNB":-21.9327731633,"HOTUSDT":234.831135229,"RLCBTC":-31.4376516471,"ENJBTC":8.0506512246,"EOSPAX":-77.5435216514,"ETCUSDT":-75.4953629328,"BTCUSDS":-16.9837050095,"XRPBNB":-49.6695962767,"ETHUSDC":-81.6951341805,"ADAUSDC":-85.4901586353,"TRXXRP":-64.2781681925,"PIVXBTC":1.1371870652,"BCDBTC":-18.8128698699,"WAVESETH":113.254230854,"AIONBTC":-39.5722804891,"ONTUSDT":-80.258736406,"ZECBTC":-64.7237212369,"BCPTBTC":102.8674205755,"BCHABCPAX":-74.2414588892,"RDNBTC":235.246393723,"DGDBTC":-1.1251099901,"ZRXBTC":-47.4778927511,"GRSBTC":89.7702560923,"ETHPAX":-88.3197665846,"LTCBNB":-71.6784461111,"NEOTUSD":-84.2072832118,"POWRBTC":-21.0705112733,"ADAUSDT":-71.9901589691,"ONGBTC":13.4558311944,"TNTETH":2507.3618941613,"MTLBTC":276.0236593245,"KMDBTC":-28.3706353038,"USDCPAX":-79.2178787531,"GXSBTC":-85.5760760313,"TRXBNB":-80.1361050822,"LTCUSDT":-84.2527969773,"SYSBTC":26.1285121297,"ETCBTC":-85.1654755116,"LTCBTC":-77.2461755201,"OAXBTC":-5.6855484175,"IOSTUSDT":-81.7299182289,"ZECETH":-83.6932398423,"BATBNB":-41.5849116709,"NASBTC":-51.3847907518,"XLMUSDC":-89.0517410576,"DASHBTC":-46.7266073508,"STEEMBTC":9.3854548198,"NEOUSDT":-73.8269194315,"ONGUSDT":-24.930205601,"LINKBTC":51.1378241396,"NEOBTC":-74.3388065598,"ETHTUSD":-76.6200112012,"DLTBTC":-7.5465201949,"CELRUSDT":210.5829355243,"FETBNB":1126.8697261363,"CELRBTC":332.9635609932,"TUSDUSDT":-54.9399974735,"BTCPAX":-47.9857426433,"ADAETH":-79.0414954102,"LTCUSDC":-88.1789377388,"OMGBTC":-57.3627218583,"VIABTC":42.0752483642,"ENGBTC":-24.9796680887,"QTUMUSDT":-72.3598450433,"XZCBTC":-48.1208305757,"LINKTUSD":-26.8435342642,"NEOBNB":-32.8262486708,"EDOBTC":-45.7133391517,"BCHABCUSDT":-66.5687062061,"FETBTC":678.2343871679,"XRPBTC":-80.7793295186,"USDCTUSD":-37.9427746433,"QTUMBTC":-45.1079217592,"EOSUSDC":-88.2682777273,"ONTBTC":-73.1443123611,"NANOBTC":-68.97169478,"XRPUSDC":-76.9256540024,"ETHUSDT":-68.9117100771,"MDABTC":15.5817098826,"EOSBTC":-64.5332514618,"LTCPAX":-81.1774324085,"BATETH":-60.4025267629,"BTTUSDT":68.3050278342,"ICXBTC":5.117682241,"LTCTUSD":-41.0557381594,"XEMBTC":-87.6366060006,"XRPETH":-77.3056698187,"TRXTUSD":-79.264750644,"WAVESTUSD":1117.9092562305,"EOSBNB":-40.4764198206,"HOTBNB":489.3090731207,"ZILETH":119.0680599622,"POLYBTC":-45.2280851263,"XRPPAX":-65.9181161089,"NANOUSDT":-73.6840258171,"ASTBTC":2361.4991436265,"NULSUSDT":-72.0463142012,"SKYBTC":-91.2078663256,"HOTETH":150.5472753688,"XLMBNB":-65.4545595234,"ENJUSDT":26.7426578835,"GVTBTC":60.4766769033,"WANBTC":120.1259572087,"WTCBTC":-48.2812192168,"BTCUSDC":-53.529929573,"STRATBTC":-17.6360606523,"FETUSDT":436.12539534,"OMGUSDT":-75.4122270961,"MATICUSDT":563.8514851157,"BCHABCTUSD":23.4530298764,"ENJETH":-32.9944263414,"TRXUSDT":-71.271178584,"XLMUSDT":-85.1560914439,"THETABTC":-42.6274056167,"ETHBTC":-68.526110279,"NEOETH":-83.9292516003,"AEBTC":-16.5326867095,"THETAUSDT":-64.0765862429,"BTTBNB":18.7327079702,"EOSTUSD":-48.0332510226,"BRDBTC":-33.8076125011,"STORJBTC":3.6742180135,"AMBBTC":204.4784957636,"ARNBTC":182.9992380832,"VETUSDT":-71.8270846316,"ZECUSDT":-72.1894671198,"ZILUSDT":46.0358213789,"MATICBTC":509.8012228368,"WAVESUSDT":244.3001182716,"LUNBTC":326.1366645832,"BATUSDT":-43.2628781892,"WAVESBTC":304.3962739513,"VETBNB":-70.8771607627,"ATOMBTC":-29.6198227816,"NAVBTC":-73.1375563819,"PAXTUSD":-73.2541743186,"FUELETH":11.0462590923,"MITHUSDT":13.7993405722,"RVNBNB":-43.1072506372,"REPBTC":-29.1486137633,"INSBTC":95.3231175091,"ENJBNB":45.3079243931,"ADXBTC":25.8332992896,"BNBTUSD":-34.9314890969,"MATICBNB":785.6919415626,"KNCBTC":-33.4276441634,"WABIBTC":27.9359099012,"DCRBTC":80.7155168083,"EVXBTC":230.6019297603,"XLMBTC":-79.8045339471,"EOSUSDT":-70.3349314067,"LINKUSDC":-27.9286529644,"BTCUSDT":-32.8547069542,"BNBETH":-33.5389556713,"BCHABCUSDC":-75.0124693557,"XLMTUSD":-87.6507453482,"BTTUSDC":-1.3610498443,"LTCETH":-80.9210874692,"ADATUSD":-61.1899858531,"TRXETH":-69.1146823408,"VETETH":-72.99586815,"BATBTC":-44.1991613912,"XRPTUSD":-79.1186880101,"ELFBTC":-26.794653539,"PAXUSDT":-66.5462700207,"HCBTC":-91.5893432183,"LINKETH":24.3266065384,"ZILBNB":300.797665179,"PHXBNB":876.1715016457,"PPTBTC":17.6920080031,"ICXUSDT":-43.2428081757,"APPCBTC":981.6668278,"ASTETH":1655.9992539254,"BNBBTC":57.9953753208,"IOTAUSDT":-64.6403093978,"DASHUSDT":-33.3575484343,"ADABTC":-66.1847557252,"BNBPAX":-55.9234162531,"MITHBTC":-5.8633612179,"LINKUSDT":57.5396533747,"ATOMUSDT":-46.5111161188,"BTCTUSD":-49.0420082562,"IOTABTC":-61.0081224686,"LSKBTC":-58.6320156296,"IOTAETH":-79.7993275864,"GASBTC":60.0161469119,"EOSETH":-81.6529293054,"XMRUSDT":-61.1601134842,"USDCUSDT":-66.8973773104,"XLMETH":-90.768643866,"BCHABCBTC":-64.7928795463,"ADABNB":-59.6668044539,"BTGBTC":-59.3118719545,"NULSBTC":-69.6170983458},"startDate":"2019-05-17","endDate":"2019-05-24","numDays":7,