{"data":{"ICXBTC":0.3236764634,"DASHUSDT":2.7897651999,"BTTBNB":19.026398608,"LTCPAX":11.9076374079,"IOTAETH":25.3976354756,"TRXUSDT":15.3536537963,"TRXXRP":15.2104888761,"XRPETH":9.9728684038,"VETETH":0.2296393368,"STEEMBTC":-0.5632482132,"ONGBTC":-1.8619857746,"PHBBNB":-5.3364221791,"LINKUSDC":-24.7870269159,"OAXBTC":-6.0922745875,"USDCTUSD":-0.0345905696,"RDNBTC":41.0454783443,"GXSBTC":1.6896743521,"ETHPAX":4.4194983742,"HOTBNB":9.9690786169,"XLMETH":1.6541433163,"BTCUSDC":4.5881398308,"LTCETH":10.5607652339,"BCHABCBTC":4.1795029461,"LTCTUSD":10.8681409212,"EOSBTC":25.2858505155,"POWRBTC":-7.4647684769,"XLMTUSD":1.4609094492,"EOSBNB":25.753550442,"QTUMUSDT":17.796587464,"WTCBTC":3.8982444493,"EOSUSDC":26.6040413945,"KNCBTC":-12.1061615587,"BNBUSDT":-5.405878123,"BNBUSDC":-5.7520529261,"BTCUSDT":5.1439499607,"BNBTUSD":-6.1145379556,"LINKETH":-25.2916574738,"XRPPAX":10.2724712059,"OMGETH":9.6238440284,"POABTC":7.7873064609,"HCBTC":40.6419400488,"FETBTC":8.6360600951,"ONGUSDT":-1.1212787389,"BCPTETH":31.0431972044,"ICXUSDT":0.7499051994,"WAVESUSDT":-10.159889321,"NASBTC":3.8748170306,"BTTUSDC":18.7151860768,"THETAETH":1.1958155961,"BTGBTC":19.2053095312,"TFUELBNB":-9.0432124764,"GVTBTC":5.4329668088,"XRPBTC":9.8175468223,"WAVESETH":-8.4163997568,"ETHBTC":3.4124272862,"POLYBTC":-0.8722851403,"ENJETH":-8.2460442245,"VETBNB":0.1504646427,"BTCUSDS":4.1573651785,"BCDBTC":32.7118100499,"ZILBNB":-3.5787696728,"ENGBTC":-9.0290619962,"NULSBTC":-3.2178860752,"ATOMBTC":24.8543664329,"ASTBTC":-12.6044311003,"ZRXUSDT":4.4834505457,"EOSETH":24.5123721885,"WAVESBTC":-10.8325584754,"ZECBTC":18.3252221053,"ONTETH":7.9193160262,"ATOMUSDT":25.989650888,"EOSUSDT":25.9315309629,"EDOBTC":-1.2984997405,"PHBBTC":-4.3054094746,"XLMBNB":2.7785459045,"DENTETH":27.4277815111,"HOTUSDT":10.8040738548,"ONTBTC":7.8931299822,"APPCBTC":-11.5510284941,"TRXBNB":14.5104812289,"VETUSDT":0.6385532765,"PPTBTC":-6.1101649214,"XZCBTC":-3.6936931508,"ELFBTC":-20.3094447385,"PAXTUSD":-0.0056507211,"NXSBTC":-5.8233492022,"WABIBTC":-13.1729992306,"XMRUSDT":7.3080085958,"EOSPAX":28.7000627294,"ENJUSDT":-7.4907623131,"CELRBNB":18.3207440323,"MTLBTC":-4.5087761,"BNBBTC":-5.9913846136,"LTCUSDC":11.3647441439,"BATBNB":-3.0470584238,"ZECETH":18.2064739679,"ETHUSDC":3.3302434039,"BTCPAX":4.8955064153,"ZECUSDT":19.1230716862,"PIVXBTC":-7.5451589253,"XLMUSDT":2.8330915289,"GASBTC":5.1688081904,"WANBTC":-6.0683027233,"IOTABTC":24.7680536263,"ZILETH":-3.1597731179,"USDCUSDT":0.5832182278,"MITHUSDT":-8.3915944327,"ETCBTC":15.4992942843,"BTTTUSD":17.3299660367,"NEOBNB":14.2162899056,"ETCUSDT":15.7589761528,"LINKUSDT":-24.6840343462,"MATICBNB":-13.4980744446,"ADATUSD":4.4284021263,"XMRBTC":6.5809132458,"BQXBTC":-10.7078050662,"SKYBTC":42.3328606238,"ONTUSDT":9.1361462094,"TFUELUSDT":-8.9163075287,"XRPUSDT":10.7253963667,"TRXTUSD":13.8869191509,"BCHABCTUSD":5.0021403613,"ELFETH":-19.6005360365,"NANOBTC":-1.4340492,"TRXUSDC":15.770259474,"FUELETH":-16.4911810065,"BCHABCUSDC":3.9775161563,"ZILUSDT":-2.1818134943,"OMGBTC":9.707310377,"LTCUSDT":11.0556837991,"REPBTC":-3.4629039669,"NANOUSDT":-0.5234151951,"XRPBNB":10.3699487313,"IOTAUSDT":26.0462409851,"STORJBTC":-9.3756386239,"EVXBTC":-4.5747760493,"BATETH":-3.5602025036,"OMGUSDT":10.7118083098,"ADAETH":5.0072398377,"TRXETH":14.3348448529,"BNBPAX":-5.3561062509,"CELRUSDT":18.7738263776,"BCPTBTC":31.5363374195,"TUSDUSDT":0.6162922609,"BCHABCUSDT":4.8916423913,"XRPUSDC":10.4744828417,"FETUSDT":9.3495619454,"IOSTUSDT":7.4767215227,"BCPTBNB":29.3376108111,"DGDBTC":7.4329721857,"EOSTUSD":26.6669430047,"ZRXBTC":2.8928208559,"FETBNB":7.41683099,"ARKBTC":-5.5778013277,"MCOBTC":25.2446614283,"BTTUSDT":19.7935056747,"ETHTUSD":3.842927011,"QTUMBTC":16.2065272066,"LTCBTC":10.2016817908,"BATUSDT":-3.0152217911,"ATOMBNB":25.9301250417,"NEBLBTC":0.2195625615,"BNBETH":-6.1293877621,"DLTBTC":-16.0913605552,"ETHUSDT":4.091326181,"ENJBTC":-8.7056824684,"LUNBTC":-6.0625873405,"GRSBTC":-8.9238682964,"LINKTUSD":-23.4996311718,"MATICUSDT":-12.9161374141,"IOTABNB":25.7877301536,"NULSUSDT":-2.2479858195,"MDABTC":-2.4271239825,"AEBTC":-7.4950434844,"VIABTC":-8.1542348548,"BATBTC":-3.6963042911,"ADABNB":5.9631007692,"THETAUSDT":2.3086297152,"LTCBNB":11.5659468228,"ADXBTC":1.3808370281,"NEOTUSD":11.1128910391,"RVNBNB":12.0458068425,"DASHBTC":1.9237692999,"STRATBTC":0.5251273205,"KMDBTC":14.3737633068,"PAXUSDT":0.6582981219,"XRPTUSD":9.5012087779,"RLCBTC":-18.7802848449,"HOTETH":10.0049920461,"NEOETH":12.6978900897,"LSKBTC":3.107086256,"DCRBTC":-1.2279291714,"ADAUSDC":6.164165292,"BCHABCPAX":4.7831534136,"PHBTUSD":-2.1476924939,"NEOUSDT":14.02702562,"LINKBTC":-25.2832951133,"THETABTC":0.9217659252,"BTCTUSD":4.3956880408,"ADAUSDT":6.0190468598,"INSBTC":-0.6200573082,"ARNBTC":29.3648236774,"BCDETH":31.5858808638,"USDCPAX":0.6223331361,"AIONBTC":4.6698174097,"NEOBTC":13.2743235703},"startDate":"2019-05-25","endDate":"2019-06-01","numDays":7,