{"data":{"BTTTUSD":-75.4226536665,"BCHABCBTC":-46.5544849297,"VIABTC":-4.6428305498,"XRPETH":-29.9543340619,"TRXTUSD":-43.000032565,"BTCTUSD":-26.3050843643,"XRPUSDT":-40.599663366,"ATOMBTC":-48.1410613283,"BNBETH":-54.3712404288,"BNBBTC":-39.9938968484,"VETETH":-42.2490529422,"BTCUSDT":-33.8229935304,"BATBTC":-5.8434004776,"THETAETH":-56.2290030875,"NEOBTC":-14.3101090944,"FUELETH":38.8640280048,"TRXXRP":16.2436095262,"XMRUSDT":26.1905107501,"BTGBTC":-51.3704975758,"KMDBTC":-34.9719293033,"GVTBTC":-67.4540397883,"ETHBTC":-38.5080447571,"LTCPAX":-18.1876809938,"STEEMBTC":-21.3711632835,"NULSBTC":-84.7385746944,"AEBTC":-27.6613420987,"ETCUSDT":-12.003727134,"WABIBTC":-33.5799949894,"BCHABCUSDC":-36.9324998599,"ADAUSDC":13.3210594007,"GRSBTC":-19.4335026562,"RVNBNB":-72.5603850118,"OAXBTC":-1.9384462495,"BTTUSDT":-50.6419404082,"EOSUSDT":-65.1761442565,"ETHUSDT":-48.1380804568,"LTCBTC":32.0721542107,"PAXTUSD":-40.1008466708,"TRXUSDT":-26.2632753413,"ETCBTC":-29.1093984812,"IOTABNB":-42.9086884098,"BNBPAX":-63.8242375213,"NEOUSDT":-25.9324569761,"LINKUSDC":115.3715724261,"FETUSDT":-17.8137342152,"ONGUSDT":-48.8283886789,"BTCUSDC":-37.5398715792,"ENJBTC":146.1013889063,"BCHABCUSDT":-63.257864592,"SKYBTC":-82.7742955288,"XLMBNB":-19.5244301096,"BCHABCTUSD":-2.5822814634,"ATOMUSDT":-49.0348319446,"ONGBTC":-14.7835031614,"XLMTUSD":-54.9091240584,"NXSBTC":-23.7720853121,"LSKBTC":-25.5159576816,"REPBTC":-49.2276714881,"DASHBTC":-6.0500757833,"LTCUSDC":81.2694845707,"ICXUSDT":-58.3658163594,"MFTBNB":475.3823045919,"MATICBNB":-36.3494654686,"MTLBTC":259.1167311158,"LTCETH":47.4104942547,"IOTAUSDT":-57.595307773,"BTCUSDS":99.7321865003,"PAXUSDT":-31.4133864835,"PHBBNB":-69.4601765886,"ADABNB":-34.7499427154,"VETBNB":-30.302063359,"ETHTUSD":-3.0924458643,"WTCBTC":-22.7372091692,"EOSBNB":-71.1932754158,"EOSPAX":-52.1388514609,"USDCPAX":-74.6130975386,"EOSUSDC":-80.5047854356,"ETHPAX":-68.1670081351,"BTTUSDC":-74.854746038,"ENJUSDT":78.0958755516,"ZILUSDT":461.3419761134,"ETCBNB":-42.4966017747,"NAVBTC":20.3671692505,"THETAUSDT":-65.1271751052,"DASHUSDT":77.8711711368,"TFUELUSDT":-47.0294089846,"BCPTBTC":-80.8251773318,"ENGBTC":985.6778712985,"TRXETH":-17.18562575,"QTUMUSDT":-26.7607345946,"MATICUSDT":-39.4686135768,"ONTBTC":-58.7761006799,"ENJETH":81.4488418358,"BCHABCPAX":-36.5055433985,"ZECUSDT":-59.7651544418,"LTCUSDT":28.0295557442,"IOSTUSDT":-3.2423152709,"QTUMETH":-31.6404369789,"ZECTUSD":182.1015585711,"ADATUSD":-14.2445503055,"XRPBNB":-23.9586026859,"BNBTUSD":-24.5364012183,"XRPUSDC":-15.6616497003,"CELRUSDT":-69.7130042696,"ICXETH":-48.8194482428,"ADAUSDT":-39.1284226133,"MDABTC":-45.41408429,"FETBTC":-15.9202924808,"KNCBTC":-1.5092915263,"MITHUSDT":-34.5966188122,"ADAETH":-16.0164325472,"XRPTUSD":-47.5210822899,"USDCTUSD":-61.4507656687,"QTUMBTC":9.0600240055,"EOSBTC":-69.6491101827,"OMGBTC":261.0684497572,"BTCPAX":-49.328861444,"EOSETH":-77.6870286919,"EOSTUSD":-77.710976343,"INSBTC":4.1324757844,"LTCTUSD":296.9940870339,"XMRBTC":-36.15372702,"LINKBTC":1.1092078277,"PPTBTC":-58.6902072348,"AIONBTC":-77.9366093893,"NULSUSDT":-52.0816153852,"XRPPAX":-20.0144108689,"NANOUSDT":25.525973951,"RLCBTC":-60.207844868,"ICXBTC":-12.8614915457,"ICXBNB":-46.7744829096,"IOTABTC":-46.8916345295,"HOTUSDT":-59.4498463817,"IOTAETH":-34.2126634849,"FETBNB":-16.5720945625,"DCRBTC":-25.1875393895,"NEOETH":24.5676771129,"XZCBTC":2342.6229475838,"THETABTC":-50.7009225883,"LINKETH":-36.4726505567,"BATBNB":-44.5884130467,"WAVESETH":-47.2285604391,"NEOTUSD":-19.8056592994,"NEOBNB":-24.9831450751,"ONTUSDT":-47.3912537696,"GXSBTC":-1.9693543927,"EVXBTC":256.2298397099,"ZILETH":82.4668658996,"WAVESBTC":-34.7826566137,"MFTETH":649.0047851408,"USDCUSDT":-34.8050661446,"HCBTC":-68.5278571263,"STORJBTC":239.7320534723,"PIVXBTC":1.6180015986,"ATOMBNB":-50.4553524848,"XRPBTC":-16.7702379749,"TRXBNB":-42.2460166988,"AIONETH":-73.0918590612,"GASBTC":-24.9309408531,"RDNBTC":-94.6788912159,"TRXUSDC":-46.9106893409,"LTCBNB":199.8070967599,"ELFBTC":19.9499772657,"BTTBNB":-56.9618661722,"OMGUSDT":56.8587837677,"ZRXBTC":-23.90603219,"NASBTC":-25.7215558047,"BCDBTC":-85.1970497453,"CELRBNB":-70.3335347873,"ZECBTC":-65.588742897,"ZILBNB":147.8229421606,"VETUSDT":-28.178170614,"NEBLBTC":79.3674775037,"STRATBTC":30.1858873488,"ARKBTC":39.060021562,"XLMETH":-9.2600591002,"RVNBTC":-61.8910067498,"WANETH":328.2156806824,"QKCETH":115.8714884564,"WAVESUSDT":55.5484886067,"ETHUSDC":-54.885768009,"BATETH":10.7319949653,"BNBUSDT":-22.9237896888,"NANOBTC":38.3957197016,"LUNBTC":-35.2796653924,"LINKUSDT":-8.1591164406,"HOTBNB":-83.0281479489,"TUSDUSDT":-13.6625146207,"XLMUSDT":-50.5551598011,"ETCETH":-24.904878754,"ARNBTC":-76.104876387,"ZRXUSDT":-14.9934595155,"TFUELBNB":-47.199108253,"DGDBTC":-86.1782544558,"BATUSDT":12.5835597067,"WAVESTUSD":-31.620023733,"TRXPAX":-76.23190204,"BNBUSDC":-46.617188304,"WANBTC":283.9252164837,"MCOBTC":-46.1792402627},"startDate":"2019-05-31","endDate":"2019-06-08","numDays":7,