{"data":{"GXSBTC":-16.1429118087,"ARKBTC":-37.892874664,"WAVESBTC":-59.6423576314,"BCDBTC":2.9295165816,"LTCBNB":290.1927732751,"ZILETH":-72.6455875896,"EVXBTC":-27.6279774501,"BRDBTC":-47.1514089338,"EOSTUSD":75.1750130024,"NULSBTC":-67.3016013982,"QTUMUSDT":-56.5913946854,"ICXETH":-70.0091515278,"MODBTC":441.6704048286,"REPBTC":-52.3838253907,"BCHABCTUSD":-57.3585966538,"IOTABTC":-52.358336472,"EVXETH":-39.0892084269,"DLTETH":-5.7553099598,"XRPBTC":19.8694496382,"DASHBTC":94.4905860514,"XZCBTC":-52.7326954099,"ZECBTC":-21.6542371057,"EOSUSDC":-23.6119160675,"WAVESUSDT":-71.2946547611,"FUNETH":-95.3189253939,"LRCBTC":-83.4249437695,"GRSBTC":-72.0323609555,"WTCBTC":32.1755888735,"EOSBTC":-35.6303269918,"XLMBNB":50.3800156589,"NEBLBTC":31.3198864875,"ETHUSDC":-0.6068822392,"REPETH":-69.5273191087,"MCOBTC":-39.0236390385,"BQXBTC":-70.6495869913,"WAVESTUSD":-74.9039221692,"VETUSDT":-55.1345310096,"BNTBTC":-72.2199314337,"SALTBTC":-50.9631763319,"XRPBNB":156.7471325108,"TUSDBNB":205.1845461988,"XMRETH":25.585309545,"TUSDETH":-48.1534682141,"ADAUSDT":-57.3032291391,"ARNBTC":-18.2692204442,"TRXUSDT":-19.6940474781,"PIVXBTC":33.6185319306,"ADABNB":113.6949964434,"OAXETH":-69.7549678942,"EDOBTC":-93.52215444,"TUSDUSDT":-8.9178395012,"BNBUSDT":68.1672897429,"TUSDBTC":-58.1112361584,"MTLETH":29.8329636977,"STRATBTC":-48.7348138296,"NANOETH":334.8966278603,"NXSBTC":35.5452602681,"BTCUSDC":-60.1531023764,"STRATETH":-50.0463806436,"NULSUSDT":-59.5369677729,"BCHABCBTC":-40.3076455891,"LTCTUSD":47.4442197239,"LINKETH":-67.8381117044,"ENGBTC":-13.7127522315,"VETBNB":26.061097185,"ZENBTC":30.0340605049,"BTCPAX":-31.7821500108,"POWRBTC":-63.062334477,"ONTBTC":-61.6190875128,"SUBBTC":6.920292286,"ADATUSD":-75.0809947881,"ONTUSDT":-69.6463451462,"NANOBTC":110.1535816563,"HCBTC":-45.7290538997,"LINKUSDT":-76.4868404928,"WAVESBNB":-73.265351796,"XLMBTC":-31.2304746126,"BCHSVUSDT":-54.5487256384,"LINKUSDC":-92.144154011,"ICXUSDT":-54.4118125035,"XLMPAX":40.9986766098,"TRXUSDC":-69.0691773927,"CLOAKBTC":33.3570760781,"GTOETH":-9.857694128,"BNBETH":94.8795618766,"NEOBTC":-49.8950612659,"STEEMBTC":-3.4410388692,"ETHBTC":-30.3312247215,"BNBUSDC":31.9591179144,"THETAETH":282.8912936562,"XMRBTC":-11.3370739905,"DGDBTC":-50.8691732934,"AMBBTC":50.797988157,"BATBTC":-17.4188530403,"GVTBTC":-61.8378261951,"THETABTC":521.7325146379,"XLMUSDC":-59.230660904,"USDCPAX":49.9640672316,"XRPTUSD":-57.5526266659,"VIABTC":436.4425469705,"OMGETH":-40.8613517472,"ARNETH":7.7780216174,"DCRBTC":-67.1196554513,"WABIBTC":26.8584149825,"NEOUSDT":-48.9817034945,"IOTAUSDT":-58.1607627937,"XLMUSDT":-33.7991613967,"ICXBTC":-26.9217991877,"GASBTC":-32.8977712857,"WINGSBTC":-64.3131154813,"MDABTC":-44.2621733834,"LOOMETH":-7.4067027657,"ADAETH":-14.7067801758,"SNTETH":17.0772826965,"XRPUSDC":-74.5252069648,"IOTAETH":-36.1424971389,"LTCBTC":56.0479344308,"RLCBTC":-63.7137364171,"XRPETH":1.1915124373,"MFTETH":8.1387926508,"TRXTUSD":-33.503739779,"LSKBTC":-60.128416431,"OMGBTC":-25.2379472345,"LTCUSDT":76.8890225651,"PAXTUSD":568.2535958533,"TRXXRP":33.4601507991,"VETETH":-56.6787303866,"XLMETH":-33.4069414635,"ETHUSDT":-48.2541456777,"DLTBTC":-2.7405787688,"XEMETH":229.0034447288,"USDCUSDT":-32.1420332341,"LUNBTC":-82.9497455573,"BCHABCUSDT":-42.3549028142,"BTGBTC":-66.0488719112,"PHXETH":-91.9686099543,"TRXETH":-12.0211285206,"BCHSVBTC":-36.5337546415,"ETCBTC":6.1631323648,"SKYBTC":-31.4103803357,"PAXUSDT":40.0532334579,"BNBBTC":80.3931706071,"USDCTUSD":-85.4418192646,"XRPUSDT":19.9724344792,"WAVESETH":-76.0354935357,"AGIBTC":-57.4236942752,"KMDBTC":49.5974138976,"PPTBTC":-28.3850383905,"BNBPAX":65.6528954025,"NEOTUSD":-64.0065536504,"ZRXBTC":-24.0702872859,"STORJBTC":1699.132667658,"AEBTC":-72.7518022544,"EOSPAX":153.3179867731,"TRXBNB":97.6874178243,"HOTETH":13.7942050441,"WANBTC":-21.8783049672,"XLMTUSD":-69.3492027278,"LINKTUSD":-75.5782662344,"LTCETH":144.5051107376,"EOSETH":-42.5122116557,"OAXBTC":-45.7655450359,"INSBTC":29.8072658098,"NAVBTC":241.9997064698,"BTCUSDT":-12.3352430785,"POLYBTC":-11.7316132742,"XEMBTC":41.9848213397,"AIONBTC":-51.1770696705,"LINKBTC":-71.0167411524,"ETHPAX":-81.5164785086,"EOSBNB":213.3223381071,"MTLBTC":-18.7272858817,"QTUMBTC":-38.6500070725,"NASBTC":-79.2038060001,"ETCUSDT":-43.6347923023,"RDNBTC":-14.6120797227,"NEOETH":-51.5067894064,"XRPPAX":-31.5457483022,"EOSUSDT":-37.0869011553},"startDate":"2019-01-30","endDate":"2019-02-06","numDays":7,"excludedPairs":["MANABTC","PAXBTC","BRDBNB","ZILBNB","BTGETH","XEMBNB","AIONETH","BCHSVUSDC","XVGETH","HSRBTC","XZCXRP","NCASHBTC","BCDETH","DNTETH","RVNBTC","LENDBTC","BQXETH","TNTETH","BCNBTC","AGIBNB","ADABTC","SNMBTC","KEYBTC","ASTBTC","MCOBNB","VIBEBTC","CHATBTC","EDOETH","BCCETH","SUBETH","NANOBNB","APPCETH","RPXBTC","PAXETH","WTCETH","LOOMBNB","BTSBNB","QSPBTC","GNTBTC","NXSBNB","RLCETH","PHXBNB","BTTUSDT","FUNBTC","CNDETH","WPRETH","IOTABNB","ENJETH","BCNETH","AEETH","LUNETH","ELFETH","REQETH","KEYETH","TRXPAX","REQBTC","RVNBNB","STORJETH","RENBNB","LENDETH","MITHBNB","BATETH","MODETH","ADXBTC","MITHBTC","GTOBNB","CHATETH","AMBETH","CNDBNB","ONTBNB","POLYBNB","YOYOETH","DOCKBTC","NEBLETH","APPCBTC","WABIETH","MTHETH","DCRBNB","BCHABCPAX","XVGBTC","ENJBNB","LTCPAX","STEEMBNB","BCHSVTUSD","USDCBTC","QLCBTC","SKYETH","OSTETH","HOTBTC","DOCKETH","IOSTBTC","DENTETH","KNCBTC","XZCETH","POEETH","KNCETH","TRXBTC","DATABTC","ETCBNB","REPBNB","BTSETH","BTTBTC","ZENBNB","AMBBNB","STORMBNB","BRDETH","POAETH","ASTETH","MFTBTC","NAVETH","SALTETH","FUELBTC","AEBNB","PHXBTC","ZENETH","QLCETH","ZRXETH","SNGLSBTC","DGDETH","DASHETH","WAVESUSDC","NPXSETH","RCNBNB","NXSETH","STEEMETH","NPXSBTC","DNTBTC","GNTBNB","ARDRBTC","QKCBTC","BCPTETH","CMTBTC","ICNETH","ETCETH","MCOETH","CVCBNB","SCBNB","ADXBNB","TRIGBTC","YOYOBNB","BCCBNB","GRSETH","BCPTBNB","YOYOBTC","LSKETH","TRIGBNB","PPTETH","SCETH","CNDBTC","QSPETH","OSTBTC","NASBNB","ARDRBNB","ARKETH","BCCBTC","WANETH","ZECETH","BCCUSDT","WTCBNB","LOOMBTC","RDNBNB","NULSETH","PAXBNB","CMTBNB","TNTBTC","NEOBNB","SYSBTC","ONTETH","THETABNB","POABTC","DATAETH","APPCBNB","BCHSVPAX","XZCBNB","PIVXETH","CMTETH","TNBETH","OSTBNB","RPXBNB","GNTETH","POEBTC","BTTBNB","ICNBTC","RLCBNB","LSKBNB","CVCBTC","TNBBTC","ENGETH","WAVESPAX","QTUMBNB","VIABNB","BCNBNB","VIAETH","QKCETH","BNTETH","NAVBNB","DLTBNB","SCBTC","CDTBTC","POABNB","RDNETH","WABIBNB","NEBLBNB","SYSETH","VENUSDT","MFTBNB","VENBNB","WANBNB","CVCETH","BATBNB","MANAETH","USDCBNB","NULSBNB","BTSBTC","HSRETH","NCASHETH","SNTBTC","ZILBTC","GOBNB","VIBEETH","IOTXBTC","DENTBTC","WPRBTC","SNMETH","FUELETH","IOSTETH","GOBTC","CDTETH","QLCBNB","RENBTC","ELFBTC","ADXETH","IOTXETH","BLZETH","POWRBNB","STORMETH","ARDRETH","LINKPAX","LTCUSDC","QSPBNB","BLZBNB","VENBTC","AIONBNB","RCNBTC","GXSETH","VIBETH","LRCETH","VIBBTC","NCASHBNB","SYSBNB","RCNETH","CLOAKETH","PIVXBNB","POWRETH","AGIETH","GVTETH","GTOBTC","HCETH","BCHABCUSDC","QTUMETH","BCPTBTC","BLZBTC","KMDETH","RPXETH","MDAETH","SNGLSETH","WINGSETH","ENJBTC","VENETH","VETBTC","MTHBTC","INSETH","STORMBTC","NASETH","TRIGETH","SKYBNB","ICXBNB"]}