{"data":{"ASTBTC":832.8113499205,"BATUSDT":1585.613433752,"NEBLBTC":36.0988890393,"TUSDUSDT":-31.7894313425,"GXSETH":363.6652629181,"BTTBNB":31.7846477384,"ZRXBTC":15.8112659336,"ARNETH":-65.6941648291,"OMGETH":514.4753804343,"BRDBTC":137.4383745358,"ADAETH":-42.3431345621,"STEEMBTC":10.2185896979,"QTUMUSDT":30.6725966056,"BTSBTC":56.8049643951,"XMRBTC":103.222865985,"GASBTC":9.1518123282,"MANABTC":342.4106559664,"WAVESUSDT":101.1523020565,"EOSTUSD":18.0019949208,"WABIBNB":5500.5191637345,"XRPBNB":36.8944579654,"GNTBTC":328.8240424337,"BNBUSDC":-29.048064386,"LSKBTC":95.2455829685,"STRATBTC":153.8091788137,"ZILUSDT":-53.8949328412,"ONTETH":-61.2631233208,"ETHPAX":33.5717389566,"ENGETH":537.804668684,"NAVBTC":208.0359363317,"XRPUSDT":40.5658320248,"BNBTUSD":-48.5798010807,"BCHSVBTC":-7.894597938,"ONTUSDT":-51.291917292,"DLTBTC":629.6400309235,"OAXETH":603.166633048,"NEOUSDT":204.1852471886,"MANAETH":402.56305316,"NANOBTC":21.841470817,"BCHABCUSDT":-5.4989725979,"ENJBTC":-29.846891671,"STORJBTC":15.8804271147,"AEBTC":12.4119640546,"IOSTETH":-58.5980770645,"KNCETH":178.096818157,"OMGBTC":433.4670479073,"ETHBTC":65.1674919748,"ZRXUSDT":25.5543087995,"PAXUSDT":27.8233870902,"FETUSDT":59.9313567558,"LTCPAX":-1.0567732316,"ADABTC":-4.2433683231,"RVNBTC":-24.2424616661,"ONGUSDT":-76.1276222544,"XLMUSDT":-39.8094218149,"VIBETH":61.3570999244,"IOTABTC":-73.5944632848,"NEOETH":282.8178453937,"USDSTUSD":21.5992850458,"EOSBNB":160.7862161695,"KMDBTC":17.7729454163,"PIVXBTC":573.5209228259,"MCOBTC":175.4704652957,"HCBTC":11.740418744,"TRXXRP":-23.4791182777,"BCHABCTUSD":-92.571186496,"MTLBTC":22.1206084796,"NULSBTC":-53.0135067608,"BNBPAX":-2.0925759325,"APPCBTC":599.5442683823,"VETBNB":-40.2231312064,"VETUSDT":-62.6899338866,"TRXTUSD":102.6165298951,"ENJETH":-12.6131503554,"XLMETH":-3.7874702492,"ICXETH":-9.7391376891,"BTTUSDT":41.974648761,"LTCUSDT":19.0502339924,"WABIBTC":3402.0972889083,"VETETH":-56.1488191948,"EVXETH":2428.5696793052,"ARKBTC":71.6160793006,"QLCBTC":1258.3068494073,"BCHSVUSDT":-11.0349483241,"POLYBTC":212.463163955,"ETCETH":-45.0805652485,"XRPPAX":55.0757040288,"WANBTC":38.2117896354,"RDNBTC":365.6976919177,"ONTBNB":-66.2277951445,"XRPBTC":99.5095797464,"TRXBNB":35.318219997,"RVNBNB":-26.9877194925,"BTCUSDT":57.9323858404,"SKYBTC":197.6993690067,"TRXUSDT":118.8386513385,"INSBTC":375.9399527274,"ADABNB":2.5115254381,"ICXBTC":33.399578841,"BLZBTC":759.4955277658,"BCHABCBTC":-4.4618554071,"BNBETH":62.2797213863,"GVTBTC":122.1672315626,"BQXBTC":57.5539483581,"NEOBTC":222.9456150955,"LTCETH":90.9428191334,"MDAETH":-74.8267558101,"XMRUSDT":86.3362553807,"BATBTC":806.6629878831,"AMBBTC":2295.067482016,"LINKUSDT":23.3093256112,"XLMBNB":-60.8992846157,"REPBTC":590.5198959001,"ARDRBTC":162.4444605858,"ENGBTC":728.4290763272,"ZENBTC":-21.057508067,"ETHTUSD":57.5113980725,"WTCBTC":107.1458620134,"ARNBTC":25.2930096183,"ETHUSDT":52.4474564006,"ZECBTC":-36.6191234046,"ADXBTC":97.041700564,"FETBNB":43.23159053,"LTCBTC":2.8393292871,"EVXBTC":16412.7577366613,"ETCUSDT":-37.3273100055,"WABIETH":2188.5837795916,"POLYBNB":354.8642728585,"GXSBTC":274.0181238418,"XZCBTC":-60.0947738046,"BCHABCPAX":-4.4314829102,"BTCPAX":159.6758737111,"XLMBTC":-29.660716881,"ELFBTC":160.5311909273,"FUELETH":39.1510350846,"ONGBTC":-62.443100874,"LINKETH":82.2953677104,"USDCUSDT":36.0145074398,"XRPTUSD":127.0064009362,"NXSBTC":249.6149658301,"IOTAUSDT":-72.6813773211,"NASETH":-47.0865857784,"ETHUSDC":132.0523916717,"FETBTC":85.3479378999,"ONTBTC":-76.4361008867,"ZECUSDT":43.4162493761,"LTCBNB":73.9742912802,"NASBTC":46.831169121,"RLCBTC":-40.6909416957,"BNTBTC":-34.2499275755,"TRXETH":67.1519872789,"LINKBTC":19.1247876347,"ETCBTC":-24.9037715349,"ZRXETH":-21.3941627179,"MDABTC":-75.806303807,"BATBNB":1580.7866857662,"AIONBTC":91.2173810438,"ZILETH":-33.493974909,"BNBBTC":20.0781295467,"HOTUSDT":10.0158401701,"GRSBTC":-95.1855256393,"ADAUSDT":-6.5315886256,"BTCTUSD":40.6134462031,"BNBUSDT":11.9705007651,"PPTBTC":248.3762778822,"VIABTC":-46.4274832213,"NULSUSDT":-74.9449389499,"EOSUSDT":150.5916247466,"EOSBTC":265.4727405457,"SYSBTC":2143.861585157,"XRPETH":87.476715184,"WAVESBTC":53.8635170244,"THETAETH":-25.7601597229,"OAXBTC":1218.6237482531,"IOSTBNB":-48.4451640508,"DGDBTC":224.8291417852,"EOSETH":104.2326160738,"LUNBTC":489.067142145,"THETABTC":-45.3611327758,"BCDBTC":50.3245197801,"ENJBNB":-44.1950701816,"BTCUSDC":69.4255760957,"KNCBTC":323.6976405234,"POWRBTC":201.2341179328,"USDCPAX":-87.8929100597,"EDOBTC":-3.1390440704,"QLCETH":1240.7636575591,"DCRBTC":-9.498930894,"QTUMBTC":72.8422030891,"ICXUSDT":6.3099824369,"BATETH":580.3048743402,"DASHBTC":17.8067565283,"IOSTUSDT":-19.2971311217,"LTCTUSD":-55.7236719792,"BTGBTC":72.5189211197,"ADATUSD":-77.5205998453},"startDate":"2019-03-23","endDate":"2019-03-30","numDays":7,"excludedPairs":["STORMBTC","HSRETH","LTCUSDC","CNDETH","XEMETH","XVGETH","CNDBNB","RENBTC","CELRUSDT","DASHETH","STORMETH","BNBUSDS","XMRETH","PPTETH","WPRETH","PAXTUSD","DASHUSDT","POABNB","DENTETH","DOCKETH","PHXBTC","VIBEETH","SNMBTC","WAVESBNB","ETCBNB","NEOPAX","DOCKBTC","ZECUSDC","IOTXBTC","LUNETH","KMDETH","HOTETH","NEOBNB","STORJETH","PAXBNB","TRXPAX","GTOETH","GOBNB","CVCETH","WANETH","ARKETH","NULSETH","NCASHBTC","KEYETH","EDOETH","LOOMBTC","NPXSBTC","NEOTUSD","SKYBNB","MODBTC","XZCBNB","USDCBTC","PIVXBNB","BLZETH","BCHABCUSDC","XRPUSDC","RPXETH","BTTUSDC","VIABNB","POAETH","BCPTBTC","GVTETH","REQBTC","XLMTUSD","DLTETH","NEBLETH","CLOAKETH","BCCETH","SNGLSETH","MTLETH","DGDETH","SKYETH","USDSUSDC","BLZBNB","BCCBNB","QTUMETH","USDSPAX","TUSDBNB","BNTETH","CMTBTC","TRIGETH","APPCETH","SCETH","ZECBNB","NASBNB","RLCETH","MFTBNB","STEEMETH","TRIGBNB","ZILBTC","WAVESTUSD","DLTBNB","DCRBNB","DATABTC","LRCETH","EOSUSDC","ARDRETH","QTUMBNB","CMTETH","NXSETH","FUNBTC","DASHBNB","HSRBTC","TUSDBTC","NCASHETH","TNTBTC","CHATETH","AGIETH","KEYBTC","WAVESETH","STORMBNB","IOTXETH","LSKETH","ZENETH","NXSBNB","AMBBNB","CLOAKBTC","POABTC","BTGETH","WAVESUSDC","WPRBTC","LSKBNB","TRIGBTC","RCNETH","PHXBNB","ZENBNB","EOSPAX","WINGSBTC","ZILBNB","MFTETH","AIONBNB","NPXSETH","BCNETH","IOSTBTC","USDSUSDT","ADAPAX","QSPBTC","CMTBNB","WINGSETH","YOYOBTC","BCHSVTUSD","NCASHBNB","BCNBNB","OSTBTC","REPETH","TRXBTC","RDNETH","GTOBTC","CDTBTC","FUELBTC","GNTETH","POEETH","SNTBTC","IOTABNB","ICNETH","MCOETH","BTCUSDS","BCHSVUSDC","QLCBNB","ONGBNB","MTHBTC","RCNBTC","RLCBNB","SYSETH","SALTBTC","ADXBNB","HCETH","SUBBTC","QSPETH","RENBNB","SNGLSBTC","ZRXBNB","BTSBNB","ARDRBNB","BCPTETH","SNTETH","MTHETH","PAXETH","AGIBNB","BTTPAX","VETBTC","ZECETH","PAXBTC","GTOBNB","NULSBNB","AMBETH","ELFETH","REQETH","XZCXRP","XZCETH","GOBTC","SALTETH","XMRBNB","FUNETH","SYSBNB","NEBLBNB","INSETH","HOTBTC","MITHBTC","STRATETH","BQXETH","VENBNB","VIAETH","VENETH","BCHSVPAX","VIBBTC","RPXBNB","REPBNB","APPCBNB","ICNBTC","ASTETH","DENTBTC","IOTAETH","LENDETH","LINKTUSD","MCOBNB","BCNBTC","MODETH","YOYOBNB","STEEMBNB","AEBNB","RPXBTC","CVCBNB","OSTBNB","PIVXETH","RCNBNB","XLMPAX","TNTETH","LENDBTC","RDNBNB","XEMBTC","VENBTC","YOYOETH","CDTETH","VENUSDT","POWRBNB","DATAETH","AGIBTC","MITHBNB","NANOETH","CVCBTC","NAVBNB","LRCBTC","BRDBNB","USDCTUSD","TNBETH","QKCETH","AIONETH","SUBETH","USDCBNB","BTTTUSD","ZECTUSD","ZECPAX","POWRETH","SNMETH","TNBBTC","GNTBNB","GRSETH","AEETH","ADXETH","QKCBTC","PHXETH","SCBNB","XEMBNB","POEBTC","WTCETH","BCDETH","BCCUSDT","BRDETH","HOTBNB","NAVETH","LINKPAX","ADAUSDC","TUSDETH","VIBEBTC","CELRBTC","DNTETH","BTSETH","BCCBTC","LOOMETH","DNTBTC","CELRBNB","WTCBNB","CHATBTC","WANBNB","XVGBTC","OSTETH","BCPTBNB","SCBTC","THETABNB","NEOUSDC","MFTBTC","LINKUSDC","WAVESPAX","BTTBTC","XLMUSDC","ICXBNB","QSPBNB","NANOBNB","LOOMBNB","CNDBTC","TRXUSDC"]}