{"data":{"MDAETH":-63.9074187389,"USDCUSDT":19.7192353272,"POLYBTC":292.6786003585,"EOSTUSD":-15.0385374536,"QTUMBTC":-22.5275109649,"BNBBTC":43.3818899157,"XRPUSDT":-11.9223865417,"FUELETH":75.5563284701,"ARKBTC":153.3549125154,"EDOBTC":51.1203898247,"LTCBNB":52.9250910997,"LINKETH":315.8866054958,"XLMETH":-26.7456695514,"TRXXRP":6.4093377236,"LTCPAX":233.327127663,"XZCBTC":156.5946881258,"NASBTC":48.6796769606,"TRXBNB":16.9774894094,"VETETH":-25.1248305581,"ZRXETH":195.1940726106,"ARNETH":100.6106596427,"XMRUSDT":-45.1043822627,"BNTBTC":304.7534827277,"IOTAUSDT":-15.3744013697,"ENJBTC":-37.1641520511,"THETABTC":66.6930399923,"LINKBTC":144.6171908373,"LTCUSDT":-5.8463579021,"ZILUSDT":-43.2456486614,"GNTBTC":-79.3411901975,"IOTAETH":-36.4635033909,"NEOUSDT":9.1102074139,"EVXBTC":15233.7828229131,"BRDBTC":3100.5407756633,"BCDBTC":58.5229490046,"ONTETH":-76.0375015337,"EOSBTC":430.249796976,"GRSBTC":-20.8194829127,"LUNBTC":212.5932426152,"BTTUSDT":48.0611369767,"ETHUSDC":13.2514982678,"XRPETH":-14.4334241326,"ENJBNB":-41.4840513548,"OMGETH":28.6140339264,"ETCUSDT":-31.5807637734,"TRXETH":57.1753505503,"ONTBNB":-62.6687143693,"EVXETH":2690.2022531965,"XLMTUSD":-64.9497640466,"POLYBNB":178.9714276381,"NAVBTC":370.6914309658,"IOTABTC":-4.604818162,"NXSBTC":283.646952281,"WTCBTC":90.4428135731,"WANBTC":47.1665181312,"GRSETH":-48.9463633126,"RVNBTC":-24.1893360118,"EOSBNB":367.1140514973,"XRPPAX":6.1148826081,"PAXUSDT":22.64663342,"VIABTC":99.0893869253,"BTCPAX":-22.0531008753,"STORJBTC":66.950863768,"OMGBTC":31.5085434367,"HOTUSDT":-29.5014002547,"RVNBNB":-11.1499609206,"IOSTETH":1220.6522131063,"XMRBTC":-28.7197576836,"ENJETH":-40.3619559047,"ADXBTC":1805.198348202,"ETHBTC":50.7016790125,"APPCBTC":327.9760892685,"OAXETH":7310.6328067577,"ICXBTC":-7.273652232,"ADATUSD":0.2782745297,"DCRBTC":140.5346938285,"XRPTUSD":-48.9756535942,"TRXTUSD":34.1149216486,"BNBUSDC":-74.6935052445,"BTSBTC":275.8887283358,"ONTUSDT":-59.7066924915,"OAXBTC":11033.2423129766,"ZENBTC":163.9029474657,"LTCBTC":6.8409738824,"AIONBTC":143.1135984843,"LSKBTC":466.1456327583,"TRXUSDT":100.7902354401,"NEOBNB":5.4723808,"ENGETH":1464.1665647165,"ONGUSDT":-97.1798557242,"NULSUSDT":1303.2379869335,"ETHUSDT":42.469483629,"BTCUSDC":29.6087595351,"ICXUSDT":25.9832672647,"AEBTC":53.4003436278,"GVTBTC":309.7644348933,"ARDRBTC":307.1342671598,"ENGBTC":2808.1500891398,"DASHBTC":123.6627639751,"BTCUSDT":38.5428838982,"ADAETH":38.4999491463,"ONTBTC":-80.9248750553,"ADABTC":164.0302074307,"ADABNB":82.8533650366,"RLCBTC":139.7286765782,"ARNBTC":378.0873360784,"TUSDUSDT":-19.7633364261,"ETHTUSD":-19.4960586223,"EOSUSDT":180.2399835359,"BNBETH":-8.7348313232,"REPBTC":26.6704048484,"HCBTC":-6.1025737144,"NANOBTC":130.1365404957,"LTCETH":1.8514884208,"WAVESUSDT":-2.5750698972,"LOOMBTC":-59.2073401433,"MITHBTC":125.9923166427,"MCOBTC":200.1993901033,"STRATBTC":382.0093439558,"ADAUSDT":150.4013990954,"BTTBNB":21.1254532641,"BATBTC":122.3482352044,"RDNBTC":287.403306285,"ETCBTC":-53.7006019258,"FETBTC":36.1766361392,"BCHABCUSDT":44.3509618918,"PIVXBTC":99.6534658529,"VETUSDT":-19.925995376,"GASBTC":-29.1886218429,"PPTBTC":521.6016672457,"NEOBTC":58.8478888454,"GXSETH":-37.0008981934,"BCHABCPAX":-5.7713230628,"BCPTBTC":228.0615749519,"KNCBTC":-7.0003573684,"NEOETH":55.2399099633,"BCHSVBTC":45.7122788558,"THETABNB":-21.8213821552,"BCHABCBTC":68.0532685922,"MTLBTC":115.4030747569,"ZECBTC":-75.3903334349,"BNBUSDT":49.5012988064,"ETCETH":3.6784434792,"BQXBTC":694.9840675737,"XLMUSDT":-34.9391793492,"LTCTUSD":-18.5237998265,"BATUSDT":122.3836564204,"XRPBNB":2.1765685537,"QTUMUSDT":-81.0517192296,"MDABTC":-65.2915435354,"FETUSDT":48.8015961931,"WAVESBTC":-47.7219775196,"KMDBTC":11.2394765183,"USDSTUSD":167.3117243785,"POWRBTC":472.7105019279,"BATETH":-43.1393960118,"VIBETH":2112.0732927591,"BNBTUSD":-66.4516384353,"ZRXUSDT":203.7962685937,"VETBNB":11.0163077272,"XLMBTC":-20.5055147221,"XRPBTC":-27.4675819823,"GXSBTC":-21.3683346124,"BTCTUSD":62.9379132075,"THETAETH":121.974652811,"BCHSVUSDT":-0.5353238741,"NEBLBTC":21.0020017056,"ETHPAX":-27.2933054302,"ZILETH":-45.8850082337,"ONGBTC":-93.1061210681,"ZRXBTC":180.6574193123,"WABIBTC":114.026981777,"BCHABCTUSD":-76.6077210343,"XLMBNB":-64.927369272,"ELFBTC":87.2334817937,"ICXETH":48.191930056,"STEEMBTC":-23.004994528,"FETBNB":6.1119633305,"KNCETH":37.8582180659,"BNBPAX":-21.2898173999,"USDCPAX":144.9870206772,"SKYBTC":3.7547329854,"EOSETH":257.2893883756,"NULSBTC":411.2510230015,"INSBTC":28.5928378266,"BTGBTC":56.464009397,"LOOMETH":-55.7852189512,"LINKUSDT":94.965225703,"DGDBTC":261.0390911814},"startDate":"2019-03-21","endDate":"2019-03-28","numDays":7,"excludedPairs":["ASTBTC","CDTETH","WTCETH","AMBBNB","DASHETH","LUNETH","SKYETH","STEEMETH","ZENETH","SNMBTC","SKYBNB","BTSBNB","SNMETH","VENETH","AIONETH","PPTETH","TNBBTC","DENTBTC","TUSDBNB","DENTETH","XZCETH","XEMBTC","ICXBNB","POABNB","WANETH","QSPBTC","RENBTC","POAETH","HOTBNB","CVCETH","BCNBTC","NEOUSDC","BCCBNB","TUSDETH","VIBEBTC","USDCBNB","NEBLBNB","PAXBTC","BCHSVTUSD","CELRUSDT","AGIBNB","ZECBNB","QTUMETH","SALTBTC","BCPTBNB","BLZBTC","CVCBNB","QLCBTC","LRCBTC","ARKETH","BRDETH","ETCBNB","SCETH","XEMETH","TRIGBNB","NCASHBTC","BTCUSDS","MODBTC","EOSPAX","WAVESETH","BCCUSDT","REQBTC","QLCETH","DATAETH","RCNBTC","QSPBNB","ZRXBNB","WINGSETH","DLTETH","CNDBNB","APPCBNB","SYSBNB","ARDRBNB","LTCUSDC","XZCBNB","XZCXRP","BCHSVPAX","MANABTC","SNGLSBTC","VIBEETH","VIABNB","BCHSVUSDC","USDSPAX","USDCTUSD","NANOBNB","DATABTC","LSKETH","POEBTC","MCOBNB","SCBNB","USDSUSDT","CDTBTC","LINKPAX","RPXETH","VENBNB","HOTBTC","STORMBNB","MTLETH","BTTPAX","YOYOETH","KMDETH","BLZETH","NAVBNB","XVGETH","PHXETH","WAVESPAX","AMBBTC","NXSETH","PIVXETH","VETBTC","CNDBTC","AIONBNB","XLMUSDC","STORJETH","TRXBTC","BTTTUSD","SNTBTC","USDSUSDC","SNGLSETH","GTOBTC","PAXTUSD","IOSTBNB","RDNETH","CMTETH","ZECUSDC","NXSBNB","ZILBTC","XVGBTC","GOBTC","BCPTETH","MFTBTC","LINKUSDC","CHATBTC","DNTETH","STRATETH","GTOETH","TRIGBTC","POWRBNB","NEBLETH","VENUSDT","IOTABNB","TNTETH","BCNETH","CMTBTC","ZECETH","QKCBTC","OSTBTC","LENDBTC","WAVESTUSD","LRCETH","WTCBNB","CELRBNB","IOSTBTC","NASBNB","BQXETH","LOOMBNB","BCCETH","AGIBTC","CVCBTC","SYSBTC","LSKBNB","ADAUSDC","VIBBTC","ZECPAX","VIAETH","CELRBTC","BCNBNB","ADAPAX","XLMPAX","KEYETH","BLZBNB","TRXUSDC","POABTC","HCETH","RENBNB","DLTBTC","BTSETH","BCHABCUSDC","BTTBTC","FUELBTC","MCOETH","XMRBNB","ASTETH","WABIETH","TRIGETH","SCBTC","MTHBTC","TRXPAX","RLCBNB","IOSTUSDT","BNBUSDS","CNDETH","DCRBNB","MFTBNB","QSPETH","MITHBNB","GTOBNB","BATBNB","BTTUSDC","WINGSBTC","GNTBNB","MFTETH","WPRETH","PAXETH","ONGBNB","WPRBTC","CLOAKETH","OSTBNB","EDOETH","ZILBNB","NANOETH","YOYOBTC","ZENBNB","WANBNB","TUSDBTC","PHXBTC","BCCBTC","ICNETH","AMBETH","USDCBTC","SYSETH","EOSUSDC","INSETH","KEYBTC","HOTETH","REPETH","RCNBNB","NPXSETH","ADXBNB","LINKTUSD","ELFETH","NAVETH","APPCETH","NASETH","OSTETH","MANAETH","AEBNB","ICNBTC","GVTETH","NEOTUSD","NCASHETH","QTUMBNB","ADXETH","TNBETH","PAXBNB","BRDBNB","POWRETH","STEEMBNB","RLCETH","STORMETH","NPXSBTC","ZECTUSD","FUNBTC","WABIBNB","AGIETH","AEETH","QKCETH","VENBTC","BNTETH","RCNETH","QLCBNB","SUBBTC","ARDRETH","CLOAKBTC","GOBNB","HSRETH","NEOPAX","DOCKETH","DNTBTC","MTHETH","RDNBNB","NCASHBNB","DLTBNB","SNTETH","FUNETH","PHXBNB","ZECUSDT","POEETH","SALTETH","PIVXBNB","NULSETH","BCDETH","WAVESUSDC","HSRBTC","DOCKBTC","YOYOBNB","TNTBTC","REPBNB","WAVESBNB","SUBETH","STORMBTC","NULSBNB","IOTXETH","BTGETH","REQETH","GNTETH","XEMBNB","MODETH","XMRETH","LENDETH","CMTBNB","RPXBTC","RPXBNB","DGDETH","XRPUSDC","CHATETH","IOTXBTC"]}