{"data":{"XRPBNB":-3.2596821507,"TRXUSDT":0.2412877364,"ZECBTC":172.9639376587,"ELFBTC":0.8576024368,"ONTETH":264.0195286517,"GXSETH":813.9672306539,"NEOBTC":-41.0505484374,"STRATBTC":-27.343499067,"MFTETH":323.4759623622,"USDCPAX":76.2652689958,"GNTBTC":214.9132698882,"WANETH":-51.1630405388,"TRXETH":-12.1426458727,"ZENBTC":-57.9396727939,"ENJBTC":42.4717435261,"VETUSDT":90.5960464691,"XLMTUSD":-44.9782379416,"ONTUSDT":540.1336810125,"XRPBTC":5.2182019697,"ADABNB":184.6519140097,"THETABNB":-47.421256642,"ETHTUSD":27.6172228583,"OAXBTC":-17.7936319544,"ENJETH":-2.4309828569,"CVCBTC":65.3783090422,"FETBTC":-43.4275461058,"BNBTUSD":115.2023970253,"WABIBTC":283.2799851284,"EOSUSDT":1.3814037268,"USDSPAX":23.816639905,"ADXBTC":-50.1832999978,"ETHUSDT":24.9702471773,"TRXXRP":-18.9229392426,"BCHABCUSDT":46.8372576818,"KNCETH":104.8728253324,"LINKTUSD":-89.5940785224,"IOTAUSDT":12.8174071677,"NEOETH":-42.2193535649,"OMGETH":-46.3104914243,"VIABTC":-81.2255249918,"XRPUSDT":27.0424536898,"BNTBTC":10.5409995852,"GXSBTC":517.0722681947,"XLMBTC":-51.683790636,"EDOBTC":122.4627202086,"XRPTUSD":-31.4787158563,"BCHABCTUSD":29.6728797686,"BNBETH":40.7777159521,"BCHABCPAX":70.5708308646,"LTCUSDT":-47.5192221561,"XLMUSDT":-43.1930483309,"EOSTUSD":-52.3761778717,"USDCUSDT":43.7228192946,"ONTBNB":327.2681928679,"MTLBTC":-66.5131342164,"ETHPAX":55.2676073677,"WAVESBTC":-49.4533605512,"TUSDUSDT":-26.9630797939,"ETCBTC":116.5131300413,"VETETH":144.9912824704,"BCDBTC":-93.2178705283,"RLCBTC":-77.7326262939,"LTCBTC":-30.1811068842,"DCRBTC":-84.668532393,"OMGBTC":-37.360683957,"NEOUSDT":-38.2424412475,"ZRXUSDT":-3.9743324551,"BNBBTC":-15.1810606703,"LTCBNB":-53.7339639636,"LUNBTC":103.4945150256,"REPBTC":-69.1836986008,"NEOBNB":-40.6952904812,"ETCUSDT":194.6556422794,"ADAUSDT":156.6373262198,"RVNBNB":2072.8373906343,"MDABTC":-54.7289749652,"NASBTC":13.1153475199,"MCOBTC":-9.0918045006,"NANOBTC":-71.4000364205,"EOSETH":67.0487305136,"BQXBTC":-34.1764848023,"NXSBTC":-14.7885250848,"QTUMUSDT":-77.9513877257,"BCHSVTUSD":-36.6540532005,"RDNBTC":-68.76044042,"BTCTUSD":88.4644349879,"ETHUSDC":-25.4358665701,"ONGBNB":-85.5931606158,"BCPTBTC":-38.3589610613,"THETABTC":-69.7536244893,"DGDBTC":25.4774179287,"LTCTUSD":-63.5653142234,"HCBTC":-31.6010765098,"XLMBNB":-47.3348422074,"RVNBTC":1299.4248124649,"GVTBTC":-31.8669821028,"PPTBTC":-76.2806813554,"STORJBTC":-52.4542999734,"FETUSDT":-2.4846106962,"ONGUSDT":-63.0822196646,"FUELETH":-57.4531566176,"APPCBTC":15.0340183003,"ENJBNB":61.4698103285,"NEBLBTC":-66.1736644153,"PIVXBTC":-71.2956638992,"ARNETH":-74.8200388865,"AIONBTC":-0.8730392519,"BTCPAX":5.7455221235,"BTGBTC":-86.4732435027,"BCHSVUSDT":-0.1165848128,"BCHABCBTC":0.5247145952,"BATUSDT":-5.073336885,"ZRXBTC":-15.0724727815,"WAVESUSDT":66.9414061639,"DLTBTC":0.9878767157,"THETAETH":-63.5999274477,"SKYBTC":-12.664632316,"ADAETH":138.0277486298,"LINKBTC":-50.1444491172,"BNBPAX":-24.7477651132,"ENGBTC":42.3193446259,"GRSETH":7.6440068739,"XZCBTC":-81.2618603718,"KNCBTC":122.0642836127,"BRDBTC":-85.2786544046,"IOTABTC":46.1989276291,"PAXUSDT":-16.7618522576,"GASBTC":-28.3448489293,"BCHSVBTC":-43.7819756751,"XMRBTC":-46.6531015595,"ICXUSDT":95.4913700442,"LSKBTC":-88.6081494819,"QTUMETH":-90.8842496466,"ZILUSDT":97.4915459029,"EOSBNB":107.8597212172,"EOSPAX":-59.7280145396,"IOSTETH":4107.2339139197,"ONGBTC":-79.6601846194,"LINKUSDC":-97.6369304491,"ICXBTC":52.5335637443,"AGIETH":-91.668198406,"ONTBTC":416.6321778973,"KMDBTC":-63.2151777045,"NAVBTC":-69.0523524323,"LINKUSDT":-41.9992599807,"GRSBTC":6.1736968732,"BTCUSDC":94.809895404,"POWRBTC":-47.5082297984,"WANBTC":-70.4159619129,"ZECETH":89.0617110859,"INSBTC":-20.6959656734,"AEBTC":-18.6945213376,"WTCBTC":19.3160550892,"STEEMBTC":-51.3934461324,"NULSBTC":-79.7802248813,"BTTUSDT":110.4258721861,"ADATUSD":127.0386132231,"LTCUSDC":-31.1098196466,"NULSUSDT":-66.3218629733,"QTUMBTC":-95.2004497898,"MDAETH":-29.3232649187,"DASHBTC":-27.8031603985,"BATBTC":-25.7570300435,"XRPPAX":47.2561845342,"XRPETH":27.5482026249,"EOSBTC":-14.3899128793,"NEOTUSD":-63.0420219866,"BTCUSDT":37.6935720445,"FETBNB":-79.8746389607,"ARNBTC":-84.0685892006,"ETCETH":495.5113825297,"ARKBTC":-40.827783141,"BNBUSDC":80.253988786,"EVXBTC":-26.6284266721,"ICXETH":46.33197481,"XLMUSDC":-69.756768629,"LTCETH":-25.0891107808,"AGIBTC":-94.9912837531,"BTTBNB":67.5669235148,"HOTUSDT":75.9130584068,"TRXBNB":19.8841753008,"EOSUSDC":-52.1599585209,"XLMETH":-19.2626864783,"HOTBNB":49.9639034034,"BNBUSDT":-2.8527051524,"ETHBTC":-2.2290557999,"LTCPAX":-77.9997710801},"startDate":"2019-03-15","endDate":"2019-03-22","numDays":7,"excludedPairs":["BTTTUSD","LOOMBTC","NEBLBNB","QLCBTC","MCOETH","CNDETH","BCNBTC","VIBEETH","STORMETH","BCCETH","IOSTBTC","BCHSVPAX","NCASHBNB","VETBNB","POABTC","QTUMBNB","NEBLETH","PAXBNB","OAXETH","NULSETH","VIAETH","BCDETH","LOOMETH","CHATBTC","NCASHBTC","ICNBTC","MODBTC","HSRBTC","TRIGBTC","AMBBTC","PIVXETH","REQBTC","BRDETH","CHATETH","SKYBNB","VENBNB","EVXETH","STEEMETH","USDCTUSD","HOTETH","QLCBNB","XVGETH","WTCETH","YOYOBTC","KEYBTC","ZRXETH","ARDRBNB","AIONBNB","WPRETH","SYSETH","BTGETH","ICNETH","SNGLSETH","TUSDBNB","SCETH","QKCBTC","PHXBNB","GNTETH","SCBNB","BCPTETH","BNTETH","WAVESUSDC","TRXTUSD","LUNETH","VENUSDT","CVCBNB","WABIBNB","XEMBNB","POWRBNB","ENGETH","DNTBTC","WAVESTUSD","LENDBTC","LSKBNB","ETCBNB","APPCBNB","MFTBTC","XZCXRP","ZECPAX","ZENETH","QSPETH","KEYETH","GOBNB","BTTUSDC","BTSBTC","CNDBNB","CMTBTC","ADXBNB","OSTBNB","USDSTUSD","DASHETH","STORJETH","LINKPAX","PAXETH","SALTBTC","RDNETH","ZECUSDC","BCPTBNB","FUNETH","STORMBTC","REQETH","AMBETH","DGDETH","LRCBTC","LINKETH","MTLETH","MITHBNB","VIBBTC","DOCKBTC","SUBBTC","CMTETH","RPXBNB","CNDBTC","RENBNB","MFTBNB","BLZBTC","TNTETH","VENETH","BCNBNB","BCCBTC","XVGBTC","MCOBNB","ASTBTC","ADABTC","GVTETH","POLYBNB","USDSUSDC","DLTBNB","BATETH","PPTETH","XEMBTC","OSTBTC","PHXBTC","MODETH","SCBTC","VIBETH","MANABTC","CLOAKBTC","PAXTUSD","STEEMBNB","RLCBNB","LENDETH","POAETH","NAVBNB","NXSBNB","REPBNB","DNTETH","XZCETH","XLMPAX","ZILBNB","MTHBTC","LSKETH","ARKETH","BTTBTC","DATAETH","ZECTUSD","POEETH","XEMETH","LRCETH","WAVESETH","BLZBNB","BCHABCUSDC","YOYOETH","RPXETH","BTCUSDS","QKCETH","TRXPAX","TUSDETH","MTHETH","RLCETH","PHXETH","NASBNB","SNTETH","NULSBNB","BCHSVUSDC","IOTXBTC","ZILETH","BTSETH","ZILBTC","STORMBNB","NXSETH","AEETH","AMBBNB","PAXBTC","USDCBTC","VIBEBTC","XMRUSDT","AIONETH","SYSBTC","XMRETH","BATBNB","TRIGETH","DLTETH","GTOETH","XMRBNB","TNBETH","NCASHETH","REPETH","IOTAETH","SALTETH","SNTBTC","ELFETH","RCNBNB","NAVETH","QSPBTC","DATABTC","XZCBNB","BTTPAX","DENTBTC","FUNBTC","CVCETH","POEBTC","WABIETH","VETBTC","HCETH","ARDRETH","ZECBNB","RDNBNB","EDOETH","MITHBTC","AEBNB","BCNETH","BCCUSDT","SNMETH","SNMBTC","MANAETH","BRDBNB","GTOBTC","DOCKETH","TRXBTC","ZECUSDT","POWRETH","BLZETH","ADXETH","RCNETH","AGIBNB","HSRETH","KMDETH","GOBTC","WINGSETH","DENTETH","WAVESPAX","TUSDBTC","INSETH","HOTBTC","YOYOBNB","TRIGBNB","PIVXBNB","SUBETH","BTSBNB","SKYETH","SYSBNB","WINGSBTC","POABNB","CLOAKETH","IOTXETH","VIABNB","ARDRBTC","RPXBTC","ASTETH","BQXETH","POLYBTC","QSPBNB","GTOBNB","IOTABNB","OSTETH","RENBTC","DCRBNB","NANOBNB","NPXSBTC","FUELBTC","BCCBNB","LOOMBNB","TNBBTC","WANBNB","CDTBTC","USDSUSDT","TRXUSDC","WTCBNB","CDTETH","USDCBNB","APPCETH","NANOETH","NPXSETH","GNTBNB","SNGLSBTC","STRATETH","QLCETH","ZRXBNB","VENBTC","ZENBNB","XRPUSDC","WPRBTC","TNTBTC","BNBUSDS","WAVESBNB","CMTBNB","RCNBTC","ICXBNB","NASETH"]}