{"data":{"ETCBTC":126.4725600026,"LTCBNB":738.353004587,"BTTUSDT":242.4618224707,"NAVBTC":176.9013187348,"DGDBTC":706.9106999112,"DLTETH":-23.2810996979,"XLMUSDT":53.5999971411,"ARNETH":-7.1784061585,"OAXBTC":-34.9763878633,"THETABTC":7.2295286852,"GRSETH":10688.7201889018,"DLTBTC":-71.1841401261,"BTCUSDT":95.8720509966,"NEOBNB":172.5236534051,"ADXETH":9754.0317530929,"MCOBTC":346.3108540403,"USDCTUSD":32.9121257205,"WAVESTUSD":308.9795400567,"TUSDUSDT":70.8954293518,"XLMBTC":41.4377337183,"QTUMUSDT":156.8887055819,"EDOBTC":1228.9060800152,"THETABNB":-18.5529047779,"LINKETH":42.3128239346,"LTCETH":367.8813678909,"TRXUSDT":-7.3654238773,"XZCBTC":51.9489661038,"ARKBTC":10395.7239440351,"TUSDBTC":59.2151115803,"EOSTUSD":3418.5377188928,"ZRXETH":431.4061303679,"BCHABCUSDT":97.2500036382,"GVTBTC":139.1039337111,"ETCUSDT":176.0654072664,"WAVESUSDT":71.8397517548,"EVXBTC":372.9571107435,"BCHABCBTC":110.521040856,"USDCUSDT":36.5091848052,"TRXTUSD":131.6088261525,"LINKUSDT":11.8804296313,"XLMUSDC":69.4216914816,"XRPETH":72.0537097333,"BNBUSDC":67.4989861948,"BNBETH":71.713736271,"PPTBTC":434.4010859532,"TUSDETH":417.3515127177,"NULSUSDT":25.2457328682,"RDNBTC":283.1538757406,"VETETH":39.2506408597,"ADXBTC":13502.030139061,"WTCBTC":48.276050017,"ADABNB":58.8777110218,"BCHSVUSDT":289.456826314,"LRCBTC":-49.1597131939,"BTCPAX":184.0133217497,"EOSBTC":263.0000275486,"PAXUSDT":34.4940104859,"LUNBTC":24.6963923561,"ONTBTC":75.0855710367,"POWRBTC":166.5616447036,"BTTBNB":117.2614574234,"EOSETH":538.6121573091,"ZILETH":54.0809748509,"STRATBTC":59.1144384549,"OMGETH":193.1317179149,"ICXUSDT":182.8876223915,"LINKTUSD":91.5889558575,"NEBLBTC":1158.1266435536,"TRXETH":23.4044962366,"NANOETH":220.6768336087,"NULSBTC":-2.2497631772,"PAXTUSD":150.1356932262,"GASBTC":156.6881138337,"NXSBTC":20.6260652669,"SALTBTC":126.4735563493,"MTLBTC":-28.2071156017,"ADAUSDT":127.8928347133,"MFTETH":20.174158685,"QTUMBTC":-1.1694603065,"ETHUSDC":273.7257134187,"WANBTC":68.9881313049,"EOSUSDT":281.6733743196,"VETUSDT":77.0712865399,"EOSBNB":522.1373728268,"NEOUSDT":213.6154203815,"BCHSVBTC":186.3855561864,"KNCBTC":602.0485546692,"XLMPAX":45.2565138631,"ZECBTC":60.650488593,"LTCBTC":363.8148525043,"XEMETH":-27.1394316922,"ZRXBTC":265.6764144836,"XEMBTC":-35.9542657291,"NEOTUSD":774.3413727716,"LINKBTC":1.0090943412,"BQXBTC":3.2737242302,"ONTUSDT":87.0096664263,"LSKBTC":279.962472021,"VIABTC":58.6885914713,"AIONBTC":-30.0647825866,"IOTAUSDT":134.92437621,"WAVESBTC":89.210935372,"GTOETH":762.8865218979,"GRSBTC":7485.9187775856,"HOTETH":-57.9097110142,"BTGBTC":70.0642744621,"EOSUSDC":271.67035821,"STEEMBTC":257.0414837318,"IOTABTC":108.9088384564,"MDABTC":-85.1932577498,"USDCPAX":-26.0306375753,"LTCTUSD":5309.6393536916,"DCRBTC":0.1919733043,"ETHBTC":116.3302309907,"KMDBTC":109.3899845935,"TRXXRP":-12.7193714636,"LTCUSDT":349.7165421215,"POLYBTC":219.778491138,"ICXBTC":207.8933491713,"WAVESETH":63.5634941759,"ETHUSDT":159.1949446419,"BNBBTC":64.694934487,"QKCETH":49.1322022131,"ARNBTC":-3.232231941,"REPETH":-42.0694248084,"EVXETH":134.4260239921,"XRPPAX":30.1449298524,"BNBPAX":4.881160189,"ZENBTC":207.5747565297,"LTCUSDC":150.3684955865,"WAVESBNB":-42.9826437939,"NANOBTC":51.05834907,"ADATUSD":544.7451450453,"NPXSETH":-49.5878860565,"HCBTC":931.290387912,"XRPUSDT":7.6508272062,"BATBNB":492.5255653807,"NASBTC":1238.6654606659,"BTCUSDC":31.6149661646,"TRXBNB":29.6740270332,"XMRETH":166.0557565205,"NEOETH":359.1091325881,"BRDBTC":17.6165853878,"BNBUSDT":114.7186124368,"PIVXBTC":382.0713883865,"ICXETH":194.3203331306,"BCHSVTUSD":3058.6080346684,"ADAETH":98.1002391352,"THETAETH":50.362159144,"XRPTUSD":1.4310757743,"STORJBTC":1058.1383707385,"BATBTC":422.9108911555,"IOTAETH":122.0854715968,"CLOAKBTC":117.851645822,"BATETH":627.3608790037,"SKYBTC":49.7409013357,"ENGBTC":213.8881228323,"TUSDBNB":112.4238071263,"NEOBTC":286.0997946559,"REPBTC":-58.710925509,"XLMBNB":67.1063741729,"XMRBTC":101.1177134452,"XRPBNB":80.5991211242,"WABIBTC":643.1124026955,"AEBTC":68.7604721821,"MODBTC":348.5824899346,"ETHPAX":118.7202978003,"XLMETH":53.4148655434,"RLCBTC":-1.8814214364,"BCHABCTUSD":940.9777913307,"OMGBTC":369.0959855108,"DASHBTC":100.3919167433,"XLMTUSD":145.9435266623,"EOSPAX":204.7776738952,"AMBBTC":-26.5817168629,"INSBTC":328.6365007969,"XRPUSDC":-6.0977485177,"XRPBTC":8.5386601939,"BCDBTC":112.7037239737,"WINGSBTC":571.8550756831},"startDate":"2019-02-02","endDate":"2019-02-09","numDays":7,"excludedPairs":["MCOBNB","ZILBTC","BLZBNB","SKYBNB","DOCKETH","SYSETH","NANOBNB","QLCETH","ETCBNB","NAVETH","CVCBNB","ICXBNB","BCCETH","IOSTETH","MITHBTC","QKCBTC","AIONBNB","HCETH","BCNBTC","DLTBNB","GXSETH","SNTETH","WINGSETH","XEMBNB","VIAETH","XVGBTC","BCNBNB","PHXBNB","WAVESPAX","STORMBNB","SCBTC","SUBETH","ICNETH","OSTBNB","CNDBTC","RPXBTC","BCPTBNB","IOTXETH","SNMBTC","LINKUSDC","TRXBTC","ZECETH","LOOMBNB","SKYETH","ENJBNB","ELFBTC","ICNBTC","MTLETH","BTCUSDS","SNMETH","GNTETH","TNTETH","WTCETH","SUBBTC","RVNBTC","GVTETH","CVCBTC","BTSETH","VIBEBTC","TRXPAX","POABNB","BQXETH","XVGETH","APPCBNB","POAETH","TRIGBNB","QLCBTC","RPXBNB","GOBTC","BCHSVPAX","MFTBTC","BNTETH","NEBLBNB","CNDETH","BCHABCUSDC","SCBNB","LENDBTC","APPCBTC","TNBBTC","APPCETH","XZCXRP","VENUSDT","BCCBTC","NCASHETH","NCASHBNB","BCHABCPAX","CLOAKETH","RLCETH","STORJETH","PHXETH","CMTBNB","AMBETH","ELFETH","LUNETH","BCNETH","AMBBNB","BCCBNB","LRCETH","NXSETH","INSETH","REQETH","TRXUSDC","ENGETH","CMTBTC","QSPETH","BCHSVUSDC","ONTETH","WPRETH","REPBNB","ARDRETH","VENBNB","QTUMBNB","CVCETH","ASTETH","VENETH","CHATETH","MCOETH","ETCETH","NPXSBTC","NASETH","CMTETH","DATAETH","OSTETH","STRATETH","KMDETH","STORMETH","VIBETH","GTOBNB","ENJBTC","BTSBNB","BCDETH","TNBETH","PPTETH","LINKPAX","IOTABNB","ADABTC","RCNBNB","AGIETH","KEYETH","HOTBTC","POABTC","ARDRBNB","MITHBNB","SALTETH","LSKETH","NAVBNB","GXSBTC","YOYOBNB","OAXETH","NULSETH","WANETH","MANABTC","VIABNB","BNBUSDS","RCNETH","AGIBNB","VIBEETH","POEETH","BLZETH","DENTBTC","TNTBTC","SNTBTC","HSRETH","PAXETH","FUNBTC","STORMBTC","SYSBNB","DOCKBTC","WPRBTC","DATABTC","DCRBNB","AGIBTC","PIVXETH","SNGLSBTC","VIBBTC","NASBNB","DNTETH","NULSBNB","POEBTC","KNCETH","CHATBTC","KEYBTC","BTGETH","ENJETH","WABIBNB","PHXBTC","PAXBTC","GTOBTC","WABIETH","ONTBNB","QSPBTC","RCNBTC","LTCPAX","FUNETH","TRIGBTC","BRDETH","VENBTC","RDNETH","NXSBNB","LENDETH","MANAETH","BCCUSDT","POWRBNB","RDNBNB","ADXBNB","AIONETH","DENTETH","RENBTC","SYSBTC","BCPTETH","CDTETH","WANBNB","DNTBTC","USDCBTC","PIVXBNB","RVNBNB","LSKBNB","WAVESUSDC","NEBLETH","ZENETH","MTHBTC","ZENBNB","RPXETH","POLYBNB","HSRBTC","OSTBTC","BRDBNB","ARKETH","DASHETH","LOOMETH","LOOMBTC","IOTXBTC","MFTBNB","VETBNB","BNTBTC","RLCBNB","PAXBNB","BCPTBTC","IOSTBTC","AEETH","USDCBNB","STEEMBNB","XZCBNB","ZILBNB","SNGLSETH","GOBNB","QSPBNB","MODETH","FUELETH","BTSBTC","QLCBNB","XZCETH","BTTBTC","YOYOBTC","POWRETH","QTUMETH","SCETH","AEBNB","CNDBNB","BLZBTC","TRIGETH","ARDRBTC","NCASHBTC","RENBNB","FUELBTC","WTCBNB","MDAETH","STEEMETH","VETBTC","MTHETH","YOYOETH","GNTBTC","GNTBNB","REQBTC","CDTBTC","DGDETH","EDOETH","ASTBTC"]}