{"data":{"GVTBTC":39.1685516112,"ONTETH":-71.8032276027,"TUSDBTC":-48.9344442435,"BCHSVUSDT":-31.4325804562,"ARNETH":399.3234640694,"USDCUSDT":-44.1193820126,"INSBTC":268.5214787712,"QTUMBTC":-32.7871794534,"QTUMETH":-76.2225579469,"TRXETH":-68.3790086069,"ONTBTC":-69.6347968331,"WINGSBTC":566.62301315,"REPETH":864.6183458052,"SKYBTC":268.513063904,"POWRETH":1715.3089611054,"XLMTUSD":-12.0070535132,"ICXBTC":15.0602722098,"LTCBTC":-61.3852531783,"NANOBTC":-40.2731919525,"NEBLBTC":-6.8787645474,"QKCBTC":96.4095758947,"IOTAUSDT":-43.8623329576,"PHXETH":1268.3765602624,"ADXBTC":143.4369611872,"WANBTC":136.3727254449,"EVXBTC":1126.8427293938,"CLOAKBTC":3624.4592783058,"ZRXBTC":7.9559404314,"SALTBTC":149.4039853224,"BTCUSDT":-40.0877463382,"XRPETH":-67.6387206426,"LINKETH":-71.9979831822,"ARNBTC":1290.8926669514,"XRPUSDC":-41.5257517765,"OMGBTC":-11.1581366235,"ICXUSDT":-41.8742580207,"ETHUSDT":-56.9965472454,"LTCETH":-57.4893488409,"XMRETH":-16.008509695,"OMGETH":-16.5147583597,"OAXBTC":19779.7037945103,"ELFBTC":92.598381075,"AEETH":616.8274264163,"GASBTC":152.0968461236,"LINKBTC":-54.5115194689,"WABIBTC":5588.9892231478,"IOTABTC":-0.4302342214,"BCHABCUSDT":-69.4763246551,"PIVXBTC":52.5946804871,"XRPUSDT":-56.5343169305,"BQXETH":11515.5101981264,"DCRBTC":8.0115704255,"XRPPAX":186.8109819829,"VIBEETH":546.2502216201,"XLMUSDT":-70.2691585041,"BTCUSDC":-26.6794980469,"XLMETH":-42.6982064872,"QKCETH":26.601156063,"TUSDETH":-37.7779455973,"STRATETH":26.3967293439,"IOSTETH":-69.7795034019,"EOSUSDC":254.3670662969,"TRXUSDT":-70.3724950156,"ZECBTC":-77.1994581402,"KNCBTC":150.3623692862,"XRPTUSD":23.8472118954,"STORJBTC":132.924766461,"EOSETH":-49.8656527266,"ETCETH":-64.2379413077,"ICXETH":-43.1360080537,"ARKBTC":40.7738728937,"ADAETH":-42.2733429378,"NEOBTC":-46.1326130063,"ETCUSDT":-65.0236347311,"TRXXRP":-43.9504298766,"GTOBTC":283.8270073963,"TUSDUSDT":-43.0027717168,"ETHBTC":-36.7289260941,"BNBBTC":-2.4877062863,"ZENBTC":164.4316825267,"GXSBTC":152.0810697535,"USDCPAX":-14.0370863994,"RLCBTC":590.5782464065,"NASBTC":87.1552523382,"XZCBTC":46.6273481665,"VETUSDT":-7.6513273303,"NAVBTC":2904.9001228491,"POWRBTC":1425.7213900977,"NEOTUSD":-55.4224411574,"NULSUSDT":8.4930506342,"EOSPAX":26.9834098727,"IOTAETH":-51.6326757961,"DOCKETH":217.4839685058,"AMBBTC":532.4756142663,"HCETH":86.3372400893,"NEOETH":-37.1873095394,"BLZBTC":469.0986419042,"CVCBTC":292.9731451802,"MTLBTC":13.2377248849,"TRXBNB":-62.6039451407,"VIBEBTC":1336.7194181077,"PAXTUSD":0.9949565918,"REPBTC":1261.6545971487,"BTCPAX":-52.8606157811,"ZECETH":-93.0176385141,"ADATUSD":-64.1208723281,"BNBPAX":-80.97116468,"BTGBTC":140.9735163916,"PAXUSDT":-33.1473065424,"BCHABCBTC":-65.7062634687,"DLTETH":1244.2819320995,"STEEMBTC":813.2112227864,"EOSUSDT":-38.4623981825,"POLYBTC":-28.2622986638,"BQXBTC":25038.5491189724,"LUNBTC":2289.3566165939,"BRDBTC":2507.1272110372,"ETHUSDC":-47.0691010564,"LRCBTC":2416.1369551267,"LTCUSDT":-58.1466492295,"QTUMUSDT":-55.5480211346,"NEOUSDT":-63.7509040641,"AIONBTC":72.3183632995,"VETETH":62.4375572806,"DLTBTC":1405.3682330096,"MCOBTC":21.2395478454,"MODBTC":275.7129031914,"TUSDBNB":434.3486197432,"AEBTC":620.0230485538,"DLTBNB":540.9107207209,"ZILETH":-24.47269207,"BATBTC":-9.4874853245,"WTCBTC":99.2609798993,"SNTETH":5.9128013167,"XLMUSDC":-58.6123305935,"TNTETH":2214.6835504466,"LTCBNB":195.5924683072,"EOSBTC":-44.4164940463,"LSKBTC":38.5642193976,"NXSBTC":-13.1717039752,"ENGBTC":421.2421400524,"STRATBTC":48.3980066093,"USDCTUSD":-50.4149753103,"XLMPAX":42.1002331458,"HCBTC":80.1754336598,"GTOETH":-29.9706717591,"PPTBTC":155.1912541492,"MDABTC":143.3930817432,"BNBETH":-60.7506663711,"XEMETH":-86.7854335893,"ADAUSDT":-60.4290136598,"BATETH":-23.4910287587,"XVGETH":-92.2716534597,"BNBUSDT":6.4985624423,"ETHPAX":-54.2997717562,"DASHBTC":-43.6135475972,"WAVESETH":10.7844879715,"ETCBTC":-66.0361304109,"WAVESBTC":22.312626756,"BCDBTC":131.5286240195,"KMDBTC":27.1825251123,"BCHSVBTC":-37.3330190131,"XRPBNB":111.9438469204,"BNBUSDC":57.3564294769,"RDNBTC":411.8520920913,"TRXTUSD":-80.3983484495,"ONTUSDT":-82.3004103347,"NULSBTC":114.5829761677,"XMRBTC":-9.6550770908,"LRCETH":1227.3792893996},"startDate":"2019-01-12","endDate":"2019-01-19","numDays":7,"excludedPairs":["CLOAKETH","RCNETH","SCBNB","DENTBTC","WABIBNB","AEBNB","RENBNB","RENBTC","WAVESPAX","BCNBTC","BCCBTC","CMTBTC","BTSBTC","ZRXETH","PPTETH","DATAETH","RPXBTC","APPCBTC","NCASHBNB","WAVESBNB","RDNBNB","BNTETH","PHXBTC","STORMETH","WINGSETH","CHATBTC","VENETH","GRSBTC","VIABNB","VETBTC","BTSETH","BCPTETH","NPXSETH","ADXBNB","LSKETH","BCNETH","RCNBNB","MCOBNB","POWRBNB","TRIGBTC","KEYETH","YOYOBNB","MANAETH","HSRBTC","QSPBNB","MDAETH","SKYETH","EVXETH","USDCBNB","MANABTC","DGDBTC","KEYBTC","POABNB","SYSBNB","LENDETH","AGIBTC","NEBLBNB","BCCUSDT","NEOBNB","OSTBNB","CHATETH","XZCETH","NASETH","RPXBNB","XEMBTC","NULSBNB","RLCETH","ELFETH","MITHBTC","XZCBNB","ARDRBNB","WTCETH","GOBTC","NASBNB","MODETH","OSTETH","XLMBTC","PAXBNB","QLCBTC","FUNBTC","EOSBNB","THETABTC","GOBNB","ENJBNB","ENJETH","XEMBNB","SCETH","LINKUSDT","ARDRBTC","CDTETH","GNTETH","FUNETH","BRDBNB","TRIGBNB","ZENETH","STEEMETH","GRSETH","NULSETH","BCCBNB","IOSTBTC","ETCBNB","ICXBNB","HSRETH","FUELETH","CMTETH","BLZETH","THETABNB","VETBNB","RCNBTC","VENUSDT","ARDRETH","TRIGETH","RVNBNB","DNTETH","XZCXRP","GXSETH","POEBTC","ADABTC","ARKETH","STORJETH","DNTBTC","PHXBNB","NANOETH","LOOMETH","BNTBTC","MFTBNB","SALTETH","POLYBNB","QLCBNB","YOYOBTC","VIBETH","IOTXBTC","INSETH","YOYOETH","ICNBTC","SCBTC","NXSETH","NCASHBTC","SNMETH","KNCETH","WABIETH","NAVBNB","APPCETH","BTSBNB","AIONETH","BCPTBTC","PAXBTC","MFTETH","QLCETH","VENBTC","POEETH","STORMBNB","USDCBTC","EDOETH","VIABTC","PAXETH","TRXBTC","BRDETH","SNMBTC","IOTABNB","ONTBNB","CVCETH","DOCKBTC","STORMBTC","CDTBTC","SNTBTC","EDOBTC","RLCBNB","HOTBTC","DATABTC","POAETH","RDNETH","SNGLSBTC","BCPTBNB","GTOBNB","PIVXETH","VIBBTC","MCOETH","IOTXETH","WANBNB","ICNETH","BATBNB","AIONBNB","BTGETH","TNTBTC","FUELBTC","MITHBNB","REQBTC","LENDBTC","XRPBTC","QTUMBNB","BCNBNB","VENBNB","GNTBTC","NANOBNB","MFTBTC","BCCETH","MTLETH","SYSBTC","SKYBNB","WPRETH","GNTBNB","RVNBTC","LOOMBTC","REPBNB","AMBBNB","ENGETH","WTCBNB","ZENBNB","CMTBNB","WAVESUSDC","CVCBNB","XVGBTC","LSKBNB","CNDETH","BLZBNB","AGIBNB","LINKUSDC","DASHETH","SUBETH","SYSETH","XLMBNB","POABTC","OAXETH","KMDETH","QSPETH","REQETH","NEBLETH","WAVESTUSD","ASTETH","ENJBTC","QSPBTC","ZILBTC","WANETH","NPXSBTC","NXSBNB","OSTBTC","LINKPAX","HOTETH","WPRBTC","CNDBNB","EOSTUSD","NCASHETH","ADABNB","MTHBTC","RPXETH","LUNETH","SNGLSETH","VIAETH","WAVESUSDT","CNDBTC","ASTBTC","DCRBNB","GVTETH","LOOMBNB","SUBBTC","LINKTUSD","BCDETH","AGIETH","DGDETH","THETAETH","PIVXBNB","APPCBNB","ZILBNB","TNBBTC","TNBETH","NAVETH","DENTETH","STEEMBNB","AMBETH","ADXETH","MTHETH"]}