{"data":{"NASBTC":-20.5038873275,"ARKBTC":-6.12783234,"QTUMUSDT":-16.5917696391,"NXSBTC":-82.6999310722,"KMDBTC":-59.9243737477,"MANABTC":30.6441326766,"QKCETH":167.7301766292,"WINGSBTC":71.0199939103,"MCOBTC":-71.1689259456,"TUSDBTC":-9.9659591306,"MODBTC":-8.0586410782,"ONTUSDT":35.0021172775,"SNTETH":-8.8068646142,"OMGETH":134.9352824823,"USDCUSDT":56.3537626779,"GVTBTC":-35.5068291111,"TRXBNB":97.8350350056,"NEOUSDT":-36.6420635736,"AMBBTC":-19.2286814481,"VETUSDT":-11.5667120711,"XRPUSDC":-11.4966767956,"ELFBTC":-36.1287455521,"XRPBTC":-25.640163521,"NANOBTC":-41.7259830384,"POLYBTC":25.1227035201,"ADXBTC":78.6569567754,"BTCUSDC":43.9134096985,"XLMBTC":-23.0803758568,"BCHABCBTC":-3.0653344528,"STORJBTC":167.30960723,"LUNBTC":-66.4376753318,"XLMUSDT":-18.789654432,"MTLBTC":92.8773847367,"ETHUSDC":-20.9349289812,"ZILETH":79.1826263848,"QTUMBTC":5.9188578113,"PAXUSDT":36.9328992283,"DCRBTC":8.4346005929,"BCDBTC":-77.304392817,"LTCUSDT":-72.8848954666,"SKYBTC":-2.0262020011,"TRXXRP":206.3858753471,"OMGBTC":-11.6524175544,"EVXETH":-46.2761878136,"NANOETH":-33.6481681564,"APPCBTC":-73.9821133185,"MDABTC":-24.7564731029,"IOSTETH":116.2004577266,"XMRETH":-26.1535911345,"WAVESBTC":294.9638538843,"TUSDETH":1.0612300158,"LINKBTC":121.85891524,"SYSBTC":64.1967217183,"WANBTC":-31.9991531496,"ICXBTC":-49.2392905201,"BQXBTC":-27.2008412012,"LTCETH":-86.8107879536,"XLMUSDC":0.8427101923,"CLOAKBTC":220.2351319187,"SALTBTC":-8.5652206255,"ADAUSDT":-42.2070257361,"TRXUSDT":184.8281325401,"ZRXETH":30.4379979398,"DLTBTC":30076.271504143,"PIVXBTC":-60.5149499215,"REPBTC":1125.8649604139,"PPTBTC":150.4750191016,"POWRBTC":243.4919530854,"DASHBTC":-3.1468133541,"BNBPAX":61.1163537972,"WABIBTC":693.2429440249,"EVXBTC":-29.9443837088,"ETCBTC":-61.5932529561,"ETHUSDT":-30.4777404306,"ETCETH":-48.3911359635,"ICXUSDT":-46.5200730865,"NEOTUSD":-27.4566736793,"RDNBTC":-18.8011500612,"DGDBTC":-64.6582070039,"ZENBTC":34.5282171772,"ZECETH":-27.2940767793,"XRPTUSD":75.1352215642,"STEEMBTC":79.3580535536,"ENGBTC":-70.7430984439,"ZRXBTC":0.3162023843,"TUSDUSDT":5.4843048043,"XRPPAX":79.0494866416,"PHXETH":1293.9887807181,"STRATETH":17.0146891192,"XLMETH":-43.7391234642,"BNBBTC":35.5838820841,"DASHETH":46.0157934988,"LTCBTC":-79.0801561682,"BTGBTC":-59.1794101427,"ARNBTC":1.6016350291,"GASBTC":-56.5086351053,"BATETH":-13.4778164854,"XLMPAX":300.2781966746,"BNTBTC":-93.1045346876,"WAVESETH":204.7901738104,"OAXBTC":100.998132936,"NULSBTC":-71.5360379789,"TRXBTC":259.9818448824,"XRPUSDT":-11.2436692646,"XMRBTC":-33.386139924,"NEOETH":-42.0862086543,"QTUMETH":39.8045128926,"ICXETH":-47.0414762888,"XRPETH":-12.3300963266,"XVGETH":113.7567257315,"BATBTC":-17.6820244798,"ADABTC":-54.330601778,"ADATUSD":-15.7370538428,"AGIBTC":92.53941169,"LSKBTC":-15.2650731974,"ONTETH":-7.585012007,"HCBTC":3845.676469632,"XLMTUSD":-17.0369961486,"ETCUSDT":-50.0199898707,"NULSUSDT":-31.5299326959,"ONTBTC":-4.5549937398,"BTCUSDT":-13.478142796,"TRXTUSD":198.5701632967,"AEBTC":-83.2629765183,"EOSBNB":91.7846473782,"WAVESBNB":262.2739255443,"ARNETH":10.1559665965,"EOSTUSD":-8.4767551148,"TRXETH":160.3361094963,"TUSDBNB":8.9896766843,"INSBTC":125.9124815333,"ADAETH":-59.3468272358,"AEETH":-54.3690523858,"STRATBTC":34.1824056506,"LTCBNB":-48.6312752865,"XEMETH":-68.5998719243,"EOSPAX":177.6268272267,"IOTABTC":5.5634937403,"BCHABCUSDT":1.9904670064,"GTOETH":5.2770192221,"NEOBNB":-20.4926528716,"DLTETH":23297.3486707951,"BTCPAX":30.1225356416,"BNBUSDT":-13.0338201824,"AIONBTC":-52.7191374555,"WTCBTC":-37.561393135,"LINKETH":142.2668426098,"EOSUSDT":-29.2228252986,"BNBUSDC":153.5502871611,"BNBETH":-30.9254896807,"KNCBTC":-45.3159027293,"IOTAETH":-14.4590482698,"VETETH":-31.1781916647,"ADABNB":-56.7241011644,"DOCKETH":94.9591593164,"NEOBTC":-46.8675300949,"VIABTC":-72.7366819216,"ETHPAX":11.4769363826,"MITHBTC":-45.9157846148,"ZECBTC":-36.7799004017,"BCHSVBTC":26.1046994099,"EOSETH":-20.8116307494,"IOTAUSDT":-11.3888737948,"EOSBTC":-36.7297210264,"XRPBNB":-42.5377921046,"XZCBTC":-43.4966614125,"NEBLBTC":-32.3301554495,"EOSUSDC":-59.186737397,"BCHSVUSDT":41.9273781502,"HCETH":9042.4744449016,"ETHBTC":-21.7794243998},"startDate":"2019-01-07","endDate":"2019-01-15","numDays":7,"excludedPairs":["STORJETH","SNGLSETH","ENGETH","THETABTC","CMTETH","RPXBTC","NXSBNB","RCNBNB","RPXETH","VENBNB","GXSBTC","RLCBNB","ZILBNB","VIABNB","IOTXETH","VIAETH","INSETH","ASTETH","PHXBTC","RENBTC","LOOMETH","FUELBTC","GNTETH","REPETH","BCPTBNB","USDCBTC","BCNBNB","CMTBNB","LRCBTC","NULSETH","QLCBTC","DGDETH","AIONETH","DLTBNB","PAXTUSD","SUBBTC","SNTBTC","VENETH","BCCETH","BCCBNB","STORMETH","MCOETH","ASTBTC","LSKETH","THETABNB","RDNBNB","APPCETH","CVCBNB","NPXSETH","PAXBTC","LENDBTC","VIBEBTC","BRDBNB","IOTABNB","KNCETH","GTOBNB","PIVXBNB","MODETH","SYSBNB","XZCBNB","CMTBTC","QLCBNB","BCNETH","KEYETH","RVNBTC","PIVXETH","ENJETH","BCCBTC","CNDBNB","VENUSDT","CVCETH","CVCBTC","WINGSETH","BCDETH","GNTBTC","VETBNB","ELFETH","KMDETH","MTHETH","ZILBTC","QLCETH","DCRBNB","QTUMBNB","SCETH","ADXBNB","AMBETH","YOYOBTC","WANBNB","MTHBTC","SUBETH","BCPTBTC","SALTETH","ENJBNB","ENJBTC","PAXETH","NASBNB","DOCKBTC","QSPBTC","RVNBNB","XZCXRP","SNMETH","BLZETH","OSTBNB","SKYETH","TNBBTC","USDCTUSD","CLOAKETH","IOTXBTC","GOBTC","BRDBTC","LENDETH","STEEMBNB","NCASHETH","YOYOETH","EDOBTC","NASETH","POLYBNB","IOSTBTC","HSRETH","USDCPAX","BTSETH","AGIETH","RCNETH","STORMBTC","BQXETH","VIBEETH","XLMBNB","KEYBTC","ONTBNB","GOBNB","PPTETH","GVTETH","BCCUSDT","TRIGBNB","NULSBNB","MCOBNB","ARDRETH","EDOETH","TRIGETH","AEBNB","GXSETH","POWRETH","RDNETH","APPCBNB","QKCBTC","SKYBNB","POEBTC","CDTBTC","GNTBNB","WTCETH","POABNB","ICNETH","USDCBNB","YOYOBNB","VENBTC","BATBNB","MFTBTC","NXSETH","BNTETH","DNTBTC","AMBBNB","STEEMETH","HSRBTC","SNMBTC","MTLETH","BLZBNB","CNDETH","BCPTETH","RENBNB","WABIETH","REQETH","PHXBNB","WTCBNB","RCNBTC","FUELETH","SCBTC","BTGETH","BTSBTC","POABTC","TNTBTC","TNTETH","LRCETH","QSPETH","GRSETH","RLCETH","OAXETH","GTOBTC","XEMBTC","ADXETH","MFTBNB","NAVBNB","VIBETH","NAVBTC","WABIBNB","ETCBNB","NCASHBTC","VETBTC","NAVETH","POEETH","SCBNB","REQBTC","RLCBTC","MITHBNB","MANAETH","BTSBNB","POAETH","BRDETH","AGIBNB","XEMBNB","AIONBNB","ARKETH","CNDBTC","NPXSBTC","SNGLSBTC","OSTBTC","XVGBTC","RPXBNB","NCASHBNB","ARDRBTC","WPRETH","BLZBTC","WANETH","BCNBTC","ICNBTC","NEBLETH","ZENBNB","NANOBNB","LOOMBNB","MFTETH","CDTETH","MDAETH","DNTETH","QSPBNB","HOTETH","XZCETH","WPRBTC","DENTETH","ZENETH","SYSETH","REPBNB","PAXBNB","ARDRBNB","TRIGBTC","VIBBTC","OSTETH","DENTBTC","TNBETH","THETAETH","CHATETH","FUNBTC","NEBLBNB","LOOMBTC","POWRBNB","ICXBNB","LSKBNB","STORMBNB","HOTBTC","FUNETH","DATAETH","LUNETH","CHATBTC","GRSBTC","DATABTC"]}