{"data":{"ENJBNB":-53.1556834993,"WINUSDT":-67.146727778,"BTCPAX":-55.4659468676,"GXSBTC":88.2064285749,"TRXUSDT":-40.1035853631,"XRPETH":-40.289109359,"EOSPAX":-76.912520874,"VETBNB":-42.3781948175,"HOTBNB":-70.353331373,"XMRUSDT":12.1711598252,"DASHETH":-19.6204846798,"LRCETH":12.3832250746,"ELFETH":226.8020797764,"ATOMBNB":-64.0597341207,"STRATBTC":-72.7938104819,"EOSBNB":-5.6121769104,"ENJUSDT":-47.6718919149,"BCHABCUSDC":27.4965619064,"USDSUSDT":-23.7213476905,"MATICUSDT":-68.2332291763,"ADATUSD":-36.8975051855,"KMDBTC":15.0117193797,"WINUSDC":-66.7520791996,"ENGBTC":-18.7025659189,"THETAUSDT":-8.1458622729,"ARKBTC":-15.1543439119,"ZENBTC":-16.1338741359,"EOSBTC":-38.6345546458,"MATICBNB":-79.182555519,"XLMBNB":-44.5086170465,"BNBTUSD":-37.8549203662,"ICXETH":-33.1437128882,"QKCETH":-53.0172735332,"XLMETH":-41.3382861457,"LINKETH":-27.7646598956,"ICXUSDT":-23.3353804399,"BTCUSDT":-48.0149395076,"NEOETH":-57.9804963873,"MITHUSDT":-89.9477845425,"IOTAUSDT":-25.5990459875,"EOSETH":-53.8949395023,"GRSBTC":26.4096130807,"AEBTC":-4.010071169,"BTGBTC":566.9374538657,"XMRETH":-55.4615399516,"DGDBTC":5.8024934226,"EOSUSDT":-20.010303091,"NAVBTC":142.9193488983,"RVNBNB":-45.429282745,"ETCBTC":-37.4439379524,"ZILETH":10.51212625,"NXSBTC":-60.991020892,"EVXBTC":41.6410514094,"NEOBTC":-49.726727854,"HCBTC":-39.3565265192,"EOSUSDC":-23.4926314395,"OMGBTC":-24.2714729641,"DCRBTC":-82.3396236363,"GVTBTC":-67.7991700978,"KNCBTC":-40.9556756371,"ONTUSDT":-35.8802027791,"ATOMUSDT":-18.2369529558,"BTCUSDC":-49.254208071,"GASBTC":-71.2115350243,"ETHUSDT":-52.2785049681,"NEBLBTC":6.7511233236,"IOTAETH":-49.739472876,"LINKUSDC":-38.1654725707,"USDCTUSD":-73.0852854563,"BNBBTC":39.1245658576,"PAXTUSD":-40.3065885625,"DOGEUSDT":-53.6743510731,"BNBETH":-43.1503943565,"OMGUSDT":-64.3736967194,"DASHUSDT":7.939187239,"PPTBTC":-6.3831265034,"REPBTC":-83.8970523702,"WAVESUSDT":-45.5449401355,"LTCPAX":-73.1599032935,"ANKRUSDC":157.356942805,"LINKTUSD":-35.876935781,"BCHABCPAX":53.1233797735,"RENBNB":-68.7142223323,"BATBTC":37.9579688198,"XRPBTC":-40.3519703742,"ADABNB":-15.1818759815,"ZECBNB":-11.055196119,"ADAUSDT":4.5895260921,"ALGOUSDC":23.9565147502,"DUSKBNB":129.9190657274,"ETHUSDC":-7.9877817428,"QTUMBTC":-14.0401764752,"LTCTUSD":-85.4599319279,"ERDBNB":-77.9007993822,"BTCUSDS":-58.0772560246,"ETCUSDT":-4.9946253769,"VETETH":-24.9576701027,"COSBTC":344.7179572848,"FTMUSDT":-70.6881638042,"ETHBTC":-37.1389683961,"BNBPAX":-18.000588662,"BATETH":1.69065108,"MDABTC":96.9600135334,"WANBTC":-61.2627037329,"VETUSDT":-57.1166028071,"ZILUSDT":-21.4492018531,"ANKRUSDT":-16.9341826886,"TUSDUSDT":-57.3876594812,"FETUSDT":-74.3513630818,"WINBNB":-52.6538375897,"TFUELBNB":-74.5514219592,"ENJBTC":-26.5244469615,"ZRXETH":-36.3660648844,"BNBUSDC":-78.9882235536,"ALGOBNB":-56.470177497,"IOSTETH":3.1259969014,"IOSTUSDT":-16.9660637168,"BATBNB":10.6098748368,"ZECUSDT":11.2944962856,"ONEBNB":-74.0502783251,"CELRBNB":22.7463744177,"LTCUSDT":-49.2206142187,"PAXUSDT":-54.2749882421,"XZCBTC":-30.8322086874,"OMGETH":-54.4768995189,"LTCUSDC":-38.7958310522,"ZILBNB":-50.4922426403,"LTCETH":-22.5610064194,"ENJETH":143.2796160168,"ONEUSDT":-79.5896967711,"STEEMBTC":246.8577262801,"THETABTC":-7.7855255198,"LINKBTC":-26.9940151451,"NEOBNB":-72.5056474586,"BCDBTC":80.8252702427,"TRXUSDC":28.7778690137,"ETCETH":-24.7350446184,"COSUSDT":194.433173575,"ZRXUSDT":-23.8149905408,"BCHABCTUSD":5.8531604196,"EDOBTC":-88.8052741689,"TRXBNB":-44.5037029675,"BCHABCUSDT":42.7101406409,"BRDBNB":-74.2891835705,"XMRBNB":-37.6981629721,"ANKRPAX":54.1920844446,"FTMBNB":-81.6635079767,"ALGOBTC":-55.0244208573,"THETAETH":0.1403301039,"XRPPAX":-51.0726978276,"ALGOUSDT":-46.379066887,"ADAUSDC":68.4743171633,"LTCBTC":-34.2291313163,"ATOMBTC":-42.7369353086,"NANOUSDT":9.5749416761,"RLCBTC":-63.686271328,"USDCUSDT":-49.3113452254,"NULSUSDT":-53.7399826372,"RENBTC":-61.1255711339,"COSBNB":-6.9048138432,"WTCBTC":-27.3696286153,"VIABTC":-84.3841490997,"TRXXRP":-33.4898857126,"DUSKUSDT":237.913886637,"ETHTUSD":-44.1827246719,"MCOBTC":-33.9933699915,"MTLBTC":2441.6361328169,"DASHBTC":-20.3576904231,"NANOBTC":6.7242481919,"NANOETH":18.4628558092,"ONTBTC":-52.9908817424,"ERDUSDT":-78.4906904282,"XRPTUSD":-67.4246186128,"BCPTETH":268.0026006523,"CELRUSDT":-33.4521124693,"ZECETH":-37.9175776138,"LTCBNB":-54.2574492886,"XRPUSDT":-49.4606103859,"HOTUSDT":-63.0793667208,"LUNBTC":-40.0168466721,"RDNBTC":-44.1749406453,"WAVESBTC":-38.4659032835,"NASBTC":-53.4568595463,"BTTUSDT":-69.6617726876,"NULSBTC":-48.2712933615,"BNBUSDT":-11.5127544185,"LSKBTC":-2.8949027183,"BTTBNB":-44.7092808413,"TFUELUSDT":-56.3745284291,"GTOUSDT":-4.9613942208,"ZECBTC":-36.2372620722,"XMRBTC":-40.7475932779,"PIVXBTC":-12.4780275438,"LINKUSDT":-37.6244021605,"NEOUSDT":-33.7794925608,"WAVESETH":-56.0180100342,"ARNBTC":-11.1324421181,"XRPUSDC":-31.5819001844,"XRPBNB":-60.2883891457,"QTUMUSDT":-33.3432194605,"BATUSDT":-6.8598305248,"TRXETH":-40.2788268526,"BCHABCBTC":163.9147619063,"ZRXBTC":23.8414934427,"ADAETH":-15.3057857542,"DUSKBTC":347.6518970778,"SKYBTC":-49.272495793,"IOTABTC":29.3075236804,"USDCPAX":-82.0394116715,"BTCTUSD":-37.6515817407,"ETHPAX":-85.3144629036,"ICXBTC":-40.9888622748,"XLMUSDT":-54.2527775914,"ANKRBNB":-37.888487874,"BRDBTC":-49.3667034956},"startDate":"2019-08-07","endDate":"2019-08-14","numDays":7,