{"data":{"MITHBTC":-21.5865893627,"XMRBTC":-5.8912959686,"TRXUSDT":0.6843001971,"ZILETH":-9.4263004464,"ETHUSDC":-4.1526007497,"MCOBTC":5.7770881796,"RLCBTC":-3.848768632,"ONTBTC":-0.4325954658,"ZRXBTC":-4.9570677279,"BCHABCBTC":-3.8383531772,"LSKBTC":-8.157449681,"OMGBTC":-5.1113472322,"ZENBTC":8.0973321097,"ETHTUSD":-4.2467242993,"BCPTBTC":-22.4578494809,"STORJBTC":-10.5384527924,"XMRUSDT":-3.9647547957,"ADXBTC":-14.3568259033,"HOTUSDT":1.015686983,"SKYBTC":-9.5485871747,"NANOETH":-16.8350015723,"EOSBTC":-3.0679299484,"WAVESBTC":-13.550865576,"QTUMBTC":-3.1950881929,"BTCUSDS":-2.7837987862,"LINKBTC":1.2882323908,"MITHUSDT":-18.7093121507,"ONGUSDT":-10.0460767415,"NANOUSDT":-15.3488244766,"EOSETH":-3.2273007264,"BNBPAX":-1.7623723868,"BNBTUSD":-3.1973706035,"PAXUSDT":1.6685584508,"BTCTUSD":-3.3636050093,"ICXUSDT":-8.5556025726,"WTCBTC":-11.7854980986,"EOSBNB":-2.119981614,"STRATBTC":-10.0043329209,"BTCUSDC":-3.0723118511,"RDNBTC":-6.1670011829,"ETCBTC":4.9049107182,"ZILUSDT":-7.5936656149,"ADAUSDT":-4.0933418267,"NULSUSDT":-18.5286013137,"DGDETH":-2.7553176842,"AEBTC":-8.7327870776,"XLMUSDT":-0.8856623737,"MFTETH":-1.8955152252,"RVNBTC":-11.867602072,"LTCBNB":0.578141749,"LTCUSDT":1.5923373854,"FETUSDT":-27.7437709622,"IOTAUSDT":4.878986007,"BNBUSDC":-2.7047367318,"FUELETH":-14.8628822317,"ONTETH":-0.863926208,"ENJUSDT":-6.5443106932,"OAXBTC":-3.1793846908,"CELRUSDT":-32.8133199171,"IOSTETH":-0.7695862184,"LTCETH":-0.1218114088,"DASHETH":-1.9682225363,"NASBTC":-5.9099407392,"MITHBNB":-20.5470002609,"BQXBTC":-11.3978579569,"BATBNB":-10.2970903987,"KMDBTC":-3.7733010488,"LTCUSDC":0.0182509312,"ZECBTC":-7.5874064159,"ELFETH":-8.1297781081,"XRPPAX":1.7529566784,"ETHBTC":-3.8824869827,"POLYBTC":-11.3486588621,"NEOUSDT":-1.3855949257,"NEOBNB":-3.3190524942,"RVNBNB":-12.2488477025,"XRPUSDT":1.0528099526,"ELFBTC":-8.0658266039,"ADAUSDC":-5.3718084206,"BATETH":-11.0228934936,"USDCTUSD":-0.0562934502,"PPTBTC":-10.6064329037,"XRPBTC":-0.3300704018,"GVTBTC":-8.8913969775,"ENJETH":-8.6966871013,"NANOBTC":-16.6866737165,"LTCPAX":1.5959198158,"ADAETH":-6.0292868867,"FETBTC":-28.7666860124,"XLMBNB":-1.950001415,"BTCPAX":-1.5849090378,"EOSPAX":-1.672351008,"NULSBTC":-21.3371964278,"TRXTUSD":-1.0240471085,"VIABTC":22.5070382383,"GRSBTC":-10.3388774544,"BNBUSDT":-1.1067945306,"LINKUSDT":3.573286512,"ICXBTC":-9.996746427,"BCHABCUSDC":-3.9415099148,"DASHBTC":-2.041282902,"XRPETH":-0.4860509521,"BTCUSDT":-1.5132806495,"XRPTUSD":-0.6889693668,"ETHUSDT":-2.256313892,"WABIBTC":-6.5479215586,"USDCUSDT":1.7931997488,"ETCUSDT":5.8241434848,"VETBNB":-0.3251779792,"PIVXBTC":-19.2463445197,"ENJBTC":-8.6504117107,"QKCETH":-17.5206650951,"HCBTC":-4.4358640786,"ARNBTC":-6.2699523651,"ETHPAX":-2.2066636453,"LUNBTC":-5.3747805998,"ZECUSDT":-5.9147207965,"EOSTUSD":-3.0199214914,"WAVESUSDT":-11.6197368087,"EOSUSDT":-1.2021863201,"FETBNB":-28.9400095532,"VETUSDT":0.6374601587,"IOTABNB":3.3686460553,"IOSTUSDT":0.8258882702,"DASHUSDT":0.233339325,"OMGETH":-5.023688807,"IOTAETH":2.8884853521,"BTTUSDT":-4.2082770696,"EVXBTC":-3.705342554,"XZCBTC":-10.5286312792,"QTUMUSDT":-1.3931285311,"XLMETH":-3.384119262,"EDOBTC":-6.53535935,"ONTBNB":-0.2897639369,"THETABTC":-5.4415383403,"USDCPAX":1.7325955751,"INSBTC":-3.1420690934,"TUSDUSDT":1.9757868072,"XMRETH":-6.6698208092,"BNBETH":-3.3336857975,"USDSUSDT":1.7051367104,"NEOTUSD":-4.2547112448,"PAXTUSD":-0.0743684028,"WANBTC":-2.0469936023,"TRXXRP":-0.700523426,"ASTBTC":-17.2100957838,"ONGBTC":-12.091157135,"ONTUSDT":1.0462377487,"BCHABCUSDT":-2.3335513145,"BATBTC":-10.8399493807,"LTCTUSD":-0.2695666784,"OMGUSDT":-3.7437297312,"BNBBTC":-3.0205287585,"BATUSDT":-9.0340876915,"IOTABTC":3.0009933803,"BCDBTC":-7.3280193193,"ICXETH":-10.3124349976,"ADABNB":-5.189155803,"XRPBNB":-0.5927655751,"BCHABCTUSD":-3.4855048155,"ARKBTC":-12.3513527954,"EOSUSDC":-2.2170136234,"ZRXUSDT":-3.0505006576,"LOOMBTC":1.0097682054,"MTLBTC":-5.9267195346,"ADATUSD":-5.5711968578,"DLTBTC":-13.2111913646,"CELRBNB":-33.9650185192,"STEEMBTC":-6.6238826822,"NASETH":-4.9765310848,"TRXETH":-1.3804073904,"BTTBNB":-4.9487790477,"VETETH":-0.8202806624,"NEOETH":-3.2642077674,"AIONBTC":-0.3149379149,"USDSPAX":1.5761671771,"THETAUSDT":-3.1574360655,"GXSBTC":-2.0458461672,"BRDBTC":10.7896559542,"BCHABCPAX":-2.8884771089,"ENGBTC":-5.6307349923,"KNCBTC":-9.0461160288,"ENJBNB":-7.3305872164,"BTGBTC":3.7505454315,"DGDBTC":-4.1935696174,"GASBTC":-3.4359381631,"TRXBNB":-0.7056205139,"REPBTC":-4.2125168782,"MDABTC":1.0387954585,"LTCBTC":0.0602466104,"ETCETH":4.9632609946,"NEOBTC":-2.9807980139,"DCRBTC":-3.676706459,"XRPUSDC":-0.6497823874,"ZECETH":-7.3981871065,"NANOBNB":-16.6995514233},"startDate":"2019-04-25","endDate":"2019-05-02","numDays":7,"excludedPairs":["RPXBTC","HSRBTC","APPCBNB","VENETH","QTUMBNB","BCNBNB","TNTBTC","AEETH","GOBNB","RDNBNB","GOBTC","LINKUSDC","WPRBTC","RENBNB","HSRETH","OSTBNB","NXSBTC","USDCBTC","STEEMETH","DLTETH","ENGETH","XLMBTC","QLCBTC","DLTBNB","XZCBNB","STORMBNB","GVTETH","DCRBNB","QTUMETH","AIONBNB","TRIGBTC","DENTBTC","APPCETH","MCOBNB","POWRETH","CLOAKBTC","TRIGETH","BTTTUSD","BCHSVTUSD","PAXBTC","BTSETH","MANABTC","BTGETH","AGIBNB","BCDETH","ADAPAX","XMRBNB","POABNB","WABIBNB","LINKETH","LSKBNB","IOSTBNB","STEEMBNB","SNGLSBTC","BTTPAX","QLCBNB","NPXSETH","CHATETH","OAXETH","CNDETH","THETABNB","SNTBTC","POWRBNB","VIAETH","STORMETH","MANAETH","RDNETH","GTOBTC","CNDBNB","NULSETH","RPXETH","BCPTETH","NXSBNB","SNMBTC","DNTBTC","NULSBNB","WINGSETH","BCHSVPAX","ZILBNB","MTHBTC","XZCETH","ZENETH","LSKETH","POABTC","TNTETH","RPXBNB","VIBEETH","RLCETH","LUNETH","GRSETH","WAVESTUSD","BNTBTC","GNTETH","BCHSVUSDC","MODETH","CMTBTC","WAVESETH","BLZBTC","SUBBTC","DOCKETH","PHXETH","KNCETH","LINKTUSD","ATOMBNB","KEYETH","NCASHBNB","VIBETH","GNTBNB","SKYBNB","BCCBNB","BCNETH","ETCBNB","WAVESBNB","SCETH","BCCBTC","BRDETH","HOTETH","ZRXETH","ADABTC","ASTETH","CVCBNB","SNGLSETH","ICXBNB","CNDBTC","STRATETH","QSPBTC","GNTBTC","QSPBNB","ICNETH","NEBLETH","FUELBTC","CHATBTC","DASHBNB","PAXETH","ADXBNB","XVGETH","BLZBNB","DNTETH","DATABTC","MODBTC","WAVESPAX","CMTETH","WTCBNB","XEMBNB","ADXETH","THETAETH","LINKPAX","ZILBTC","FUNETH","TRXUSDC","ZENBNB","BQXETH","TRXBTC","POAETH","ATOMUSDT","KEYBTC","NPXSBTC","QLCETH","SNMETH","GTOBNB","MCOETH","WANETH","SYSETH","PIVXETH","MATICUSDT","LRCBTC","WAVESUSDC","SUBETH","MTHETH","WINGSBTC","XZCXRP","DOCKBTC","AMBETH","BCCUSDT","VENBNB","USDSUSDC","BTSBTC","ATOMBTC","YOYOBNB","CMTBNB","LOOMBNB","VETBTC","BTSBNB","BRDBNB","GXSETH","RENBTC","NCASHBTC","CLOAKETH","POWRBTC","SKYETH","MFTBNB","WPRETH","PAXBNB","BCHSVUSDT","NEBLBTC","CELRBTC","TUSDBTC","IOTXETH","BNBUSDS","XEMETH","REPETH","NCASHETH","SCBTC","HOTBNB","AEBNB","EDOETH","DATAETH","SYSBTC","TNBETH","NEOPAX","CDTETH","XVGBTC","BTTUSDC","ZECUSDC","RCNETH","XEMBTC","XLMTUSD","NASBNB","RLCBNB","GTOETH","MATICBNB","RCNBTC","AIONETH","BCHSVBTC","CDTBTC","STORJETH","FUNBTC","WABIETH","SCBNB","NEOUSDC","OMGBNB","PHXBNB","REQETH","TUSDETH","WTCETH","NAVBNB","LENDETH","ARNETH","CVCETH","ARKETH","MFTBTC","QSPETH","YOYOETH","REPBNB","TRIGBNB","EVXETH","USDSTUSD","TRXPAX","BCCETH","POLYBNB","PPTETH","HOTBTC","YOYOBTC","OSTBTC","OSTETH","SALTBTC","ARDRETH","POEBTC","IOSTBTC","BCPTBNB","XLMPAX","SALTETH","ARDRBNB","AGIETH","VENUSDT","TNBBTC","LOOMETH","APPCBTC","LENDBTC","INSETH","SNTETH","AMBBTC","QKCBTC","ZECPAX","NEBLBNB","AMBBNB","VENBTC","ONGBNB","ARDRBTC","SYSBNB","CVCBTC","POEETH","VIBEBTC","TUSDBNB","AGIBTC","ZECTUSD","MDAETH","PIVXBNB","DENTETH","NXSETH","BTTBTC","ICNBTC","KMDETH","BLZETH","MATICBTC","ZECBNB","LRCETH","HCETH","BNTETH","VIBBTC","VIABNB","REQBTC","MTLETH","NAVETH","XLMUSDC","RCNBNB","IOTXBTC","USDCBNB","BCNBTC","PHXBTC","WANBNB","STORMBTC","NAVBTC","ZRXBNB"]}