{"data":{"ENJETH":-71.2747246866,"ETHBTC":23.1625111507,"ETHUSDC":-78.2332005407,"NEOBNB":29.2773744395,"ENJBTC":-78.1743334281,"HOTUSDT":-15.0244891277,"USDSUSDC":69.9014863776,"LTCBNB":30.1709850427,"LTCTUSD":-16.7128688183,"AIONBTC":136.0137117604,"TRXUSDT":134.6410678441,"SKYBTC":563.4963518346,"RLCBTC":55.9213120082,"ZILUSDT":307.0193585404,"NEOBTC":47.7955823035,"STRATBTC":67.5590175494,"ZENBTC":-37.2128082615,"RDNBTC":286.4307236473,"VETUSDT":91.0078973173,"ICXBTC":153.5127992804,"KNCBTC":-75.6947225967,"REPBTC":-68.3253511735,"ADAETH":161.4308318401,"BNTBTC":-69.6731584683,"XRPETH":45.2990338051,"AEBTC":67.3408263888,"ZRXUSDT":489.9572216447,"BATBTC":103.9040077778,"BNBETH":41.9775212385,"LTCETH":13.5610796589,"ETCUSDT":3.4064067891,"EDOBTC":182.955700914,"ZECBTC":-18.7445324828,"ENJBNB":-84.5886074588,"BNBBTC":48.1580140896,"XLMUSDT":-58.1838568284,"FETBTC":54.4154794222,"THETAETH":82.7531755042,"MTLBTC":-0.7912589806,"MCOBTC":-53.2134925893,"BRDBTC":2030.580595056,"GASBTC":24.7370969567,"ADABTC":257.0312970481,"KMDBTC":-38.3035392028,"BCDBTC":-3.7440831053,"APPCBTC":-61.2291111394,"EOSBTC":43.8567883689,"ZECETH":-29.3934168778,"NASBTC":53.2876706554,"DCRBTC":249.8522036797,"ETHTUSD":-28.8313546016,"BTCUSDT":46.9869792334,"BTCPAX":-13.5745988256,"BTGBTC":21.4131311908,"BTCTUSD":65.58985683,"ICXUSDT":235.3802982773,"USDCUSDT":44.1336376974,"ZILETH":139.7332029702,"XLMBNB":-46.8093162745,"USDSTUSD":1898.0176222401,"BNBTUSD":81.781706208,"BTTUSDT":-63.8883390044,"STORJBTC":78.475485708,"VETBNB":97.6325061967,"RVNBTC":366.2627236269,"BNBPAX":-6.4103557664,"EVXETH":11739.7722000425,"TRXTUSD":20.5707117968,"EOSBNB":251.6992179459,"IOTABTC":17.7873465443,"HOTBNB":-8.6961538128,"ADATUSD":276.2234700464,"BCHABCBTC":-47.9113208558,"ONTBTC":-19.4721685052,"THETABTC":-1.6521427066,"IOSTETH":6270.8916130762,"LINKBTC":217.6958938422,"XLMTUSD":-46.2700150647,"LTCUSDC":37.0528809557,"ONTETH":-28.285440592,"OMGBTC":155.8007873514,"MFTETH":49.3753709917,"ARKBTC":30.1672699791,"BATUSDT":161.1682329562,"BCHABCTUSD":-72.8983913339,"USDCPAX":405.6239405709,"MDAETH":187.8527272679,"PAXUSDT":-1.9432351076,"BQXBTC":103.7216888707,"GRSETH":-76.1508855133,"BCHABCPAX":-39.74845948,"TRXETH":52.2361744764,"EVXBTC":42497.6017338783,"WANBTC":-12.4918890054,"ARNBTC":222.2850973809,"XRPBTC":23.8499119057,"BCHSVTUSD":-73.5349001251,"RVNBNB":524.5751301499,"NULSUSDT":130.5214269317,"HCBTC":13.3030317123,"KNCETH":-68.5973555246,"NEBLBTC":-11.1723667794,"WAVESUSDT":-11.1948985374,"WABIBTC":138.6701380156,"ICXBNB":64.0613936219,"POWRBTC":544.1931682442,"STEEMBTC":124.0880742758,"IOTAUSDT":89.0955660199,"DASHBTC":2.0978109821,"GXSETH":80.4109250954,"BCPTBTC":-13.0655140751,"EOSUSDT":8.5050548442,"BATETH":137.8910342447,"PIVXBTC":129.3689811773,"EOSUSDC":-33.909216624,"ONGBTC":-90.9634205621,"ADABNB":116.0998055471,"VETETH":21.9893956248,"NXSBTC":68.0125240682,"XLMPAX":-60.245348651,"GRSBTC":-75.7806078927,"ELFBTC":9.0350600679,"EOSETH":55.9120130299,"ADAUSDT":261.6928255048,"LINKUSDT":170.9154751596,"TRXXRP":39.7309677395,"POLYBTC":2523.7618918156,"XRPTUSD":74.0296323332,"PPTBTC":-32.2623599553,"ONTUSDT":34.3477771513,"GVTBTC":41.7352812618,"IOTAETH":19.579872983,"XLMBTC":-68.1269418355,"XRPBNB":18.0782540831,"LOOMETH":82.7475253737,"DGDBTC":616.4829383924,"VIABTC":467.5983354649,"FETUSDT":52.5838006764,"XZCBTC":-45.4751672807,"LTCBTC":-35.6011826286,"ARNETH":90.079468887,"TRXBNB":47.3492766695,"GXSBTC":-4.2542728737,"OMGETH":145.8234190986,"BCHABCUSDT":-52.5033342903,"LOOMBTC":29.5694914214,"ETHPAX":-12.8166007669,"BNBUSDC":93.4489264386,"ETHUSDT":-20.291911917,"ENGBTC":349.6953214301,"OAXBTC":-0.2218658723,"NAVBTC":115.7444129935,"NULSBTC":30.4227652598,"NANOBTC":30.503437439,"LSKBTC":-13.8549922705,"ETCBTC":25.4265436916,"ICXETH":148.1187371991,"QTUMUSDT":43.1297509171,"XLMETH":-64.8261531413,"BCHSVBTC":-37.4766826599,"NEOUSDT":2.3721579224,"TUSDUSDT":33.6054581379,"INSBTC":440.5789727625,"EOSTUSD":-10.3344321352,"XRPUSDT":-1.8527025466,"ONGUSDT":-93.0695147616,"THETABNB":4.829568675,"BCHSVUSDT":-42.0504042771,"MDABTC":146.2171815952,"ZRXBTC":572.0378605857,"XRPPAX":-0.1043791286,"WAVESBTC":-7.47302776,"BTCUSDC":11.6936084429,"ONTBNB":-5.8627844542,"POLYBNB":3603.9725636836,"WTCBTC":4.5950761122,"ETCETH":3.6444933003,"XMRBTC":-13.2017897074,"XMRUSDT":113.3688861781,"QTUMBTC":17.4025576767,"BTTBNB":-55.6693336343,"FUELETH":-16.8390627179,"LUNBTC":673.0128045745,"BNBUSDT":21.1490860029,"NEOETH":38.1397107193,"FETBNB":-10.101770513,"LTCUSDT":-28.9325884045},"startDate":"2019-03-19","endDate":"2019-03-26","numDays":7,"excludedPairs":["CMTBTC","AGIBNB","HSRBTC","CMTETH","VENBTC","DNTBTC","STORMBNB","BCNBTC","KMDETH","ZENBNB","VENUSDT","ASTBTC","NCASHBNB","YOYOBTC","BRDBNB","AEBNB","REPBNB","MFTBNB","CELRBTC","QKCBTC","LENDETH","XEMETH","OAXETH","EOSPAX","RCNBTC","USDSPAX","WABIETH","WTCBNB","SYSETH","DNTETH","POEETH","HOTBTC","TRIGBNB","BCCETH","SYSBNB","LSKBNB","STORMBTC","BCDETH","ZECTUSD","BCNBNB","NXSBNB","TUSDBTC","KEYETH","TRXPAX","NCASHBTC","WINGSBTC","BNBUSDS","NANOETH","VENETH","NASETH","MANAETH","IOSTBTC","RDNBNB","REQBTC","IOTXETH","LINKUSDC","LRCBTC","TRXUSDC","QTUMETH","BCCUSDT","DENTETH","ELFETH","PIVXBNB","BCHABCUSDC","DATAETH","ADXETH","CHATETH","HOTETH","WTCETH","REPETH","MTHBTC","BTCUSDS","ZECUSDT","BCNETH","BTGETH","ICNETH","ICNBTC","EDOETH","GTOBNB","WAVESPAX","NPXSETH","APPCBNB","QLCBTC","QLCBNB","PAXBTC","NULSETH","STEEMBNB","PAXETH","RPXETH","RPXBTC","DOCKETH","TUSDETH","PPTETH","TNTBTC","POABNB","ZILBTC","GTOETH","LRCETH","DOCKBTC","BTTUSDC","ARKETH","NANOBNB","XVGBTC","XVGETH","ONGBNB","VIBEBTC","GNTBNB","SCBNB","BATBNB","NULSBNB","MCOETH","CDTBTC","BCCBTC","TRXBTC","CVCETH","KEYBTC","MANABTC","SALTETH","VIAETH","RLCBNB","STEEMETH","VIBETH","YOYOETH","BCHSVUSDC","QSPETH","PAXBNB","GOBTC","MTHETH","DLTBTC","VIABNB","MODBTC","BLZBNB","ZRXETH","ZECBNB","FUNETH","WAVESETH","SKYETH","SALTBTC","IOTABNB","TRIGETH","WPRETH","LTCPAX","TRIGBTC","AMBBTC","VETBTC","OSTBNB","CELRUSDT","SNTBTC","BCPTBNB","ETCBNB","CVCBNB","GNTETH","WAVESBNB","DASHETH","ASTETH","BTSBTC","GTOBTC","BTSBNB","CDTETH","ARDRETH","XMRBNB","ZECUSDC","SUBETH","LINKTUSD","QTUMBNB","WINGSETH","LENDBTC","RLCETH","RCNETH","USDCTUSD","XEMBTC","LINKPAX","CHATBTC","WAVESTUSD","ARDRBTC","OSTETH","TUSDBNB","MCOBNB","LOOMBNB","SKYBNB","MFTBTC","ADXBNB","SNTETH","GVTETH","RPXBNB","FUNBTC","SNGLSBTC","WANETH","LUNETH","MODETH","SNMETH","PHXBTC","FUELBTC","PAXTUSD","AMBETH","DLTETH","BNTETH","CNDBNB","SYSBTC","WAVESUSDC","USDCBTC","NEBLETH","NXSETH","MITHBNB","ZRXBNB","QKCETH","PHXBNB","QSPBNB","NAVETH","AEETH","ENGETH","CMTBNB","RCNBNB","CLOAKBTC","BCCBNB","AIONETH","SCETH","SCBTC","CLOAKETH","DGDETH","BLZBTC","STORMETH","DLTBNB","WABIBNB","QSPBTC","ADXBTC","TNTETH","XZCXRP","NAVBNB","CVCBTC","POABTC","USDSUSDT","LINKETH","RENBTC","REQETH","NPXSBTC","POAETH","BTTPAX","USDCBNB","ARDRBNB","GNTBTC","BCHSVPAX","VIBEETH","SNMBTC","ZILBNB","BCPTETH","AGIBTC","NASBNB","PHXETH","YOYOBNB","RDNETH","IOSTUSDT","XLMUSDC","XZCBNB","BTTTUSD","VENBNB","VIBBTC","XZCETH","SUBBTC","AIONBNB","IOTXBTC","TNBETH","BQXETH","IOSTBNB","NEBLBNB","ZECPAX","HSRETH","AMBBNB","BRDETH","QLCETH","INSETH","POWRETH","CNDETH","TNBBTC","GOBNB","XEMBNB","NCASHETH","CELRBNB","POWRBNB","MTLETH","PIVXETH","CNDBTC","POEBTC","NEOTUSD","WPRBTC","ZENETH","HCETH","AGIETH","BLZETH","DENTBTC","OSTBTC","XRPUSDC","DATABTC","XMRETH","MITHBTC","STORJETH","STRATETH","RENBNB","SNGLSETH","DCRBNB","BTTBTC","APPCETH","BTSETH","LSKETH","WANBNB"]}