{"data":{"SKYBTC":1.8356140745,"ONGBTC":8.9780249121,"ZECBTC":13.0764602648,"VETBNB":-2.2621385347,"XZCBTC":88.4651769451,"ICXBTC":8.0663053208,"VIABTC":3.8307860498,"NEOTUSD":15.180208512,"HCBTC":20.2050780671,"MDABTC":5.3624870115,"KNCBTC":6.9115983092,"THETAETH":2.5987391599,"NANOBTC":14.7431398734,"ICXUSDT":7.6983648074,"DGDBTC":4.3745396226,"XZCETH":88.0170656376,"GRSBTC":12.1914928824,"HOTUSDT":1.1808795738,"LINKUSDT":49.1059014194,"TRXUSDC":2.0217989243,"IOSTETH":5.7003206216,"WAVESTUSD":9.5740937588,"ZECTUSD":12.7536212807,"NASBTC":57.0202579259,"TRXUSDT":0.9427121102,"GXSETH":51.318067135,"USDCTUSD":0.0631129792,"BATETH":1.3913375909,"GVTBTC":8.4615102987,"ZRXUSDT":2.4348898688,"WAVESETH":8.4833375203,"XRPBNB":-3.2844805252,"XRPTUSD":-3.4070163982,"LTCPAX":26.3231386209,"THETABTC":2.7773344602,"DASHUSDT":8.181510622,"ZILETH":3.32326297,"ZILUSDT":2.4009701139,"MCOBTC":12.7289206234,"BATUSDT":1.2154021578,"ADAUSDC":12.3142054637,"VETETH":-2.2240579355,"ADABNB":12.5176219944,"BCHABCUSDT":5.8145096738,"CELRBNB":1.7932437385,"PAXUSDT":-0.1366767913,"FETBNB":8.9946052422,"ETHTUSD":6.3806785612,"INSBTC":16.0330665731,"ONEBNB":-16.6794639382,"GASBTC":13.0206925051,"BNBTUSD":13.5336730488,"NASBNB":54.7563625886,"IOTAETH":5.0536459954,"LTCETH":24.0449536382,"NEBLBTC":10.9289321377,"VETUSDT":-2.4033905342,"NEOBTC":15.9113227869,"FETBTC":10.2751690954,"TFUELUSDT":-7.0489642251,"OAXBTC":10.4108253561,"ADATUSD":11.8960604513,"OMGUSDT":7.1324683158,"ZRXBTC":3.411405292,"BRDBTC":17.1876105124,"ARNBTC":12.1768853985,"ZILBNB":3.5156305602,"XRPUSDT":-2.7570802792,"EVXBTC":34.3410901443,"EOSPAX":5.0296852518,"XRPPAX":-3.2565095405,"ETHUSDT":5.6743419312,"XMRUSDT":5.8701490512,"LTCBNB":25.0917280328,"BTCUSDS":6.3001121842,"RDNBTC":13.9860140208,"BCHABCTUSD":7.4743676873,"ONGUSDT":7.4375557142,"ONETUSD":-15.4584868227,"LOOMETH":15.3287511331,"ETHUSDC":6.0767295087,"ONEUSDT":-16.15498029,"EOSBNB":3.7004034219,"EOSUSDC":4.199996272,"BTTUSDT":4.1909890162,"BNBPAX":13.8029254281,"LTCUSDT":24.654086233,"ZECUSDT":12.4045869224,"BNTBTC":8.4679403946,"IOTABTC":5.002937329,"CELRUSDT":1.613042544,"NXSBTC":6.1515431172,"PIVXBTC":15.1839578278,"ONTETH":13.3738004699,"ADXBTC":16.7501319977,"OMGBTC":7.0492034845,"DLTBTC":21.2921374889,"ZENBTC":11.7835158791,"BTCTUSD":6.5946393873,"USDCPAX":-0.1716987718,"EOSETH":4.2640876306,"ENJETH":4.1160645701,"ARKBTC":6.750760287,"ETCUSDT":10.2634673036,"LINKBTC":49.9812839233,"LOOMBTC":15.7638072813,"WAVESBTC":8.8366863653,"GXSBTC":52.7042054099,"BQXBTC":12.0971840659,"EOSUSDT":4.0345608867,"WABIBTC":12.4206282488,"NAVBTC":16.3448789088,"EVXETH":32.6680207417,"QKCETH":-2.8877982386,"ONTUSDT":12.4307396733,"ADAUSDT":12.5742403647,"LTCBTC":24.5841500511,"NULSBTC":22.487616375,"LTCTUSD":25.3859677799,"QTUMBTC":14.095210496,"TRXTUSD":1.6165184354,"BCHABCPAX":6.0827539619,"BTCUSDT":6.0151612379,"STRATBTC":9.2434466297,"BTCUSDC":6.2932359445,"BATBTC":1.3123207492,"XMRBTC":6.9423512651,"BTGBTC":6.2345596604,"STEEMBTC":18.8809006899,"REPBTC":7.7284581017,"XRPUSDC":-2.4119247784,"LUNBTC":10.2621032297,"ONTBNB":12.1920414792,"POLYBTC":11.4849364148,"NEOBNB":14.8017115873,"NEOETH":15.3396082601,"NULSUSDT":20.1417117114,"NANOUSDT":14.4587822694,"XZCBNB":85.3954456997,"BNBETH":13.4502116573,"EOSTUSD":4.1550625761,"ETHPAX":6.0359185626,"BNBUSDC":13.4830317677,"PPTBTC":27.2479596597,"STORJBTC":20.3257791229,"BTTBNB":4.0354021584,"USDCUSDT":-0.1409970559,"BTCPAX":6.012877935,"MFTETH":-7.9029189497,"ICXETH":7.5963674474,"ONTBTC":13.3213118733,"TRXBNB":0.7485067611,"KMDBTC":12.7251295041,"XLMUSDT":2.7699553699,"DASHBTC":8.938765516,"WANBTC":12.5026738934,"FETUSDT":9.3402114077,"LTCUSDC":23.9466629083,"ATOMBTC":6.7219492303,"TRXXRP":2.1392046893,"GNTBTC":23.2579814469,"MATICUSDT":-1.505287384,"HCETH":20.9785115308,"MITHBNB":62.7011271571,"IOSTUSDT":5.6746901805,"XRPBTC":-2.7779141632,"BNBUSDT":13.0252000556,"MITHUSDT":68.8336544826,"WAVESUSDT":8.4809679952,"USDSUSDC":-0.1264173095,"THETAUSDT":2.3072530062,"ELFBTC":8.2487533679,"TUSDUSDT":-0.2037232815,"QTUMUSDT":13.0440305413,"BCHABCUSDC":7.3604518758,"XRPETH":-2.6531662516,"EOSBTC":4.8566449492,"IOTABNB":3.9760630444,"MATICBNB":-0.8507360999,"LSKBTC":5.8104506185,"NEOUSDT":15.0920289507,"ETHBTC":6.2425442711,"AEBTC":4.8568408642,"ATOMUSDT":6.0563184119,"MTLBTC":25.5249040272,"DCRBTC":11.0310876259,"LINKETH":50.7556814592,"ATOMBNB":5.0803850158,"TRXETH":0.923910274,"ADAETH":11.6538613328,"AIONBTC":0.6318703637,"LINKUSDC":49.0810494513,"PAXTUSD":0.0793062299,"APPCBTC":10.4284281475,"BCDBTC":5.7952275143,"ENJUSDT":4.0418336792,"RLCBTC":8.9807020327,"RVNBNB":3.6896928652,"IOTAUSDT":4.8623520211,"ENGBTC":11.5986975194,"BNBBTC":14.256643559,"BCHABCBTC":6.1398202102,"ETCBTC":10.7858114669,"EDOBTC":34.7933916134,"NASETH":55.2703780391,"WTCBTC":5.0412399564},"startDate":"2019-06-07","endDate":"2019-06-14","numDays":7,