{"data":{"NXSBTC":-39.0279483371,"LTCUSDC":18.1821856948,"LTCBTC":159.8831407243,"ETHUSDC":165.4458329181,"LINKETH":1.1658037881,"XZCBTC":-4.2929161308,"XRPETH":344.7415200042,"XEMBTC":-37.6509747756,"AIONBTC":18.84711309,"EOSUSDC":58.5932079321,"NEBLBTC":-20.6138630256,"EOSTUSD":78.2613570557,"BLZBTC":21.4595133432,"IOTABTC":100.1649593571,"TRXTUSD":53.7863448895,"RLCBTC":-34.0064792976,"POABTC":-83.0406607929,"GVTBTC":-19.7779517725,"ONGBTC":80.4649533929,"VETBNB":42.3440156921,"BNBUSDT":12.9732512141,"ETCBTC":37.4847893369,"NULSBTC":-89.0552665336,"SKYBTC":-61.2086125777,"LTCETH":65.8792798798,"XRPUSDT":522.4598822486,"VIBEBTC":-59.7451576393,"MANABTC":-75.6189585313,"ETHBTC":24.7010800716,"BATETH":-82.8851498783,"MTLBTC":-61.058826655,"CMTBTC":339.8590456148,"ONTUSDT":59.1877090089,"TUSDUSDT":109.3331527975,"DASHBTC":164.0344908019,"OAXBTC":-68.1669402381,"BNTBTC":-28.6593692141,"STORJBTC":-14.0396339977,"BQXBTC":19.467332709,"FETBTC":-36.6353363095,"GASBTC":1.0865792115,"CELRUSDT":-92.0317310367,"ONTBNB":149.6626609592,"GNTBTC":-57.7200582316,"BNBPAX":14.7709210396,"ARNBTC":-22.7004038931,"ELFBTC":5.7529733724,"USDSPAX":0.3586964542,"BTTUSDT":299.6382542531,"FUELETH":-88.8320840796,"ETCUSDT":65.4920412837,"BATBTC":-77.9095896118,"BNBBTC":3.6125662966,"ZECBTC":134.917364854,"LTCBNB":59.0684107259,"ONGUSDT":86.0401628406,"ADABTC":-46.7311084956,"BATUSDT":-68.3253660051,"IOTAETH":109.0913383259,"TRXETH":76.2285791439,"LTCTUSD":197.8845327684,"ETHTUSD":37.6409772318,"XRPBNB":258.6923722739,"NEOBNB":48.1166394679,"LTCPAX":79.2096062352,"BTCTUSD":15.7665672513,"BTCUSDT":60.7910293305,"ARKBTC":26.3416105391,"PIVXBTC":-86.8433490374,"BCHABCUSDC":318.3022003849,"ONTETH":71.2595834221,"WTCBTC":-22.0750644557,"RVNBNB":-29.9919044674,"BCPTBTC":-67.5139673162,"EVXBTC":-75.0044536451,"FETUSDT":-35.1496733554,"ZECUSDT":109.0153112128,"VIABTC":-2.2518034943,"VETUSDT":66.553286526,"LINKUSDT":32.7132608376,"LRCBTC":2.3667847356,"ZILUSDT":159.1500215364,"ASTBTC":-75.1222525009,"DGDBTC":-91.6796143002,"NEOUSDT":127.1156929924,"BNBUSDC":144.9862893898,"HCBTC":2.1066073926,"APPCBTC":-80.6480025235,"OMGBTC":-1.351094098,"IOSTETH":-16.9811992817,"BCHSVTUSD":834.1484731367,"NEOBTC":42.9724808016,"POLYBTC":-54.6211824596,"RCNBTC":-77.0850014324,"XMRUSDT":206.2254590748,"NEOTUSD":309.6147527969,"BTGBTC":2452.6502773778,"CELRBTC":-91.8553304652,"DCRBTC":248.1960597789,"NULSUSDT":-30.1670088423,"BCHABCUSDT":729.9323794097,"STRATBTC":-17.4103586253,"KNCBTC":-82.1578434882,"DLTBTC":-82.8473309332,"ADAUSDT":-13.9280151981,"ZILETH":74.0456279337,"ETHPAX":14.4072920472,"WABIBTC":-96.254147304,"IOTAUSDT":133.6124526425,"XRPPAX":249.2264672769,"MDABTC":-75.3116169745,"BCHSVUSDT":340.1273048244,"LINKBTC":9.3006683273,"DASHUSDT":118.4411704693,"RVNBTC":-49.6855604036,"POWRBTC":-44.0288228193,"EDOBTC":-44.8194222664,"LOOMBTC":0.637553061,"NASBTC":-16.2720518992,"ENJBTC":26.2602343612,"BTCUSDC":122.2177887675,"CVCBTC":-32.305045416,"BTTBNB":155.1698720062,"ZECETH":185.0058166914,"XRPBTC":206.7549132736,"XRPTUSD":693.9231459821,"DASHETH":45.2408671971,"GRSBTC":254.4921436459,"KMDBTC":-0.225139464,"ICXUSDT":138.5890250684,"BCDBTC":542.0195770719,"AMBBTC":-79.7311721058,"ENJBNB":26.8256814301,"TRXXRP":496.804285239,"XLMUSDT":146.7431981546,"CELRBNB":-84.6405405817,"BRDBTC":-59.3521202644,"EOSETH":1.9570000356,"THETABTC":98.6242703235,"GTOBTC":-38.1687148301,"ZRXBTC":25.7926568425,"XLMBTC":87.31406078,"ADATUSD":44.6703045966,"NEOETH":48.3614967822,"INSBTC":-68.2405373758,"OMGETH":-13.1759877195,"GXSBTC":-73.5045335974,"ADXBTC":-9.3606308828,"ADAETH":-32.5223386749,"XMRBTC":48.6406781506,"EOSBNB":-26.891451,"VIBBTC":-48.8359796681,"BTCUSDS":110.6747522209,"ARDRBTC":-70.9795190106,"ICXBTC":66.2535293214,"QTUMBTC":37.7350707739,"AGIBTC":30.2285356149,"WAVESBTC":-10.2810224003,"BATBNB":-81.2731800229,"ADABNB":-38.7272083698,"FETBNB":-40.2699635898,"NAVBTC":-61.9017322882,"EVXETH":-67.0792820495,"BCHABCTUSD":3396.9325248447,"TRXBNB":36.3438955744,"QTUMUSDT":221.0187264769,"BCHABCPAX":506.2506946692,"XRPUSDC":428.4887132637,"ONTBTC":54.5873592287,"BNBTUSD":92.5386236337,"LTCUSDT":161.5667383397,"BNBETH":56.1197759476,"AEBTC":31.3652822684,"PAXUSDT":42.7496632448,"BTCPAX":102.5429016396,"ETHUSDT":153.6763514232,"MCOBTC":21.8222948548,"STEEMBTC":143.9923812478,"XLMETH":132.5213116641,"SYSBTC":-93.8798269862,"USDCPAX":140.8807339665,"HOTUSDT":228.6487054006,"MTLETH":71.1567301508,"BCHABCBTC":539.5539538262,"RDNBTC":-63.9168444516,"REPBTC":45.6442221746,"GOBTC":54.5443809403,"ENJETH":64.1769776545,"BCHSVBTC":123.8990901172,"IOSTUSDT":123.6936264529,"ENGBTC":-57.8901957624,"EOSUSDT":25.4394498528,"USDCTUSD":36.3100761764,"EOSBTC":-1.6682946935,"XLMBNB":141.7980456035,"TRXUSDT":76.3501773545,"USDCUSDT":56.4751360814,"WAVESUSDT":5.6609719311,"NANOBTC":147.7407776715,"VETETH":149.8703395146,"LSKBTC":102.2109075861,"ICXETH":302.6603876796,"QLCBTC":-82.0006045797,"WANBTC":-32.5416919301,"ZRXUSDT":16.7721599337,"PPTBTC":-17.0576761841,"LUNBTC":-82.122076048},"startDate":"2019-03-30","endDate":"2019-04-06","numDays":7,"excludedPairs":["XMRETH","QTUMETH","BTTPAX","RENBTC","GTOETH","HSRBTC","VIABNB","LENDETH","LINKUSDC","TUSDBTC","ELFETH","LSKETH","USDSTUSD","LOOMBNB","DATABTC","MANAETH","VIBETH","DNTETH","ENGETH","BTTUSDC","AGIETH","SALTBTC","AMBETH","BCHSVPAX","LUNETH","POAETH","BCCBTC","TRIGBNB","WANETH","POWRETH","CDTBTC","TNTBTC","PIVXETH","VIBEETH","TUSDETH","HSRETH","RPXBNB","MCOBNB","NXSBNB","APPCBNB","BLZETH","ZECPAX","SNTETH","WAVESUSDC","CHATETH","DENTETH","LSKBNB","BCCUSDT","NCASHBTC","MDAETH","WABIETH","ADXBNB","BCNBTC","AMBBNB","QLCETH","ZECBNB","STRATETH","TUSDBNB","NPXSETH","DLTETH","XLMTUSD","HOTBTC","KMDETH","TNTETH","AEETH","ZENETH","DATAETH","TRXUSDC","XVGETH","BCDETH","TRXBTC","TNBBTC","SCBTC","SNGLSBTC","POLYBNB","MITHBNB","NULSBNB","CLOAKBTC","CDTETH","FUNBTC","OSTBNB","CNDBNB","NCASHBNB","VENUSDT","USDCBTC","SNGLSETH","ICXBNB","RPXBTC","XEMETH","BTSBNB","RCNETH","ZILBNB","DLTBNB","PAXBNB","ICNBTC","MODETH","BCPTETH","XMRBNB","NANOUSDT","APPCETH","PHXBNB","PIVXBNB","GNTETH","ZENBNB","DOCKBTC","SYSETH","IOSTBNB","BTTTUSD","POWRBNB","GOBNB","POABNB","WANBNB","NEBLETH","GRSETH","POEBTC","WAVESTUSD","NASETH","SNMETH","YOYOBNB","IOSTBTC","QLCBNB","RLCETH","DNTBTC","IOTXBTC","BCCETH","BCNETH","SCBNB","USDCBNB","LENDBTC","HOTBNB","IOTABNB","NANOETH","NEOPAX","YOYOBTC","DASHBNB","KEYBTC","THETABNB","VETBTC","LOOMETH","CHATBTC","STORMETH","ARDRBNB","HCETH","ONGBNB","ARNETH","PAXBTC","BCNBNB","TRIGBTC","NXSETH","FUNETH","DENTBTC","AEBNB","USDSUSDC","XLMPAX","ZECUSDC","MTHBTC","MCOETH","GVTETH","NAVBNB","CVCETH","QSPBTC","XVGBTC","ADXETH","BRDBNB","WTCBNB","NCASHETH","SNTBTC","ARDRETH","THETAETH","DCRBNB","AGIBNB","TRIGETH","BQXETH","YOYOETH","REPBNB","ETCETH","LINKPAX","CLOAKETH","REQBTC","RDNBNB","CMTBNB","VENBTC","ZRXETH","AIONETH","BCPTBNB","CMTETH","INSETH","VENETH","NPXSBTC","USDSUSDT","KNCETH","BTTBTC","PHXBTC","WAVESETH","WABIBNB","KEYETH","LINKTUSD","ZENBTC","NASBNB","WAVESBNB","ADAUSDC","EDOETH","NANOBNB","IOTXETH","SUBETH","SYSBNB","EOSPAX","STEEMETH","RLCBNB","REQETH","PAXETH","XEMBNB","ZILBTC","STEEMBNB","NULSETH","BTSBTC","HOTETH","DGDETH","RDNETH","BNBUSDS","WINGSETH","NAVETH","XLMUSDC","STORJETH","SNMBTC","WPRETH","MFTBNB","QTUMBNB","ADAPAX","POEETH","OSTBTC","PPTETH","OMGUSDT","SKYBNB","SUBBTC","CNDBTC","WPRBTC","BRDETH","MTHETH","QSPETH","ETCBNB","PHXETH","GTOBNB","ASTETH","BCHSVUSDC","REPETH","BCCBNB","WINGSBTC","VENBNB","XZCETH","CNDETH","LRCETH","BTGETH","MFTBTC","RCNBNB","XZCXRP","BLZBNB","DOCKETH","QKCETH","GXSETH","TNBETH","SKYETH","BTSETH","BNTETH","ZRXBNB","VIAETH","ICNETH","XZCBNB","OAXETH","MODBTC","WAVESPAX","NEOUSDC","QKCBTC","AIONBNB","OSTETH","MITHBTC","PAXTUSD","FUELBTC","TRXPAX","RPXETH","STORMBNB","SALTETH","WTCETH","ZECTUSD","ARKETH","RENBNB","STORMBTC","MFTETH","CVCBNB","NEBLBNB","OMGBNB","SCETH","QSPBNB","GNTBNB"]}