{"data":{"GASBTC":-12.5165848304,"USDCTUSD":-0.0550049963,"EOSUSDC":-16.4902679235,"ETHPAX":-5.1643968892,"ALGOUSDT":-19.1384602916,"ENGBTC":3.0597751361,"OMGETH":-15.208206366,"PAXTUSD":-0.0152324655,"ICXBNB":-3.984695636,"XRPTUSD":-11.5888656024,"LINKETH":-16.9491763492,"ADATUSD":-13.8085381291,"CELRUSDT":-26.5008471712,"RLCBTC":-16.3515818032,"XLMBTC":-4.4593332114,"LINKBTC":-16.5915120942,"NEOBNB":-13.206354082,"IOSTETH":-21.5121211959,"ZENBTC":-11.5617562196,"SKYBTC":-13.9282390181,"DASHBTC":-5.5898786934,"RVNBNB":-17.2178948084,"XMRBTC":3.6557988847,"THETAUSDT":-4.5412617948,"WAVESBNB":-12.3831407561,"BTCTUSD":3.7556444156,"GVTBTC":-15.8790653372,"BCHABCBTC":-12.3543610356,"BNBUSDC":-4.5302325435,"LSKBTC":-7.8656442889,"XRPBTC":-11.5095463293,"MCOBTC":-6.1427147299,"XRPUSDT":-11.6696376805,"AEBTC":-15.4516531636,"MTLBTC":-14.2339297201,"ATOMBNB":-16.8471421225,"DOGEUSDT":-16.0865615103,"ARNBTC":-24.7061695604,"BCHABCUSDT":-12.9162878658,"XZCBTC":-7.4750306877,"QTUMUSDT":-22.8157875336,"SCETH":3.610706003,"WTCBNB":13.7014591299,"BNBETH":-3.79181808,"TFUELBNB":-7.030459661,"TRXBNB":-10.4866195057,"WAVESUSDT":-9.8916266059,"TRXTUSD":-8.8313350601,"RENBTC":-0.9376095789,"USDSUSDT":0.158497661,"ADXBTC":-21.0654260177,"BNBBTC":-3.2197615563,"WAVESBTC":-10.1102420808,"TRXXRP":-8.4191790138,"ETHUSDT":-5.2333447344,"BNBPAX":-4.4495206924,"XMRETH":5.0890349053,"DGDBTC":6.305117946,"REPBTC":2.8223437689,"ICXBTC":-2.008417304,"ETHBTC":-5.1315182765,"ONTBNB":-20.7252470797,"ENJBTC":-11.4438728976,"LTCETH":-12.0521082003,"KNCETH":-10.4580048537,"ICXUSDT":-3.0134150331,"KNCBTC":-10.5958384893,"BNBTUSD":-5.989360008,"BCHABCUSDC":-12.7073706635,"GTOUSDT":-11.3121031158,"FUELETH":-14.840958015,"XMRUSDT":3.8724342965,"CELRBNB":-27.7186034338,"STEEMBTC":-16.3271537966,"GRSBTC":-17.1691948223,"ZECBTC":-10.7105311419,"BTGBTC":14.0204120769,"ADABNB":-13.7072157268,"VETBNB":-13.5722906252,"OAXBTC":-18.3189848119,"POWRBTC":-18.6887942225,"DASHETH":-5.9444342599,"BATBNB":-2.5074903182,"ATOMUSDT":-17.6410649193,"EOSETH":-17.2921089215,"MATICBNB":-17.1584187955,"ERDBNB":-24.2342260674,"NASBTC":-32.3475682728,"DOGEBNB":-12.0746480041,"ONTBTC":-19.4548775278,"NULSUSDT":-22.0560052529,"PPTBTC":23.6962325328,"CMTBTC":-11.8756057618,"ETHTUSD":-4.9801016085,"USDCPAX":-0.1445261739,"ELFBTC":-21.9543099386,"TRXETH":-9.2152793023,"EOSBNB":-17.8487331405,"NANOUSDT":-6.9454351662,"IOTABTC":-8.9682006727,"RDNBTC":-7.1584384042,"ARKBTC":-11.8780007357,"LTCTUSD":-12.7092984309,"BQXBTC":3.7572955401,"QTUMBTC":-22.7175247048,"BATUSDT":-2.3137991498,"FETUSDT":-21.3282328412,"LINKPAX":-16.8383619036,"ADAUSDC":-12.7028999407,"ZILBNB":-8.837274843,"ICXETH":-2.3715857924,"OMGBTC":-15.0129490861,"LINKUSDT":-16.7543402316,"PIVXBTC":-16.3788309612,"NEOETH":-11.8944974952,"EOSPAX":-16.6565668864,"XRPBNB":-13.327237161,"EOSUSDT":-17.2847946063,"LTCBTC":-12.4051219362,"XLMETH":-3.9285885579,"POLYBTC":-17.6722197655,"CMTETH":-14.7368071439,"ALGOBNB":-20.8098386569,"ADAUSDT":-12.486715329,"LINKUSDC":-16.8945215262,"LTCBNB":-12.7402307466,"IOSTUSDT":-21.3394255188,"RENBNB":-2.6289707728,"INSBTC":-13.5093245338,"STORJBTC":-21.6204267908,"ETHUSDC":-5.1744674955,"FTMUSDT":-8.8030805434,"ENJETH":-12.5414570808,"TUSDUSDT":-0.1361322344,"WTCBTC":17.2779618515,"ZECUSDT":-11.0676762356,"ZRXBTC":-8.5105502495,"BNBUSDT":-4.6540973569,"NAVBTC":-11.8645973385,"AIONBTC":-16.5554276245,"NEBLBTC":-6.6802227163,"WAVESETH":-10.130769935,"NEOUSDT":-11.8566653448,"NEOBTC":-11.8409105068,"BRDBTC":-4.7921606163,"ONTUSDT":-19.7376782737,"ERDUSDT":-21.834219257,"BTCUSDT":3.5376423876,"EVXBTC":-19.2786665237,"THETABTC":-4.0857194695,"MATICUSDT":-15.8694777671,"TRXUSDC":-8.8321697504,"USDCUSDT":-0.1623854184,"LUNBTC":-13.2129698043,"IOTAUSDT":-9.0014607165,"PAXUSDT":-0.1414573049,"DASHUSDT":-6.0414904777,"OMGUSDT":-15.1217649191,"XMRBNB":0.9157024699,"TFUELUSDT":-6.4447631921,"ENJUSDT":-11.4550948359,"MDABTC":-11.0739266621,"PPTETH":23.6984172934,"NULSBTC":-22.1073082265,"VETETH":-11.2624880649,"KMDBTC":-6.2431774385,"ARDRBTC":-25.1570586585,"ZRXUSDT":-8.1473588532,"GXSBTC":-16.4729406784,"BATETH":-2.5499829492,"ALGOBTC":-19.3028710932,"TRXUSDT":-9.3221824286,"LOOMBTC":-20.130368004,"BTCPAX":3.4860732184,"DCRBTC":1.6902762863,"BATBTC":-2.5637843614,"BTTUSDT":-11.3062790228,"KMDETH":-7.5339167647,"WTCETH":17.0633282981,"BCHABCPAX":-13.201571652,"DLTBTC":-18.5601993278,"MITHUSDT":-12.7346785346,"IOTAETH":-8.7535761088,"VETUSDT":-12.2418579004,"ONEBNB":-16.8261811966,"ZECETH":-10.6724415794,"ZILUSDT":-8.7294019175,"ETCUSDT":-13.6266854216,"ATOMBTC":-17.0782921078,"BQXETH":5.8523068641,"ADAETH":-12.9693610661,"VIABTC":-19.9899699188,"LTCPAX":-12.0109726411,"XLMUSDT":-4.2537537556,"FETBTC":-20.2648897444,"HCBTC":-19.9752897413,"EOSBTC":-16.947669223,"BTTBNB":-12.1307856046,"XRPETH":-11.9526622722,"STRATBTC":-17.3052681328,"LTCUSDC":-12.0997292767,"ONTETH":-19.9365603385,"WANBTC":-9.8184568329,"BTCUSDC":3.8485508572,"BCDBTC":-7.4052410827,"LTCUSDT":-12.4287528674,"BTCUSDS":5.0226274993,"ETCBTC":-13.4716887215,"ONEUSDT":-16.0971254123,"XRPPAX":-11.2412509366,"HOTBNB":-12.7655247401,"ZILETH":-8.2339163903,"WABIBTC":-8.4377565682,"HOTUSDT":-12.1352761502,"ONGBTC":-6.0542790635,"CMTBNB":-15.3345571054,"NANOBTC":-7.1428566207,"XRPUSDC":-11.2115619326,"BCHABCTUSD":-13.1940034076,"FTMBNB":-7.9758714718,"LINKTUSD":-15.8437341494},"startDate":"2019-07-05","endDate":"2019-07-12","numDays":7,