{"data":{"DASHUSDT":20.178413259,"DUSKBNB":130.1578799331,"ETCUSDT":92.5428888596,"BTGBTC":528.7887789737,"NULSUSDT":-53.5226159606,"WANBTC":-25.2565819717,"CELRBNB":40.2412902189,"THETAUSDT":6.3893561552,"BCDBTC":639.2878096699,"BATUSDT":-18.1372251477,"GRSBTC":-23.7394458504,"LINKUSDT":45.4626380607,"XMRBNB":-71.7863032803,"LINKTUSD":51.0233960265,"DASHBTC":-6.6187532284,"ENJETH":174.6290158731,"PAXTUSD":73.0954266177,"ETHBTC":-9.7571029921,"TUSDUSDT":-22.9274282457,"LTCBTC":10.1479900828,"BNBUSDT":-64.8905835131,"EOSPAX":145.2656045625,"WINUSDC":-90.9384582714,"BNBTUSD":-32.1595757991,"ZILBNB":-32.5290158982,"ONEUSDT":-76.1954847039,"ALGOBNB":19.2112583991,"BRDBTC":-52.934689135,"NANOUSDT":-22.1848756205,"ICXBTC":-11.8334509419,"ONTBTC":-33.1633264659,"FTMBNB":-66.4931190891,"MTLBTC":4274.1940567355,"XLMETH":-10.4549627689,"MITHUSDT":-70.8686545066,"NULSBTC":-2.9344507649,"XRPBTC":74.5698161639,"VIABTC":-17.2327475989,"ADAUSDT":5.5760391635,"BTCUSDC":-4.9363970882,"GXSBTC":27.4236270793,"DCRBTC":-74.7489663381,"BTTUSDT":-64.7993301605,"DUSKUSDC":121.1741746416,"NXSBTC":119.3090291686,"OMGUSDT":199.5315137603,"XMRETH":-41.1594280166,"ANKRUSDT":-88.002253476,"NAVBTC":517.4995160607,"WAVESETH":-24.2104740666,"DUSKBTC":225.0493979146,"MATICUSDT":-65.602994367,"BTCUSDS":-48.3052688766,"GVTBTC":96.0669848447,"QTUMUSDT":21.6993152397,"BCHABCUSDT":96.6145878319,"THETAETH":61.566149456,"ICXUSDT":39.1611736876,"XRPPAX":-18.4157368003,"EOSBTC":78.3517482943,"LINKUSDC":71.5724120229,"IOTABTC":97.6726425893,"ENGBTC":-48.243672176,"COSBNB":-90.0282758495,"PPTBTC":-56.8201048581,"BRDBNB":-80.4203971632,"MATICBNB":-68.6711917428,"XRPUSDC":80.5339387658,"RENBNB":-72.9837608019,"LINKETH":42.6432759991,"BCPTETH":73.1440854512,"NANOETH":11.0090665511,"IOSTUSDT":-86.360362749,"ADATUSD":-25.8998170652,"EOSBNB":-65.8442642221,"DASHETH":-22.635076175,"BTTBNB":-66.6518346133,"MCOBTC":-38.9538357437,"ZECBTC":-10.5079387683,"BCHABCBTC":130.9727792559,"ZRXUSDT":-17.6045919261,"XLMUSDT":35.5499883,"DGDBTC":-54.4775375684,"XMRUSDT":-48.5632918773,"ADAETH":-14.4777202219,"LINKPAX":240.5525127718,"HCBTC":-56.0089815266,"TRXBNB":-43.227024574,"ANKRPAX":-65.0368302077,"WINUSDT":-84.6852198771,"BNBETH":-64.4152930824,"XMRBTC":-47.5342697804,"OMGBTC":44.4080096185,"WAVESBTC":-6.8399452215,"TRXXRP":169.346799233,"ETHUSDT":3.3976081685,"NANOBTC":-23.0922583391,"ONTETH":35.9856234022,"BCHABCTUSD":72.4841749054,"ETHUSDC":205.8338386469,"ZECUSDT":-29.2898043476,"CELRUSDT":-65.6528909835,"LTCUSDT":-21.2269976796,"USDSUSDT":-59.2314256467,"THETABTC":-12.1207959875,"HOTBNB":-26.6647210294,"ALGOUSDC":300.0894105344,"BATBNB":-32.9447866393,"HOTUSDT":-18.018602711,"BTCPAX":-45.8371976049,"XRPETH":298.0658456104,"XLMBNB":-66.8243002697,"EOSUSDT":85.0453558009,"TRXETH":32.2886950306,"ATOMBTC":17.7187425477,"ZILETH":-16.1578739297,"VETUSDT":-71.3631949049,"ENJUSDT":-43.1252861304,"NEBLBTC":-4.1244380688,"ETHTUSD":45.7413659684,"WINBNB":-76.6098989027,"EVXBTC":65.5436659162,"ZENBTC":11.6041604562,"GASBTC":-58.3492987381,"BTCUSDT":-38.7213039024,"ERDUSDT":-74.8697638105,"BCHABCPAX":166.5205862129,"XRPUSDT":88.7401476596,"EOSUSDC":308.0272533326,"FETUSDT":-75.3235282079,"PIVXBTC":-55.5655372582,"ENJBTC":-3.8416061078,"OMGETH":77.306605932,"PAXUSDT":-46.5952876959,"LTCBNB":-48.4678251547,"NASBTC":107.8777702228,"WTCBTC":-6.226365481,"ONTUSDT":-12.5543029336,"ALGOUSDT":80.6290388009,"ZECETH":-23.3533365744,"ALGOBTC":113.1580842954,"XZCBTC":-18.6668614877,"ANKRBNB":-92.1828131901,"VETETH":-52.3862310584,"ZRXETH":-1.8581922541,"ICXETH":-3.5268193283,"BNBUSDC":-44.934877145,"BNBPAX":-55.7526753683,"QTUMBTC":67.2886744699,"USDCUSDT":-37.7297309468,"KMDBTC":-38.5579986701,"LTCTUSD":-52.7931026216,"STRATBTC":-17.308141048,"RDNBTC":53.7921422351,"ATOMBNB":-80.7711409061,"TRXUSDT":-11.8791572509,"NEOBTC":-43.4609999318,"ONEBNB":64.3654683051,"ICXBNB":-24.446356087,"ETHPAX":1.9322913118,"EDOBTC":-86.4075350799,"BTCTUSD":28.7337927082,"NEOETH":-41.7067333883,"ARNBTC":-13.38154343,"ELFETH":-39.0085667083,"IOSTETH":-82.621765959,"ERDBNB":-78.8191631915,"IOTAUSDT":35.7961444143,"AEBTC":-17.6492024466,"STEEMBTC":56.4625369315,"TFUELUSDT":-17.5768858751,"GTOUSDT":-0.260672984,"NEOBNB":-67.9189741574,"RVNBNB":-70.0086482301,"ENJBNB":-54.1301557721,"BCPTUSDC":-3.6380074739,"TRXUSDC":27.3875347874,"SKYBTC":-11.7468274576,"LTCUSDC":17.472969866,"VETBNB":-82.1291794772,"ATOMUSDT":-20.318796556,"BATETH":-2.7681053906,"WAVESUSDT":-18.0136489648,"BNBBTC":-50.8726347853,"ADAUSDC":17.0275931185,"USDCTUSD":8.0773192857,"BCHABCUSDC":112.4538624869,"ZILUSDT":-31.106741491,"XRPTUSD":350.1590756046,"RLCBTC":22.1368839088,"IOTAETH":-1.2765872359,"LTCETH":37.7866099991,"EOSETH":131.0547761689,"ANKRUSDC":-93.4950065066,"DUSKUSDT":154.6410370714,"FTMUSDT":-51.0864834954,"NEOUSDT":-5.8667811405,"REPBTC":20.3911331481,"ARKBTC":2.0656003851,"COSUSDT":-87.6785174252,"XRPBNB":-8.3005285704,"MDABTC":184.6009152361,"LSKBTC":-11.3618553833,"LRCETH":30.3022400462,"ZECBNB":-92.5869958522,"LINKBTC":17.8494600512,"LUNBTC":-80.0493208816,"ETCBTC":101.4869616549,"DOGEUSDT":-28.8836446997,"LTCPAX":-26.5697690332,"USDCPAX":-70.5979555852,"ADABNB":-56.0858028625,"ETCETH":177.9929308684},"startDate":"2019-08-08","endDate":"2019-08-15","numDays":7,