{"data":{"BNBBTC":34.586285015,"BTCUSDC":26.2084891213,"LUNETH":171.1188935975,"STORJBTC":-88.5224642879,"BCHSVUSDT":-27.3982788502,"POLYBTC":-64.9369322566,"LINKUSDC":1122.4211192868,"DLTETH":-23.3699548735,"EOSETH":-59.2103759147,"BNBUSDT":69.3614312293,"BTCPAX":-43.6706315635,"STEEMBTC":-28.41689611,"LTCETH":-32.8900366708,"XLMETH":3.6599275663,"EOSUSDT":-41.2216802587,"EOSUSDC":-48.6554356498,"INSBTC":-82.5530264675,"ETHUSDT":-47.7520341848,"LINKUSDT":200.7034350395,"WINGSBTC":-76.9924334358,"DCRBTC":-36.6794528355,"WAVESUSDT":620.3906510695,"BNTETH":1830.9710771588,"ARNETH":-49.337564107,"GTOETH":-6.0912680445,"NANOBTC":218.296821606,"BCHABCBTC":-2.3478487998,"ADATUSD":-80.812301514,"ZRXETH":66.8786905946,"EVXETH":472.5726825755,"BCDBTC":-87.492982668,"BNTBTC":2198.4136606801,"LTCBTC":-19.3982045828,"XMRETH":46.8893493139,"MDABTC":404.7409407238,"DASHBTC":37.0161472461,"ICXUSDT":-14.8655017193,"THETABTC":495.4367269904,"VIABTC":-81.8936178339,"ADAETH":-18.2179150619,"NXSBTC":-78.7847865669,"LTCBNB":35.2503043347,"LSKBTC":66.837636965,"USDCPAX":-72.3296221825,"MTLBTC":106.5056542319,"XLMBTC":96.9765133479,"WANBTC":-11.5574133635,"BQXBTC":-70.1653555838,"TRXTUSD":287.2371916655,"EDOBTC":40.9361005586,"XMRBTC":10.4556862276,"ZRXBTC":151.9534919134,"BTCUSDT":-18.9710601534,"STRATBTC":-34.6652849332,"REPETH":-87.4700728041,"XLMPAX":-38.3156141219,"NEOUSDT":-46.1909785094,"XRPUSDT":-3.3674897452,"XRPTUSD":148.0352866554,"XRPUSDC":9.4039405266,"USDCTUSD":33.9174806296,"GVTETH":100.7472166383,"NULSBTC":307.7979384485,"ETHPAX":-56.4757165524,"WTCBTC":-13.3719034724,"ETCUSDT":-68.0636102625,"BRDBTC":69.474490429,"BCHSVBTC":-38.1389840903,"XLMUSDC":-9.9495418942,"LINKETH":37.0862122974,"NEOTUSD":30.2258107492,"ADAUSDT":-38.9891306318,"NEBLBTC":-37.4312471936,"ONTUSDT":-8.8505941143,"DGDBTC":344.6354501863,"ZECBTC":-54.837954135,"LINKTUSD":2265.0198408228,"HOTETH":50.7598716092,"MODBTC":-36.0028094405,"PAXUSDT":-48.9597356385,"TRXBNB":156.3659249401,"ETHUSDC":-34.6556077642,"TUSDETH":-39.4438318438,"LRCETH":146.4958949929,"NULSUSDT":325.7133587965,"PIVXBTC":-2.7188471948,"TUSDUSDT":18.2775501245,"EOSPAX":-49.1910368898,"NEOETH":-13.1609031937,"BNBPAX":-22.6191159955,"BTGBTC":-32.0225548007,"GVTBTC":108.2692732542,"OAXBTC":-80.7981733528,"ONTETH":17.2809771826,"VETUSDT":35.2050740059,"XRPETH":-12.4118586659,"SKYBTC":-72.5839304468,"EVXBTC":2028.8893194955,"ONTBTC":30.2436214861,"POWRBTC":-84.5922045492,"GRSBTC":27.7644750522,"TRXXRP":553.0230498374,"IOTABTC":150.6882255361,"WAVESBTC":183.7107338037,"TRXUSDT":174.6618475367,"VETETH":15.1003267037,"WAVESTUSD":2367.1422030436,"XLMUSDT":18.6406289329,"IOTAETH":15.2283996208,"PPTBTC":8.5368484535,"QTUMUSDT":-45.562802716,"BATBTC":-36.9492757438,"NAVBTC":-55.2752080154,"OMGBTC":144.0191958504,"TRXETH":193.6488849512,"ETCBTC":-47.5417699342,"XRPBNB":77.0126439383,"IOTAUSDT":40.0551770356,"ICXETH":91.7718334496,"RDNBTC":-72.7096280583,"AGIBTC":233.7647493083,"ZENBTC":-87.4600992379,"HCBTC":-74.697440017,"NANOETH":101.2305200062,"XLMTUSD":149.7150403375,"GASBTC":-22.4331972042,"ADXBTC":-75.9599033332,"QTUMBTC":-11.0006980121,"NASBTC":157.6356055967,"NEOBTC":-5.4945928233,"DLTBTC":-31.1613621998,"OAXETH":-73.4942439367,"CMTETH":-60.2706546927,"ELFBTC":-36.2626263535,"KNCBTC":-31.9059957694,"XRPPAX":-36.0911829641,"AEBTC":26.1305875099,"FUNETH":4.0361290823,"CLOAKBTC":-83.4305271995,"SALTBTC":-67.5159135378,"DNTETH":-71.4706787997,"XZCBTC":-60.2763872778,"TUSDBTC":72.6548092385,"BCHABCUSDT":19.6777218392,"PAXTUSD":-54.3002663494,"BNBUSDC":61.2542330802,"ETHBTC":1.0738267595,"OMGETH":120.124526308,"ARKBTC":148.0540161398,"AIONBTC":-43.0441437146,"ICXBTC":-2.2111260817,"BQXETH":-64.8664355648,"GXSBTC":-83.4561895454,"EOSBTC":-37.8667198856,"ENGBTC":29.8568670656,"WAVESETH":366.5611506503,"LTCUSDT":-27.7433085238,"LUNBTC":32.3524261497,"LINKBTC":59.3918827911,"XRPBTC":-18.4518827461,"MCOBTC":-73.348081348,"TUSDBNB":249.4218095848,"THETAETH":363.7626965985,"USDCUSDT":81.5651961161,"BNBETH":49.6694363391,"REPBTC":-87.4416415444,"ARNBTC":-65.0817445327,"RLCBTC":769.6500134893,"KMDBTC":68.2759681339,"ZILETH":354.4504142243,"LRCBTC":56.9582837043,"WABIBTC":-67.8776687563,"WAVESBNB":562.5652710449},"startDate":"2019-01-21","endDate":"2019-01-28","numDays":7,"excludedPairs":["NPXSETH","TNBBTC","WANETH","DATABTC","NASETH","ZECETH","AMBBNB","MDAETH","STORMBNB","PAXBNB","ICXBNB","BRDETH","BATBNB","PHXBNB","HSRBTC","CVCBNB","ADABTC","VIABNB","MFTETH","KMDETH","BLZBNB","BLZETH","QLCETH","VENBTC","XEMETH","BCHSVTUSD","BCHABCTUSD","AIONBNB","XZCBNB","STEEMETH","NASBNB","STORMETH","NEOBNB","DNTBTC","LTCPAX","ARKETH","SNTBTC","CDTETH","CNDBTC","USDCBTC","SKYBNB","AMBETH","CNDBNB","THETABNB","GTOBNB","NULSETH","GNTBTC","DCRBNB","NPXSBTC","WAVESUSDC","SCBTC","BCHABCUSDC","WANBNB","BCPTETH","DENTBTC","ICNBTC","SALTETH","XZCETH","LOOMETH","REQETH","TRXPAX","BRDBNB","STORMBTC","VIAETH","PPTETH","BCCETH","CDTBTC","TRXBTC","ICNETH","GNTETH","PAXETH","BTSBTC","NEBLBNB","GNTBNB","IOSTETH","ONTBNB","ARDRBNB","REPBNB","IOTABNB","AEBNB","OSTBNB","MITHBNB","PIVXBNB","SUBBTC","SNTETH","FUELBTC","QSPETH","XVGETH","RLCBNB","VENETH","AGIETH","QLCBNB","WPRBTC","BTGETH","EOSTUSD","BCHSVUSDC","CHATBTC","NCASHBNB","DLTBNB","IOSTBTC","RDNBNB","SCETH","SNMETH","OSTETH","SYSBNB","NAVETH","MANAETH","VIBBTC","SUBETH","IOTXBTC","LENDETH","EDOETH","POEETH","BCHABCPAX","POLYBNB","RENBNB","ELFETH","ENJBNB","SYSBTC","RLCETH","WINGSETH","TNTBTC","LTCUSDC","RVNBTC","HCETH","GOBNB","NXSETH","FUELETH","LINKPAX","RPXETH","NCASHETH","STRATETH","ARDRETH","APPCBNB","NXSBNB","TRIGBTC","SYSETH","ENJBTC","VENUSDT","CMTBTC","CVCBTC","NEBLETH","ADXETH","ZENBNB","QKCBTC","QSPBNB","ZILBNB","ARDRBTC","BCHSVPAX","LSKETH","VETBTC","LENDBTC","NANOBNB","AGIBNB","WAVESPAX","SCBNB","SNGLSETH","QTUMETH","POAETH","DOCKETH","BLZBTC","ADABNB","VETBNB","KNCETH","MFTBNB","MTHETH","BCCBNB","CMTBNB","KEYBTC","GTOBTC","XLMBNB","DGDETH","PAXBTC","QKCETH","AIONETH","RDNETH","ADXBNB","APPCETH","PHXETH","VIBEETH","RCNETH","REQBTC","GRSETH","BCPTBNB","SNGLSBTC","QLCBTC","RPXBTC","XZCXRP","POABNB","POEBTC","ZENETH","ETCETH","CHATETH","FUNBTC","CLOAKETH","GOBTC","MTHBTC","BCCUSDT","LSKBNB","HSRETH","XVGBTC","DENTETH","LTCTUSD","AEETH","PHXBTC","ZILBTC","XEMBTC","WPRETH","YOYOBTC","EOSBNB","MTLETH","MANABTC","PIVXETH","MODETH","TRXUSDC","ASTBTC","POWRETH","XEMBNB","USDCBNB","RVNBNB","KEYETH","MCOBNB","RENBTC","MCOETH","ENGETH","LOOMBTC","WTCETH","CVCETH","BCNBTC","TRIGETH","QSPBTC","STEEMBNB","BTSETH","BCCBTC","HOTBTC","DOCKBTC","BTSBNB","CNDETH","ASTETH","IOTXETH","VIBETH","NCASHBTC","MFTBTC","RCNBTC","BATETH","STORJETH","LOOMBNB","VENBNB","DATAETH","GXSETH","WTCBNB","BCDETH","POWRBNB","ENJETH","BCNETH","VIBEBTC","INSETH","TNBETH","OSTBTC","WABIBNB","NULSBNB","WABIETH","SKYETH","MITHBTC","RPXBNB","APPCBTC","BCPTBTC","DASHETH","TRIGBNB","YOYOETH","YOYOBNB","RCNBNB","AMBBTC","QTUMBNB","ETCBNB","TNTETH","POABTC","SNMBTC","BCNBNB","NAVBNB"]}