{"data":{"LINKBTC":-0.9824823754,"KNCETH":2.2494500512,"NEOBNB":10.9676587136,"TUSDETH":0.9295443404,"ADAUSDT":0.0191390953,"TRXTUSD":-7.7570244163,"PPTBTC":-1.298474442,"PIVXBTC":2.2679715022,"BCHABCBTC":-2.0854103376,"BCHSVBTC":-3.7382934432,"VETUSDT":1.7851826835,"ETCBTC":2.249912714,"USDCUSDT":0.2601252145,"WTCBTC":-0.8485777301,"DASHETH":8.9602242147,"XLMUSDT":0.0250075813,"BATETH":9.5992252211,"NEOBTC":7.8623463779,"NAVBTC":4.5443887017,"TUSDUSDT":0.0821356285,"DGDBTC":-10.1114262574,"WAVESTUSD":-2.8178970663,"HCBTC":-7.9579425071,"XMRBTC":-2.2194105172,"AIONBTC":-2.4752088694,"TRXUSDT":-7.5271781037,"APPCBTC":49.239628861,"EDOBTC":-2.4447720685,"EOSTUSD":3.9720959607,"NXSBTC":-3.0611650328,"BTGBTC":3.6639319223,"MODBTC":-48.2508849117,"ZRXBTC":-3.8878096607,"LTCBNB":-2.1443165591,"MTLBTC":16.4586327342,"INSBTC":-4.7777663606,"GASBTC":50.0190326477,"NEOUSDT":8.2269131688,"ZECBTC":2.8134773635,"LINKETH":-0.0671878826,"XRPUSDT":-0.8493429452,"STRATBTC":6.6787270801,"LUNBTC":1.6058027499,"THETAETH":3.5072962727,"ARKETH":26.5943632874,"IOTAUSDT":-0.0261224453,"TRXXRP":-7.5331362112,"XRPBTC":-1.2035530116,"RLCBTC":1.8763741239,"BCHABCUSDT":-1.6208268033,"XRPUSDC":-1.1172668906,"XMRETH":0.0457286329,"ZILETH":3.2945737188,"ONTUSDT":13.0335495578,"ADAETH":0.1430333714,"POWRBTC":21.9153121715,"STEEMBTC":9.3379941894,"TUSDBTC":-0.072936695,"BNBUSDC":-0.0321381302,"XRPTUSD":-0.6443219434,"DASHBTC":7.2737334344,"ARNETH":0.783145343,"LINKTUSD":-0.8252924322,"VIABTC":5.048444981,"WAVESBTC":-1.9836213859,"USDCTUSD":0.1422113123,"ENJETH":12.286133768,"BTCUSDT":-0.1703478419,"GVTBTC":-1.1271422563,"XLMTUSD":-0.7534699037,"PAXTUSD":0.1820729071,"ELFETH":19.3302655091,"CVCBTC":8.4082381243,"OMGBTC":3.2207840903,"ADATUSD":-0.5426520409,"MDABTC":0.5176052561,"BTTUSDT":5.0127019241,"EVXBTC":-1.6983235587,"AEBTC":4.3056838067,"BTTBNB":5.3775221706,"ETHPAX":7.7882552433,"ETHBTC":7.3981925158,"KNCBTC":-2.1164808153,"ZENBTC":2.0644027593,"REPBTC":-0.381757967,"ETHUSDC":8.821991899,"BTCPAX":-0.1161204562,"EOSUSDC":4.2938608795,"BNBBTC":-1.090835917,"XRPETH":-0.4042481493,"NANOBTC":2.8016153845,"NEOETH":10.6328478968,"ONTETH":15.3897461548,"ICXUSDT":4.6963749791,"RDNETH":26.0201374029,"ELFBTC":15.2169124971,"BQXBTC":4.7842711597,"BTCUSDS":-0.7897714052,"MCOETH":25.1566881641,"TUSDBNB":0.1577106099,"ICXETH":7.9732904448,"XLMPAX":-0.2127616638,"GRSBTC":14.5382675696,"IOTABTC":-0.8183863359,"DLTBTC":-17.4172967307,"RDNBTC":24.9029637998,"THETABTC":1.4066407738,"LTCETH":-3.4097210702,"XRPPAX":-0.8989538161,"XEMBTC":4.1807214611,"EOSBTC":3.7484419907,"NEBLBTC":-1.4670162887,"STORJETH":107.0266117148,"LSKBTC":3.004433462,"BNBPAX":-1.0846203203,"QTUMUSDT":2.3087233899,"WABIBTC":-2.5961617712,"XLMETH":0.2911732972,"NANOETH":3.9993859406,"WINGSBTC":-44.2916542806,"SKYBTC":-3.3658153858,"OAXBTC":0.3343878031,"BCHSVUSDT":-3.1787555031,"LINKUSDT":0.3373453668,"ZECETH":4.4541600473,"NULSBTC":3.6191887279,"WAVESETH":-1.577245751,"LTCUSDC":-4.9838500265,"BCHABCTUSD":-1.9194364338,"ARKBTC":28.3878841542,"TRXBNB":-6.9360943019,"BNBETH":-0.3143612581,"LTCBTC":-3.3029804017,"SALTBTC":-14.6939567444,"USDCPAX":0.2706858575,"THETABNB":3.4582898236,"XRPBNB":-0.2130689934,"ADXBTC":12.3011333918,"STORJBTC":101.0312561025,"NASBTC":5.3208227212,"ARNBTC":-0.2713329512,"WAVESUSDT":-2.3321866985,"ONTBNB":13.9356822508,"QTUMBTC":1.3877266506,"BTCUSDC":-0.4536522694,"TRXETH":-6.6534120739,"ADABNB":0.5207302087,"BATBTC":8.5827658262,"ETCUSDT":2.5364100268,"BCDBTC":-2.0446546007,"MITHBTC":4.7856291901,"LTCTUSD":-3.8065415059,"WANBTC":-1.085371699,"OMGETH":4.7000729565,"DCRBTC":1.0125315471,"XZCBTC":1.6835449848,"EVXETH":-0.9540136158,"EOSBNB":4.1829765907,"EOSUSDT":4.1811707076,"LTCUSDT":-3.2705061243,"ENGBTC":0.6260261225,"GXSBTC":-8.924145534,"KMDBTC":33.6038829211,"XLMBNB":0.5401096794,"CLOAKBTC":-36.8369248656,"NULSUSDT":3.9807965854,"XLMUSDC":0.3372235152,"ONTBTC":13.1199879849,"EOSETH":5.8993699308,"BNBUSDT":-0.9205102417,"ICXBTC":4.3109874283,"ETHUSDT":7.8897134186,"PAXUSDT":0.3363920608,"VETETH":3.6215345835,"IOTAETH":0.9031452388,"NEOTUSD":7.4576823594,"FUELETH":7.3984248874,"MCOBTC":21.7094710906,"EOSPAX":4.4486364265},"startDate":"2019-02-11","endDate":"2019-02-18","numDays":7,"excludedPairs":["ONGBNB","QSPBTC","DGDETH","INSETH","CNDBNB","QLCBTC","IOSTBTC","AMBBNB","VIBEETH","VENUSDT","BNBUSDS","BRDBNB","NXSBNB","VETBTC","NXSETH","BCHABCUSDC","POWRETH","POABTC","SYSETH","QSPETH","SCBNB","TNBBTC","RENBNB","XVGBTC","ADXETH","BTTPAX","IOTXETH","EDOETH","POWRBNB","PAXETH","ONGUSDT","BCHSVPAX","QLCBNB","BNTETH","CMTBTC","AGIBNB","PIVXETH","QTUMETH","WTCETH","USDSUSDT","WTCBNB","RCNBTC","CMTBNB","SNGLSETH","ZILBTC","SYSBTC","PHXBNB","WPRETH","LRCBTC","WABIBNB","LOOMBNB","ADXBNB","POABNB","BCHABCPAX","GTOBTC","TRXBTC","USDSTUSD","CVCETH","MDAETH","LINKPAX","BCPTETH","TRIGBNB","REQETH","VIBBTC","NULSETH","QLCETH","CHATETH","DNTBTC","HSRBTC","RVNBNB","NASETH","SNGLSBTC","KEYETH","OSTBTC","GRSETH","STEEMETH","BNTBTC","STORMETH","IOTXBTC","BCNBNB","GVTETH","NCASHBTC","BTSBNB","SNTETH","USDSPAX","RCNETH","MITHBNB","XZCXRP","SNMBTC","NPXSBTC","NAVBNB","ZRXETH","BTGETH","YOYOBNB","FUELBTC","BTSBTC","USDSUSDC","BCNETH","SUBETH","GTOETH","AEBNB","ARDRBTC","WAVESUSDC","TRXUSDC","XVGETH","HSRETH","SYSBNB","WAVESBNB","POLYBTC","TRXPAX","AMBETH","SCETH","XZCBNB","ZENBNB","WANBNB","GNTBNB","SKYETH","VIBEBTC","REPBNB","DENTETH","TNBETH","ENJBTC","BLZBNB","XZCETH","ETCETH","ICXBNB","VETBNB","WANETH","GNTETH","PAXBNB","BCCETH","LOOMBTC","CVCBNB","DATABTC","MFTBNB","BCPTBNB","ARDRBNB","QKCETH","DATAETH","BTTUSDC","APPCBNB","KMDETH","BATBNB","WINGSETH","BCHSVTUSD","VIABNB","AIONETH","YOYOBTC","STEEMBNB","NANOBNB","MCOBNB","AGIETH","AGIBTC","ENJBNB","LINKUSDC","LSKETH","NEBLETH","NASBNB","LUNETH","VENBNB","LENDETH","GTOBNB","POLYBNB","LENDBTC","CMTETH","QTUMBNB","VENETH","GXSETH","SNMETH","REPETH","HOTBTC","POAETH","VIAETH","KEYBTC","TRIGETH","PAXBTC","MODETH","QKCBTC","RCNBNB","BLZBTC","GOBNB","SCBTC","BCDETH","ICNBTC","CDTBTC","PHXBTC","DOCKBTC","BCCUSDT","CLOAKETH","DLTETH","SNTBTC","BLZETH","SALTETH","HOTETH","XLMBTC","AIONBNB","POEETH","FUNETH","USDCBNB","GOBTC","USDCBTC","YOYOETH","CHATBTC","RPXBNB","SKYBNB","QSPBNB","NCASHETH","TNTETH","RVNBTC","RLCBNB","DCRBNB","DLTBNB","CNDETH","LRCETH","BTTTUSD","DENTBTC","STRATETH","BCCBNB","IOTABNB","POEBTC","BTSETH","HCETH","TNTBTC","AMBBTC","BCPTBTC","ZENETH","XEMETH","ZILBNB","RPXETH","ONGBTC","VIBETH","LOOMETH","RDNBNB","NEBLBNB","LSKBNB","ETCBNB","ENGETH","VENBTC","BCNBTC","FUNBTC","PHXETH","BTTBTC","BCHSVUSDC","ASTETH","OAXETH","MTHETH","MTHBTC","OSTBNB","RENBTC","MFTBTC","SUBBTC","STORMBTC","BCCBTC","TRIGBTC","XEMBNB","ADABTC","WABIETH","NCASHBNB","BQXETH","DNTETH","AEETH","RPXBTC","BRDETH","ARDRETH","WPRBTC","MANABTC","PPTETH","MTLETH","MANAETH","IOSTETH","ICNETH","PIVXBNB","NPXSETH","ASTBTC","STORMBNB","CDTETH","NULSBNB","NAVETH","GNTBTC","REQBTC","BRDBTC","LTCPAX","RLCETH","APPCETH","CNDBTC","MFTETH","OSTETH","DOCKETH","WAVESPAX"]}