{"data":{"BNBETH":24.7363865126,"XRPBTC":0.1751537941,"ZILETH":5.486831086,"TRXBNB":0.4694737433,"EOSETH":5.2391507868,"STRATBTC":-0.2124149299,"EOSUSDT":5.0750828678,"NEBLBTC":11.471354687,"ZILUSDT":4.8202665434,"NEOBTC":1.0525949604,"LINKETH":19.7982947093,"FETUSDT":-35.9519435851,"OAXBTC":1.6819175845,"ENGBTC":11.7083194416,"LTCPAX":17.8966735945,"BCHABCUSDT":0.7806031987,"NXSBTC":48.9106129919,"BNBPAX":23.7018481444,"BCHABCTUSD":0.8068408743,"AIONBTC":14.3472369364,"GRSBTC":9.1301252913,"APPCBTC":10.2313415121,"ETHBTC":2.3808360801,"TUSDETH":0.4299938284,"XLMBNB":13.605016605,"XRPPAX":0.1483255811,"LSKBTC":3.9499774724,"PIVXBTC":2.8419379223,"RVNBTC":39.0649243508,"ICXBTC":24.8853270687,"BCHABCBTC":0.667985478,"RLCBTC":-0.5185056812,"ZRXBTC":8.8598787143,"TRXUSDT":-0.1927507038,"MCOBTC":8.2821597856,"THETABNB":28.8085076085,"QTUMBTC":4.2150734774,"XRPTUSD":0.4919847619,"USDCUSDT":0.0385985546,"PPTBTC":2.9496998358,"XLMTUSD":11.6796762504,"LTCBTC":17.7023504657,"MTLBTC":7.1537274594,"EOSBTC":5.1389018467,"BNTBTC":31.6697011694,"TNBETH":21.4401885838,"TUSDBTC":0.0408545055,"THETABTC":29.6217152641,"XLMUSDT":11.8550010545,"VETUSDT":7.2252289899,"EOSUSDC":5.598065048,"EOSPAX":5.184181256,"KNCETH":84.5996791699,"ETHUSDT":2.4229773973,"DLTBTC":7.9117572803,"HOTUSDT":-2.6376157187,"XZCBTC":6.5463974648,"ENJBTC":148.3688651551,"ICXUSDT":24.3616533129,"RDNBTC":2.1862233958,"BTTBNB":-6.4383578993,"STEEMBTC":28.9688829682,"LOOMBTC":7.3670467972,"PHXETH":19.2918513757,"NASBTC":11.4107148127,"BATBNB":19.036056226,"LTCUSDT":17.673073792,"QTUMUSDT":4.1909786269,"BTCUSDS":2.3374279484,"BTGBTC":2.5560361104,"USDSPAX":0.0769021207,"XRPETH":0.9374547494,"TUSDBNB":0.0091669558,"ONTETH":8.7075003923,"HOTBNB":-1.9099836241,"REPBTC":2.6658283576,"LTCUSDC":17.684795318,"MFTETH":3.6707672047,"ICXETH":25.6072454821,"APPCETH":13.1209900029,"BATETH":18.6637471013,"XLMBTC":11.5560022053,"BNBUSDT":23.6552763766,"BATBTC":17.3442008835,"ONGUSDT":-8.2731625883,"ADAUSDT":7.1342065984,"ONTUSDT":7.8136499406,"ADXBTC":11.6823829766,"LTCTUSD":18.0361206043,"FUELETH":31.3071509947,"DCRBTC":-0.0926310718,"EOSTUSD":4.9478362598,"PAXTUSD":-0.016774052,"USDCTUSD":-0.0514726781,"DASHBTC":0.6409057841,"ARNBTC":13.9733484118,"VETETH":7.5951466644,"WABIBTC":39.6065457103,"MDABTC":23.7306048044,"NEOETH":1.9121968759,"XRPUSDT":0.22720081,"ADABNB":8.0334725313,"ZRXUSDT":9.1292467034,"GVTBTC":-1.8154057881,"BCHSVBTC":1.3928739194,"OMGETH":10.5513915419,"KMDBTC":-1.2761417151,"BNBBTC":23.9548860627,"GXSBTC":16.579836146,"POLYBTC":-5.5669457415,"TRXTUSD":-0.3543080385,"NEOUSDT":1.0253257741,"VIABTC":8.3136551509,"BTCUSDT":2.5048016768,"WANBTC":34.532273097,"NEOBNB":2.071464834,"NANOBTC":7.4682991055,"ARNETH":12.9990584779,"USDCPAX":-0.0122637657,"INSBTC":-3.832835906,"TUSDUSDT":0.0957712358,"BTCUSDC":2.5182124257,"SKYBTC":-10.4533439672,"LOOMETH":8.9417188709,"GASBTC":0.9640967416,"ENJBNB":149.7851963843,"IOTABTC":-2.8190200922,"TRXXRP":-0.1305024944,"EOSBNB":5.7324951825,"WTCBTC":3.0322599558,"BNBUSDC":24.5705415886,"BTCPAX":2.5132879731,"ADATUSD":7.1650854774,"EDOBTC":2.4375687975,"BCHSVUSDT":1.6319402971,"ARKBTC":4.7285146956,"EVXBTC":4.3538993896,"PHXBNB":15.7082314743,"ADAETH":8.0777624607,"MITHBTC":16.3895984622,"LINKUSDT":18.8666598122,"FETBNB":-36.1338021035,"FETBTC":-35.8502459955,"LINKTUSD":17.6994109951,"XRPBNB":1.3807555189,"AMBBTC":3.7720322899,"ETHUSDC":3.2116406891,"ONTBNB":8.8719891938,"ETCBTC":0.2424858578,"ETHPAX":2.8650239543,"HCBTC":10.3275859585,"BNTETH":31.1292969669,"WANETH":34.5672044375,"LTCETH":18.8157325139,"BQXBTC":17.0211833132,"KNCBTC":82.8291519631,"ETCUSDT":0.0001387948,"IOTAUSDT":-2.7883293502,"BRDBTC":4.124801163,"BTTUSDT":-7.7747822738,"ICXBNB":26.0280457134,"ONTBTC":7.9677296334,"BCPTBTC":21.358314025,"LINKBTC":19.0944485715,"NULSUSDT":33.0961138447,"THETAETH":29.5501706113,"OMGBTC":9.8234302871,"BLZBTC":0.8767272195,"WAVESBTC":2.8161404481,"AEBTC":-1.2432787803,"DGDBTC":-0.8297182686,"ENJETH":150.3828603711,"ONGBTC":-8.4425039415,"WAVESUSDT":3.0600628255,"NULSBTC":32.7227869737,"POWRBTC":6.2769381835,"STORJBTC":7.0577642674,"XLMETH":10.9123877233,"ZECBTC":-0.9373649991,"NEOTUSD":0.8379355384,"ELFBTC":10.440074295,"BCDBTC":1.0244287756,"XMRBTC":1.7331760408,"LTCBNB":18.2678089121,"PAXUSDT":0.0770582544,"TRXETH":0.7927121142,"LUNBTC":13.3259183121,"RVNBNB":40.0919146125},"startDate":"2019-03-04","endDate":"2019-03-11","numDays":7,"excludedPairs":["GTOETH","VIBEETH","ARDRETH","RDNBNB","BCHSVTUSD","KMDETH","IOSTBTC","YOYOETH","EDOETH","ZILBNB","TNBBTC","SALTETH","MITHBNB","HOTETH","BCCBNB","CHATBTC","ZRXBNB","CNDBTC","PIVXETH","WPRETH","BTSBTC","MODBTC","STEEMETH","ZRXETH","VIBBTC","XZCBNB","WABIETH","BCPTETH","LOOMBNB","PAXBTC","GNTBNB","IOTXETH","USDCBTC","SNTBTC","USDCBNB","WTCBNB","TRIGBNB","PAXBNB","NAVBNB","BRDBNB","BRDETH","WABIBNB","STORMETH","CNDBNB","AGIBTC","USDSTUSD","XZCXRP","RLCETH","VIAETH","AGIBNB","MODETH","SKYETH","CLOAKETH","NULSETH","AIONETH","SKYBNB","POEETH","HSRBTC","MANAETH","EVXETH","BCNBNB","USDSUSDT","WAVESETH","POWRBNB","ICNBTC","CMTETH","XMRETH","VENBNB","NASETH","ARDRBNB","LRCBTC","DENTETH","GTOBTC","RPXBNB","ETCETH","BCHSVUSDC","ADABTC","DLTETH","BTGETH","BCDETH","APPCBNB","YOYOBNB","BTTBTC","SNTETH","GNTETH","BNBUSDS","GOBTC","BCCETH","POAETH","KEYETH","XLMUSDC","DENTBTC","ZENBTC","AMBETH","FUELBTC","NCASHBTC","LUNETH","RLCBNB","AMBBNB","SCBNB","INSETH","NULSBNB","SYSBTC","BTTTUSD","LRCETH","STEEMBNB","HSRETH","TRIGETH","TRIGBTC","POLYBNB","MFTBNB","CMTBTC","QKCBTC","WINGSBTC","DNTETH","QTUMETH","WAVESUSDC","DASHETH","ICNETH","BCNETH","NANOETH","CDTETH","VIABNB","RCNBTC","MCOETH","GOBNB","BCHABCPAX","SYSETH","ZECETH","RENBNB","STRATETH","XEMETH","LINKPAX","PAXETH","BTSETH","ZENBNB","ONGBNB","MDAETH","QTUMBNB","VENUSDT","XZCETH","QKCETH","NASBNB","ARKETH","CVCETH","ASTBTC","QSPBNB","POABTC","GNTBTC","DGDETH","REPBNB","ASTETH","WPRBTC","HCETH","BLZBNB","ELFETH","AEBNB","ARDRBTC","SNMETH","RDNETH","WINGSETH","CLOAKBTC","SCETH","VETBTC","USDSUSDC","PHXBTC","NCASHBNB","REPETH","MTLETH","FUNETH","RPXBTC","XVGBTC","WANBNB","AEETH","WAVESTUSD","RCNETH","DCRBNB","NEBLETH","CMTBNB","RPXETH","ADXETH","BCCBTC","BTTPAX","OSTBTC","IOTXBTC","VETBNB","MTHBTC","BCPTBNB","ZILBTC","MFTBTC","VIBETH","BLZETH","LENDETH","ZENETH","BTSBNB","LSKBNB","SUBBTC","OAXETH","CHATETH","SNGLSETH","IOTAETH","POABNB","NAVETH","XRPUSDC","FUNBTC","PPTETH","BCHABCUSDC","DLTBNB","NPXSETH","NXSBNB","POWRETH","STORMBNB","RCNBNB","NCASHETH","OSTBNB","LINKUSDC","AIONBNB","AGIETH","XEMBNB","OSTETH","STORMBTC","DNTBTC","GRSETH","QSPETH","WAVESPAX","SCBTC","DOCKETH","XVGETH","PIVXBNB","IOSTETH","WAVESBNB","TRXUSDC","REQETH","CDTBTC","SALTBTC","KEYBTC","GXSETH","QLCBNB","TRXBTC","LENDBTC","NPXSBTC","BATUSDT","ENGETH","VENBTC","WTCETH","QSPBTC","REQBTC","SUBETH","TRXPAX","POEBTC","HOTBTC","IOTABNB","VIBEBTC","QLCETH","BCHSVPAX","VENETH","QLCBTC","GTOBNB","BCCUSDT","ETCBNB","LSKETH","SYSBNB","NEBLBNB","NANOBNB","GVTETH","ADXBNB","TNTBTC","MCOBNB","MANABTC","XLMPAX","SNGLSBTC","STORJETH","RENBTC","NAVBTC","XEMBTC","DATAETH","MTHETH","BTTUSDC","NXSETH","TNTETH","BCNBTC","CVCBTC","DOCKBTC","YOYOBTC","CVCBNB","CNDETH","SNMBTC","DATABTC","BQXETH"]}