{"data":{"NANOBTC":6.5639194868,"HOTUSDT":-5.5634010969,"VIABTC":-3.50147522,"NEOUSDT":0.59942661,"XLMETH":-0.0343295309,"IOTAETH":-3.6048661439,"MTLBTC":3.1373201013,"BNBUSDT":-3.7660117339,"EVXETH":22.0357036145,"CELRUSDT":-3.2192420532,"XMRBTC":-0.6258425005,"LTCPAX":3.9389928161,"BTCUSDS":1.9160158265,"MATICUSDT":-5.1400538351,"FTMBNB":9.2410689398,"WANETH":8.8472348497,"LTCTUSD":4.4059611958,"ENJUSDT":0.9520309363,"WTCBTC":3.071637468,"QTUMUSDT":4.0649995908,"IOTAUSDT":-3.765677523,"MDABTC":0.7374653364,"IOSTETH":22.2384852785,"TRXPAX":-6.1213923045,"LINKPAX":-8.6132637391,"ZILUSDT":8.2044994345,"BCHABCUSDT":10.4268381963,"LTCBNB":4.2036692755,"ENGBTC":6.0449601943,"LINKTUSD":-9.8335332455,"KMDBTC":-8.8629761082,"TUSDUSDT":-0.1969284172,"EOSBNB":-1.0966457888,"ZECETH":-3.2684028014,"ICXBTC":1.2454547344,"VETUSDT":-3.7611089519,"LINKETH":-8.7154306543,"FETUSDT":3.359343686,"OMGETH":-3.3862522469,"ADAUSDT":4.4210619398,"SKYBNB":-12.8397683348,"QTUMBTC":4.8055646774,"NANOUSDT":6.6861786954,"XMRUSDT":-0.4972726767,"ZECBTC":-3.8628739686,"BTCPAX":1.2988952477,"NULSBTC":-5.5886578713,"BCDBTC":0.7825439721,"DCRBTC":-3.9496384336,"EVXBTC":23.097740865,"USDCTUSD":0.010368685,"IOTABTC":-4.1822565829,"RVNBNB":-6.5087676091,"ALGOBNB":-3.3046254531,"IOTABNB":-3.0517292776,"EOSTUSD":-1.3894465522,"KNCBTC":9.0022848931,"BATETH":8.5866698878,"MDAETH":2.3655193499,"RENBNB":-15.3217739361,"DASHUSDT":-2.9416024484,"ETCBTC":-0.8332545347,"BATBNB":7.5804691084,"DASHETH":-2.4010633108,"ETCUSDT":-0.9128003899,"MATICBNB":-4.1480720019,"XLMUSDT":-1.1827638446,"FETBTC":3.4218464107,"NEOETH":1.3037819865,"NEOBNB":1.237000279,"NXSBTC":14.632620003,"ZRXBTC":0.0259551212,"EOSUSDT":-1.9085564334,"AIONBTC":23.3921690341,"XRPUSDC":1.8370909214,"THETAETH":10.7114492862,"XRPPAX":1.8549464977,"ALGOBTC":-3.6509230643,"LTCUSDT":3.4813319899,"WABIBTC":-10.7340434127,"ALGOUSDT":-3.7745332082,"ANKRUSDT":-16.7743327699,"ARNBTC":-13.759603599,"ONEUSDT":-2.9377025927,"XLMBNB":-0.1932807564,"ADABNB":5.1473134787,"ADAUSDC":4.6274270133,"ONGUSDT":2.2411447722,"ETHUSDC":1.7178362799,"GVTBTC":-0.3653448511,"TRXXRP":-5.4624636765,"DOGEUSDT":0.5099268105,"KNCETH":8.969474317,"WAVESUSDT":1.4153570023,"REPBTC":-0.3256095731,"BNBUSDC":-3.1865333978,"BNBPAX":-3.5328590314,"MCOBTC":-10.5488972591,"EOSETH":-1.5113832096,"XZCBTC":-5.9310026938,"BCHABCPAX":9.6486979226,"NEBLBTC":-0.259915466,"BATUSDT":7.0098235364,"LTCETH":4.4597846967,"TFUELUSDT":2.0757694366,"ICXETH":0.5560926252,"ETHTUSD":1.6783895097,"ADAETH":5.5678049493,"LINKUSDT":-9.160755904,"BNBETH":-2.8058779056,"TRXETH":-4.9848203167,"NANOETH":6.2959065028,"PAXUSDT":-0.1618735613,"STRATBTC":-2.191801322,"LTCBTC":3.2226033356,"ATOMUSDT":-4.3984115362,"ERDBNB":-13.1440246098,"BCHABCTUSD":9.0140547961,"AEBTC":5.7264964766,"DGDBTC":0.6663387454,"ZENBTC":7.8425324239,"DASHBTC":-2.3872412371,"PPTBTC":16.9889460315,"BTTUSDT":-6.4151692876,"FETBNB":3.1890351042,"XRPUSDT":1.9014238905,"SKYBTC":-11.9735280233,"LRCETH":19.7312678729,"BTGBTC":-15.3903891326,"MCOETH":-12.0531729631,"GXSBTC":16.7322685455,"XRPTUSD":1.2540235569,"ERDUSDT":-12.8423528907,"BNBBTC":-3.3769457637,"PAXTUSD":0.0338417783,"RDNBTC":-12.1539378611,"TRXUSDC":-4.6538696187,"ATOMBTC":-4.5256529073,"BATBTC":6.9673920188,"BNBTUSD":-3.3801183816,"EDOBTC":-15.0299496637,"ICXUSDT":0.6852871495,"ENJETH":1.9988737367,"BTCTUSD":1.5525776362,"BRDBNB":3.9656391885,"NEOBTC":1.4475455997,"AIONETH":23.0956488058,"LTCUSDC":3.6562958415,"XRPETH":2.3443101881,"RENBTC":-16.2695081269,"HCBTC":-2.8664444887,"ETHPAX":1.3333189839,"OAXBTC":2.8157201161,"WANBTC":8.1000529364,"TRXUSDT":-4.9894908435,"GASBTC":-0.2121420271,"VETBNB":-3.4350181097,"ANKRBNB":-17.1588209025,"BTTUSDC":-5.3165095343,"IOSTUSDT":21.158446361,"GRSETH":11.1744883881,"EOSBTC":-2.330436884,"PIVXBTC":1.6699328243,"MITHUSDT":-3.8108751391,"ETHUSDT":0.8554567338,"NULSUSDT":-5.8985458752,"XMRETH":-0.2867790362,"ZRXUSDT":-0.8181655449,"OMGUSDT":-4.2572337879,"ONTBTC":0.4270704382,"USDCUSDT":-0.1864608992,"OMGBTC":-3.9583805932,"LSKBTC":-12.6454464847,"GRSBTC":10.397594826,"BCHABCBTC":10.6200073143,"ZILETH":9.2696789568,"VETETH":-3.2803998996,"BCHABCUSDC":11.0323230038,"WAVESETH":1.2228953504,"ETHBTC":1.166955118,"LINKUSDC":-8.6878497931,"WAVESBTC":1.4833587006,"ONEBNB":-1.9677997954,"ARKBTC":-15.2600323044,"THETAUSDT":10.5256302803,"WTCETH":0.9200540136,"BTCUSDT":1.3300493242,"DUSKUSDT":-25.5303164505,"NASBTC":1.7139269844,"DUSKBNB":-24.2545776173,"BRDBTC":2.9307355261,"DUSKBTC":-24.199987143,"XRPBNB":2.4270648837,"FTMUSDT":8.5077370178,"EOSUSDC":-3.1190034718,"ADATUSD":4.4229128379,"ZECUSDT":-4.1652953497,"RLCBTC":2.8344172829,"EOSPAX":-1.4481602514,"USDCPAX":-0.1683346924,"TRXBNB":-4.6366755358,"BTCUSDC":1.3961736845,"ONTUSDT":0.1859311973,"NANOBNB":6.4171773324,"LINKBTC":-8.924361431,"LUNBTC":-5.5342214283},"startDate":"2019-07-25","endDate":"2019-08-01","numDays":7,