{"data":{"BTGBTC":-21.1857009443,"RENBNB":-17.6399856463,"XRPETH":-4.2478650187,"ENJETH":-9.2604619707,"LTCUSDT":-12.701002998,"WINBNB":-3.4754409219,"LINKBTC":-18.2511107853,"BRDBTC":-18.039487044,"PAXUSDT":0.0876154072,"NEOUSDT":-12.0159045673,"LTCBTC":-12.9239568891,"ICXUSDT":-18.6338660913,"STRATBTC":-4.0427341534,"VETUSDT":-14.8416610963,"NEOBNB":-12.4047500716,"MITHUSDT":-26.6982605165,"ENJBNB":-9.3747196277,"BNBETH":-18.0567106571,"BTCUSDS":-4.6868205404,"GXSBTC":-15.9062910536,"ETCUSDC":-7.3851092377,"INSETH":9.6587088938,"TRXUSDT":-12.6718296115,"EOSETH":-9.3615882172,"ZECBTC":-10.9540172467,"LTCETH":-12.1059609655,"ARNBTC":-10.79768316,"MTLETH":6.7937719374,"ENJUSDT":-9.4707357932,"EOSBNB":-9.0984049312,"OMGUSDT":-13.0279493574,"QTUMBTC":-18.0721631783,"ERDUSDT":-19.0788019119,"XMRETH":-15.5216253481,"ALGOUSDT":-27.1631780236,"USDCPAX":0.0959364059,"EOSUSDT":-9.253276792,"IOTABNB":-5.1003753136,"THETAETH":-12.2128319686,"COCOSUSDT":-19.6403280524,"ATOMUSDT":-23.1767359872,"SKYBTC":-21.7457917386,"ETCBNB":-10.2015461583,"MCOBTC":-9.1013835933,"MTLBTC":7.7348389832,"MDABTC":-11.5927609954,"TRXBNB":-12.6635218039,"NEOETH":-12.0348457147,"ZRXUSDT":-16.2843485453,"IOTABTC":-4.9740430254,"XMRBNB":-16.1248142773,"LTCTUSD":-12.1328096278,"BCHABCBTC":-9.7255113401,"ADABNB":-10.751295539,"EDOBTC":-20.4071149356,"WANBTC":-24.3706967365,"GVTBTC":-13.4213509793,"ETHBTC":-10.8679193087,"ONEUSDT":-19.5978492373,"VETBNB":-15.4691989244,"WABIBTC":1.0853767961,"ETHUSDT":-10.4682406023,"ENGBTC":-20.0555253584,"OMGETH":-12.9845275864,"ZRXBTC":-15.4911166453,"XRPPAX":-5.5691076614,"DUSKBTC":-21.1685499922,"FTMBNB":5.9314880763,"TOMOUSDT":-26.2335211335,"LTCPAX":-12.6709236608,"TRXUSDC":-12.8244105208,"EOSBTC":-10.1927554728,"MTLUSDT":5.0964308135,"DASHBTC":-12.7694182961,"MTHETH":34.6065797868,"ETCETH":-8.5749622351,"HOTBNB":-4.7883725241,"KMDBTC":-16.96406982,"ZECUSDT":-10.5350535616,"ETHTUSD":-9.2457723579,"BNTBTC":-11.1473039862,"ONTUSDT":-12.1016367252,"COCOSBNB":-21.9559099741,"IOTAETH":-4.1195726727,"BTCTUSD":-5.0062783873,"TRXXRP":-12.5912302098,"FETUSDT":-21.292060533,"LTCBNB":-12.3555724131,"TOMOBNB":-25.7461519206,"BTCUSDC":-5.3440817987,"RDNBTC":-12.1573612579,"DGDBTC":-17.7120275814,"PAXTUSD":0.06179611,"BCDBTC":-10.9032605271,"XMRUSDT":-16.0943780075,"ETCUSDT":-9.9945415748,"ONTBTC":-12.5240651657,"ZILBNB":-16.8052044458,"REPBTC":-17.9236736473,"CVCETH":-26.7360847638,"FTMUSDT":6.7753205667,"ZENBTC":-8.3138548029,"AIONBTC":-30.5856599857,"ANKRUSDT":-15.7794431165,"ONGBTC":-10.7177771549,"DOCKETH":9.8736789838,"ETHPAX":-10.8025881973,"ICXBTC":-18.6291229498,"LUNBTC":-13.6526474573,"INSBTC":9.3246874374,"BTTUSDT":-15.2157164869,"WTCBTC":-19.2153177379,"DUSKBNB":-21.4612380454,"MATICUSDT":-19.7032476773,"KNCBTC":-11.8666781467,"CELRUSDT":-25.1990599014,"ONEBNB":-19.3631344954,"BNBBTC":-17.8849121715,"ADXBTC":-15.1251933462,"ONTETH":-11.7795999873,"XMRBTC":-16.1282731059,"QTUMUSDT":-18.2047172323,"ATOMBTC":-23.0736951981,"VIABTC":-14.7286557145,"PIVXBTC":-7.7510465758,"DCRBTC":-7.4545268108,"RVNBNB":-20.2255140331,"LINKETH":-17.2674039824,"WAVESUSDT":-15.9905172433,"BNBUSDC":-18.3202060968,"HCBTC":-13.7484010866,"USDCUSDT":0.0550060077,"MATICBNB":-19.5492858463,"BNBPAX":-18.337023876,"LSKBTC":-7.5055794215,"IOSTUSDT":-14.5849455709,"STORJBTC":-12.143226454,"BATUSDT":-11.9435095341,"WANETH":-24.1639270192,"NANOUSDT":-6.3545218014,"DUSKUSDT":-21.4451627921,"ZILUSDT":-17.1693122946,"EOSUSDC":-8.5361722023,"STEEMBTC":-10.4214107444,"ERDBNB":-19.8297770016,"DOGEUSDT":-6.1631331881,"BCHABCUSDT":-9.255385622,"GRSBTC":-15.8484854975,"BCHABCUSDC":-9.1364289863,"NEOBTC":-12.6995269425,"BATBNB":-11.7789050518,"BATBTC":-11.5588643069,"GASBTC":-14.9107575836,"NPXSUSDT":-9.3694618039,"XRPUSDC":-4.8413344273,"LINKUSDT":-18.2867942358,"XRPBNB":-5.655730371,"ADAUSDT":-9.9866660008,"ARKBTC":-11.6019990519,"LTCUSDC":-12.8894563017,"WAVESBTC":-15.2874529694,"ADAUSDC":-10.6010362425,"ETCBTC":-9.8852746217,"PPTBTC":-16.0912536621,"RENBTC":-16.9023237385,"COSBNB":-21.1756370087,"NASBTC":-9.2083906652,"WAVESETH":-14.815101797,"TOMOBTC":-27.9647015648,"NANOBTC":-6.6875129263,"BCHABCTUSD":-8.9373624786,"THETAUSDT":-14.23272838,"LINKUSDC":-19.439426483,"NXSBTC":-8.0831947686,"ETHUSDC":-10.0160278829,"HOTUSDT":-5.1444713092,"BNBUSDT":-17.9640645666,"NULSUSDT":-12.9308754656,"BNBTUSD":-18.3634334381,"RLCBTC":-11.4522376289,"WINUSDC":-2.7580625078,"EOSPAX":-9.6512021464,"TRXETH":-12.0490740459,"XLMETH":-10.0357083404,"QKCETH":12.3250819571,"EVXBTC":2.1323781715,"XRPUSDT":-5.0585926676,"ICXBNB":-18.3838131848,"WANBNB":-25.7885616561,"ALGOBTC":-27.178634154,"ALGOBNB":-27.7399627315,"WINUSDT":-2.8131799813,"BATETH":-10.933719643,"TFUELUSDT":-24.1196679072,"FUNETH":-12.9064221388,"XZCBTC":-17.2686362921,"ZILETH":-15.5165197261,"ICXETH":-17.4883985452,"ATOMBNB":-24.3872878007,"COSUSDT":-20.3778674021,"BTCUSDT":-5.1808018646,"TUSDUSDT":0.0105027043,"ADAETH":-9.3685625945,"USDCTUSD":0.036535023,"DASHUSDT":-12.3810625282,"IOTAUSDT":-4.6646107326,"CELRBNB":-25.1870672046,"BTCPAX":-5.3939255173,"AEBTC":-12.7804849002,"XLMUSDT":-10.7740014246,"OMGBTC":-13.62560797,"NEBLBTC":-6.1415200312,"ZRXETH":-15.4249005238,"NULSBTC":-12.5925950365,"BCHABCPAX":-9.0460322263},"startDate":"2019-08-25","endDate":"2019-09-01","numDays":7,