{"data":{"BTCPAX":-9.9598644419,"ADABNB":-8.6266267123,"THETAUSDT":-14.8628198147,"KNCBTC":-13.5003210654,"FETBTC":9.4396528963,"TFUELUSDT":-23.5737276549,"EVXBTC":-7.390970909,"MITHUSDT":-17.4996372331,"ATOMUSDT":28.3436901886,"EOSBNB":-19.449769431,"BATUSDT":-7.7614795466,"NEOUSDT":-13.6946093224,"ONTBTC":-15.8525314438,"NEOBNB":-12.8950882695,"DCRBTC":-7.3871532387,"TRXXRP":1.4360583887,"ZECUSDT":-6.631015569,"TUSDUSDT":0.1127313692,"OAXBTC":-15.9212685384,"AIONBTC":-3.4938511171,"BCDBTC":-0.1509844536,"DASHBTC":-13.6957846703,"LUNBTC":-2.4286669018,"BCHABCBTC":-11.4176839764,"ICXETH":-8.8077858382,"QTUMUSDT":-8.4291055441,"WANBTC":5.2372438646,"MATICUSDT":-7.8308177869,"RLCBTC":-9.9969993246,"ONGBTC":-20.1642606744,"ADATUSD":-9.2474978268,"ZRXUSDT":-9.445263107,"ETHBTC":-9.4304459941,"MDABTC":-0.0892761493,"BCHABCUSDT":-11.1663186719,"VETETH":-1.1665620067,"ATOMBTC":28.6346263428,"ENJBTC":-14.1595454976,"USDCTUSD":-0.0403335825,"PAXUSDT":-0.024340116,"USDCPAX":0.0119683607,"GASBTC":-15.7340069337,"BATBNB":-7.0612021693,"GVTBTC":-6.7408588717,"LTCPAX":-9.0902438314,"EOSPAX":-19.8118753372,"BCHABCUSDC":-11.4176936347,"PHBBNB":-32.2970702325,"XLMUSDT":-10.0177780122,"FUELETH":-18.0874288913,"TRXPAX":1.5115101735,"WAVESBTC":-14.8941714028,"REPBTC":-12.7203796861,"ETHUSDT":-9.2209544022,"XRPBNB":-8.6722568942,"ZRXBTC":-8.8176188156,"LTCUSDC":-10.5944638921,"NASBTC":-9.4048565802,"BNBETH":-9.3386724008,"HCBTC":41.4316873451,"TRXUSDC":2.9070092428,"XRPBTC":-9.9401829135,"ICXUSDT":-9.9861109357,"PAXTUSD":-0.066876848,"ONTUSDT":-15.5598197199,"USDCUSDT":0.0354466144,"MCOBTC":-12.5903826438,"XZCBTC":-9.5790373877,"ENJETH":-14.6592619293,"WAVESUSDT":-14.7403143349,"RDNBTC":-7.4137359199,"NULSUSDT":-2.1453162997,"RDNETH":-8.4133885889,"IOTAUSDT":-17.1968460302,"PPTBTC":-8.8428639404,"ADAUSDT":-9.0243170843,"ADAUSDC":-9.5299135137,"LINKETH":-15.2840879127,"IOTABTC":-17.1098553851,"ICXBNB":-8.6302189552,"OMGUSDT":-12.4390028855,"VIABTC":-15.3544026065,"LTCBTC":-10.1784165301,"XMRBTC":-9.2812944465,"LTCBNB":-9.2955132003,"TRXTUSD":2.9308841888,"ZILETH":3.4306140839,"THETABTC":-15.0634309977,"RVNBNB":18.3289503598,"MATICBNB":-8.0992544582,"HOTUSDT":-23.1872727347,"XRPUSDC":-10.2102009059,"LTCTUSD":-10.4531864788,"BTTBNB":-23.21114004,"ETCETH":0.0956719046,"WABIBTC":-8.5930257576,"LINKUSDT":-15.8254068808,"FETBNB":9.2415466499,"EOSUSDC":-19.2032618287,"BNBUSDC":-8.526488389,"ENGBTC":-2.4497324024,"BNBBTC":-9.4186825942,"BTTUSDC":-22.3976225854,"WAVESETH":-14.4217407529,"XRPTUSD":-9.7981433006,"WAVESTUSD":-14.8222867239,"MFTETH":-3.821771878,"ETHPAX":-9.3276592207,"BCHABCTUSD":-11.8463156079,"VETBNB":-0.8610010763,"ETCBTC":-0.5906723378,"DASHUSDT":-13.9547470881,"NEOTUSD":-13.5843398196,"ZECBTC":-6.5257286078,"IOSTUSDT":-17.0114845839,"NEOBTC":-13.9688552069,"INSBTC":-7.114080293,"BCDETH":-0.9415804763,"BTTTUSD":-23.7220578567,"EOSETH":-20.2942339841,"BNBPAX":-9.2199045327,"RVNBTC":16.4122017273,"ZILBNB":4.1893016508,"LTCETH":-10.2273824847,"LSKBTC":-4.8616902208,"ETCUSDT":-0.7578633947,"BCPTBTC":-20.0913905655,"BNBTUSD":-8.6334508529,"BATBTC":-7.8253478187,"BTGBTC":-1.1688093948,"BTTUSDT":-23.6386494886,"GXSBTC":29.3681157525,"STEEMBTC":-14.6983733763,"ADAETH":-8.6506738461,"LINKBTC":-15.7036314328,"TRXBNB":2.9947683325,"PIVXBTC":-10.3171565153,"QTUMETH":-7.4627519839,"ZILUSDT":3.2416420536,"NXSBTC":-10.8953100873,"BTCUSDS":-10.1137519652,"XRPPAX":-9.7499066359,"BTCUSDT":-10.0330476069,"SKYBTC":-18.0246265651,"BCHABCPAX":-10.4731764047,"TRXETH":2.0251484236,"TRXUSDT":2.3367688387,"CELRUSDT":32.7032743972,"NAVBTC":-0.0885892669,"NEOETH":-13.4984810867,"LINKUSDC":-15.2038462077,"IOTABNB":-15.5150959645,"MFTBNB":-2.557633825,"HOTBNB":-22.8268311435,"QKCETH":-14.742304908,"BNBUSDT":-9.1781283917,"KMDBTC":1.1893918373,"NANOUSDT":-15.4559088749,"GRSBTC":-13.2740476623,"XLMTUSD":-10.018874221,"NULSBTC":-2.4723419774,"NEOUSDC":-14.2335141728,"EOSUSDT":-20.2829996598,"QTUMBTC":-8.6131270848,"ARKBTC":-9.0884909254,"ELFBTC":-23.2852973051,"IOTAETH":-15.8544647466,"ICXBTC":-9.8064567779,"EOSTUSD":-20.1269289959,"XMRUSDT":-9.3342002817,"DGDBTC":-10.694040388,"STORJBTC":-16.1640593893,"NANOBTC":-15.1694602288,"ENJUSDT":-13.9285363785,"HOTETH":-23.3357878007,"ETHUSDC":-9.2707772938,"XLMBNB":-10.4233057445,"EOSBTC":-20.4052809529,"ATOMBNB":29.9054341428,"ZECETH":-6.2117115496,"BATETH":-7.725707367,"XLMETH":-9.6635910805,"AEBTC":-11.9871298025,"XRPUSDT":-9.8109404693,"LTCUSDT":-10.0577222808,"STRATBTC":-16.5386432538,"ONTETH":-15.3339278843,"THETAETH":-14.0083348941,"MTLBTC":-2.809563704,"OMGBTC":-13.0806280894,"TFUELBNB":-22.3475393886,"BTCTUSD":-10.0248633766,"XRPETH":-9.9688596833,"FETUSDT":8.3067444885,"CELRBNB":33.4020239171,"ETHTUSD":-9.8971720168,"VETUSDT":-1.480963489,"BTCUSDC":-10.1156696966,"ARNBTC":-13.9680561354,"WTCBTC":-15.8900731133,"ONGUSDT":-19.9152680699,"ZECTUSD":-6.6467740391},"startDate":"2019-05-29","endDate":"2019-06-06","numDays":7,