{"data":{"IOTAUSDT":-17.3272478948,"BNBBTC":-6.4172490975,"NULSUSDT":-2.1453189764,"QTUMETH":-10.7692970037,"WAVESTUSD":-13.5643479347,"KNCBTC":-11.0217284309,"ARKBTC":-10.2445486147,"XMRBTC":-9.4071085298,"REPBTC":-14.8774734874,"BCHABCTUSD":-14.6137277591,"BATBTC":-9.0522685698,"NEOETH":-15.3384331637,"USDCPAX":-0.1580051454,"ICXBTC":-13.4776639747,"NEOTUSD":-15.3363840913,"WAVESBTC":-13.2606729243,"ONGUSDT":-15.7129611747,"BCDETH":-23.4591990672,"BTTUSDC":-18.9817412981,"FETUSDT":14.7671108905,"QTUMBTC":-11.7094478987,"ONTUSDT":-18.1083551264,"ETCUSDT":-7.8651508071,"WTCBTC":-22.572301817,"NULSBTC":-0.6902984236,"XRPBTC":-7.2586614471,"XRPUSDT":-8.2022494948,"ENJBTC":-9.4275054211,"VETUSDT":-1.4942963271,"BNBTUSD":-4.4438271674,"HOTUSDT":-17.5471847114,"NEOUSDT":-16.8032742405,"EOSBTC":-20.113723857,"RVNBTC":7.4839436026,"ZILUSDT":7.2937051185,"LTCETH":-6.1626757307,"BNBUSDT":-6.7308794142,"XRPTUSD":-6.3075920545,"ETHPAX":-10.8947734807,"TRXPAX":-1.5915481731,"NEOBNB":-15.048363098,"GVTBTC":-8.3027939911,"LTCBNB":-5.2317132947,"NAVBTC":-4.1549998449,"TFUELBNB":-12.119553618,"DASHBTC":-14.065939863,"MTLBTC":-4.732094407,"QTUMUSDT":-12.1883266261,"XZCBTC":-9.1572738262,"ADAUSDC":-9.2949829805,"MATICBNB":9.5525054507,"IOTABNB":-16.0603977925,"EOSBNB":-19.7601074659,"LINKUSDT":5.5443591942,"XRPUSDC":-7.2447609976,"TRXUSDT":-2.4560418223,"IOSTUSDT":-21.5324431985,"IOTAETH":-16.2445267667,"VETBNB":-0.5491854141,"MFTETH":0.2687861578,"NEBLBTC":-8.7319503126,"ADATUSD":-9.3455863999,"MDABTC":-5.9226425309,"AIONBTC":-9.1720072515,"IOTABTC":-16.8480206504,"ENJUSDT":-9.3191495471,"ZRXUSDT":-7.4444062252,"NANOBTC":-17.0597143987,"ZILETH":8.5950781768,"HOTBNB":-16.1152851137,"ZECTUSD":-13.039987727,"MFTBNB":-0.936490436,"XMRUSDT":-9.877107753,"BATUSDT":-9.833259745,"THETAUSDT":-12.0270301989,"XRPBNB":-6.3604397535,"ICXETH":-12.2426180538,"BCHABCPAX":-15.853973992,"ETHTUSD":-10.2871557576,"STORJBTC":-12.305518938,"FETBTC":15.4741453594,"BTTTUSD":-19.8774136998,"BTCPAX":-9.9337893303,"BTTUSDT":-20.6816455418,"ICXUSDT":-13.9967450962,"LTCTUSD":-7.6558322834,"KMDBTC":-3.0570439917,"ETHUSDT":-10.6801685098,"BTCTUSD":-10.15934023,"EOSUSDT":-20.3551361564,"BNBETH":-5.4543704875,"BTCUSDC":-9.8092651454,"ELFBTC":-18.1092321756,"CELRUSDT":28.5359181844,"ETCBTC":-7.6026094054,"GXSBTC":31.4180466274,"BCPTBTC":-23.7755512406,"BTCUSDS":-9.1137707322,"ICXBNB":-13.6729914158,"TRXETH":-1.6421273273,"DGDBTC":-15.6194048147,"LINKBTC":4.6866860361,"ETHBTC":-10.3569433219,"ENGBTC":7.9465846651,"XLMUSDT":-10.9530726034,"BNBUSDC":-5.335417765,"THETABTC":-12.0952054297,"BATETH":-8.3251489891,"XRPETH":-6.7888473507,"STEEMBTC":-14.6895130251,"ONGBTC":-15.8102455518,"LSKBTC":-8.1065859319,"WAVESETH":-12.3577020028,"OMGBTC":-15.746115486,"ADAUSDT":-10.5701218731,"XLMETH":-9.5401422482,"OAXBTC":-12.8388380922,"WABIBTC":-10.5966445766,"MITHUSDT":-21.9438257979,"RVNBNB":8.1672205763,"LTCUSDT":-7.0315952996,"MATICUSDT":9.1999059052,"RDNBTC":-13.6312585155,"NEOBTC":-16.178191018,"QKCETH":-5.6332283717,"TRXBNB":-0.2885375345,"NANOUSDT":-17.5818329108,"RLCBTC":-8.5344243775,"ADAETH":-9.9256927579,"TFUELUSDT":-12.2188210324,"OMGUSDT":-16.2304849733,"ARNBTC":-18.6208487419,"BCHABCUSDT":-14.9099081981,"PAXTUSD":-0.0424376211,"XLMTUSD":-9.4711345552,"LINKUSDC":5.8455198788,"USDCUSDT":-0.15050554,"LTCPAX":-6.85488684,"ETCETH":-7.3436571991,"ATOMUSDT":2.7478122873,"USDCTUSD":-0.0752997951,"VETETH":0.3540022912,"HCBTC":33.4778849688,"XRPPAX":-7.6919119079,"LUNBTC":-10.0812257805,"GRSBTC":-10.2294083201,"TUSDUSDT":-0.086094761,"WAVESUSDT":-14.6011774097,"BCHABCBTC":-14.423113274,"BCDBTC":-24.7684767917,"LINKTUSD":6.4393690742,"VIABTC":-12.2063610883,"FETBNB":17.9086436046,"WANETH":-0.4632093972,"ZRXBTC":-7.4098597178,"THETAETH":-10.8646355061,"BCHABCUSDC":-14.3293706072,"NXSBTC":-4.458967315,"PAXUSDT":-0.1448441109,"DASHUSDT":-15.0286578464,"CELRBNB":30.410682019,"STRATBTC":-15.9649615251,"WANBTC":-1.1835806194,"BNBPAX":-5.8429746401,"BTCUSDT":-10.2563414174,"AEBTC":-10.8586453989,"ADABNB":-9.7871570611,"ONTBTC":-17.5379127626,"BTTBNB":-19.9128191441,"LINKETH":4.4377160704,"NASBTC":-10.5537870396,"ATOMBTC":3.7147611242,"LTCUSDC":-7.2905428311,"EOSPAX":-22.4139803995,"PHBBNB":-19.4961812179,"TRXTUSD":-2.355390704,"PPTBTC":-9.407474026,"PIVXBTC":-12.5917675197,"BTGBTC":-13.8176122834,"ZECUSDT":-12.0690780798,"FUELETH":-11.3225317094,"EOSETH":-20.3311707294,"TRXXRP":-3.0101480889,"SKYBTC":-25.9210629569,"EOSTUSD":-20.1316431248,"TRXUSDC":-2.5925301319,"DCRBTC":-13.3352696703,"MCOBTC":-12.5593790679,"BATBNB":-7.6289731518,"EOSUSDC":-19.2602857034,"ETHUSDC":-9.6719395023,"INSBTC":-4.6633103155,"GASBTC":-16.4740943545,"LTCBTC":-6.0816513678,"ZECBTC":-10.4526521715,"EVXBTC":-5.2583095937,"ZILBNB":9.0761211191,"ATOMBNB":5.9403787215,"XLMBNB":-10.1263411516,"ENJETH":-8.5436761884},"startDate":"2019-05-30","endDate":"2019-06-07","numDays":7,