{"data":{"LTCBNB":-27.4587270981,"GTOETH":-69.0002792931,"BCHABCUSDT":1.2395110683,"NEBLBTC":-35.8890800308,"NANOBNB":91.227575894,"ZECBTC":47.0649754614,"ETHUSDC":371.4324368383,"ONGUSDT":-59.4164881425,"BTGBTC":-3.0264299561,"RVNBTC":-17.4810841296,"LTCETH":89.7459340001,"LTCUSDT":26.9606412954,"ETCUSDT":44.6002414234,"HOTUSDT":-66.9598528887,"CMTBTC":28.658181904,"VIBEBTC":1474.416537447,"IOTAUSDT":88.9016126131,"EVXBTC":230.7632554232,"BCDBTC":143.2670575443,"GASBTC":20.2108410044,"APPCBTC":-44.7718737089,"LINKUSDT":40.3270445672,"XMRBTC":44.277185157,"ONTETH":63.4981591327,"FETBTC":-68.4926693706,"LUNBTC":-14.5258710799,"REQBTC":-73.7749949859,"OMGUSDT":106.0508779976,"GVTBTC":16.3553989406,"ICXETH":63.239936337,"ONGBTC":-30.4447867751,"ETHBTC":56.121753824,"BCHABCTUSD":5.7522588787,"XRPETH":60.9320105798,"ADAETH":11.2084658031,"TUSDUSDT":664.0324795627,"XRPBTC":28.7933628679,"VETUSDT":-19.8690909663,"ETHPAX":268.8518799158,"NASBTC":-49.7542031727,"XRPTUSD":64.6143406297,"GTOBTC":-62.2526619999,"BTTUSDT":-17.2778960635,"BCHABCPAX":46.7707545513,"MTLBTC":-2.8184004352,"NANOUSDT":224.7460677682,"MITHBNB":-77.2968767221,"QKCBTC":38.8673781393,"PPTBTC":10.1691213832,"BNBUSDC":169.2170318368,"BTTBNB":-22.1757015031,"ADXBTC":177.1566876863,"XRPUSDT":2.7446922355,"DASHBTC":-18.928301774,"NEOUSDT":41.4366422417,"PIVXBTC":191.9995701426,"BATBNB":172.977942556,"BTCUSDC":527.901010806,"IOSTETH":78.0582306712,"KNCETH":57.124570601,"FETUSDT":-65.7647075275,"XZCBTC":-43.4615124873,"ARNBTC":-23.6181730445,"POWRBTC":88.7424590274,"BNBPAX":103.5884627706,"ZECUSDT":-5.4467243408,"USDCTUSD":731.4421109941,"EDOBTC":98.7832590123,"QTUMBTC":-41.9463721199,"NULSUSDT":106.4015710448,"DASHETH":209.8390103382,"NASETH":112.7196989753,"BNBETH":-32.5722338608,"USDCPAX":2499.9018820196,"LTCTUSD":-18.6437589907,"TRXBNB":38.7396529249,"NULSBTC":492.8934366678,"DGDBTC":-79.5058630711,"ASTBTC":85.2486085809,"WAVESETH":-37.1898365936,"TRXUSDT":96.2921815991,"BATETH":75.5318532449,"ELFBTC":12.6703884271,"MCOBTC":-4.4842159574,"LOOMBTC":28.0842897183,"ZILUSDT":-13.981930801,"BCPTBTC":200.3443486579,"TRXXRP":160.0979600778,"DLTBTC":30.0493062996,"THETABTC":-49.8330831523,"WTCBTC":-36.3435566419,"ENJUSDT":-21.723041581,"FETBNB":-66.1836749311,"LINKBTC":44.5595389077,"HCBTC":-14.1328539504,"POABTC":-73.1884500246,"LTCBTC":31.4196581621,"RVNBNB":-58.3575110192,"XMRETH":20.0711218311,"WABIBTC":61.4278038487,"NEOETH":112.8448716958,"NANOETH":114.2955918511,"WABIETH":46.3269241757,"GNTBTC":21.3479062603,"KNCBTC":32.9349059999,"DASHUSDT":-30.6059700657,"QTUMUSDT":-26.2106320269,"GXSBTC":205.475151447,"EOSTUSD":199.5443753951,"EOSBNB":-26.7857581812,"ONTUSDT":67.4667279561,"MITHBTC":-87.6799416026,"ADAUSDT":32.726688859,"THETAUSDT":-38.0086314747,"VIABTC":417.1742414713,"VETBNB":20.5004721202,"DCRBTC":-15.2094169974,"MTHBTC":-52.0082352615,"NEOBNB":60.7655698828,"EOSETH":109.1420451399,"TRXETH":69.6670598904,"BCHABCBTC":4.4786286275,"BATBTC":99.3459955403,"STRATBTC":10.0648101533,"OAXBTC":4.5874238809,"REPBTC":-75.3846599119,"RDNBTC":-36.869110262,"XRPUSDC":82.503836572,"ENJBNB":-25.9617251936,"BNBUSDT":-5.407393994,"PAXTUSD":1030.7841659922,"BNBTUSD":123.8421728818,"ENGBTC":37.5845177204,"EOSBTC":104.5055588886,"EOSUSDC":487.4828557675,"BTCTUSD":335.0246775057,"OMGBTC":153.1625904579,"KMDBTC":-6.1468300942,"WABIBNB":33.1406630662,"XLMETH":53.0248799355,"BLZBTC":107.6991571254,"NEOBTC":105.3345355483,"RLCBTC":81.8258858154,"LRCBTC":45.5071223671,"CVCBTC":-21.6083125551,"ETCBTC":89.8352641724,"XLMBTC":58.2232623303,"WAVESBTC":-50.0058125927,"XLMUSDT":37.0228475317,"ZENBTC":90.6413155527,"SKYBTC":190.9952415169,"VETETH":-31.1488155626,"ONTBTC":63.7507198685,"XRPPAX":160.6628836043,"NANOBTC":177.3168561831,"BTSBTC":-14.6240551625,"XEMBTC":78.4644656621,"AGIBTC":25.094016906,"CELRUSDT":114.5176507205,"BNBBTC":-17.8520186866,"INSBTC":60.2164709303,"XLMBNB":-38.8311482055,"GRSBTC":-30.3544413342,"LTCUSDC":430.5585162484,"EOSUSDT":113.9990753601,"MDABTC":73.4279521076,"ONTBNB":9.7001943465,"IOTABTC":130.7866531651,"ADATUSD":91.7171314862,"LSKBTC":70.0498332625,"BATUSDT":152.7578319846,"POLYBTC":-52.6234348864,"PAXUSDT":715.6586324379,"ZILETH":17.4126075986,"BRDBTC":-14.4356429838,"XMRUSDT":98.5145545434,"BTCPAX":290.4556365998,"FUELETH":51.6254965007,"ARKBTC":267.0010340334,"DGDETH":-73.3911443889,"WAVESUSDT":-36.5235272707,"BTCUSDT":185.6915726283,"AMBBTC":-37.3905765222,"ADABTC":34.6571260881,"USDCUSDT":475.5030384686,"AEBTC":38.106619664,"ADABNB":-45.1160978515,"VIBBTC":-34.4077329107,"ICXBTC":16.0353823569,"WANBTC":-6.3906310815,"ZRXBTC":68.1519683017,"ZRXUSDT":13.1725062237,"ICXUSDT":25.6083650131,"ETHUSDT":49.9040305213,"XRPBNB":-30.7019630162,"STEEMBTC":54.2941575949,"ENJBTC":-59.0133649591,"QKCETH":108.2128319765,"STORJBTC":48.4698389416,"MANABTC":-3.0453714203,"ENJETH":-45.8285323134,"MFTETH":-40.7025458388,"IOSTUSDT":43.8671582017,"ETHTUSD":277.7085768208,"AIONBTC":-10.0093048324,"BQXBTC":1.2753787436},"startDate":"2019-04-19","endDate":"2019-04-26","numDays":7,"excludedPairs":["RCNBTC","BCHSVPAX","RDNBNB","BTSETH","BCHSVUSDC","GRSETH","LINKETH","SYSETH","NEOTUSD","POAETH","BRDBNB","ZILBTC","LOOMETH","SALTETH","ZECPAX","TNTBTC","PHXETH","HSRETH","STEEMBNB","ICNBTC","APPCBNB","PHXBNB","WPRBTC","DENTETH","LINKPAX","SYSBTC","SKYBNB","VIAETH","BCHSVUSDT","XLMPAX","WTCETH","TRIGBNB","AMBETH","HOTBTC","MANAETH","WTCBNB","STORMBTC","MODBTC","FUELBTC","LINKTUSD","NULSETH","TRXUSDC","NXSBNB","OMGETH","OSTETH","WINGSBTC","BLZETH","RLCETH","USDCBTC","ZILBNB","SKYETH","EOSPAX","XLMUSDC","WAVESTUSD","MDAETH","PAXETH","USDSUSDC","IOTXBTC","RPXETH","TRXTUSD","MTLETH","BCPTETH","CMTETH","IOSTBNB","GVTETH","ETCETH","OAXETH","RCNETH","LUNETH","XMRBNB","MFTBTC","EDOETH","YOYOBTC","PAXBTC","NULSBNB","ZECTUSD","GXSETH","ETCBNB","BCCUSDT","LRCETH","CLOAKETH","CVCETH","VENBTC","QSPETH","CHATBTC","MFTBNB","DNTBTC","BCDETH","YOYOETH","BQXETH","XZCBNB","VIBEETH","FUNBTC","SNTBTC","BCHSVBTC","XZCETH","ZENETH","IOTABNB","ENGETH","GTOBNB","WPRETH","SUBBTC","BNTETH","ICXBNB","QLCBTC","GNTBNB","REPBNB","MODETH","XVGETH","SALTBTC","SNGLSETH","NAVBNB","TRIGBTC","QLCETH","EVXETH","DNTETH","ARNETH","SCETH","HCETH","BCHABCUSDC","CDTBTC","INSETH","SNTETH","CELRBNB","TRIGETH","IOSTBTC","ZRXETH","XZCXRP","BCCBNB","ARKETH","DASHBNB","TRXBTC","MTHETH","CLOAKBTC","APPCETH","POABNB","XEMBNB","PPTETH","TUSDBNB","NASBNB","KEYETH","DLTETH","HOTETH","USDSPAX","LENDETH","SCBNB","MCOBNB","LOOMBNB","ZENBNB","ADAUSDC","KMDETH","NEOUSDC","ZRXBNB","XLMTUSD","RDNETH","GOBNB","BNBUSDS","ARDRBTC","RENBTC","POLYBNB","QLCBNB","NCASHBNB","BTTBTC","POWRBNB","LINKUSDC","STRATETH","WINGSETH","ZECETH","BTTPAX","CDTETH","AEBNB","USDSTUSD","NEOPAX","CNDETH","SYSBNB","TNTETH","OSTBTC","CHATETH","LTCPAX","VIBETH","VETBTC","GOBTC","ZECBNB","LSKETH","WANETH","BCNETH","ASTETH","DOCKETH","LENDBTC","VIABNB","MCOETH","PAXBNB","BLZBNB","OMGBNB","WANBNB","RLCBNB","POEETH","RENBNB","BCPTBNB","NCASHBTC","XVGBTC","BNTBTC","STORMBNB","ONGBNB","ADXETH","VENUSDT","OSTBNB","TUSDBTC","BTCUSDS","THETABNB","SUBETH","PIVXBNB","USDSUSDT","CNDBTC","GNTETH","AGIETH","IOTXETH","STORJETH","BTTTUSD","BCHSVTUSD","CNDBNB","WAVESUSDC","DENTBTC","QSPBTC","RPXBNB","BTGETH","HSRBTC","ZECUSDC","LSKBNB","MITHUSDT","REQETH","ARDRBNB","SNMBTC","TUSDETH","STEEMETH","SCBTC","USDCBNB","XEMETH","HOTBNB","IOTAETH","NAVETH","NCASHETH","REPETH","KEYBTC","BCNBNB","BCCBTC","QTUMETH","YOYOBNB","QTUMBNB","TNBBTC","CELRBTC","TRXPAX","DOCKBTC","CMTBNB","THETAETH","BTTUSDC","BCCETH","BCNBTC","SNGLSBTC","NXSETH","POWRETH","SNMETH","DLTBNB","NEBLBNB","NEBLETH","RPXBTC","AGIBNB","NPXSBTC","NPXSETH","PHXBTC","NAVBTC","VENETH","FUNETH","BTSBNB","TNBETH","ADAPAX","AMBBNB","ADXBNB","DCRBNB","NXSBTC","QSPBNB","DATAETH","WAVESPAX","AEETH","ELFETH","DATABTC","CVCBNB","PIVXETH","WAVESBNB","STORMETH","POEBTC","RCNBNB","AIONBNB","VENBNB","BRDETH","ICNETH","AIONETH","ARDRETH"]}