{"data":{"ENGBTC":-32.7773167241,"TUSDBNB":18.4818986898,"ADXBTC":-84.5884421701,"WINGSBTC":-95.509827191,"EOSETH":-43.6423449572,"PAXUSDT":-40.2786139606,"IOTAETH":-27.978085823,"VETUSDT":-17.8589468262,"NEOETH":-66.6488850483,"XRPPAX":-49.2480829249,"BTCUSDC":-23.3456641509,"XLMUSDT":41.1410269171,"PIVXBTC":-53.2651544479,"XLMETH":158.1483683365,"THETABTC":86.9383111536,"TRXXRP":99.5055048089,"XRPUSDT":-36.8458966627,"ETCETH":-91.2554031288,"GXSBTC":-41.4719022442,"INSBTC":-26.5105505769,"AIONBTC":-83.1338955523,"EOSUSDT":-44.4749115106,"GVTBTC":40.1857959571,"BCPTETH":-93.9497333144,"USDCTUSD":-26.4773493453,"DNTETH":-65.1132792388,"ONTBTC":85.0492669236,"ZENBTC":-6.1858914954,"ADATUSD":-24.4491574355,"LTCBNB":-4.818401435,"MDABTC":67.9164182806,"NANOETH":627.8867177281,"IOTABTC":-7.4859408757,"BCHABCUSDT":-24.1033639025,"QTUMBTC":-14.435834956,"XRPUSDC":-42.9734852219,"BNBBTC":73.2475090136,"BCHSVUSDT":-30.1115282465,"BRDBTC":-70.5189812435,"LUNBTC":-52.2217812874,"XRPBTC":-25.9778558656,"ARNETH":-33.396688973,"LINKTUSD":306.4584180557,"GTOETH":-26.7476912868,"ONTETH":53.5800262213,"NXSBTC":-29.8533402496,"WAVESETH":16.2862340105,"ETHUSDC":-69.4000173859,"NEOTUSD":-79.0889063494,"LINKUSDT":25.4045361252,"KNCBTC":-65.8692207782,"EDOBTC":1398.8130304421,"GRSBTC":-43.808434612,"LSKBTC":-15.4705259738,"BTGBTC":-56.2589378658,"TRXETH":89.1391205957,"ZECBTC":-52.8329739577,"LINKUSDC":84.9791599561,"ETHBTC":-17.874578703,"BTCUSDT":-13.9793667674,"LUNETH":-43.9652289482,"VETETH":8.5219239627,"THETAETH":318.7089929479,"EOSBTC":-45.3438780416,"ARNBTC":-50.4465193762,"BQXBTC":-91.0275696768,"ONTUSDT":19.1240578069,"ZRXETH":0.0490139649,"NEOBTC":-66.6233396992,"BTCPAX":-42.8017769039,"EVXBTC":-23.1081739463,"TUSDBTC":-6.4944561143,"DASHBTC":-0.7532059382,"TRXBNB":130.3899494327,"POLYBTC":-27.2673290553,"VIABTC":-74.3947270553,"WINGSETH":-93.5607795554,"ETCUSDT":-70.7265627938,"ADAUSDT":-45.0854333007,"LTCBTC":22.8427023422,"LTCUSDT":6.6636873224,"HOTETH":187.7374811801,"ETCBTC":-67.959886404,"WABIBTC":-94.9305699359,"BATBTC":14.8345418076,"TRXUSDT":30.1836604501,"TUSDETH":-59.4076095973,"DGDBTC":6.5409756927,"GASBTC":-70.7121094083,"ARKBTC":-65.6931718772,"ELFBTC":-32.4318450887,"LTCETH":0.0895630498,"WAVESTUSD":580.4931096536,"STEEMBTC":-53.1490387788,"QTUMUSDT":-46.0474721598,"WAVESUSDT":99.5248948222,"CLOAKBTC":-43.186704033,"WTCBTC":-52.962331157,"SALTBTC":-75.4238237209,"REPBTC":-93.6580836253,"NAVBTC":-63.6804049002,"BNBUSDC":-11.4516736296,"XMRBTC":-6.5059549835,"XLMPAX":-51.0381319036,"WAVESBTC":13.1340907814,"NEBLBTC":-63.8109469249,"MTLBTC":113.1240972253,"BNBPAX":-82.2182370742,"REPETH":-95.3863572574,"CMTETH":-85.2529214349,"XRPBNB":41.5312898388,"OAXBTC":-90.2952705549,"BQXETH":-95.6736571026,"FUNETH":98.3966991806,"BNTBTC":5988.3799017317,"ICXUSDT":-4.7337356273,"OAXETH":-79.5409162204,"XMRETH":-56.631478899,"NANOBTC":526.6148330108,"IOTAUSDT":-10.0176553689,"RDNBTC":-68.5561872114,"GVTETH":18.2981473576,"SKYBTC":-82.6434363431,"TRXTUSD":140.0551682939,"XZCBTC":-68.4009874531,"USDCPAX":-82.1847743035,"XRPTUSD":-5.0935872187,"KMDBTC":-28.3717931705,"LINKETH":4.8507360549,"EOSPAX":-58.1079645244,"LRCETH":-62.0520033696,"ZILETH":133.4756407823,"MODBTC":-62.9668842919,"LRCBTC":-75.0171430972,"ETHUSDT":-56.3008444101,"ETHPAX":-71.2938818859,"BCHABCBTC":-32.7993955198,"NULSUSDT":735.9396087754,"POWRBTC":-85.1948883436,"XLMUSDC":-32.2827087352,"ICXBTC":-41.0314492766,"HCBTC":-41.8471937904,"ADAETH":-51.8462083491,"DCRBTC":-29.0585571141,"USDCUSDT":-54.8778241266,"NEOUSDT":-64.0873644937,"DLTETH":72.0766534139,"PAXTUSD":-23.2845668122,"XRPETH":-18.5015194136,"BCDBTC":-59.3211620921,"TUSDUSDT":-16.1625613356,"DLTBTC":92.0952508188,"AGIBTC":396.1040270301,"STORJBTC":-95.9370096503,"MCOBTC":-53.0346452846,"PPTBTC":307.7057499249,"BNBETH":23.4383878583,"NASBTC":52.6920345449,"EVXETH":-14.3230454934,"WANBTC":-16.696671543,"NULSBTC":513.1808693036,"LINKBTC":-3.3154891857,"EOSUSDC":-49.377870467,"XLMBTC":92.5996225162,"STRATBTC":-85.5545787596,"ZRXBTC":152.1123317551,"AEETH":-75.5183246596,"BNBUSDT":27.0277340763,"RLCBTC":182.8069004422,"XLMTUSD":7.5894846794,"AEBTC":-84.1694513269,"OMGBTC":-47.5795564031,"BCHSVBTC":-27.2813001194},"startDate":"2019-01-20","endDate":"2019-01-27","numDays":7,"excludedPairs":["INSETH","CVCBTC","KEYBTC","CNDBNB","REQBTC","RDNBNB","QLCETH","XVGETH","LTCTUSD","FUELETH","CDTETH","KEYETH","LOOMETH","GTOBTC","BCDETH","RLCETH","HSRETH","EDOETH","QLCBNB","ARKETH","LENDBTC","POEBTC","ZECETH","BLZBTC","SNTBTC","RCNBNB","BCHSVPAX","NXSBNB","BRDETH","WPRETH","BTSETH","OSTBTC","BLZBNB","QSPETH","POABTC","SYSBTC","STEEMETH","BNTETH","APPCBNB","YOYOETH","CLOAKETH","DCRBNB","RVNBNB","WTCBNB","NASETH","XEMBTC","WAVESPAX","XVGBTC","USDCBTC","SKYBNB","DOCKBTC","STORMBTC","ZENETH","SNMBTC","APPCBTC","HCETH","ADABTC","CMTBNB","WABIBNB","BATBNB","QTUMBNB","BCNBNB","PHXBTC","PAXBNB","ENGETH","MTHBTC","NANOBNB","ICNETH","MDAETH","NULSETH","XEMBNB","ARDRBNB","MFTETH","AMBETH","LTCUSDC","RENBNB","CNDBTC","RVNBTC","RLCBNB","IOTABNB","POAETH","LENDETH","AIONETH","AGIBNB","VIBETH","XZCXRP","ENJBTC","GNTETH","TRIGBTC","NPXSETH","RCNETH","STORMETH","STRATETH","NEBLETH","DGDETH","GRSETH","VIBBTC","QKCETH","WANETH","WPRBTC","PIVXETH","STORJETH","SNMETH","CVCBNB","DLTBNB","CHATETH","TRIGBNB","SUBETH","QSPBNB","POWRETH","MITHBTC","SYSBNB","XZCETH","MTLETH","ARDRBTC","GOBTC","BCPTBTC","ARDRETH","SNGLSBTC","CVCETH","RCNBTC","ICXETH","MCOETH","STEEMBNB","MTHETH","VIBEETH","POLYBNB","XEMETH","RPXBTC","VENETH","HOTBTC","QTUMETH","FUELBTC","MFTBTC","POWRBNB","LOOMBNB","OSTBNB","ADXETH","SCBNB","VETBTC","WAVESUSDC","NCASHBTC","BCPTBNB","TNTBTC","LOOMBTC","DNTBTC","BATETH","ADABNB","ENJBNB","POEETH","CDTBTC","RDNETH","ELFETH","IOTXETH","DOCKETH","TNTETH","LTCPAX","CHATBTC","TRXUSDC","THETABNB","IOSTBTC","SALTETH","VETBNB","MANABTC","DATABTC","GXSETH","TRIGETH","YOYOBTC","WAVESBNB","KNCETH","PPTETH","MFTBNB","RENBTC","TRXBTC","KMDETH","LSKBNB","WABIETH","SKYETH","ADXBNB","PIVXBNB","MANAETH","VENUSDT","ASTETH","BCCBNB","PAXBTC","AGIETH","NAVBNB","DENTETH","VIBEBTC","SCBTC","WTCETH","NULSBNB","CMTBTC","PAXETH","ZILBNB","BCHSVTUSD","BCCETH","BRDBNB","BTSBNB","BLZETH","OMGETH","BCHSVUSDC","ASTBTC","IOTXBTC","LSKETH","NASBNB","BCNBTC","DASHETH","CNDETH","SYSETH","SNGLSETH","BCHABCTUSD","WANBNB","BCHABCUSDC","USDCBNB","TNBBTC","RPXETH","QLCBTC","GNTBNB","BCHABCPAX","ZILBTC","NCASHETH","AMBBNB","ZENBNB","SCETH","YOYOBNB","ONTBNB","ICXBNB","REQETH","AMBBTC","PHXETH","ENJETH","DENTBTC","RPXBNB","GOBNB","MODETH","APPCETH","AEBNB","STORMBNB","BCCUSDT","VENBNB","ICNBTC","BTSBTC","SUBBTC","SNTETH","POABNB","NCASHBNB","OSTETH","GNTBTC","LINKPAX","XLMBNB","EOSBNB","GTOBNB","NEOBNB","VIABNB","NXSETH","QSPBTC","ETCBNB","TNBETH","DATAETH","BCCBTC","NAVETH","BCNETH","HSRBTC","BTGETH","PHXBNB","NPXSBTC","FUNBTC","MCOBNB","EOSTUSD","NEBLBNB","VENBTC","TRXPAX","AIONBNB","XZCBNB","QKCBTC","MITHBNB","REPBNB","VIAETH","IOSTETH"]}