{"data":{"NULSUSDT":16.2543685467,"TRXBNB":-2.5597263014,"EOSBNB":14.8480792146,"VETETH":-1.0370836357,"EVXETH":245.802057225,"IOTABTC":-2.2925729854,"GNTBTC":13.9556457242,"ZENBTC":5.4763786216,"APPCBTC":17.0755040049,"LUNBTC":15.9832825415,"ETHBTC":4.4171636798,"QTUMBTC":4.7503374873,"OAXBTC":68.7809034506,"ICXUSDT":4.9005139305,"XLMBTC":-0.8293441728,"WABIBTC":56.1139253258,"BLZBTC":13.9834589018,"IOSTUSDT":13.7484270653,"STORJBTC":15.6562137519,"LINKETH":7.4763875111,"BCHABCBTC":2.2400538242,"STEEMBTC":-5.8472320245,"MANABTC":15.1051572673,"ETCBTC":-0.6673040048,"WTCBTC":23.8641752415,"BATBTC":35.5624313718,"XRPBNB":0.933695231,"ETCETH":-0.74727874,"BCHABCTUSD":1.891872072,"LSKBTC":14.5403670543,"BTCTUSD":2.3836519206,"ZRXUSDT":14.5782011382,"ADXBTC":12.7693530003,"BTSBTC":14.8419974161,"ARDRBTC":11.0599755798,"XLMUSDT":-1.0007242819,"ADATUSD":16.2925421751,"REPBTC":13.1445754484,"SYSBTC":9.2965136038,"RDNBTC":13.5416835945,"LTCBTC":0.3882245443,"XRPBTC":0.6444902089,"POWRBTC":13.1960326642,"ADAETH":15.9032359577,"RLCBTC":6.8909556741,"ONTBNB":1.9141966024,"BATETH":36.1766421321,"ZILUSDT":-2.2410498983,"HCBTC":-2.6463425713,"GXSBTC":2.3965124553,"LINKUSDT":7.4603113101,"PPTBTC":6.8004075284,"BATBNB":34.6240360405,"LTCBNB":0.9210769024,"BCDBTC":0.7018016328,"IOTAUSDT":-2.4121465994,"TUSDUSDT":-0.1217201737,"BNTBTC":6.1138224959,"XLMETH":-1.0059773887,"BTCUSDT":2.3868130661,"KNCETH":4.6938262202,"ONGUSDT":-6.7471492199,"BRDBTC":10.1186427604,"AIONBTC":15.3086642555,"XRPETH":0.4765633847,"VIBBTC":25.9690266933,"ICXETH":4.641434084,"LINKBTC":7.3354883268,"TRXUSDT":-2.0700074187,"ETHTUSD":4.1297546333,"POLYBNB":13.1377386741,"ETCUSDT":-0.8159946829,"FETUSDT":-0.5421945784,"ENJETH":-19.2418922264,"POLYBTC":13.5514657805,"ZRXETH":14.6857133516,"TRXETH":-1.5130255015,"BATUSDT":35.3577421614,"THETABTC":-10.6632522549,"NULSBTC":15.6123199636,"WABIETH":55.8581963707,"LTCPAX":-0.1361548503,"ZILETH":-1.5989877311,"XMRUSDT":1.9973215914,"TRXXRP":-2.0490835515,"SKYBTC":16.004637351,"HOTUSDT":-2.6887219062,"NEOBNB":8.1486316512,"RVNBNB":23.2952233617,"THETAETH":-10.61149652,"NEBLBTC":5.9556486751,"BQXBTC":7.0563973758,"AMBBTC":20.6669012252,"ZECBTC":1.6551877184,"ZRXBTC":15.0463944165,"DLTBTC":18.776329783,"DGDBTC":13.1034580798,"FETBTC":-0.3235835728,"XRPUSDT":0.5844540982,"PIVXBTC":7.1301362269,"XZCBTC":4.9257789771,"FUELETH":20.5695589308,"VETBNB":-1.4191124063,"LTCTUSD":0.2109108337,"BTCUSDC":2.5705743051,"VETUSDT":-1.2943143586,"RVNBTC":23.8979510013,"EOSUSDC":14.4026054887,"ONTUSDT":0.874536928,"ENJBNB":-19.2160560323,"WABIBNB":54.9369540851,"XRPTUSD":0.6665674623,"BTTBNB":-3.9786647241,"NASBTC":4.4279616522,"GVTBTC":7.1511505582,"ELFBTC":6.7410786043,"NEOETH":7.8555598365,"BCHABCUSDT":1.8768238291,"MDABTC":7.2387761949,"OMGBTC":11.6258000481,"BNBUSDT":9.2076033167,"ARKBTC":7.6056782403,"WAVESBTC":1.056639311,"BTCPAX":2.3858142527,"VIABTC":20.2484420114,"KNCBTC":4.8128075743,"IOSTBNB":14.0590990183,"ADABTC":15.584760973,"LTCUSDT":0.1548212436,"BNBTUSD":8.2648831226,"FETBNB":-0.4730825836,"MANAETH":15.2941594945,"EOSBTC":14.9090812901,"DCRBTC":5.9524124196,"ARNETH":14.9194362322,"IOSTETH":13.8837472551,"ZECUSDT":2.0419596002,"EDOBTC":-2.8522974492,"GRSBTC":-9.9548294392,"BNBBTC":9.2831438342,"GASBTC":4.5476760558,"ADAUSDT":15.8308173555,"ENGETH":36.1384769873,"ONGBTC":-6.4643738946,"XMRBTC":1.9335988969,"ONTBTC":0.9534490195,"NEOUSDT":7.7627970678,"EOSETH":14.9597720653,"ONTETH":1.2700412031,"ETHUSDC":4.3468466764,"MTLBTC":12.098925504,"BTGBTC":-0.918974374,"LTCETH":0.1779706616,"ENJBTC":-19.1894979952,"BCHSVUSDT":-2.361952907,"USDCUSDT":-0.206636822,"WAVESUSDT":0.851103336,"USDCPAX":-0.1492868855,"KMDBTC":4.4045507834,"NAVBTC":12.2150229787,"ETHPAX":4.6317419558,"NANOBTC":4.2398437977,"QLCETH":25.4634870156,"AEBTC":4.3041614765,"VIBETH":26.659944278,"GXSETH":2.5629884351,"BNBPAX":7.9009275335,"QLCBTC":25.1099680219,"NEOBTC":7.8615932537,"QTUMUSDT":4.2602779605,"ASTBTC":11.3884003571,"MDAETH":8.2231675398,"ICXBTC":5.158422501,"NXSBTC":-2.3680089021,"USDSTUSD":-0.00521097,"ARNBTC":15.0510325149,"XLMBNB":-0.3379408597,"WANBTC":1.5590894384,"EVXBTC":246.4890754092,"OMGETH":11.3625518844,"EOSUSDT":14.4145663683,"DASHBTC":7.8127568154,"ADABNB":16.1454823775,"INSBTC":8.6525759646,"XRPPAX":0.5852351222,"BNBETH":8.114291784,"BTTUSDT":-4.9883671478,"BCHSVBTC":-2.3779562375,"STRATBTC":7.6142079238,"MCOBTC":7.1968276998,"BNBUSDC":8.6237494275,"EOSTUSD":14.3499836376,"PAXUSDT":-0.1419899469,"OAXETH":69.1431286698,"ETHUSDT":4.277459233,"ENGBTC":36.2558009827},"startDate":"2019-03-24","endDate":"2019-03-31","numDays":7,"excludedPairs":["VIABNB","STORMETH","WANETH","ADXBNB","CELRBNB","QLCBNB","BLZBNB","SNGLSETH","WINGSETH","AMBBNB","XRPUSDC","DATABTC","BNBUSDS","SKYETH","NANOETH","SALTETH","XMRETH","TNBBTC","STEEMBNB","BCHSVUSDC","BTSETH","LOOMETH","MTHETH","WPRBTC","XLMPAX","CVCBTC","NULSETH","CNDBNB","SNMETH","STORMBNB","WPRETH","OSTETH","PIVXETH","GOBNB","TRXBTC","VIAETH","ZILBTC","ZECTUSD","ZECBNB","NXSBNB","TRXTUSD","PAXBNB","LSKETH","OSTBNB","REQETH","PHXETH","MCOBNB","ZECPAX","BCNETH","QKCETH","MFTBNB","RCNBTC","XVGETH","VIBEBTC","NEOPAX","TUSDBNB","MTHBTC","MODETH","STORJETH","XZCBNB","QSPETH","RPXBTC","POABNB","SKYBNB","OSTBTC","LINKPAX","ASTETH","IOTABNB","YOYOBTC","BCCUSDT","THETABNB","TRIGBTC","NCASHETH","RLCETH","DNTETH","APPCETH","XLMUSDC","CMTBTC","NXSETH","BQXETH","XLMTUSD","CLOAKETH","WANBNB","AMBETH","QTUMETH","NEBLBNB","ADAPAX","CMTETH","CVCBNB","CELRBTC","ICNBTC","SUBETH","POABTC","AIONBNB","USDSPAX","TUSDETH","HOTBTC","RENBNB","VENETH","DOCKBTC","BCNBTC","SALTBTC","XEMETH","ZRXBNB","RDNETH","GTOBTC","WAVESUSDC","PHXBNB","BCPTBNB","USDCTUSD","BRDETH","INSETH","HSRETH","ARKETH","MODBTC","XZCETH","AIONETH","DNTBTC","TNTBTC","NASBNB","DOCKETH","BTCUSDS","VENBNB","ADAUSDC","RENBTC","RDNBNB","SUBBTC","WTCBNB","XVGBTC","VIBEETH","ARDRBNB","PAXETH","SCBTC","SNMBTC","BTSBNB","GRSETH","TRIGBNB","POEBTC","SNTBTC","NANOBNB","MITHBNB","LINKUSDC","RCNETH","BCDETH","TNTETH","GTOETH","IOTXBTC","ZECUSDC","AGIETH","VENUSDT","WAVESETH","FUNETH","BTTTUSD","SNTETH","DASHBNB","GNTETH","AEBNB","ADXETH","GOBTC","YOYOETH","USDSUSDT","ONGBNB","HOTETH","QTUMBNB","BTGETH","BCNBNB","KMDETH","BCCBTC","BCHABCPAX","LTCUSDC","SNGLSBTC","KEYBTC","APPCBNB","YOYOBNB","BTTPAX","DLTETH","FUNBTC","BLZETH","TUSDBTC","POWRETH","BCHSVPAX","NCASHBNB","TRXUSDC","SYSBNB","BRDBNB","CELRUSDT","DENTETH","RCNBNB","MFTETH","MITHBTC","DATAETH","REPETH","NAVBNB","PAXTUSD","RLCBNB","MTLETH","CDTBTC","USDSUSDC","BCPTBTC","ELFETH","CHATBTC","BTTBTC","POWRBNB","VENBTC","QSPBNB","CHATETH","REPBNB","NULSBNB","BCHABCUSDC","XEMBNB","BCHSVTUSD","SCBNB","FUELBTC","XEMBTC","ZILBNB","ICXBNB","POEETH","DLTBNB","XMRBNB","STORMBTC","SCETH","ZECETH","ZENBNB","LSKBNB","SYSETH","NAVETH","EDOETH","ICNETH","LOOMBTC","REQBTC","WTCETH","LENDETH","KEYETH","NEOUSDC","IOSTBTC","LOOMBNB","NASETH","IOTAETH","RPXBNB","NPXSETH","CMTBNB","CNDBTC","HSRBTC","DCRBNB","PHXBTC","NEBLETH","GNTBNB","GVTETH","ARDRETH","BCPTETH","VETBTC","HOTBNB","BTTUSDC","POAETH","EOSPAX","DASHUSDT","MFTBTC","WAVESBNB","IOTXETH","ZENETH","HCETH","BCCBNB","TRIGETH","AGIBTC","TNBETH","DASHETH","BCCETH","USDCBNB","USDCBTC","CDTETH","DGDETH","LINKTUSD","NEOTUSD","CVCETH","GTOBNB","XZCXRP","AEETH","ETCBNB","NCASHBTC","QKCBTC","STRATETH","TRXPAX","WAVESPAX","LUNETH","LRCBTC","NPXSBTC","PAXBTC","WAVESTUSD","CNDETH","WINGSBTC","STEEMETH","DENTBTC","CLOAKBTC","PIVXBNB","RPXETH","AGIBNB","PPTETH","BNTETH","LENDBTC","LRCETH","MCOETH","QSPBTC"]}