{"data":{"ICXBTC":-12.2209826112,"VIBETH":-10.3120698477,"TRXBTC":11.1327162567,"VIABTC":-7.60321118,"DCRBTC":-5.585601402,"WAVESBNB":-16.1484319991,"OMGBTC":-12.8958918819,"ETCUSDT":-11.2949913457,"EDOBTC":5.2988832637,"ZENBTC":-8.716330221,"ADAUSDT":-0.179660075,"XEMBTC":-12.1447870292,"GASBTC":-4.2841241724,"VIBEBTC":-10.1407096018,"XRPUSDC":-7.4432307862,"ZRXETH":-11.891514155,"VETETH":-1.6231033885,"LUNBTC":-9.7069396772,"NEOBNB":2.2160948018,"EOSBTC":-10.1286606681,"REPBTC":0.4895766347,"ONTUSDT":2.6533891462,"ZECBTC":-4.3765198343,"BNBPAX":-1.0915452828,"NULSBTC":-3.3379762361,"ARNBTC":-8.3832430727,"GNTBTC":-10.1249509025,"TUSDBTC":0.4546057186,"PPTBTC":-11.9677197807,"DASHETH":-8.5886438082,"WAVESETH":-16.1939038506,"ETHUSDT":-18.4121607509,"QTUMETH":1.4430281421,"ELFBTC":-11.8720112054,"ENGBTC":-3.6672426046,"NEOUSDT":1.3307023166,"IOTAUSDT":-18.423476841,"TRXBNB":9.9683349584,"ADAETH":0.06421864,"WTCBTC":-1.1974077565,"QTUMUSDT":0.9585778097,"SALTBTC":-8.5522975462,"USDCUSDT":-0.3680341597,"ADABNB":0.1988376931,"XRPTUSD":-7.7812298661,"DASHBTC":-8.9235474342,"BCDBTC":-5.9254529713,"NASBTC":-7.0022797388,"TUSDETH":2.1105311041,"NANOETH":-4.529320696,"ETHBTC":-17.6810824948,"BCHABCBTC":-15.5623758298,"ZECETH":-4.5790047346,"NEOTUSD":1.0619149756,"LTCBNB":-0.1465546684,"AEETH":-3.995167927,"MANABTC":-14.1829011788,"RDNBTC":-12.5159303293,"ADXBTC":-16.36045113,"WINGSBTC":-4.7427552915,"TUSDUSDT":-0.2235647151,"BCHSVBTC":-3.7877580721,"STRATETH":-15.45307299,"MFTETH":-8.3792725139,"TUSDBNB":0.0300823662,"MTLBTC":-14.3614039041,"BTCPAX":-4.9393427345,"AIONBTC":-12.5757029122,"EVXETH":-9.7781790375,"QTUMBTC":1.7538421168,"EOSTUSD":-11.4523440597,"EVXBTC":-10.0132492178,"BATBTC":-4.4549338149,"ONTBTC":2.9068927869,"ICXETH":-12.7835290443,"XRPETH":-7.2895708373,"SNTETH":10.1253323539,"STRATBTC":-15.2232656916,"BNBUSDC":-0.8882631262,"LINKBTC":1.6254694791,"XLMETH":-3.5379734718,"OAXBTC":-10.575923946,"TRXTUSD":9.86316478,"WABIBTC":-8.7947984478,"AMBBTC":-9.1286051324,"LINKETH":1.1498422314,"PAXUSDT":-0.3365018664,"EOSBNB":-10.2873533907,"GVTBTC":-13.443878992,"XLMUSDT":-5.6895574468,"NEOBTC":2.0653571924,"ETHUSDC":-17.9160025125,"VETUSDT":-1.6314529949,"ADABTC":0.3147174041,"MDABTC":-12.5806065011,"WAVESBTC":-15.563772653,"BCHSVUSDT":-4.5947417576,"ADATUSD":0.5188789506,"ONTETH":1.9389390131,"LSKBTC":-7.4008717123,"DOCKETH":-11.3581372151,"ETHPAX":-18.1830465334,"EOSETH":-10.5211831613,"ZILETH":-0.0191520606,"MODBTC":-11.4093710851,"XEMETH":-11.8041966476,"NEBLBTC":-15.526557739,"NULSUSDT":-4.2592613935,"IOTABTC":-18.2489790665,"KNCBTC":-8.8844389685,"BNBUSDT":-0.9391275671,"BTCUSDC":-4.3216770978,"POLYBTC":-5.4241433699,"BTGBTC":-4.9973229107,"ETCETH":-12.2337990694,"XLMTUSD":-4.0557938464,"DGDBTC":-10.8611371505,"AEBTC":-3.5876445231,"BCHABCUSDT":-16.0763919713,"ZRXBTC":-11.3506391619,"ETCBTC":-10.6495093631,"XVGETH":1.670161417,"LTCETH":0.1161365677,"HCBTC":89.8310327871,"TRXUSDT":10.9403215577,"BLZBTC":-14.7506933018,"NEOETH":1.7858838345,"HCETH":85.7569947332,"SKYBTC":-3.6381846182,"TRXETH":10.9715158664,"XLMPAX":-6.548927973,"GTOETH":-12.6519098107,"BNTBTC":-16.5147186935,"AGIBTC":-8.2487724408,"ARNETH":-8.5634693901,"BQXBTC":-9.2420951634,"XMRETH":-10.4817880043,"XRPUSDT":-7.7610566067,"IOSTETH":6.5051386807,"ARKBTC":-15.4397284652,"EOSUSDC":-10.1736937602,"XRPPAX":-7.813158856,"WANBTC":-11.3464254241,"LTCBTC":-0.0194125107,"BATETH":-5.4938195351,"OMGETH":-13.1803266453,"DLTBTC":13.5813219729,"XLMUSDC":-4.4019041811,"MCOBTC":-12.1823974395,"XMRBTC":-10.1540845121,"XRPBTC":-7.1685757135,"LTCUSDT":-0.5794624104,"PIVXBTC":-13.3168277696,"EOSUSDT":-10.6542605174,"XZCBTC":-7.5232709532,"XLMBTC":-4.4505801936,"POWRBTC":-11.6059212048,"BTCUSDT":-4.9717746559,"BNBETH":-1.0081837454,"BNBBTC":-0.5167381396,"KMDBTC":-12.9681696325,"EOSPAX":-10.8175067175,"NXSBTC":-3.2802949926,"GXSBTC":-4.4845837294,"IOTAETH":-18.8955771086,"STEEMBTC":-3.5388188714,"NANOBTC":-3.815065642,"TRXXRP":10.8488899889,"APPCBTC":-6.3233156522,"INSBTC":-11.0112694125,"XRPBNB":-7.8491806117,"ICXUSDT":-12.489560544},"startDate":"2019-01-05","endDate":"2019-01-13","numDays":7,"excludedPairs":["CDTBTC","VETBNB","VENBTC","RCNBNB","CMTBTC","GXSETH","ONTBNB","RDNETH","VIBEETH","LENDETH","LOOMETH","THETABTC","VENUSDT","DNTBTC","WANBNB","OSTBTC","SALTETH","DGDETH","BRDBNB","FUNBTC","HOTBTC","TRIGBNB","INSETH","NULSETH","NASETH","CMTETH","TRIGETH","THETAETH","QLCBTC","VETBTC","REQBTC","PPTETH","DENTBTC","NCASHETH","BTSBNB","QSPETH","ARDRETH","PAXBTC","POWRBNB","NCASHBNB","REQETH","WABIBNB","QSPBTC","POABTC","CVCBTC","POEETH","REPBNB","SYSETH","XZCBNB","FUNETH","PAXBNB","ENJBNB","BCNBTC","VIABNB","EDOETH","OAXETH","PIVXETH","CVCBNB","ADXBNB","LOOMBTC","CNDBTC","NASBNB","XLMBNB","DCRBNB","FUELBTC","MITHBTC","IOTXBTC","NEBLBNB","RLCETH","ASTETH","QKCETH","VENBNB","BCCBNB","USDCPAX","PAXETH","THETABNB","SKYBNB","AGIETH","APPCETH","STORMBNB","XVGBTC","SCBTC","YOYOBTC","NAVETH","ELFETH","ARDRBNB","MCOETH","QTUMBNB","MDAETH","BLZBNB","DNTETH","BCNETH","QKCBTC","ARKETH","RLCBTC","NULSBNB","LUNETH","QSPBNB","NAVBNB","GOBTC","BTSETH","MCOBNB","CLOAKBTC","WTCETH","BLZETH","TNTETH","ICNBTC","RENBTC","NANOBNB","POAETH","APPCBNB","IOTXETH","CLOAKETH","ARDRBTC","NXSETH","SCETH","WPRETH","AMBETH","BQXETH","YOYOBNB","USDCBTC","DATAETH","WTCBNB","MITHBNB","HSRBTC","POLYBNB","MFTBTC","MTHBTC","BCPTBTC","KEYBTC","KMDETH","AGIBNB","NAVBTC","VENETH","KNCETH","USDCBNB","GOBNB","NPXSBTC","STORMBTC","OSTBNB","ICXBNB","BCPTETH","VIBBTC","SNGLSBTC","RCNETH","MODETH","AIONETH","RVNBNB","GVTETH","LSKBNB","SYSBNB","SYSBTC","FUELETH","BRDBTC","CHATBTC","ICNETH","SKYETH","GRSBTC","USDCTUSD","GTOBNB","SNTBTC","SCBNB","NEBLETH","MANAETH","RDNBNB","AMBBNB","DATABTC","SNMETH","ENJETH","KEYETH","ZENBNB","STEEMBNB","TNTBTC","RVNBTC","CVCETH","ZILBNB","IOSTBTC","NPXSETH","WANETH","GNTBNB","BCDETH","GNTETH","MTLETH","AIONBNB","GTOBTC","ASTBTC","CNDETH","LENDBTC","REPETH","CNDBNB","BCCBTC","MTHETH","BTSBTC","RENBNB","NCASHBTC","POWRETH","OSTETH","WABIETH","ENJBTC","XZCETH","BCCETH","LRCETH","CHATETH","HOTETH","ENGETH","ADXETH","QLCETH","BCPTBNB","WPRBTC","BRDETH","VIAETH","DOCKBTC","RLCBNB","AEBNB","POEBTC","BNTETH","PHXBTC","ETCBNB","PHXBNB","MFTBNB","CDTETH","LRCBTC","STORMETH","WINGSETH","SUBBTC","SNGLSETH","BCCUSDT","BTGETH","DENTETH","LOOMBNB","NXSBNB","XZCXRP","STEEMETH","QLCBNB","DLTETH","STORJBTC","PAXTUSD","STORJETH","RCNBTC","RPXBNB","DLTBNB","SNMBTC","HSRETH","BATBNB","PIVXBNB","ZILBTC","CMTBNB","PHXETH","LSKETH","TNBETH","IOTABNB","POABNB","GRSETH","RPXETH","YOYOETH","RPXBTC","ZENETH","TNBBTC","SUBETH","TRIGBTC","XEMBNB","BCNBNB"]}