{"data":{"ETHUSDC":3.387532956,"WAVESBTC":1.1516772839,"AEBTC":3.1138584638,"LTCTUSD":-0.8767981259,"NULSBTC":-0.3044611137,"ADATUSD":-0.0439974689,"SKYBTC":-5.3070215562,"NEOUSDT":6.523661347,"LINKBTC":-4.7121152699,"WAVESETH":0.6913775611,"NANOBTC":-1.7872855401,"NEOBNB":7.5044732679,"BTTUSDT":4.7704108438,"NEBLBTC":-3.2028753895,"ZECBTC":2.0862830339,"POLYBTC":-4.6325684147,"ELFBTC":17.6785173469,"ARNETH":-3.3961528925,"XRPUSDT":-3.0934353512,"TRXBNB":-11.4128498408,"RDNBTC":11.8985240732,"BTCUSDT":-0.8536492797,"BTGBTC":-1.1092685222,"IOTAUSDT":-1.3352804348,"USDCPAX":-0.0578357203,"XLMUSDT":-2.7974518624,"SALTBTC":-14.5949869381,"MITHBNB":3.0502610882,"XMRETH":-1.4391896897,"OMGBTC":5.609307963,"XRPPAX":-3.0731125607,"BATBTC":9.0619011904,"LINKUSDC":-3.7180426895,"XLMUSDC":-2.3405331069,"GASBTC":8.6715271591,"INSBTC":-5.749281565,"NEOBTC":6.4212284396,"BTCPAX":-0.8323787367,"BQXBTC":1.4243463402,"ARNBTC":-3.5056655408,"XRPBTC":-3.0550231505,"BTCUSDC":-0.8194435739,"EDOBTC":11.1594389908,"DGDBTC":-7.9551839953,"EOSETH":2.7426686594,"LSKBTC":1.9778183339,"XLMBNB":-2.3908814205,"TRXXRP":-12.0328862872,"BCHABCUSDT":-4.5488628881,"WAVESTUSD":1.3297094131,"STORJBTC":62.0304028935,"KNCETH":12.1368670483,"LTCETH":-1.4485612761,"EVXBTC":-8.4456775939,"WANBTC":-1.5752009254,"ETHUSDT":3.2249056018,"LINKUSDT":-4.78321534,"TRXETH":-11.5420912597,"XZCBTC":2.3102219708,"XLMETH":-2.4123113616,"BTTBNB":6.0857957852,"EVXETH":-8.1641040772,"QTUMBTC":0.4409154032,"ZILETH":-1.9278950831,"BTCUSDS":-0.875884153,"ADAETH":-0.871033203,"NULSUSDT":0.3753500194,"PAXUSDT":-0.0091947329,"WINGSBTC":-34.9951140083,"MODBTC":-42.5646633927,"GRSBTC":5.8458287854,"IOTAETH":-1.3299143727,"ZECETH":1.9884549423,"MCOETH":25.4655086059,"ADXBTC":1.6342420669,"VETUSDT":3.3804975589,"RLCBTC":-5.741727585,"EOSPAX":3.0709655941,"NAVBTC":-2.0230911033,"BCHABCBTC":-4.5848676425,"TRXTUSD":-11.6497112405,"DLTBTC":-17.5100226488,"ETCUSDT":0.3089241875,"IOTABTC":-1.863449431,"KNCBTC":12.5269015725,"MITHBTC":2.2551536753,"ARKBTC":8.9151460509,"THETAETH":17.377367346,"PAXTUSD":0.2916226598,"REPBTC":-2.3354225972,"ETHPAX":3.2379184211,"XLMTUSD":-2.155099624,"USDCTUSD":0.2486740844,"TUSDETH":-0.3827467024,"APPCBTC":56.1071490394,"NEOTUSD":6.7240969877,"OMGETH":4.4604673634,"BATETH":9.2951545852,"ICXUSDT":1.3003159975,"XLMPAX":-2.4154310345,"ADAUSDT":-0.8217867099,"WTCBTC":-2.3842329457,"MDABTC":-1.6735120787,"THETABNB":18.9878045647,"DASHBTC":6.5359647187,"EOSBNB":2.6561499999,"ELFETH":18.1250546133,"BCHABCTUSD":-4.3213741992,"ICXETH":1.1179632871,"ETHBTC":3.2615130372,"LTCUSDC":0.0848704501,"DASHETH":6.726011667,"LINKETH":-4.7725597285,"BNBETH":4.8649670881,"PIVXBTC":-0.2110355978,"XEMBTC":2.5820556537,"EOSUSDC":3.2605701791,"TUSDUSDT":-0.3408977225,"XRPUSDC":-3.2786669218,"STEEMBTC":11.6661176946,"KMDBTC":15.4101020231,"VIABTC":4.1562093407,"ZRXBTC":-7.7353160716,"ENGBTC":-0.9756902091,"OAXBTC":0.667692797,"BNBUSDC":5.4486762869,"MTLBTC":4.6975532438,"TRXUSDT":-11.6613704157,"NASBTC":0.4266411555,"LUNBTC":-3.1160972078,"EOSTUSD":3.881444659,"GXSBTC":-1.1601850695,"FUELETH":-1.5136649391,"USDCUSDT":-0.0851880615,"EOSUSDT":2.5869633332,"DCRBTC":1.3990857941,"EOSBTC":2.6407266103,"WABIBTC":-11.372800822,"BCHSVUSDT":-5.9649587878,"AIONBTC":-1.9898973454,"ONTBNB":16.4452691163,"LTCBNB":-0.155070671,"STRATBTC":4.8186343529,"BCHSVBTC":-5.9323597942,"NEOETH":7.0994039901,"MCOBTC":25.6035556658,"HCBTC":-0.4818586541,"WAVESUSDT":1.0136268278,"LINKTUSD":-3.7211237446,"ETCBTC":0.3164312946,"QTUMUSDT":0.4040721039,"NXSBTC":0.9382172281,"CLOAKBTC":-40.6564758506,"ARKETH":8.9298874542,"ONTBTC":14.6297872554,"NANOETH":-1.3920083513,"TUSDBNB":-0.3944630023,"BNBPAX":4.9597891094,"XMRBTC":-1.4157386528,"LTCUSDT":-1.3347443569,"XRPBNB":-2.6579404091,"BCDBTC":-1.7071539394,"ZENBTC":1.3628384214,"BNBBTC":4.9454909292,"VETETH":3.6060452539,"XEMETH":2.743827905,"THETABTC":16.6689154095,"BNBUSDT":4.993258146,"XRPETH":-3.1824467921,"TUSDBTC":-0.296894361,"ADABNB":0.03955634,"ICXBTC":0.7967344324,"ONTETH":15.2928051329,"LTCBTC":-1.1459033131,"GVTBTC":0.7734524939,"XRPTUSD":-2.3806291953,"ONTUSDT":14.8137847465,"PPTBTC":-3.41879109,"ENJETH":10.4894276249},"startDate":"2019-02-10","endDate":"2019-02-17","numDays":7,"excludedPairs":["LENDBTC","AMBBNB","MFTBTC","STORJETH","ENGETH","ICXBNB","DATABTC","ONGBNB","AEETH","RENBNB","EDOETH","BTSETH","SCBTC","LOOMBNB","STEEMETH","GOBTC","BNTBTC","WPRETH","ZRXETH","WANETH","TRIGETH","BCHABCUSDC","LSKETH","CMTETH","WANBNB","AIONETH","BRDBTC","BCPTBNB","QLCBNB","LRCETH","ICNBTC","CMTBTC","FUNETH","MTHETH","ETCETH","NASBNB","DLTBNB","BCNBNB","BLZETH","AMBETH","DATAETH","ARDRBNB","CNDBNB","ENJBTC","USDCBNB","GRSETH","SNTBTC","MANAETH","CLOAKETH","INSETH","QSPBNB","POABTC","POWRETH","MODETH","POEBTC","MDAETH","BRDETH","XVGETH","USDSTUSD","SCBNB","NANOBNB","HSRETH","WAVESUSDC","LUNETH","BQXETH","NXSETH","NCASHETH","BNTETH","QKCBTC","RPXBNB","WABIBNB","ADXETH","SCETH","VETBNB","RCNBTC","YOYOETH","BCHSVTUSD","RLCBNB","XZCBNB","BLZBNB","AIONBNB","TNTETH","TRIGBTC","APPCBNB","REPBNB","BCCBNB","PIVXETH","BLZBTC","SKYETH","KEYBTC","IOSTBTC","NXSBNB","IOTABNB","FUELBTC","TNBETH","BCNBTC","SNGLSBTC","POWRBTC","RPXETH","GVTETH","VIAETH","STEEMBNB","HOTBTC","CDTBTC","ONGBTC","NAVBNB","HOTETH","CDTETH","DOCKETH","XEMBNB","NEBLBNB","CVCBTC","BCHSVUSDC","CHATBTC","REQETH","BCPTETH","QTUMBNB","GXSETH","GNTETH","LRCBTC","VENETH","WAVESBNB","WTCETH","STORMBTC","GNTBNB","HSRBTC","BTSBTC","VIBETH","CVCBNB","PHXETH","AMBBTC","BCCUSDT","MFTETH","DOCKBTC","NCASHBNB","VIABNB","BNBUSDS","DENTBTC","ASTETH","OSTETH","PPTETH","ARDRBTC","CHATETH","REQBTC","POAETH","XZCXRP","TNTBTC","LOOMETH","TRXBTC","ZILBTC","DNTBTC","PAXETH","WAVESPAX","IOTXBTC","SNMBTC","CMTBNB","OSTBTC","RCNETH","CVCETH","RVNBNB","DCRBNB","DENTETH","KMDETH","GOBNB","GTOBNB","ADABTC","SUBBTC","WPRBTC","STRATETH","ENJBNB","ETCBNB","GTOETH","WABIETH","STORMETH","BTGETH","USDSUSDT","SNGLSETH","VIBEBTC","DLTETH","NEBLETH","AEBNB","XLMBTC","USDSPAX","ADXBNB","AGIETH","YOYOBTC","SYSETH","PIVXBNB","ASTBTC","VETBTC","AGIBNB","PAXBTC","STORMBNB","XVGBTC","ZENETH","RVNBTC","MCOBNB","RLCETH","RDNETH","DGDETH","QLCETH","POWRBNB","BCCBTC","BATBNB","TRXPAX","ARDRETH","REPETH","HCETH","RDNBNB","SNMETH","IOTXETH","VIBEETH","QSPBTC","CNDBTC","POLYBNB","FUNBTC","ICNETH","RPXBTC","MFTBNB","GNTBTC","BTSBNB","LINKPAX","QSPETH","ONGUSDT","MTHBTC","LSKBNB","SKYBNB","POABNB","NPXSBTC","DNTETH","SUBETH","RENBTC","BTTUSDC","PHXBNB","TRIGBNB","VENBNB","OSTBNB","YOYOBNB","MANABTC","BTTTUSD","IOSTETH","SNTETH","TNBBTC","POEETH","BTTBTC","NULSETH","NPXSETH","BTTPAX","BCCETH","SYSBNB","SYSBTC","VENBTC","WINGSETH","PHXBTC","AGIBTC","BCHABCPAX","BCDETH","GTOBTC","TRXUSDC","LTCPAX","NASETH","BCHSVPAX","RCNBNB","MTLETH","BCPTBTC","APPCETH","BRDBNB","NAVETH","OAXETH","QTUMETH","ZENBNB","USDCBTC","USDSUSDC","XZCETH","VENUSDT","SALTETH","PAXBNB","NCASHBTC","VIBBTC","LOOMBTC","KEYETH","BCNETH","QKCETH","CNDETH","ZILBNB","QLCBTC","WTCBNB","LENDETH","NULSBNB"]}