{"data":{"ONEBNB":-9.2223461422,"LINKETH":-23.893507641,"RLCBTC":-11.88413321,"IOTAETH":-24.8632502275,"ONTUSDT":-34.2734030396,"STORJBTC":-31.7494558161,"ZECUSDT":-29.2737023721,"WTCBNB":-35.3070283958,"OMGBTC":-39.1162958808,"SKYBNB":-28.0598377083,"DASHUSDT":-32.6905593342,"WTCETH":-33.9423685748,"ENGBTC":-35.4748849537,"GASBTC":-30.8635543214,"ENJBTC":-28.0023270683,"FTMUSDT":-17.6604042938,"EOSPAX":-34.479392371,"ETHPAX":-31.9596359074,"ZRXETH":-18.0773233547,"ZILUSDT":-39.4474194191,"XRPBNB":-17.0838949913,"BTTUSDT":-30.8640770382,"TRXETH":-31.4423181752,"LTCPAX":-26.8175218556,"WTCBTC":-34.3628708971,"EOSETH":-29.7330780232,"RENBNB":-38.6375955072,"BATUSDT":-30.3296917978,"FETUSDT":-22.7431771926,"ATOMUSDT":-14.5396696973,"XLMETH":-15.5871110144,"BNBETH":-15.6462596635,"ONTBNB":-33.4952772796,"ETHUSDT":-30.6994536462,"SKYBTC":-27.9050635976,"REPBTC":-30.9793575434,"XMRBTC":-21.1473245104,"ICXBNB":-25.245740059,"ARKBTC":-31.3102497321,"BNBTUSD":-18.0915540965,"STRATBTC":-32.1127265867,"IOTAUSDT":-25.5433258154,"NEOUSDT":-36.5684345903,"HOTUSDT":-25.9005070817,"ADAUSDT":-26.6465074011,"OMGETH":-38.6491921459,"NEOBTC":-36.0880396362,"XRPTUSD":-15.3519057348,"NXSBTC":-24.7564890447,"LTCBNB":-23.1365732058,"CELRBNB":-24.418780316,"WABIBTC":-28.8490503603,"ONEUSDT":-9.2913912354,"TUSDUSDT":-0.255110357,"BTCUSDT":-23.9793705469,"DCRBTC":-18.0040359737,"VETBNB":-23.7966606466,"NEOBNB":-36.3156766655,"PPTBTC":-18.6825305433,"KNCBTC":-31.7502377137,"ICXETH":-23.1027009141,"ZRXBTC":-19.1815834331,"ARNBTC":-30.7570204262,"EOSBNB":-30.1964348973,"ERDBNB":-7.8526688033,"ZECBTC":-27.7798031927,"TRXXRP":-29.7676066854,"BNBBTC":-16.3669330671,"ETHTUSD":-29.0938059831,"KMDETH":-10.8990385523,"BATBNB":-29.7606325646,"EOSBTC":-29.6552044286,"THETAUSDT":-11.159266072,"LINKUSDT":-24.0814189323,"GRSBTC":-32.1719850349,"ALGOUSDT":-33.9169621094,"STEEMBTC":-30.295080266,"XRPBTC":-16.7415996614,"WANBTC":-29.3428037124,"EOSUSDT":-29.9545522498,"ETCBTC":-24.4924441982,"XMRETH":-20.4436234389,"VETETH":-23.1148966194,"EOSTUSD":-28.3520844371,"ALGOBNB":-32.9816224812,"ICXUSDT":-24.0350976583,"BCHABCUSDC":-26.517740815,"BTCUSDS":-22.3192515248,"LUNBTC":-27.4824124322,"INSBTC":-9.9483149624,"RENBTC":-37.4837915603,"ETCUSDT":-24.9735149921,"DOGEBNB":-14.9128582361,"ZECETH":-26.3651033313,"KMDBTC":-11.8295516528,"PAXUSDT":-0.2550270142,"TRXBNB":-32.5360353506,"MITHUSDT":-30.2401941011,"MTLBTC":-44.6669882109,"CMTETH":-31.9201624775,"TFUELUSDT":-28.0121099716,"BTTBNB":-29.9854148713,"ETHBTC":-30.1283328821,"NEBLBTC":-23.9142981041,"MDABTC":-24.5093366852,"XRPETH":-16.0606778685,"PAXTUSD":0.0104034588,"THETAETH":-10.5196501397,"BTGBTC":-9.4422391491,"NEOETH":-35.4079649074,"IOSTETH":-39.2985896412,"RVNBNB":-12.928047657,"DOGEUSDT":-16.1059176359,"WAVESBTC":-19.5179395228,"ADATUSD":-26.847909938,"EDOBTC":-8.4166728344,"BATETH":-30.1632980919,"BRDBTC":-26.6017151068,"ATOMBTC":-14.9713335385,"WAVESTUSD":-21.3274674662,"NULSBTC":-33.4782282831,"FETBNB":-23.1136906844,"DASHBTC":-32.7102107389,"NAVBTC":-32.3733474817,"ENJUSDT":-28.6712659707,"USDCUSDT":-0.184280825,"LSKBTC":-19.6002894173,"ETCETH":-23.6600504811,"ZILETH":-37.149961445,"ZRXUSDT":-19.2540324518,"BCHABCPAX":-27.1373963857,"ENJETH":-27.1364971214,"GVTBTC":-27.9205469498,"BCDBTC":-29.6933821158,"XLMUSDT":-16.8190323448,"DASHETH":-31.8231781297,"LINKUSDC":-24.2407286085,"ICXBTC":-24.2483510086,"BCHABCUSDT":-27.3634907608,"LINKBTC":-24.5767944227,"BTCTUSD":-23.3108278532,"EVXBTC":-34.3235014478,"OAXBTC":-35.7244999848,"XZCBTC":-22.6621114719,"VETUSDT":-24.9806075318,"CELRUSDT":-24.8369501821,"WAVESBNB":-19.5776434628,"BATBTC":-30.899174827,"ALGOBTC":-35.1155559267,"NEOTUSD":-35.920366426,"MCOETH":-18.9037147351,"TRXUSDC":-32.9850405045,"LTCBTC":-21.6069880892,"LTCETH":-21.65794892,"LTCUSDT":-20.895972798,"BCHABCBTC":-26.8336559969,"ADAUSDC":-26.1448296171,"BNBPAX":-19.0470314665,"HOTBNB":-25.2896538076,"XRPPAX":-19.62282882,"BNBUSDC":-16.4335120443,"ELFBTC":-42.9616966285,"DGDBTC":-32.2017541576,"RDNBTC":-28.1174351574,"LTCUSDC":-23.738929025,"IOSTUSDT":-40.8013877639,"WAVESETH":-18.21750876,"WAVESUSDT":-20.1872815307,"EOSUSDC":-30.0320692853,"XMRUSDT":-21.2230047193,"XRPUSDT":-16.6009357577,"AEBTC":-32.0232387731,"USDCPAX":-0.2101234895,"MATICUSDT":-19.961155246,"MCOBTC":-21.4439038401,"BTCUSDC":-23.2798099715,"NASBTC":-38.4264376401,"ONTBTC":-33.2994377025,"NANOUSDT":-11.5692893536,"GXSBTC":-30.1859812253,"TRXPAX":-36.1054020917,"OMGUSDT":-39.3374284139,"FETBTC":-22.8199486927,"ETHUSDC":-29.608470719,"VIABTC":-39.1483323103,"BNBUSDT":-17.2891906201,"ONGBTC":-31.2765068946,"LINKPAX":-25.2948560616,"BCHABCTUSD":-26.1955110266,"MATICBNB":-20.5749068072,"QTUMBTC":-36.6712349349,"FTMBNB":-17.571134832,"ONTETH":-33.154853848,"IOTABTC":-25.5136307655,"ADAETH":-25.7844463553,"LTCTUSD":-20.1223353094,"BQXBTC":-13.2217563506,"QTUMUSDT":-37.6785686331,"ATOMBNB":-16.3697612473,"BTCPAX":-24.0264694993,"QTUMETH":-36.0779211301,"PIVXBTC":-30.6174552648,"LINKTUSD":-24.7550583029,"USDSUSDT":-0.3864979225,"HCBTC":-32.9586091646,"NANOBTC":-13.1754947233,"XRPUSDC":-14.4412069487,"NULSUSDT":-34.2397463241,"TRXUSDT":-32.5359183612,"ONGUSDT":-31.8866158133,"ADABNB":-26.9125678657,"ERDUSDT":-7.5042609759,"TRXTUSD":-34.2774039801,"USDCTUSD":0.0115341748},"startDate":"2019-07-11","endDate":"2019-07-18","numDays":7,