{"data":{"XLMBNB":-32.0523264094,"BNBUSDC":131.7167049743,"PIVXBTC":-22.5240427317,"ADXBTC":-53.5967092265,"ADATUSD":-25.4861714754,"NANOETH":-1.4582985849,"ETCBTC":118.3881502735,"LOOMBTC":-18.5183745056,"MFTETH":95.8001628609,"LTCUSDT":-22.8231839104,"BCHABCTUSD":-18.9098369665,"BQXBTC":-74.0506804891,"RVNBTC":2.1261291462,"BATETH":-57.0865114563,"EOSETH":57.5686630937,"IOTABTC":1326.3497465412,"XZCBTC":-3.4586382684,"XRPBTC":-46.6409808749,"BATUSDT":-67.3743186623,"HCBTC":12.9436829238,"BTGBTC":-36.9038888463,"ONTBTC":-3.4073695077,"NEBLBTC":-79.1106895822,"ETCETH":1895.4983255845,"MITHBNB":-74.9695853617,"AEBTC":-54.8367352317,"WAVESBTC":-69.393491298,"INSBTC":-67.8001641323,"EOSUSDT":3.7806106045,"EOSBTC":36.4478687028,"POABTC":-26.8156904102,"GASBTC":123.3513545335,"TRXETH":-11.2565440392,"USDCTUSD":49.1729577848,"ADAUSDT":-57.5372212315,"APPCBTC":-46.3116481769,"AIONBTC":-53.0954013158,"USDCUSDT":204.1965457107,"BTTBNB":-8.1331122617,"RLCBTC":-63.3108087259,"TUSDUSDT":42.7850115332,"XLMETH":-12.2163629404,"MITHUSDT":-83.0977698703,"NULSBTC":-9.078893148,"LTCETH":66.4254965561,"IOSTUSDT":39.1092343903,"USDSPAX":-58.9554128085,"ASTBTC":-80.1773877152,"GVTBTC":-66.033338754,"DASHETH":17.297935167,"TRXXRP":-26.6651141643,"LINKUSDT":-46.8904032561,"XMRETH":-21.4712947459,"CELRUSDT":7.3359141124,"LUNBTC":-69.2211151754,"BTCPAX":73.4598856681,"BNBBTC":-48.4523735928,"BTCTUSD":74.991746117,"AGIBTC":-3.1639075912,"ICXETH":-85.6702967315,"ELFBTC":-56.1485993058,"ENJBTC":-66.1199880812,"EOSPAX":4260.3213842675,"BNBETH":-42.0824192655,"BCDBTC":-51.0661074242,"ADAUSDC":202.2490084385,"ETHPAX":279.2691323099,"BTCUSDC":120.7402523562,"ONGUSDT":-33.9602568224,"XRPETH":-49.892149037,"ADABNB":-56.4059742867,"EDOBTC":-68.3567923392,"TRXBNB":-34.3279100549,"NANOUSDT":-22.2136676221,"SKYBTC":-25.0844545049,"CVCBTC":81.462834353,"VETUSDT":-24.4128861408,"BTCUSDS":135.8501480801,"IOTAUSDT":1039.4711456938,"NASETH":12.2199449262,"XEMBTC":12.3484120298,"QKCETH":38.6833330405,"PAXUSDT":373.8565916216,"XRPTUSD":-35.1248011686,"ONTUSDT":-15.6589437151,"BATBTC":-68.8067882877,"XRPBNB":-13.7484025713,"ZECUSDT":-10.7566546045,"USDSUSDT":-34.6128157428,"ETHTUSD":105.726480218,"LINKBTC":-16.9802787012,"NEOETH":204.7371067582,"ONGBTC":-47.6334672128,"VETBNB":-46.064369223,"ARKBTC":24.3459559291,"LTCBTC":-7.1930288923,"ETHUSDC":158.5689141311,"XRPUSDC":19.4797893354,"DCRBTC":-29.3253295014,"MTLBTC":12.3268446751,"LTCTUSD":-38.5247985776,"ZECETH":-37.6526500416,"REPBTC":-85.2181820283,"ZRXUSDT":-44.019135265,"HOTUSDT":-41.1656797869,"XRPUSDT":-46.0745174814,"LSKBTC":-25.9629058299,"IOTABNB":2752.0587924506,"WAVESUSDT":-65.4963429039,"WTCBTC":-30.1894382531,"BNBTUSD":37.0775167433,"DLTBTC":-84.5579893402,"STEEMBTC":-40.5278484293,"ENJBNB":-44.8285379028,"RDNBTC":-30.4147709617,"KNCBTC":-61.4616020932,"NANOBTC":-43.2549714591,"DGDETH":-94.6687030627,"ADABTC":-36.9091132828,"NEOUSDT":66.9129469481,"DASHUSDT":102.3477626122,"XRPPAX":445.1005671171,"ZRXBTC":-44.0290033757,"FETBNB":-90.7061748791,"EOSUSDC":305.8469631673,"ADAETH":-53.0998529768,"XMRUSDT":-60.6934625229,"ONTETH":-39.3443738871,"ZILUSDT":-33.423301909,"ONTBNB":30.5457081544,"CELRBNB":120.8834373008,"MITHBTC":-73.5993735658,"NEOBNB":28.3741371532,"EOSBNB":-60.7357830661,"BTTUSDT":-63.7436409477,"EVXBTC":-56.292160062,"THETABTC":-23.9391227934,"ZECBTC":-28.8225169094,"LTCBNB":-36.2557562575,"GRSBTC":-24.6983639986,"NULSUSDT":13.1188007563,"VIABTC":-6.5309254127,"QTUMBTC":-8.8545439415,"BCHABCUSDC":43.4390040762,"TRXUSDT":250.5533239509,"OAXBTC":-27.984268557,"BCPTBTC":70.1256198506,"OMGUSDT":19.6280619715,"ICXBTC":-80.4752307493,"ETHBTC":-3.5789478665,"ETCUSDT":42.6052098345,"ENJETH":-54.5630658143,"FETBTC":-79.867661257,"ZENBTC":-30.1542324334,"USDCPAX":108.7083984823,"EOSTUSD":21.5708393011,"VIBEBTC":40.9939597896,"BCHABCPAX":139.518413881,"VETETH":-29.3344440811,"DGDBTC":-95.5405878745,"BCHABCBTC":15.015167992,"ICXUSDT":-78.9006693464,"KMDBTC":7.7869849522,"GXSBTC":-77.1207663795,"BLZBTC":-87.516291492,"BNBUSDT":-30.0988349423,"ENJUSDT":-60.5184564332,"BCHABCUSDT":29.2128967149,"XLMBTC":-30.8221484484,"ETHUSDT":-7.2056369444,"QKCBTC":6.1870277026,"BRDBTC":179.408361621,"STRATBTC":-23.6473067664,"POLYBTC":-50.438942234,"NASBTC":-85.5085518429,"POWRBTC":-56.2664240694,"IOSTETH":93.8465593991,"FETUSDT":-60.7026542827,"THETAUSDT":20.730535475,"BTCUSDT":-29.6339788791,"XMRBTC":-25.2347478153,"LTCUSDC":62.0986574713,"IOTAETH":1315.5147208536,"QTUMUSDT":-16.2232437458,"WABIBTC":64.7636071874,"BNBPAX":192.1079112894,"ZILETH":-1.9393396233,"LTCPAX":228.4838709321,"WANBTC":-34.456388478,"DASHBTC":-18.3068802385,"GNTBTC":-68.8681624728,"AMBBTC":-6.1998118604,"MDABTC":4.041259127,"OMGBTC":15.8532802133,"XLMUSDT":-34.9071421128,"PAXTUSD":-10.9201849149,"NANOBNB":-26.684884447,"RVNBNB":-11.1484263465,"MCOBTC":-32.3429004481,"ARNBTC":-44.4896172492,"FUELETH":307.0506125918,"BATBNB":-66.8699583183,"NEOBTC":225.7306513535,"ENGBTC":-48.2810042861},"startDate":"2019-04-23","endDate":"2019-04-30","numDays":7,"excludedPairs":["XVGBTC","USDSTUSD","AIONETH","ZECBNB","RCNBTC","SCETH","ARDRBTC","WANBNB","NEOTUSD","WABIBNB","HOTBTC","AIONBNB","VETBTC","DNTBTC","SYSETH","OSTBTC","MTLETH","STORMBTC","MANABTC","KNCETH","THETAETH","OMGBNB","POEBTC","SUBETH","XZCETH","LSKBNB","REPBNB","WPRETH","CELRBTC","XEMETH","ADAPAX","TNTETH","ENGETH","STEEMETH","MCOETH","CNDETH","STRATETH","ZILBTC","WAVESPAX","ADXETH","MANAETH","VENUSDT","QLCETH","NAVBNB","ICNETH","SCBTC","HSRBTC","SNTBTC","QTUMETH","SUBBTC","MDAETH","VENBNB","IOTXETH","VIBEETH","ARKETH","SNGLSBTC","GNTBNB","TRXUSDC","EVXETH","AGIBNB","TRXPAX","XEMBNB","DOCKETH","PAXBNB","PIVXBNB","BCHSVUSDC","STORMETH","NCASHETH","DATABTC","GTOBNB","AEBNB","SYSBTC","MCOBNB","LENDBTC","GTOETH","BQXETH","DENTETH","CMTBNB","GVTETH","LINKETH","SKYETH","RDNBNB","DASHBNB","POWRETH","BCHSVTUSD","SKYBNB","WINGSBTC","BCPTBNB","AEETH","AGIETH","CMTETH","VIABNB","OMGETH","QSPBNB","NULSETH","LINKTUSD","LENDETH","BCNETH","NEBLETH","THETABNB","CHATETH","INSETH","DENTBTC","APPCETH","MATICBNB","NAVETH","BCNBNB","YOYOBNB","GNTETH","OSTBNB","HOTETH","ICXBNB","ICNBTC","BTGETH","BTSETH","ARDRBNB","TUSDETH","FUELBTC","RCNBNB","MTHETH","VIAETH","NEOUSDC","TRXTUSD","RPXBNB","TRIGBNB","CVCBNB","BCHSVBTC","MFTBNB","BNTBTC","WAVESBNB","BCCUSDT","ELFETH","MODETH","VIBETH","SALTBTC","ONGBNB","QLCBNB","BTTPAX","WAVESUSDC","STORJBTC","WTCETH","XLMPAX","BCCETH","CDTETH","WAVESTUSD","BCHSVPAX","RENBNB","ZECUSDC","SNMBTC","USDCBTC","TUSDBTC","ATOMUSDT","XMRBNB","POEETH","ZENBNB","ZENETH","CLOAKETH","CNDBTC","POAETH","XLMTUSD","GXSETH","BNTETH","SYSBNB","VENETH","PPTBTC","LRCBTC","NPXSETH","POWRBNB","TRIGETH","NXSBTC","MATICBTC","LINKUSDC","YOYOBTC","BTSBNB","XZCXRP","RLCETH","USDCBNB","STORMBNB","BNBUSDS","CVCETH","BLZETH","BCHSVUSDT","POLYBNB","ZRXETH","NXSBNB","RPXBTC","GRSETH","HOTBNB","TNTBTC","SCBNB","NEOPAX","KEYBTC","REQETH","XLMUSDC","BTSBTC","WTCBNB","PHXETH","WABIETH","NXSETH","WPRBTC","BCCBTC","WANETH","PHXBTC","GOBNB","DATAETH","IOSTBNB","PHXBNB","QTUMBNB","RENBTC","WINGSETH","LOOMETH","DLTETH","ZECTUSD","CMTBTC","ETCBNB","STEEMBNB","HSRETH","IOSTBTC","CLOAKBTC","BTTUSDC","BCDETH","LRCETH","YOYOETH","MFTBTC","BCPTETH","ATOMBNB","QSPBTC","STORJETH","FUNBTC","KEYETH","SALTETH","REQBTC","POABNB","ZILBNB","ARDRETH","APPCBNB","NPXSBTC","CDTBTC","XVGETH","PAXETH","BRDETH","ARNETH","RPXETH","ZRXBNB","MTHBTC","KMDETH","BTTBTC","ATOMBTC","SNTETH","TNBBTC","RCNETH","XZCBNB","BTTTUSD","VIBBTC","EDOETH","PPTETH","AMBBNB","NASBNB","DLTBNB","PIVXETH","REPETH","DOCKBTC","WAVESETH","LSKETH","RDNETH","FUNETH","DNTETH","SNGLSETH","LUNETH","TRIGBTC","TUSDBNB","HCETH","ZECPAX","CNDBNB","MODBTC","BLZBNB","CHATBTC","NCASHBTC","MATICUSDT","DCRBNB","OSTETH","IOTXBTC","NAVBTC","TRXBTC","BCNBTC","PAXBTC","GOBTC","QSPETH","NEBLBNB","NULSBNB","USDSUSDC","SNMETH","NCASHBNB","QLCBTC","GTOBTC","ASTETH","BRDBNB","RLCBNB","ADXBNB","OAXETH","LOOMBNB","BCCBNB","LINKPAX","VENBTC","TNBETH","AMBETH"]}