{"data":{"OAXBTC":-80.1116309622,"MATICBNB":915.8900560583,"ETCUSDT":56.3351544462,"NASBTC":210.9802477552,"RENBTC":254.9937958829,"ONEUSDT":876.484195329,"INSBTC":-63.0081851497,"FETBNB":-55.7161448462,"VETBNB":95.3582635981,"GXSBTC":629.2924944038,"LTCPAX":21.6037526534,"ENGBTC":163.0584846015,"ERDUSDT":130.5130954607,"XRPUSDC":203.7388517774,"HOTBNB":191.3665348434,"LINKTUSD":8.9122675236,"WTCBTC":-26.4245184521,"LOOMBTC":-61.175953809,"ARNBTC":117.3538348294,"LUNBTC":-22.2242181252,"MITHUSDT":209.3324319246,"GRSBTC":-96.6163969481,"ENJETH":94.3618020177,"TRXUSDC":64.15333019,"XRPUSDT":119.3654956451,"ETHTUSD":53.0827080292,"KMDBTC":11.1253296493,"ICXUSDT":168.4804032504,"PAXTUSD":6.2133785468,"MDAETH":-78.4738307703,"ZRXUSDT":107.42789652,"DOGEUSDT":231.1439929754,"ADABTC":18.9622779458,"BNBETH":59.9994264531,"LTCUSDC":320.1159482169,"EOSETH":40.0356742618,"ICXETH":1.9339297588,"WAVESETH":148.6190062743,"QTUMBTC":209.5933421181,"REPBTC":1212.9178578936,"HCBTC":22.3141917047,"BQXBTC":-33.2601061695,"IOTAETH":285.504733352,"RDNBTC":-72.7059989684,"BCHABCPAX":-78.4724799773,"ETCETH":307.151139301,"EVXBTC":-72.3014095199,"NAVBTC":-17.0310205446,"BNBUSDC":2.636990924,"DASHBTC":112.3065896468,"USDCPAX":-34.2316416673,"XRPBNB":81.2347894294,"ETHBTC":74.4810052838,"THETAETH":71.3449129832,"ONGBTC":-52.4377067897,"OMGUSDT":90.504644488,"ATOMBTC":185.8990136669,"PAXUSDT":-22.7693975837,"DASHUSDT":48.0143295,"ONEBNB":1251.6351837591,"EOSUSDT":1.952281192,"BTCUSDT":172.544093408,"WTCETH":-40.3481078258,"BTTUSDT":594.2263166956,"DLTBTC":-84.5919986963,"FTMUSDT":-18.696980482,"GNTBTC":454.7883860982,"LTCETH":200.2768100629,"ANKRUSDT":266.6231316584,"SKYBTC":-57.3232507843,"NEOUSDT":89.3169710353,"STORJBTC":-89.0859684883,"STEEMBTC":-38.8345760809,"DUSKBTC":28.2446830596,"XRPPAX":75.4021824009,"LSKBTC":-14.3483904354,"BTCUSDC":233.9625304159,"BCDBTC":-17.2388629577,"ADAETH":18.349712744,"BLZBTC":-28.4877869431,"IOTABTC":141.3694539482,"NANOBNB":4.7386043198,"VIABTC":-48.9824633337,"PPTBTC":66.7216976144,"ADAUSDC":119.5673537175,"LINKBTC":108.5402126073,"OMGBTC":136.2952984334,"BATBNB":88.7449057771,"QTUMUSDT":130.0108380951,"KNCBTC":-82.1615301431,"RENBNB":80.0107927584,"RVNBTC":-14.1446880714,"ARKBTC":-28.0692371252,"LINKETH":89.541492749,"XLMBTC":164.9172954479,"BNBPAX":-18.036156484,"ATOMBNB":24.5897600641,"BCHABCTUSD":-42.0673003567,"ZECETH":74.6759462161,"XMRETH":53.1932586345,"XZCBTC":107.5622053943,"XLMETH":106.1459951072,"DASHETH":108.8836284704,"ALGOBNB":178.7395557695,"WAVESUSDT":-4.4541077609,"GVTBTC":76.1214445358,"WANBTC":-30.0683422386,"DUSKUSDT":104.7691891199,"DCRBTC":890.2821190683,"ELFBTC":-64.9153662219,"NEOBTC":250.1609029055,"BRDBNB":-26.9946224861,"LINKUSDC":85.2774717353,"EOSPAX":-32.2695703685,"WAVESBTC":37.2497134927,"NANOUSDT":-39.3461843296,"AIONBTC":-58.9268224095,"POLYBTC":-24.1571385625,"ENJUSDT":76.0982930087,"BNBTUSD":-47.6162180903,"ETHPAX":-41.6401646389,"APPCBTC":-77.3474784069,"DGDBTC":58.6349967638,"ONTUSDT":32.3909666318,"EOSBNB":89.4888414256,"ADXBTC":-40.3832907255,"ADAUSDT":30.8700835038,"TRXETH":15.4240685085,"BATBTC":28.2590571854,"XLMBNB":9.4829324581,"NEOETH":51.9955028426,"ALGOBTC":481.8759381527,"FUELETH":701.0258486488,"SNTETH":14.8151680864,"ANKRBNB":28.3975123635,"BNBBTC":18.4208496453,"POWRBTC":116.4474376487,"XRPBTC":146.6276426116,"FETUSDT":8.3856486166,"ZENBTC":101.2782471183,"XMRUSDT":146.0165812514,"EOSUSDC":144.5330169569,"WABIBTC":4.9916224889,"CELRUSDT":229.7197202742,"CVCBTC":-81.6524074473,"ETHUSDC":142.5620792314,"LTCBTC":337.5415078618,"LINKUSDT":109.2722627363,"TRXUSDT":178.4730091202,"ZILUSDT":154.601493339,"IOTAUSDT":84.6702783023,"ENJBTC":53.2192334154,"BCHABCBTC":103.4602142695,"TRXBNB":75.0003098109,"VETUSDT":222.6281083807,"MTLBTC":-77.4209892801,"BNBUSDT":-0.5684057459,"BATETH":46.367138726,"NANOBTC":-66.583033467,"BRDBTC":-55.9993619138,"ONTBTC":29.9903534005,"TUSDUSDT":73.2885979948,"LRCETH":-19.0947160361,"NANOETH":-42.0604394462,"AEBTC":-65.737887643,"NXSBTC":-63.9180980851,"VETETH":142.2478444417,"KNCETH":-56.6871214847,"ERDBNB":-41.9045270188,"IOSTUSDT":-84.3059198868,"MATICUSDT":1202.1917290314,"XLMUSDT":101.2273096835,"MCOBTC":-3.7505810771,"ETCBTC":146.4381007848,"BCHABCUSDT":42.8206822534,"THETABTC":51.7999009061,"XRPETH":119.6360890707,"ATOMUSDT":157.9335251116,"THETAUSDT":96.7320116908,"FTMBNB":-60.4352137354,"BTCPAX":-18.8130978787,"LTCUSDT":242.8412644038,"ALGOUSDT":426.2293243805,"XMRBNB":578.2894605845,"LTCBNB":202.2558316193,"ICXBTC":120.1067871908,"USDCTUSD":-31.6321433367,"FETBTC":-31.6309183353,"XRPTUSD":54.196776458,"BTGBTC":6.9223942964,"ZRXBTC":46.5530810025,"ALGOUSDC":239.7092255077,"LRCBTC":-53.5871494447,"NULSUSDT":193.1967519118,"XMRBTC":145.2185538212,"BATUSDT":21.8354694165,"XEMBTC":153.6127040305,"RVNBNB":304.0453368052,"RLCBTC":-82.8099765171,"ZILETH":122.2723806397,"USDCUSDT":53.4944320356,"LINKPAX":6.9140983066,"EOSBTC":44.7473624071,"STRATBTC":141.3352212383,"NEOBNB":64.4712177784,"HOTUSDT":254.4663432138,"ASTBTC":-36.9367551317,"LTCTUSD":279.8457545629,"NULSBTC":30.7227206227,"TRXXRP":0.063386775,"BTCTUSD":136.5605742141,"ZECUSDT":126.912202677,"NEBLBTC":54.8922721188,"ARDRBTC":135.5052437715,"ETHUSDT":46.8389513518,"TFUELUSDT":-24.6883401497,"BTCUSDS":2235.2217535869,"ADABNB":11.890634007,"MDABTC":-73.9764445379,"ZECBTC":39.7176162029,"BCHABCUSDC":60.3225486565,"EDOBTC":153.0033670746},"startDate":"2019-07-30","endDate":"2019-08-06","numDays":7,