{"data":{"BNBETH":-81.8664881402,"LRCETH":-85.9482299641,"NEOTUSD":-67.329171163,"XLMPAX":-29.1652259824,"WAVESTUSD":-79.9570825978,"MDABTC":-73.5125619745,"OAXETH":-79.3312769533,"DLTBTC":-39.5269048615,"NAVBTC":266.5762796135,"MODBTC":-17.5250847192,"VETETH":-66.1324598006,"ONTBTC":-82.2537107401,"OMGBTC":-64.1335745427,"ETHUSDT":-71.2221705743,"ENGBTC":46.7047943186,"WAVESETH":-73.9774551664,"BNBUSDT":-28.4237898229,"BNBBTC":-22.4507497845,"LINKBTC":-67.6481022776,"EOSETH":-66.8239190456,"NEOBTC":-44.9485193155,"THETABTC":25.815004719,"TRXTUSD":-55.7940615997,"GVTBTC":-56.1091595678,"XLMBNB":-49.3745941474,"USDCPAX":-43.5452952067,"EOSTUSD":219.2803649398,"PIVXBTC":-55.7547027531,"PAXTUSD":-91.1034400294,"SALTBTC":-85.7146154065,"NXSBTC":-68.2100280406,"ADAETH":-58.6029193108,"AGIBTC":32.3555189511,"WAVESBTC":-52.3756460237,"EDOBTC":136.2342057544,"ZILETH":-90.3686438073,"VETBNB":-73.9170167808,"BTGBTC":-77.3706126761,"WINGSBTC":-82.2795791224,"CLOAKBTC":33.0136292218,"PAXUSDT":-44.9347917516,"TUSDETH":-83.4778656783,"LTCUSDT":-15.488812675,"ARKBTC":-57.066457668,"INSBTC":97.1169792025,"LINKETH":-71.9111368675,"POWRBTC":-67.5383512966,"LINKTUSD":-59.1749924073,"WANBTC":-62.3471253579,"AEBTC":-78.7155022364,"XLMETH":-71.0483724935,"VIBEBTC":12.8667234472,"ADATUSD":-5.2436535736,"ARNETH":-28.0100099829,"EOSBNB":-60.0397300317,"ETHPAX":-82.6531905004,"MTLETH":20.9632270128,"DASHBTC":-66.9660179869,"XRPBNB":-56.6352110327,"EOSBTC":-42.4433447393,"STRATBTC":-47.6745690401,"EVXETH":-44.0897910157,"ADABNB":-67.051196897,"AIONBTC":-67.2482938711,"LINKUSDC":-79.1645007581,"LTCBTC":1.1150018328,"STORJBTC":3582.5391610133,"ETCUSDT":-55.3267829579,"ZRXBTC":-69.2169452454,"XMRETH":-30.8911641278,"RLCBTC":-90.2243119499,"WAVESBNB":-72.156669848,"BQXETH":-44.9315466144,"ARNBTC":-31.5077705709,"MTLBTC":45.8902955678,"XRPUSDC":-79.8752941499,"MITHBTC":-36.3959817228,"XLMTUSD":-53.1368503216,"XMRBTC":-1.822867033,"TRXUSDC":-77.650422149,"BNBPAX":-90.3901984322,"TUSDUSDT":-58.1035651044,"WABIBTC":-58.1900651298,"RDNBTC":-44.6485708043,"USDCUSDT":-63.5005000546,"GXSBTC":92.0823069098,"LTCTUSD":89.1332539856,"IOTAUSDT":-70.0441468181,"XRPTUSD":-82.0300996554,"BTCUSDC":-78.3319341344,"BCHSVBTC":-74.6116825067,"XRPPAX":-61.7823794521,"LSKBTC":-86.7428922396,"EOSUSDC":32.9503680338,"BCHSVUSDT":-72.3490069521,"BQXBTC":-19.3366077619,"ADXBTC":-51.5422379471,"BCHABCBTC":-58.6649146104,"ETHUSDC":-78.0713943405,"VETUSDT":-77.1215355324,"LTCETH":-32.4439548396,"TRXXRP":-32.9172171289,"TUSDBNB":-66.2949200782,"OAXBTC":-83.0125904286,"REPETH":-31.7888893285,"STRATETH":-76.4349906773,"TRXUSDT":-52.0500518138,"REPBTC":20.8746778705,"DCRBTC":-70.5477933526,"IOTAETH":-75.2306538968,"KMDBTC":-25.8715068495,"XLMUSDT":-47.8146343905,"GASBTC":-68.6370070738,"NANOBTC":-62.9205494391,"TRXBNB":-48.848805017,"DGDBTC":-54.7024518059,"MCOBTC":-25.1303842377,"ONTUSDT":-85.142153075,"HOTETH":-75.3411944582,"MFTETH":-58.1817957714,"BRDBTC":-48.0667581253,"LTCBNB":-32.9639387296,"BNTBTC":-80.024852716,"XLMBTC":-46.1865290688,"LRCBTC":-77.6835606863,"BATBTC":-75.5932991443,"QTUMUSDT":-77.0422940612,"ICXUSDT":-48.4445919396,"STEEMBTC":-20.9231465431,"XRPETH":-71.6650084434,"GRSBTC":-61.8117783546,"PPTBTC":-49.4315319593,"NASBTC":-78.4353258712,"NULSBTC":45.8058168188,"VIABTC":126.3370515137,"ZECBTC":-69.5113805675,"XRPBTC":-40.0282495065,"BCHABCUSDT":-46.5526259378,"USDCTUSD":-80.163524357,"ZENBTC":78.2008806755,"IOTABTC":-71.3154862454,"NULSUSDT":-34.1743705725,"EVXBTC":-74.3644297578,"ICXBTC":-45.1823345287,"BTCUSDT":-42.5695063811,"DLTETH":48.5718231917,"WAVESUSDT":-71.2757253008,"SKYBTC":-71.6906054583,"ONTETH":-88.2597883246,"BCDBTC":-69.0856167445,"OMGETH":-53.3915908717,"WTCBTC":32.4048808811,"BCHABCTUSD":-79.3855046208,"NEOETH":-59.9099408158,"FUNETH":-89.9192232295,"LINKUSDT":-62.4052954941,"NEOUSDT":-63.4347340697,"XEMETH":-31.0615128227,"EOSPAX":140.1211697705,"BNBUSDC":-74.8075199472,"ADAUSDT":-73.8110827789,"BTCPAX":-80.8332448581,"HCBTC":-16.5000561787,"POLYBTC":-2.2298679421,"QTUMBTC":-63.8654145973,"XLMUSDC":-37.7540349898,"ETCBTC":-64.5048572529,"ETHBTC":-61.7152030459,"NEBLBTC":1.4735282571,"TRXETH":-59.1095815236,"XZCBTC":-17.4296967299,"LUNBTC":-67.652248733,"XEMBTC":-26.5972895505,"TUSDBTC":-73.5901662537,"ICXETH":-15.4697136892,"XRPUSDT":-47.49325548,"PHXETH":-89.9564939324,"SUBBTC":-28.4420729765,"DOCKETH":-24.4996180327,"EOSUSDT":-48.9491570092,"NANOETH":-58.6319171294},"startDate":"2019-01-29","endDate":"2019-02-05","numDays":7,"excludedPairs":["POAETH","GNTBNB","DASHETH","REQETH","IOTABNB","TNBETH","CVCETH","ETCETH","ZRXETH","AEBNB","BTSETH","STEEMETH","LINKPAX","VENBTC","ASTETH","CNDBNB","USDCBTC","FUELETH","CHATETH","THETAETH","LOOMBTC","BCCBNB","ZILBNB","BCHABCPAX","SNGLSETH","AEETH","NXSETH","MANAETH","RCNBNB","GOBNB","QLCETH","BCHSVPAX","NULSETH","OSTETH","REQBTC","DATABTC","SNTETH","USDCBNB","BTSBTC","BCPTBTC","WPRETH","RVNBNB","GTOETH","BATETH","RENBNB","ICNBTC","DOCKBTC","ENJBTC","PAXBNB","BCDETH","GVTETH","VETBTC","IOTXBTC","WABIETH","SCBNB","POABTC","LTCUSDC","POABNB","ZENETH","POWRBNB","QKCBTC","BCHSVUSDC","XZCETH","XVGBTC","VIAETH","WAVESPAX","NCASHETH","MFTBTC","NULSBNB","IOTXETH","KNCBTC","WANETH","ICXBNB","BCHABCUSDC","BRDETH","RCNETH","WANBNB","LTCPAX","NEBLETH","LUNETH","RLCBNB","TNBBTC","BCPTETH","OSTBNB","XZCBNB","YOYOBTC","CMTETH","AMBBNB","SCETH","TRIGETH","WTCETH","RCNBTC","NEBLBNB","POEETH","ELFETH","ADABTC","TRIGBTC","STEEMBNB","TNTETH","NASBNB","WAVESUSDC","BLZETH","NCASHBTC","POEBTC","SNTBTC","POLYBNB","NPXSETH","XEMBNB","BCCUSDT","WTCBNB","AGIETH","PAXBTC","ENJBNB","FUELBTC","WINGSETH","TRIGBNB","HSRETH","QSPETH","SYSBNB","MDAETH","STORJETH","APPCBTC","ARKETH","RDNETH","RVNBTC","ASTBTC","NXSBNB","DNTBTC","VENUSDT","SNMETH","GTOBNB","PIVXBNB","CMTBTC","ZECETH","CLOAKETH","VENETH","MCOETH","PHXBNB","RENBTC","BCPTBNB","MITHBNB","AMBBTC","KEYETH","GNTBTC","NAVBNB","MFTBNB","NPXSBTC","POWRETH","QLCBTC","NANOBNB","APPCBNB","ENJETH","SYSBTC","LENDETH","BCCBTC","BATBNB","TNTBTC","ADXBNB","AMBETH","PAXETH","DATAETH","SKYETH","MODETH","VIABNB","BTTBTC","RPXETH","CDTBTC","DGDETH","PPTETH","DENTBTC","NAVETH","OSTBTC","NCASHBNB","QSPBNB","CMTBNB","GNTETH","GXSETH","PIVXETH","TRXPAX","ELFBTC","ENGETH","BCNBNB","SNMBTC","YOYOETH","HCETH","SALTETH","MANABTC","THETABNB","IOSTBTC","CNDETH","CHATBTC","HOTBTC","PHXBTC","WPRBTC","CDTETH","BTSBNB","KMDETH","BLZBTC","AIONBNB","BTTUSDT","BLZBNB","SKYBNB","ZILBTC","BNTETH","STORMBNB","DENTETH","XZCXRP","VIBETH","FUNBTC","LSKETH","LOOMBNB","ETCBNB","HSRBTC","SYSETH","BCNETH","VIBBTC","VENBNB","DLTBNB","AIONETH","MTHETH","REPBNB","GTOBTC","SNGLSBTC","ONTBNB","ARDRBNB","BTGETH","RPXBTC","KNCETH","BRDBNB","YOYOBNB","IOSTETH","SUBETH","INSETH","DNTETH","VIBEETH","CVCBTC","MTHBTC","ARDRBTC","QSPBTC","CNDBTC","QLCBNB","EDOETH","ADXETH","XVGETH","NASETH","BTTBNB","ICNETH","SCBTC","STORMBTC","RPXBNB","QKCETH","APPCETH","LOOMETH","DCRBNB","RDNBNB","GOBTC","BCCETH","AGIBNB","TRXBTC","KEYBTC","ARDRETH","LSKBNB","RLCETH","STORMETH","LENDBTC","BCHSVTUSD","QTUMBNB","BCNBTC","CVCBNB","GRSETH","WABIBNB","QTUMETH","ZENBNB","MCOBNB","NEOBNB"]}