{"data":{"AEBTC":-1.317139897,"ARNBTC":4.1882987847,"EOSUSDC":-6.3289251612,"BTCUSDC":-1.4694674403,"NEOBNB":-10.0394905432,"ICXETH":13.5633935192,"INSETH":5.2692920572,"TRXETH":-7.3457450699,"ASTBTC":15.6281555623,"BNBETH":12.5313338481,"XRPUSDT":-1.4525113057,"KNCETH":19.8752563784,"ZILUSDT":-7.7540168062,"ZENBTC":5.8406433389,"XRPPAX":-0.1656152095,"THETABNB":49.9276733417,"BCHABCBTC":-5.3969844767,"MANAETH":10.5004527671,"THETABTC":50.7982313768,"WAVESUSDT":-3.5201362279,"MDABTC":3.5889373808,"USDSPAX":0.1516970319,"NEOBTC":-8.3466433908,"MDAETH":3.5424635933,"EOSBNB":-8.8133571035,"XRPUSDC":0.5563376324,"LINKUSDT":-0.2782067753,"EVXBTC":10.9492007909,"GVTBTC":-0.9802842301,"DGDBTC":0.8374736159,"BATBNB":27.9617915803,"NASBTC":-5.6056641336,"BNBUSDC":11.8038145183,"POWRBTC":4.333867384,"XLMPAX":-3.2749576131,"ZRXBTC":0.14293659,"DLTBTC":-6.0505364084,"NANOBTC":-1.7830725134,"BCHABCTUSD":-6.8761745892,"EOSBTC":-7.6767929074,"VETUSDT":-3.4577936521,"PAXTUSD":0.1043764889,"GXSBTC":1.4187413469,"APPCETH":41.5316779163,"ONTETH":-12.6029029854,"NEOUSDT":-9.4215477878,"OMGBTC":-6.7111152593,"NEOETH":-8.4292860963,"STORJBTC":0.0937088695,"PPTBTC":10.3697464792,"APPCBTC":45.9415342047,"ONTBNB":-13.8346122934,"BCHSVTUSD":1.3120832655,"AEETH":-0.6707260647,"INSBTC":7.4553478184,"NULSUSDT":-6.2996518016,"GASBTC":-8.8607327566,"RDNBTC":10.4601740746,"LTCBNB":2.6790573478,"HCBTC":-0.9279813713,"ONTUSDT":-13.4560684914,"IOTABTC":-1.885208084,"XLMETH":-0.3231036367,"MCOBTC":-7.6679481768,"ICXUSDT":10.3872609473,"NEBLBTC":1.3546774174,"POLYBTC":13.1602896303,"ADAUSDT":-6.9597973957,"ADATUSD":-5.7483110659,"DASHBTC":-3.2684084497,"QTUMUSDT":-7.2592899081,"MTLBTC":-8.8473294508,"XRPBNB":-1.4301072713,"ADXBTC":2.6624581187,"BCDBTC":-1.8841624908,"LTCBTC":3.3667316022,"ENJBTC":119.838520868,"BLZBTC":20.2213004227,"XLMUSDT":-2.1181614147,"OMGETH":-6.6939671232,"ELFETH":8.2613369787,"ZRXETH":-0.5179284476,"LTCUSDC":10.6767498585,"SKYBTC":19.9900273966,"ICXBTC":12.6576866123,"LOOMBTC":11.5029694949,"IOTAUSDT":-3.594031497,"GRSBTC":2.5820354341,"NULSBTC":-1.8218785527,"EOSUSDT":-7.7568350148,"ETHPAX":-10.0653294501,"BCPTBTC":22.2353265413,"EOSPAX":-10.4208757762,"REPBTC":-0.9167642435,"ZILETH":-3.9386054449,"BTTBNB":-14.1000010778,"ARNETH":4.196954846,"TUSDUSDT":0.0346307869,"BATBTC":30.4824945194,"DCRBTC":-0.7208075983,"EDOBTC":1.2615499967,"NXSBTC":2.4395310368,"ADABNB":-7.3034313847,"TRXXRP":-7.1035513071,"TRXTUSD":-9.3947343595,"USDCPAX":0.0389652784,"XRPETH":-0.5503095937,"ONGBTC":-19.0088183883,"BTCPAX":-1.6072872156,"QTUMBTC":-4.817102752,"ARKBTC":-5.5751698885,"NPXSETH":2.9930915356,"ETCBTC":-3.6321575238,"STRATBTC":1.3810241995,"ONGUSDT":-22.3138663296,"ETHUSDT":-10.2021756592,"HOTUSDT":-14.3121707532,"WTCBTC":9.1828737278,"TUSDETH":0.0034204353,"FUELETH":2.2441751422,"XRPBTC":0.371307237,"LOOMETH":13.144171685,"RVNBNB":104.4699531829,"VIABTC":3.3697478737,"KNCBTC":19.5115629265,"ENJETH":120.1691027444,"USDCTUSD":-0.0369926987,"ICXBNB":10.8292761413,"TRXBNB":-9.1294424926,"LTCETH":2.0728357547,"CVCBTC":4.5218141165,"EOSTUSD":-8.2952929943,"NEOTUSD":-8.2266563208,"EOSETH":-7.7919734861,"BTTUSDT":-14.5368090346,"TUSDBTC":0.5707553053,"RVNBTC":109.9128737142,"THETAETH":48.587994032,"OAXBTC":12.1547415854,"RLCBTC":21.6438210376,"PAXUSDT":0.1590008205,"WANBTC":2.4561020737,"ENGBTC":4.1714606813,"RCNETH":24.5019828709,"ETHUSDC":-9.8023841949,"ETCUSDT":-4.9605257118,"KMDBTC":-5.9378769745,"BNBUSDT":11.6084344766,"TRXUSDT":-9.2685552816,"BTCUSDT":-2.5372597871,"BNBBTC":13.1803152185,"BRDBTC":2.7872518825,"LINKETH":0.1351041021,"BATETH":28.7888114363,"STEEMBTC":24.6423637343,"TUSDBNB":-1.6902095275,"WAVESBTC":-2.5823000153,"BCHSVUSDT":0.954242163,"ZECBTC":-5.2130852938,"BTCUSDS":-2.1959727121,"XLMBNB":-1.8403966849,"XLMUSDC":-0.4133887177,"AIONBTC":8.0892063687,"ONTBTC":-12.1424685956,"BCHABCUSDT":-7.7505305896,"PIVXBTC":1.691368427,"BTGBTC":-4.3436879471,"LUNBTC":4.8316324629,"ADAETH":-6.0275746341,"XMRBTC":-3.0622601409,"BNBPAX":12.1113065185,"HOTBNB":-12.9544360814,"XLMTUSD":0.4192812507,"USDCUSDT":-0.0441182872,"LTCTUSD":-0.865676141,"ETHBTC":-9.14486956,"XRPTUSD":-1.7232907243,"LINKBTC":0.6600897336,"ENJBNB":114.898571127,"ELFBTC":7.1373605623,"BCHSVBTC":3.1664488366,"LSKBTC":1.0508173163,"LTCUSDT":2.0495808826,"WABIBTC":17.8651443473,"BQXBTC":-5.805108174},"startDate":"2019-02-25","endDate":"2019-03-04","numDays":7,"excludedPairs":["QTUMETH","WAVESPAX","XEMBNB","PHXETH","FETBNB","BTTPAX","BQXETH","EDOETH","AEBNB","SALTETH","CNDBNB","BCHABCUSDC","BCNBTC","NEBLBNB","SNTBTC","BTTTUSD","DOCKETH","IOSTBTC","ADXETH","GVTETH","KEYETH","TNTETH","BTTUSDC","QLCETH","RENBTC","BLZBNB","XZCBNB","FUELBTC","PAXBTC","WAVESBNB","TRIGETH","POABNB","LRCBTC","LUNETH","WANETH","NAVETH","SUBETH","RLCETH","CVCBNB","VIBBTC","AGIETH","PHXBTC","BTTBTC","MFTBNB","VETBTC","STEEMETH","FETUSDT","BTSBTC","SCBNB","FUNBTC","NPXSBTC","GTOBTC","NASETH","DENTETH","POLYBNB","LINKTUSD","ARDRETH","XLMBTC","TNBETH","CMTBNB","CLOAKETH","STORMBTC","TRXBTC","ZILBNB","QKCETH","DENTBTC","NULSETH","CMTBTC","ARDRBNB","ASTETH","GOBTC","GNTETH","SNGLSBTC","IOTXETH","BCPTETH","PAXBNB","ZILBTC","OSTBNB","ZRXUSDT","WAVESETH","CHATBTC","STRATETH","XZCETH","MTLETH","MODETH","SYSBNB","MTHBTC","PAXETH","DLTETH","RPXBTC","IOTXBTC","ENGETH","FETBTC","RDNBNB","REQETH","VENBTC","QSPBTC","TRIGBNB","VENBNB","AMBETH","BRDETH","WABIETH","USDSTUSD","AMBBNB","STORMETH","DATABTC","HOTETH","VIAETH","GTOBNB","XZCXRP","HOTBTC","LRCETH","TNTBTC","TRXUSDC","DASHETH","HSRETH","NCASHBTC","AIONETH","WPRETH","SUBBTC","STEEMBNB","PHXBNB","AMBBTC","REPETH","MCOETH","BCHSVPAX","BCPTBNB","BTSBNB","CDTETH","LINKUSDC","QTUMBNB","QSPBNB","NANOETH","ICNBTC","BLZETH","OSTETH","ZECETH","CDTBTC","BNBUSDS","WTCBNB","TNBBTC","DNTBTC","BCHSVUSDC","WPRBTC","POABTC","KEYBTC","DCRBNB","HCETH","REQBTC","NCASHETH","NXSBNB","LOOMBNB","VIBEETH","PIVXBNB","ADABTC","LSKBNB","CNDETH","QLCBNB","YOYOBNB","POEBTC","DLTBNB","KMDETH","VETBNB","SALTBTC","ZENETH","CVCETH","LTCPAX","PIVXETH","LSKETH","LENDBTC","NEBLETH","WABIBNB","GTOETH","HSRBTC","SNMETH","MODBTC","MFTBTC","MTHETH","RPXBNB","BTGETH","AIONBNB","ARDRBTC","USDCBTC","STORMBNB","LENDETH","GOBNB","ARKETH","VIBEBTC","CLOAKBTC","BNTBTC","BCDETH","VIABNB","ONGBNB","SNGLSETH","GXSETH","SCBTC","BTSETH","POWRBNB","RDNETH","WINGSBTC","RLCBNB","SYSBTC","BCCBNB","USDSUSDC","AGIBNB","MITHBNB","ZRXBNB","BCNBNB","XEMBTC","ETCETH","TRIGBTC","SYSETH","CHATETH","IOTABNB","NASBNB","DOCKBTC","CNDBTC","BRDBNB","XMRETH","RCNBNB","USDSUSDT","YOYOETH","RPXETH","SCETH","BCHABCPAX","NAVBNB","WAVESUSDC","IOSTETH","NCASHBNB","RCNBTC","SNTETH","XVGBTC","MCOBNB","NANOBNB","REPBNB","OAXETH","SKYETH","DGDETH","VENUSDT","GNTBNB","OSTBTC","XVGETH","BCCUSDT","MITHBTC","USDCBNB","QKCBTC","NULSBNB","ADXBNB","IOTAETH","SNMBTC","WTCETH","SKYBNB","DNTETH","VENETH","POWRETH","CMTETH","AGIBTC","MFTETH","VETETH","POAETH","XZCBTC","RENBNB","MANABTC","ZENBNB","VIBETH","TRXPAX","APPCBNB","BCCETH","BCCBTC","QSPETH","BCNETH","STORJETH","FUNETH","XEMETH","ETCBNB","POEETH","WINGSETH","GNTBTC","NXSETH","GRSETH","ICNETH","PPTETH","QLCBTC","LINKPAX","YOYOBTC","EVXETH","WANBNB","NAVBTC","BNTETH","DATAETH","WAVESTUSD"]}