{"data":{"BTGBTC":-1.1890213585,"RENBNB":56.9034635972,"XRPETH":-36.7381735944,"ENJETH":-31.4778025954,"LTCUSDT":9.8885737214,"WINBNB":718.9583480969,"LINKBTC":-29.1874522019,"BRDBTC":-78.0007333416,"PAXUSDT":-60.961727913,"NEOUSDT":-65.7160216919,"LTCBTC":-3.5387915618,"ICXUSDT":-89.0068581796,"STRATBTC":-52.4430929545,"VETUSDT":-82.9160804548,"NEOBNB":-41.7485467869,"MITHUSDT":-91.3951975728,"ENJBNB":-52.4213167416,"BNBETH":20.832776447,"BTCUSDS":-88.4088867377,"GXSBTC":-64.2291241265,"ETCUSDC":-23.5182031686,"INSETH":-56.4097144074,"TRXUSDT":-23.1806383852,"EOSETH":32.0676486254,"ZECBTC":-36.8500900117,"LTCETH":27.5340381235,"ARNBTC":-15.2000210908,"MTLETH":-51.7447088514,"ENJUSDT":-52.8913683959,"EOSBNB":35.2974416761,"OMGUSDT":-79.6018877549,"QTUMBTC":-0.4593872279,"ERDUSDT":-82.2536430646,"XMRETH":-30.9245039182,"ALGOUSDT":-11.0228455124,"USDCPAX":-92.8593805631,"EOSUSDT":2.7778759298,"IOTABNB":-29.9496827483,"THETAETH":-90.1144460829,"COCOSUSDT":-57.8452091368,"ATOMUSDT":151.8910509526,"SKYBTC":-88.0864120989,"ETCBNB":-21.4895744985,"MCOBTC":-81.7439846611,"MTLBTC":-65.9643727232,"MDABTC":-63.8961736206,"TRXBNB":36.9882609667,"NEOETH":-66.4109640636,"ZRXUSDT":-96.535239931,"IOTABTC":-43.8950819763,"XMRBNB":-11.7787663372,"LTCTUSD":95.9967000775,"BCHABCBTC":-12.5414738676,"ADABNB":-17.0763828226,"EDOBTC":-71.2442940351,"WANBTC":-76.4885034014,"GVTBTC":-69.1841477366,"ETHBTC":-14.8048414022,"ONEUSDT":-52.8171340823,"VETBNB":-68.5384531882,"WABIBTC":-1.5626342351,"ETHUSDT":-1.4472990246,"ENGBTC":-60.9325663208,"OMGETH":-59.0751907754,"ZRXBTC":-91.6072186833,"XRPPAX":-63.6663470726,"DUSKBTC":-72.4414942555,"FTMBNB":-4.3836164703,"TOMOUSDT":-96.4831499286,"LTCPAX":72.8972956134,"TRXUSDC":-0.259704976,"EOSBTC":-22.5948661728,"MTLUSDT":80.3319600252,"DASHBTC":109.3264234464,"MTHETH":-39.4795790253,"ETCETH":-45.8978851242,"HOTBNB":-38.6972348476,"KMDBTC":-30.7554345685,"ZECUSDT":-37.0413350053,"ETHTUSD":-54.2794480111,"BNTBTC":-77.2903686013,"ONTUSDT":-75.6414331928,"COCOSBNB":-76.6817060587,"IOTAETH":-21.007873844,"BTCTUSD":-54.6379116128,"TRXXRP":-52.0392003082,"FETUSDT":-49.095298764,"LTCBNB":76.7397363684,"TOMOBNB":-96.1303783133,"BTCUSDC":-64.4126819296,"RDNBTC":-86.7792514995,"DGDBTC":-75.3717872363,"PAXTUSD":-70.6665679376,"BCDBTC":-95.401459228,"XMRUSDT":-32.9085513943,"ETCUSDT":-46.4843344752,"ONTBTC":-91.0136027239,"ZILBNB":-84.4036120554,"REPBTC":-32.5934415545,"CVCETH":-98.1520059883,"FTMUSDT":38.4483184883,"ZENBTC":-44.6077830088,"AIONBTC":-95.6203328154,"ANKRUSDT":-89.2598599177,"ONGBTC":-93.4725135542,"DOCKETH":165.1899868303,"ETHPAX":-71.13104234,"ICXBTC":-94.5786504517,"LUNBTC":-70.3362692603,"INSBTC":255.3242065485,"BTTUSDT":121.8319401098,"WTCBTC":-56.0651297006,"DUSKBNB":-16.2349970441,"MATICUSDT":-82.1296101631,"KNCBTC":-67.4297063609,"CELRUSDT":32.1994423278,"ONEBNB":-19.3071741812,"BNBBTC":-8.7155005572,"ADXBTC":-79.4726602365,"ONTETH":-80.2341392567,"XMRBTC":-58.777984164,"QTUMUSDT":-29.8418637494,"ATOMBTC":181.9870621387,"VIABTC":-86.4169622542,"PIVXBTC":-65.354670003,"DCRBTC":-36.4899913713,"RVNBNB":-92.1482125987,"LINKETH":57.1157225465,"WAVESUSDT":-76.7463633039,"BNBUSDC":-52.2083892981,"HCBTC":-80.3657643156,"USDCUSDT":-45.1070732083,"MATICBNB":-72.682112139,"BNBPAX":45.1877040144,"LSKBTC":-58.4544841744,"IOSTUSDT":-16.6126679746,"STORJBTC":-83.1571525015,"BATUSDT":-76.714637588,"WANETH":-84.3201250617,"NANOUSDT":-65.2938621837,"DUSKUSDT":-76.9415502153,"ZILUSDT":-93.9052410603,"EOSUSDC":30.4061234758,"STEEMBTC":-82.5318479719,"ERDBNB":-76.2688387785,"DOGEUSDT":-42.9546297951,"BCHABCUSDT":-32.4194804692,"GRSBTC":-68.5888007757,"BCHABCUSDC":-28.0993610442,"NEOBTC":-70.8570641739,"BATBNB":-60.1416261665,"BATBTC":-84.173618981,"GASBTC":-81.7596180175,"NPXSUSDT":24.5551593312,"XRPUSDC":-54.601983109,"LINKUSDT":-6.6136172497,"XRPBNB":141.1935498086,"ADAUSDT":-63.2613534317,"ARKBTC":-19.3976036481,"LTCUSDC":-14.8003154169,"WAVESBTC":-72.8174412167,"ADAUSDC":-70.117018463,"ETCBTC":-57.5189347174,"PPTBTC":-70.6636055803,"RENBTC":-28.2733240748,"COSBNB":-49.1379468859,"NASBTC":-47.9236214496,"WAVESETH":-75.9187494483,"TOMOBTC":-96.8035654512,"NANOBTC":-71.0644344234,"BCHABCTUSD":-78.2639998038,"THETAUSDT":-70.2806654577,"LINKUSDC":135.2856478482,"NXSBTC":-61.9552009385,"ETHUSDC":-27.1770007476,"HOTUSDT":-63.5542477753,"BNBUSDT":30.7644328178,"NULSUSDT":-92.1514362981,"BNBTUSD":-9.4757996344,"RLCBTC":-73.941289325,"WINUSDC":-1.7791849408,"EOSPAX":-57.8315247334,"TRXETH":-25.5847443454,"XLMETH":-48.3936057363,"QKCETH":2480.0191762132,"EVXBTC":-44.2274084886,"XRPUSDT":-25.4872554573,"ICXBNB":-68.1524609445,"WANBNB":-54.7841548831,"ALGOBTC":-56.0569611937,"ALGOBNB":-34.5784639706,"WINUSDT":714.5018819804,"BATETH":-82.6853683638,"TFUELUSDT":-94.3984275646,"FUNETH":-85.1273544749,"XZCBTC":-32.045479541,"ZILETH":-89.736481132,"ICXETH":-88.9167881987,"ATOMBNB":5.8218564075,"COSUSDT":-69.1169236688,"BTCUSDT":-42.7171831842,"TUSDUSDT":-27.7283486299,"ADAETH":-46.2862374291,"USDCTUSD":-86.0721665708,"DASHUSDT":144.1201852241,"IOTAUSDT":-47.4492631931,"CELRBNB":204.3526947531,"BTCPAX":-27.5497182511,"AEBTC":-68.0319713853,"XLMUSDT":-44.2037607066,"OMGBTC":-77.9625347634,"NEBLBTC":-94.2705536873,"ZRXETH":-91.4482382563,"NULSBTC":-95.7307960989,"BCHABCPAX":325.5604819858},"startDate":"2019-08-25","endDate":"2019-09-01","numDays":7,