{"data":{"ATOMBNB":-64.7612593558,"FTMUSDT":-81.7847012995,"BCHABCTUSD":-84.5902307255,"SKYBTC":280.8365292214,"LINKETH":-19.1514415516,"BTCUSDC":-38.505706848,"ZECUSDT":-16.8359788218,"NULSBTC":-87.839658434,"LINKTUSD":-22.2178881461,"ERDUSDT":-56.6520610683,"MTHETH":38.8714041526,"WANETH":-60.6884721043,"ONGBTC":-70.644557093,"USDCPAX":-83.1724736297,"BATBNB":-56.5946239191,"EOSTUSD":-68.9507939543,"IOTAUSDT":-42.0319708726,"WTCBTC":-53.3797871043,"EVXETH":-2.5863699322,"XRPETH":-62.0677149326,"LTCETH":-51.9011944056,"ONEBNB":66.3680496179,"EVXBTC":31.7735550074,"KMDBTC":21.9270333683,"NPXSUSDT":-58.5343549319,"LTCUSDC":-14.076508121,"XZCBTC":44.6870015984,"WABIBNB":1047.6987778131,"LTCBTC":-56.9079051591,"BTGBTC":-53.4982337924,"GRSBTC":-48.0189838388,"MITHUSDT":13.8218650581,"ETCETH":-78.4989046811,"EOSUSDC":26.0402495355,"ETCBNB":-78.1702707805,"NANOUSDT":-34.6796746468,"XLMBNB":65.5603331624,"MTLBTC":425.8561342588,"ICXBNB":-37.0927009715,"ICXUSDT":-42.2225965253,"ENGBTC":-7.6307804924,"TRXBNB":-36.7859914186,"TOMOUSDT":-62.6611941408,"FETUSDT":40.5689305689,"XRPTUSD":-29.4878136108,"WANBTC":-49.4260762789,"LTCTUSD":-79.9144664458,"ETCUSDC":-87.7082102717,"FTMBNB":-80.5867242009,"BTCUSDT":8.4525986301,"ERDBNB":-53.8699062014,"ATOMUSDT":-64.1926842241,"TRXXRP":-47.1275967623,"DENTUSDT":-83.728759291,"NEOBTC":-39.4497043324,"TUSDUSDT":-23.1723540891,"BNBPAX":-77.3265610884,"EOSETH":-80.7906079878,"ARKBTC":212.2872874848,"ADAETH":-79.481918418,"DASHETH":62.7723261932,"LTCBNB":-51.3978569408,"QTUMUSDT":-77.3076597351,"WABIETH":1012.0190709525,"WAVESUSDT":-48.5233395389,"EOSUSDT":-54.4140758207,"ETHUSDC":-56.3801537821,"BNBTUSD":-40.2086268535,"DUSKUSDT":-47.6059410027,"OMGETH":-61.22976691,"WAVESBTC":-50.5845421513,"OMGBTC":-8.7185415022,"BTCTUSD":-3.0052341796,"WANUSDT":23.8421969203,"MDABTC":45.6247683253,"ALGOUSDT":-34.8056309027,"HCBTC":-68.7872875551,"COSUSDT":15.4625492632,"ZENBTC":-30.2744498807,"ZRXUSDT":-60.0324243692,"BTCUSDS":-35.1924454715,"ETHUSDT":-15.2520557839,"COCOSBNB":-44.2833019412,"BRDBTC":-79.1019369058,"DASHBTC":-3.4830777788,"PPTBTC":275.3658400423,"BNBBTC":-41.2599035119,"XRPUSDC":-75.0483333111,"ONTUSDT":-67.6761940312,"MATICUSDT":-11.2965110069,"PERLUSDT":-35.689098186,"BCHABCUSDC":79.2113175555,"MATICBNB":-14.801223398,"TRXUSDT":-39.3100826316,"GVTBTC":-44.7770700374,"PIVXBTC":-32.909403938,"ZILETH":-72.1695899194,"THETAETH":-84.7420269779,"AEBTC":-83.4747840842,"HOTBNB":-68.3150487555,"GNTBTC":-59.7847210298,"USDCUSDT":-21.2171434267,"QTUMBTC":-81.9162865214,"WABIBTC":671.812073341,"NULSUSDT":-86.9864460796,"ONEUSDT":-56.9034606323,"ZECBTC":32.227927416,"ALGOBTC":-54.6209041705,"DOGEUSDT":-49.4570407833,"VETUSDT":6.1475850539,"BCDBTC":-61.7001243582,"REPBTC":293.6326925188,"NEOBNB":-71.6291364277,"HOTUSDT":-83.0558052003,"OMGUSDT":-61.5506755999,"ADAUSDC":13.1014011479,"ANKRUSDT":160.6089737348,"RVNBNB":-53.6839857478,"BATUSDT":-79.0671520612,"DASHUSDT":3.9200085148,"XMRUSDT":-20.4950321508,"CELRUSDT":-14.0137991941,"LINKBTC":-12.8391426322,"ENJUSDT":160.8493587795,"LINKUSDT":-0.2731339117,"XRPPAX":-78.2610825331,"BCHABCPAX":-42.8304406869,"BCHABCBTC":-65.579848293,"ETCUSDT":-72.1104194435,"CELRBNB":25.2561427353,"PERLBNB":-17.5186642943,"ADABNB":-41.5446592121,"LTCPAX":-84.2162977621,"INSETH":-32.3217789188,"ONTBTC":-69.8565041328,"COCOSUSDT":-33.2029374408,"ADAUSDT":-49.9062997128,"NANOBTC":-56.5346651263,"DCRBTC":-43.7989137955,"VIABTC":-38.4165302583,"QTUMETH":-79.4707644765,"ALGOBNB":-38.8304903669,"IOSTUSDT":-41.3633025065,"XRPUSDT":-13.9153608916,"GASBTC":-31.2529209894,"RENBNB":-55.1356147207,"THETAUSDT":-44.1253794679,"IOTABTC":-21.3307574984,"BNBUSDT":-35.3043078448,"XLMUSDT":-43.2768104788,"ZECETH":29.477836105,"WANBNB":-14.982628126,"ARNBTC":-33.5015794118,"ZRXBTC":-29.6402947955,"TFUELUSDT":-52.286916696,"INSBTC":-44.6292419309,"LUNBTC":-2.8867738307,"BTTUSDT":-14.78291174,"ETHTUSD":-17.3168238645,"PAXUSDT":-21.5899094083,"LTCUSDT":-34.086854776,"NEOUSDT":-41.3969153901,"STRATBTC":-90.1249377648,"ENJETH":-38.0638989742,"BTCPAX":-10.7576775998,"XRPBTC":-40.9393862653,"ETCBTC":-75.4519340883,"ICXETH":-28.0293603774,"DUSKBTC":-56.3007399305,"IOTAETH":-42.0202846371,"ETHPAX":-52.0817986673,"EOSBTC":-58.0279792221,"ETHBTC":-2.1558240635,"XRPBNB":-41.534438425,"BATBTC":-70.7197278209,"ENJBNB":-29.8574173015,"BNBUSDC":-54.1926489967,"WAVESETH":-53.041516436,"LSKBTC":-58.8618201518,"COSBNB":-8.173311123,"TRXETH":-51.8736798115,"XMRETH":-45.570113535,"NEOETH":-46.1528260662,"ICXBTC":-40.4142712713,"WINUSDC":-25.3702483224,"TRXUSDC":19.7513898736,"RENBTC":-70.3638553168,"EOSBNB":-56.3161121369,"DUSKBNB":-26.6485547552,"XLMUSDC":-6.5120909519,"MCOBTC":-46.62170114,"BATETH":-81.7582695532,"QKCETH":109.0667561631,"NEBLBTC":-79.3732441445,"XMRBTC":-18.5274715688,"GXSBTC":-76.4826107237,"TOMOBTC":-44.0169732097,"PERLBTC":-27.3406690655,"LINKUSDC":-42.5854728506,"XLMETH":-53.8730039037,"ZILUSDT":-55.8093061457,"BNBETH":-63.2240844475,"NASBTC":-59.5196171036,"THETABTC":-55.8996703574,"IOTABNB":7.3178835805,"RDNBTC":321.3528258853,"USDCTUSD":-11.1360065832,"BCHABCUSDT":-26.3595943116,"PAXTUSD":-52.0465880783,"BATUSDC":-60.5331435567,"OAXBTC":-95.2900209206,"WINUSDT":-81.668239161,"MTLUSDT":294.3537064006,"XMRBNB":-31.3988848234,"ATOMBTC":-66.8857735631,"MTLETH":15.6079616119},"startDate":"2019-08-28","endDate":"2019-09-05","numDays":7,