{"data":{"EVXBTC":308.5409787057,"WAVESETH":-24.4143768615,"XRPBTC":253.210769226,"RDNBTC":73.9603259188,"ETHUSDC":31.6145353707,"ARNBTC":54.5116596811,"WINGSBTC":49.7938116808,"BCDBTC":36.8748158653,"EOSETH":150.2912628238,"IOTAUSDT":213.0495880298,"PIVXBTC":49.1140994268,"PAXUSDT":36.6953727427,"TUSDUSDT":62.0092911882,"VIABTC":140.2741636564,"LTCBTC":-10.0289897425,"SALTBTC":201.6322222968,"BCHABCTUSD":357.8050720608,"GXSBTC":71.5943230097,"QTUMBTC":219.8365213333,"ONTUSDT":402.7137021453,"EOSBTC":78.4962905043,"CLOAKBTC":123.0476490456,"POLYBTC":-15.1314604713,"ICXUSDT":76.4908763782,"IOTABTC":175.7391966951,"DASHBTC":-33.5576285322,"BTTUSDT":-60.8749795222,"LUNBTC":32.3152157072,"ETHUSDT":158.7255350104,"NEOBTC":-23.2355427658,"NULSBTC":-6.5931915655,"XLMBNB":292.6977207682,"QTUMUSDT":161.555454426,"EOSPAX":299.3763361201,"XMRBTC":21.5180767914,"NAVBTC":-8.4488021151,"TRXUSDT":23.0400991231,"WAVESUSDT":14.5058522639,"MDABTC":646.230827019,"MTLBTC":-1.3998063673,"EDOBTC":998.8624291606,"ZILETH":471.1498976985,"THETABNB":-30.3671534958,"STEEMBTC":105.4026169941,"PAXTUSD":204.1955468854,"ETCUSDT":382.3951460558,"AIONBTC":124.3885997459,"GRSBTC":172.700134293,"ENGBTC":-9.8624958426,"ADXBTC":-39.2531481191,"BQXBTC":-45.9838064747,"MODBTC":2940.1385847603,"RDNETH":65.3678901955,"XLMUSDC":-39.0605693164,"ICXETH":94.4817932471,"ENJETH":2.9967965074,"WANBTC":-14.9019116068,"BTCUSDS":441.2143012047,"STORJBTC":2274.3856884141,"NXSBTC":-16.4692796954,"BNBUSDT":31.1627069462,"BCHABCUSDC":272.959221074,"POWRBTC":-27.7341339179,"BTTBNB":-63.8401198246,"ICXBTC":53.8093495245,"EOSBNB":198.5337388153,"BCHSVBTC":195.2169349485,"LINKBTC":58.8600156813,"ONTBTC":174.8425383862,"LSKBTC":110.3764610713,"KMDBTC":-56.0918950045,"LTCUSDC":-40.3506546552,"ADABNB":195.4013449276,"EVXETH":121.0572190708,"LINKUSDT":98.8108004751,"ZRXETH":178.8868161914,"DGDBTC":273.7621137716,"ADAETH":218.1323123953,"ONTETH":240.8316559379,"BATBTC":84.6354083068,"OAXBTC":2.7677878689,"NULSUSDT":63.3146318954,"NANOBTC":-51.9213897721,"TRXBNB":-31.1043332269,"DCRBTC":-13.318345584,"ELFBTC":99.0876831555,"AEBTC":681.4045524768,"TUSDBNB":116.1861990188,"NANOETH":-56.0072880447,"BCHSVTUSD":54.1128730728,"LTCTUSD":-4.650512532,"VETUSDT":232.1775036977,"BCHABCUSDT":222.8276134641,"APPCBTC":58.9261315915,"XRPBNB":218.4727110075,"REPBTC":-5.8916628851,"EOSTUSD":497.40988675,"THETABTC":-21.9848371902,"ETCBTC":425.7898740309,"ETHPAX":134.959825109,"GVTBTC":15.9125406264,"MCOBTC":684.9925247495,"DLTBTC":1803.6875204043,"TRXXRP":62.656933244,"OMGETH":77.22997771,"EOSUSDT":181.8534484901,"XMRETH":74.0726385569,"KNCBTC":106.5349747808,"BTCUSDT":83.744479975,"XLMUSDT":239.5405881169,"TUSDBTC":103.4808725437,"GASBTC":596.7605169764,"NEOBNB":-38.7922724311,"XLMTUSD":-22.4540689627,"TRXETH":22.6528662032,"BTCPAX":61.6542910488,"SKYBTC":180.1046285813,"ARKETH":254.7280997996,"BCHABCBTC":274.7659911292,"VETETH":141.6479304908,"THETAETH":17.6666295722,"NEOUSDT":20.8040516208,"ZECBTC":-29.3456614384,"ZECETH":-9.855415551,"ADATUSD":147.7057269348,"ZENBTC":423.1415336543,"HCBTC":-40.4931665198,"PPTBTC":47.5776077097,"WAVESBTC":-13.1164201959,"ONTBNB":66.99653073,"OMGBTC":108.9886868203,"WABIBTC":33.9689637537,"LTCUSDT":26.8706635873,"ARKBTC":154.0967861741,"ELFETH":143.7573820883,"USDCUSDT":57.0622186602,"NEOETH":-5.3077157031,"IOTAETH":131.3327997401,"STRATBTC":4.8588151199,"LINKETH":26.2778011462,"ETHBTC":90.1847162946,"XRPUSDC":232.2222394998,"MODETH":9747.3881136061,"BNBUSDC":60.3775682143,"INSBTC":118.1269009889,"XRPTUSD":533.6164737163,"XLMPAX":79.8481951308,"KMDETH":-56.8879691493,"NEOTUSD":-47.7820853418,"TUSDETH":191.38154489,"XRPUSDT":336.7491344239,"ADAUSDT":299.5048917477,"CVCBTC":21.0933412817,"USDCPAX":-38.8546691809,"IOSTETH":293.0078098545,"WTCBTC":218.5056639598,"LTCBNB":73.5287089858,"FUELETH":-69.0447445626,"BTGBTC":301.9252957905,"XRPETH":301.3912262025,"BNBPAX":135.2371085998,"BCHSVUSDT":125.8452120702,"BATETH":60.5568839862,"SUBBTC":2385.4434037062,"XZCBTC":167.3671404059,"NEBLBTC":-86.8524686593,"STORJETH":2600.9222800036,"LRCBTC":12.6757566574,"BNBETH":75.9762723455,"LTCETH":102.087685022,"USDCTUSD":57.1487276928,"BTCUSDC":34.1926540529,"XLMETH":288.8998802924,"BNBBTC":-0.3767925169,"TRXTUSD":30.6434889232,"MITHBTC":60.2948343961,"MCOETH":341.1302745875,"ARNETH":53.6126344604,"ZRXBTC":86.0892485864,"XRPPAX":241.2095833963,"NASBTC":148.5308650767,"EOSUSDC":275.9522566201,"XEMBTC":201.0141534418},"startDate":"2019-02-13","endDate":"2019-02-20","numDays":7,"excludedPairs":["ASTBTC","MANABTC","TRXUSDC","DATAETH","BCPTETH","GNTBNB","GNTETH","APPCETH","BCNBTC","RLCETH","QSPBTC","AGIETH","DATABTC","ASTETH","WAVESBNB","SNGLSETH","BTGETH","AIONETH","EDOETH","QKCETH","NXSETH","BCPTBNB","RLCBTC","PIVXBNB","MTLETH","AGIBNB","MFTBTC","QLCBTC","CLOAKETH","OSTBNB","CDTBTC","NPXSBTC","WANETH","BTTUSDC","TRIGETH","CMTBNB","NXSBNB","WABIETH","VENETH","POEBTC","ICNBTC","SYSBTC","ZILUSDT","NCASHBTC","BCPTBTC","CVCBNB","DLTBNB","ONGBNB","AIONBNB","VIBBTC","REPBNB","DCRBNB","XEMETH","DNTETH","GTOBTC","FUNBTC","ONGBTC","SALTETH","AMBETH","NAVETH","BTTBTC","TNTBTC","SNTBTC","ICXBNB","TRXBTC","SYSBNB","BNBUSDS","ENJBNB","PIVXETH","CNDETH","USDSUSDT","POWRETH","VIBEETH","LTCPAX","PAXBNB","RPXBTC","RLCBNB","XZCBNB","POLYBNB","LRCETH","USDSPAX","STEEMETH","CMTETH","REQETH","NASBNB","STEEMBNB","PAXETH","WPRBTC","LINKPAX","USDCBTC","PHXBNB","XZCETH","NCASHETH","GOBNB","DGDETH","IOTXBTC","KEYBTC","ETCBNB","GOBTC","CMTBTC","XZCXRP","SKYETH","USDSUSDC","BNTETH","BCCBTC","OAXETH","GRSETH","YOYOBTC","POABNB","IOSTBTC","DOCKETH","XVGBTC","NEBLETH","DENTETH","XVGETH","RPXETH","BCDETH","TRIGBTC","SNGLSBTC","WAVESPAX","RVNBTC","PAXBTC","TNBETH","MFTETH","NAVBNB","SNMBTC","VETBNB","INSETH","VENBTC","SCBNB","ICNETH","CNDBTC","POEETH","RDNBNB","IOTABNB","AMBBTC","ADXETH","VENUSDT","ZENETH","GVTETH","MTHETH","BLZETH","SUBETH","BCNETH","STORMETH","NANOBNB","QKCBTC","YOYOBNB","XLMBTC","SNMETH","NPXSETH","MCOBNB","QLCETH","AMBBNB","NULSBNB","LSKBNB","ADXBNB","WPRETH","DNTBTC","BLZBTC","RCNBNB","DLTETH","LOOMBTC","VETBTC","CHATBTC","SKYBNB","TNBBTC","RENBNB","BCCBNB","LENDBTC","ONGUSDT","ENGETH","HOTETH","MTHBTC","POAETH","AEETH","LOOMBNB","BCHABCPAX","VIBEBTC","WANBNB","KEYETH","ADABTC","BTTPAX","BCCETH","BNTBTC","HOTBNB","WTCBNB","ZILBNB","WINGSETH","BRDBNB","HOTBTC","NASETH","BCCUSDT","MFTBNB","MITHBNB","VIBETH","BRDETH","ARDRBTC","CNDBNB","IOTXETH","GNTBTC","BLZBNB","ENJBTC","GTOBNB","NEBLBNB","QLCBNB","BCHSVUSDC","YOYOETH","BTTTUSD","BTSETH","KNCETH","BTSBTC","QTUMBNB","GXSETH","HOTUSDT","DENTBTC","TRIGBNB","HCETH","RPXBNB","REQBTC","BCNBNB","MDAETH","MANAETH","STRATETH","PHXBTC","LOOMETH","POWRBNB","USDSTUSD","OSTETH","LENDETH","ZILBTC","WTCETH","DASHETH","RCNBTC","RENBTC","LINKUSDC","WAVESTUSD","ETCETH","VIAETH","QSPETH","SCBTC","QTUMETH","FUELBTC","LUNETH","VIABNB","WABIBNB","AEBNB","USDCBNB","REPETH","SNTETH","HSRBTC","TRXPAX","RVNBNB","CHATETH","PPTETH","RCNETH","WAVESUSDC","BRDBTC","ARDRETH","ARDRBNB","OSTBTC","XEMBNB","APPCBNB","CDTETH","NCASHBNB","BATBNB","SYSETH","STORMBNB","POABTC","SCETH","LSKETH","LINKTUSD","GTOETH","FUNETH","PHXETH","QSPBNB","CVCETH","DOCKBTC","TNTETH","ZENBNB","BTSBNB","BCHSVPAX","HSRETH","BQXETH","NULSETH","AGIBTC","VENBNB","STORMBTC"]}