{"data":{"BCHSVUSDT":147.4745077719,"MFTETH":8.6352716274,"WINGSBTC":154.7066119852,"XRPBNB":32.7765982597,"BTCUSDT":-15.9851525543,"DASHBTC":-59.0997538998,"ICXUSDT":-36.7185687454,"BTCUSDC":7.1592445927,"ZILETH":85.0107746251,"IOTABTC":-33.390732653,"SALTBTC":4.4470280316,"BNBBTC":-18.5563818237,"STRATBTC":-50.4871043157,"TRXETH":-46.8831337274,"SKYBTC":-49.3540542045,"ADATUSD":50.6777760714,"BTCPAX":52.7001141178,"ARNETH":42.012334886,"NEOBTC":23.8979042928,"MODBTC":-83.9246224964,"OMGBTC":20.6359570036,"ETCETH":34.0064551579,"XRPUSDT":3.5084709192,"BNTBTC":302.0472511231,"ADABTC":-21.2101634499,"ICXETH":-34.686341973,"SNTETH":47.936398687,"EOSETH":-29.5148793323,"AEETH":79.4316879994,"ONTUSDT":142.1240654428,"ETHUSDT":-57.6123348971,"XLMUSDT":86.2616708552,"ETHUSDC":-42.6211516478,"ADABNB":-41.7909166648,"XLMPAX":495.1992491838,"NANOETH":-5.4295282553,"WTCBTC":43.2538056334,"CLOAKBTC":120.7183295483,"ADAETH":-44.2808336472,"PIVXBTC":-71.9904668371,"BTGBTC":-20.5748931783,"ZRXETH":-19.5772966075,"DCRBTC":-30.8060275928,"EOSTUSD":-80.2362450694,"LTCUSDT":-33.5742876998,"XRPTUSD":3.4185705633,"NEOTUSD":39.0050023397,"SYSBTC":48.272373015,"REPBTC":-60.4814576088,"GASBTC":-18.6456805876,"DLTBTC":1411.1796407946,"PHXETH":7201.0299080921,"STRATETH":-24.9438093106,"LINKBTC":-40.5578215786,"XVGETH":215.9990513482,"ICXBTC":-42.0784835097,"XZCBTC":659.879781304,"POWRBTC":11.4093427663,"LUNBTC":889.5895295068,"BATBTC":-30.5306982838,"AEBTC":74.8230655657,"NULSBTC":-84.4604840043,"QTUMUSDT":17.2237559081,"NXSBTC":32.3561701044,"EOSPAX":446.8245907089,"TUSDUSDT":-7.9988501622,"BNBPAX":180.4102170652,"QTUMBTC":108.3026321351,"BCDBTC":-41.7694263016,"VIABTC":76.5586176098,"ZECBTC":-29.6531431676,"TRXXRP":-34.7746281009,"XLMUSDC":183.0634550411,"EVXETH":-65.9906890487,"ELFBTC":19.3527316025,"EOSUSDT":-12.7765877761,"ETCBTC":23.8327155449,"QTUMETH":230.0473523162,"XRPBTC":-15.9444782228,"WTCETH":113.9191618035,"EVXBTC":-53.4100441063,"EOSBNB":25.6166448868,"XLMTUSD":116.7753810021,"AMBBTC":-10.4333553388,"TUSDETH":-62.7967480584,"QKCETH":1126.7334628159,"USDCUSDT":-11.4052195939,"BNBUSDT":-16.9057913327,"DGDBTC":-83.2803796713,"BCHABCBTC":-21.521774627,"ARNBTC":1.5693102351,"INSBTC":42.3725657894,"BATETH":-17.939844498,"ADXBTC":10.3625817781,"NEOBNB":-46.7330712133,"XRPPAX":139.9687953489,"ARKBTC":-65.0526796749,"VIBETH":-24.4379059836,"XLMBTC":159.3187394126,"TRXBNB":17.2260974854,"ETCUSDT":12.1826862016,"TUSDBNB":-79.1766015135,"MANABTC":38.2043063291,"NEOUSDT":55.2635277388,"XRPETH":-46.5967399788,"ONTBTC":62.5143194669,"PAXUSDT":26.7107968646,"WAVESBNB":9.7585168149,"ZRXBTC":13.6120777471,"BNBETH":-11.0080633786,"ETHBTC":-51.8402667396,"XLMETH":116.2907654816,"BCHSVBTC":124.4845888957,"TRXTUSD":-2.5703780171,"ZENBTC":172.2256366129,"WAVESETH":185.1539234254,"MDABTC":-86.9573647397,"TRXUSDT":-26.0150694268,"ETHPAX":-12.6778282167,"OMGETH":100.7681179026,"TRXBTC":-27.6990206095,"EOSBTC":-27.8882957607,"IOTAUSDT":-16.9843097836,"LTCBTC":-59.4279213517,"VETETH":-9.1606062195,"VETUSDT":105.837856745,"WABIBTC":160.9348037047,"DASHETH":-31.9526059365,"ADAUSDT":-4.801071551,"XMRBTC":-45.8982973592,"IOSTETH":45.4145437797,"EOSUSDC":-57.7448701112,"LTCBNB":-31.3230939792,"WAVESBTC":68.8191954881,"NULSUSDT":-38.6860167812,"KMDBTC":-57.818531723,"WANBTC":-37.5437002978,"LTCETH":-69.0658196093,"STEEMBTC":248.6804933889,"AIONBTC":65.4369358256,"ZECETH":-16.9386837193,"NEOETH":-31.841525408,"IOTAETH":-17.6174495781,"XRPUSDC":-14.2224895943,"GTOETH":-30.2449252927,"ONTETH":10.8483306143,"LSKBTC":-7.0715749826,"HCBTC":10797.6874599352,"NASBTC":7.7920503515,"XEMETH":-22.8524374259,"ENGBTC":-18.0722461306,"LINKETH":-44.7109838211,"NEBLBTC":64.5256152255,"KNCBTC":169.6892510258,"PPTBTC":254.1705353791,"HCETH":5471.7345064363,"XMRETH":-32.2807791641,"MTLBTC":-30.7796324146,"MCOBTC":-91.3233398,"POLYBTC":242.2486376129,"APPCBTC":35.7515173831,"AGIBTC":-85.4245639255,"RDNBTC":-69.510140467,"BCHABCUSDT":-30.1812036546,"DOCKETH":68.6164163903,"BQXBTC":-10.2299614038,"NANOBTC":-5.1980412621,"TUSDBTC":52.6769597913,"GVTBTC":6.813949479,"BNBUSDC":-50.7253090225,"XEMBTC":4.6044072117},"startDate":"2019-01-05","endDate":"2019-01-14","numDays":7,"excludedPairs":["ETCBNB","BLZBTC","NPXSETH","RLCBNB","POABNB","TNBETH","STEEMETH","NXSETH","PAXBNB","USDCBTC","CLOAKETH","USDCTUSD","NCASHBTC","MANAETH","USDCBNB","STORMBTC","THETABNB","VIBEBTC","WPRETH","REQETH","CDTBTC","VIAETH","PAXBTC","TRIGBNB","TNTETH","LUNETH","WANBNB","YOYOBTC","MODETH","GXSETH","TRIGBTC","RPXBTC","VIBEETH","NASBNB","STEEMBNB","ZILBNB","DCRBNB","CVCETH","IOTABNB","NASETH","CDTETH","DATABTC","DNTETH","BCCETH","CVCBTC","DNTBTC","AGIETH","XEMBNB","CNDETH","BCCUSDT","AIONBNB","ELFETH","APPCETH","LRCBTC","MITHBTC","GTOBNB","BTSBTC","HSRBTC","XZCXRP","QTUMBNB","DENTETH","ICXBNB","ADXBNB","DOCKBTC","MFTBTC","LOOMBNB","PIVXBNB","SYSBNB","KEYBTC","ARDRBNB","DLTETH","ASTETH","SUBBTC","OSTBTC","VETBTC","GNTBTC","CVCBNB","PHXBTC","INSETH","DLTBNB","SALTETH","IOTXBTC","POAETH","NANOBNB","SCETH","KMDETH","LSKETH","TNBBTC","RCNBNB","RVNBTC","QSPETH","ENJBTC","BTSETH","RVNBNB","FUELBTC","RCNETH","RLCETH","BLZBNB","GVTETH","BCPTETH","SNGLSETH","BCNBTC","MDAETH","SCBNB","KNCETH","CMTETH","BCDETH","BATBNB","YOYOBNB","HOTETH","APPCBNB","XLMBNB","DENTBTC","ARDRBTC","BLZETH","BCPTBTC","BCPTBNB","ARKETH","GRSETH","VENBTC","VENETH","NAVETH","YOYOETH","RDNETH","SCBTC","CHATBTC","XVGBTC","BCCBTC","QSPBNB","OSTBNB","CMTBNB","THETABTC","AEBNB","IOSTBTC","STORJETH","PIVXETH","HOTBTC","BRDETH","REPBNB","ADXETH","GTOBTC","RDNBNB","NULSETH","STORMBNB","AGIBNB","PPTETH","CHATETH","ENJBNB","EDOETH","FUNBTC","NEBLETH","OSTETH","CNDBTC","CMTBTC","OAXBTC","SNMETH","LSKBNB","FUNETH","THETAETH","GNTBNB","SKYBNB","QSPBTC","SNGLSBTC","ZENBNB","WINGSETH","DGDETH","POWRETH","WABIETH","MFTBNB","BRDBTC","KEYETH","RPXETH","EDOBTC","USDCPAX","POWRBNB","BNTETH","REPETH","REQBTC","SUBETH","WANETH","PHXBNB","VENBNB","IOTXETH","QLCETH","NEBLBNB","GOBNB","MITHBNB","NAVBNB","NPXSBTC","NULSBNB","VENUSDT","XZCETH","BCNBNB","ASTBTC","LENDETH","POLYBNB","BTGETH","ICNETH","GRSBTC","DATAETH","MTLETH","NXSBNB","ICNBTC","SNMBTC","VETBNB","BCNETH","RLCBTC","MCOETH","NCASHBNB","BCCBNB","TRIGETH","ZILBTC","ENGETH","MCOBNB","ENJETH","POEBTC","POABTC","RENBTC","PAXETH","BTSBNB","NCASHETH","QKCBTC","VIBBTC","AIONETH","OAXETH","WTCBNB","LENDBTC","BQXETH","MTHBTC","ZENETH","WABIBNB","GOBTC","PAXTUSD","BRDBNB","VIABNB","LOOMETH","MTHETH","AMBETH","WPRBTC","LOOMBTC","SYSETH","NAVBTC","RCNBTC","LRCETH","CNDBNB","ONTBNB","GNTETH","GXSBTC","AMBBNB","RENBNB","QLCBTC","FUELETH","STORJBTC","XZCBNB","RPXBNB","QLCBNB","ARDRETH","TNTBTC","STORMETH","SNTBTC","SKYETH","POEETH","HSRETH"]}