{"data":{"ZECBTC":6.0097330656,"BNBPAX":62.7718606283,"ADAETH":39.6834757789,"ICXUSDT":-57.4850903838,"PHXETH":1020.1043571904,"XRPUSDT":-59.3010361037,"LTCTUSD":256.8217210916,"TRXXRP":9.8011565813,"NEOUSDT":-22.1346969684,"ETHBTC":7.634784606,"MDABTC":-88.6786738026,"ONTBNB":22.5872810259,"TRXUSDT":65.2243648922,"USDCUSDT":106.2404300235,"ZRXETH":-65.5583343044,"ENJETH":-71.0880588186,"XZCBTC":17.4951100946,"XRPBTC":-61.1734050326,"DASHBTC":10.8071407228,"ENJBNB":-60.3935772121,"EOSBTC":65.5734142926,"ONTETH":-32.6545683378,"STRATBTC":-58.9732714186,"BCPTBTC":176.0846121653,"PIVXBTC":274.6973852257,"ETHUSDT":15.3172186831,"BTCUSDT":13.7997977224,"XRPPAX":-74.2953372904,"HOTUSDT":63.8761232734,"BTTBNB":-44.7807691156,"CVCBTC":-54.2852002637,"ICXETH":-82.9055909019,"PPTBTC":55.7110171137,"EOSPAX":-71.400643585,"KMDBTC":-32.0224889528,"GVTBTC":-60.5269901503,"RLCBTC":-67.7581805037,"ZENBTC":64.2133320888,"XLMTUSD":-72.7781491382,"DGDBTC":195.6787045156,"NANOBTC":43.7314482527,"PAXUSDT":-19.5865278933,"NULSBTC":239.5713837751,"BNBBTC":177.9566779358,"AEETH":-33.0628105923,"MCOBTC":-39.6907423665,"WAVESBTC":144.6937453501,"STORJBTC":-61.782981286,"LOOMBTC":-54.6985899732,"GXSBTC":19.9304783294,"MANAETH":-94.7343869309,"GRSBTC":926.965468913,"ETCBTC":125.9900552694,"NEOBTC":-33.6621045487,"APPCBTC":-26.3282583893,"OMGBTC":-64.9621260096,"TRXETH":4.7072939701,"ENGBTC":-31.6494188797,"ARNBTC":10.2430604715,"EOSUSDC":151.9317864538,"HOTBNB":71.0882215645,"ONGBTC":-51.1867677025,"LUNBTC":-93.6290970792,"LINKBTC":-0.8756684619,"IOTAUSDT":72.0164238236,"ASTBTC":-4.5948033584,"ADXBTC":-49.2089158899,"XRPTUSD":-56.8755616326,"AEBTC":-10.3719723517,"LINKUSDT":-4.1026203267,"ETCETH":478.7798313983,"BATBTC":-84.409073665,"ELFETH":-83.4796987387,"ETHUSDC":167.1928283335,"NXSBTC":153.2865409558,"BCHABCUSDT":-18.3155910294,"ICXBTC":-79.4047041364,"ONTBTC":-5.4204144114,"TUSDBNB":187.5114476607,"ENJBTC":-67.7490687427,"IOTABTC":19.4738277897,"QTUMBTC":-34.9736858658,"ELFBTC":-77.6881609414,"POWRBTC":-65.2533977312,"ETCUSDT":31.2955382617,"MANABTC":-92.9463576852,"KNCETH":-51.8149101097,"LTCETH":229.2744197136,"LOOMBNB":-42.5436797906,"NASBTC":-24.4186581181,"TRXBNB":152.6186182745,"REPBTC":13.1847119515,"EOSETH":1.1206426877,"BTCUSDS":34.1826520611,"OAXBTC":-42.2598431328,"EVXBTC":75.0989777249,"THETABNB":-33.0642548188,"MTLBTC":565.9800560905,"BNTBTC":181.1947320257,"BCHABCTUSD":-55.8883655387,"KNCBTC":-27.6577679087,"BTCPAX":-2.3523496121,"MFTETH":417.0748042286,"BTTUSDT":-60.760801843,"XRPUSDC":-65.0809620522,"USDCTUSD":156.7929823448,"EDOBTC":489.5593394406,"XMRBTC":-6.5851695296,"VIABTC":178.0698612896,"BCHSVUSDT":-74.9436147197,"WTCBTC":-29.5791135036,"BCDBTC":56.7666723458,"ADABNB":141.5666819874,"EOSTUSD":20.2016064454,"BCHABCBTC":-25.3442394606,"TRXTUSD":18.4551581098,"ICXBNB":-58.8216903805,"LTCBTC":227.2545743458,"RVNBNB":708.5725549817,"WAVESUSDT":16.6523030052,"WABIBTC":-18.5286370955,"BATETH":-89.1881294871,"DCRBTC":20.8143918047,"FUELETH":5743.0400834136,"APPCETH":-28.9678113101,"ARKBTC":-67.3077673504,"WANBTC":-42.8218844268,"BATBNB":-53.5024861664,"GASBTC":-17.2681489606,"NEBLBTC":274.8490015755,"BLZBTC":-47.5880742577,"BTGBTC":-2.0371310776,"USDSPAX":35.998388446,"PAXTUSD":63.637984221,"XLMUSDT":-1.6610126866,"TUSDBTC":-16.355487685,"LTCUSDT":313.969219668,"BRDBTC":102.6219401474,"XLMBNB":296.1956069757,"LOOMETH":-41.7887841387,"THETABTC":-65.2910168448,"DLTBTC":-6.8464663991,"STEEMBTC":-47.582796919,"BCHSVBTC":-73.2574914816,"BTCUSDC":17.8957027539,"XLMETH":-0.6517310518,"LSKBTC":152.4192594121,"ETHPAX":3.2074979642,"HCBTC":-71.6049214867,"EOSUSDT":75.6830519431,"MDAETH":-76.1264719605,"RVNBTC":189.6989866725,"EOSBNB":382.5014037986,"TUSDETH":-30.1067292834,"LTCBNB":786.7008760216,"ZILUSDT":-51.6000687041,"NEOTUSD":-9.3068455027,"QTUMUSDT":-14.1468027273,"INSBTC":-80.3001473985,"THETAETH":-64.0326527972,"ARNETH":-6.6457533516,"OMGETH":-52.1460505679,"XRPBNB":80.8280124516,"LTCUSDC":154.5618228257,"USDCPAX":-1.3070719969,"POLYBTC":34.8147654719,"XRPETH":-47.6645007098,"BNBETH":251.4157146063,"AIONBTC":-25.5151021443,"ONGUSDT":-20.7016203583,"ZILETH":-41.2918307883,"ONTUSDT":-19.6143312018,"TUSDUSDT":39.8104022952,"VETUSDT":-31.0995959721,"NEOBNB":38.9052072506,"SKYBTC":196.8812499662,"USDSUSDC":107.8259338652,"RDNBTC":-79.0217414688,"ADAUSDT":14.8836474901,"BNBUSDC":999.0240410334,"BNBUSDT":263.1216435874,"ZRXBTC":-23.7297567098,"BQXBTC":-46.5460611542,"INSETH":-79.8817069571,"NEOETH":-30.0898977794},"startDate":"2019-02-27","endDate":"2019-03-06","numDays":7,"excludedPairs":["PHXBTC","BTTBTC","CVCETH","BTTPAX","BCHABCUSDC","ZENETH","ADXBNB","MFTBNB","ARDRBNB","SCBNB","AGIBTC","USDCBNB","XMRETH","POLYBNB","POABTC","BRDETH","ETCBNB","ZRXBNB","MTHETH","KEYETH","NCASHBTC","SKYETH","XLMPAX","VETETH","BNTETH","XZCXRP","SUBETH","CNDBTC","QSPBTC","STORMBTC","BCCBNB","XZCETH","XLMBTC","BTSBTC","WINGSBTC","CHATETH","STRATETH","LRCBTC","CVCBNB","TRIGBNB","OSTBTC","TNBETH","WAVESUSDC","DATABTC","WABIETH","CDTETH","TRXUSDC","SYSETH","MCOETH","REPBNB","NASETH","FUNETH","REQBTC","SNGLSETH","ZRXUSDT","VIBEETH","LRCETH","VENUSDT","KMDETH","XEMBTC","QLCBNB","POWRETH","TRIGETH","HSRETH","CLOAKBTC","BTSBNB","OSTETH","POWRBNB","XEMETH","MTLETH","NULSETH","XVGBTC","BLZBNB","POABNB","LSKBNB","FETBNB","CNDETH","CMTETH","RENBNB","BTSETH","PAXBTC","QSPBNB","RPXETH","QSPETH","BCNBNB","RCNETH","LENDBTC","LSKETH","GNTBTC","LINKETH","SCBTC","LENDETH","SALTBTC","REQETH","BCPTBNB","FUELBTC","DCRBNB","GVTETH","CMTBNB","VENBTC","PHXBNB","DENTETH","VENBNB","LINKUSDC","WAVESPAX","VETBTC","VIBEBTC","PIVXETH","VENETH","GNTBNB","TRXPAX","WANETH","NAVBTC","SYSBTC","DNTBTC","QKCETH","BTTUSDC","DENTBTC","ICNETH","BCCUSDT","AMBBTC","BCCBTC","HOTBTC","NCASHETH","WPRETH","ADATUSD","GTOBNB","RCNBTC","CDTBTC","WABIBNB","NANOETH","NULSUSDT","QLCETH","BTTTUSD","EVXETH","WPRBTC","RPXBNB","APPCBNB","BCHSVTUSD","XEMBNB","SALTETH","CHATBTC","WAVESBNB","FETUSDT","ICNBTC","HSRBTC","MFTBTC","ARDRETH","LTCPAX","RDNETH","CLOAKETH","QTUMBNB","STEEMBNB","QKCBTC","GOBNB","NANOBNB","GTOETH","MODBTC","NPXSETH","SKYBNB","VETBNB","USDSUSDT","MCOBNB","SNMETH","NEBLBNB","USDSTUSD","GRSETH","DOCKETH","ASTETH","ONGBNB","RPXBTC","DLTETH","RLCBNB","HOTETH","GOBTC","IOTXBTC","BCHSVUSDC","TNBBTC","BTGETH","NAVETH","POEBTC","HCETH","ZECETH","NASBNB","NCASHBNB","DNTETH","MTHBTC","QLCBTC","MITHBNB","NAVBNB","TNTETH","GTOBTC","GNTETH","STORMETH","SYSBNB","IOSTBTC","STEEMETH","ZENBNB","BCPTETH","SUBBTC","AMBETH","VIBETH","FETBTC","PPTETH","IOTXETH","WTCBNB","QTUMETH","ADXETH","AIONBNB","BATUSDT","ENGETH","SCETH","BCHABCPAX","POEETH","PIVXBNB","STORMBNB","IOTAETH","ZILBTC","VIBBTC","YOYOBNB","DASHETH","AMBBNB","WTCETH","VIABNB","TRXBTC","POAETH","SNTBTC","TRIGBTC","BCDETH","AGIETH","AGIBNB","AIONETH","ARKETH","USDCBTC","BCHSVPAX","OSTBNB","WAVESETH","NULSBNB","EDOETH","XZCBNB","TNTBTC","OAXETH","RLCETH","XVGETH","STORJETH","MITHBTC","IOSTETH","DOCKBTC","NEBLETH","SNMBTC","WINGSETH","DLTBNB","BNBUSDS","DGDETH","ARDRBTC","XLMUSDC","ADABTC","LINKPAX","LUNETH","BCNETH","RENBTC","BLZETH","DATAETH","NXSBNB","FUNBTC","PAXBNB","CMTBTC","BRDBNB","LINKTUSD","CNDBNB","YOYOBTC","GXSETH","ZILBNB","REPETH","KEYBTC","BCCETH","MODETH","WANBNB","RCNBNB","YOYOETH","IOTABNB","NPXSBTC","BQXETH","WAVESTUSD","NXSETH","SNGLSBTC","VIAETH","BCNBTC","RDNBNB","PAXETH","SNTETH","AEBNB"]}