{"data":{"EOSUSDT":-2.2145957971,"NEOETH":2.5982912556,"ETHUSDT":-1.2544422313,"ONTBTC":-1.3863062316,"USDSPAX":0.2496649701,"VIAETH":38.1388093133,"DCRBTC":18.8597405778,"MTLBTC":11.6345539163,"APPCBTC":-11.8046472975,"ARNETH":43.9900361492,"STEEMBTC":1.945301972,"LINKETH":-4.8836470764,"IOTAUSDT":7.2682353024,"RDNBTC":5.197703424,"MITHBTC":5.0102120608,"BCHABCUSDT":8.106260513,"ZENBTC":12.6433688994,"EOSUSDC":-1.2106969373,"ETCBTC":1.4236265946,"BATBTC":0.0139742737,"RLCBTC":30.1222356356,"XRPETH":1.3223078111,"LTCBTC":1.7716003423,"SKYBTC":6.8153959476,"MDABTC":25.4641743906,"ADABTC":15.0160704147,"LTCETH":2.694799806,"XLMBTC":20.2744683958,"STORJBTC":15.5194849482,"BLZBTC":19.570209428,"EOSETH":-1.8370717553,"BNTBTC":5.0306910368,"HOTUSDT":-2.0600881729,"LUNBTC":17.5676000294,"USDCPAX":0.262820925,"ONGUSDT":9.2606473613,"QTUMBTC":19.9568794142,"POLYBTC":9.6569598478,"BNBETH":5.160889912,"RVNBNB":-17.9451525046,"BNBPAX":5.0741109681,"THETABTC":5.4340473572,"ETCUSDT":1.3071456137,"BCHABCBTC":7.4903215394,"POWRBTC":10.6613949798,"BNBUSDT":4.6843544621,"STRATBTC":12.8435550658,"WAVESUSDT":2.6411586747,"KNCETH":21.4560098109,"ADAUSDT":15.1575063805,"KMDBTC":20.6799533807,"AMBBTC":14.2095061061,"BATETH":0.9340702103,"OAXBTC":12.3895136343,"WTCBTC":12.7462155638,"EOSBNB":-2.1145777356,"BTTUSDT":-1.3797852196,"LRCBTC":8.6936880174,"KMDETH":21.0516058094,"LTCBNB":2.2293784555,"AIONBTC":8.3060637301,"AGIBTC":23.6489012958,"ETHUSDC":-0.7978577662,"OMGBTC":22.7732541203,"QTUMUSDT":20.0945437188,"ZECBTC":6.2424945199,"ONTUSDT":-0.6524576469,"TRXXRP":0.1434525588,"BCHSVBTC":-1.7852681362,"GTOBTC":16.5557257439,"LINKTUSD":1.6495440761,"GRSETH":84.879441751,"INSBTC":4.0303725618,"USDCTUSD":-0.098168033,"XRPTUSD":0.6300005773,"TRXETH":0.012198754,"XLMUSDC":20.4491413897,"ONTBNB":-0.5115002568,"ETHBTC":-1.5576475084,"BTCUSDC":0.0139742737,"LTCTUSD":1.1017150054,"KNCBTC":18.4954298014,"BNBBTC":4.2817681254,"PIVXBTC":10.3492089266,"BTCUSDT":0.2342573863,"PAXUSDT":0.2474815047,"XLMTUSD":20.8338753344,"PPTBTC":15.925074978,"BATUSDT":0.6643089189,"RVNBTC":-20.4129869898,"MDAETH":26.3087503837,"XMRBTC":3.2636197298,"WANBTC":35.6769739046,"GXSBTC":28.7586564536,"LTCPAX":2.4118453547,"AEBTC":7.7052613819,"VIABTC":38.922444851,"ADATUSD":14.6578770571,"XLMUSDT":20.5740300641,"WABIBTC":4.4077378494,"LSKBTC":21.700731177,"ENJETH":8.648765953,"HCBTC":12.2495002226,"USDCUSDT":0.2316451996,"LTCUSDT":2.0575913499,"VETETH":16.5497835366,"EOSTUSD":-2.0414072044,"CVCBTC":27.9308070415,"FUELETH":16.3651426203,"LOOMBTC":17.9054391712,"BNBUSDC":4.982698571,"GVTBTC":6.9800414877,"NEOBTC":2.0395255821,"GASBTC":12.3449052313,"CMTBTC":12.1050197838,"ONGBNB":10.2839101795,"ADABNB":14.9329515791,"ENGBTC":18.1137110864,"NEBLBTC":18.9868769448,"LINKUSDT":0.742934164,"NEOTUSD":2.0167139928,"XLMBNB":19.4680846532,"ETHPAX":-0.9991003484,"XRPPAX":0.4473610284,"ONTETH":-0.2083123467,"EDOBTC":2.1688888316,"BTTBNB":-1.6296030413,"ADAETH":16.1458807767,"ZRXUSDT":14.6628582223,"ADXBTC":12.1514466698,"LINKUSDC":2.4713707778,"WAVESETH":3.0002655161,"BCHSVUSDT":-1.2079893132,"TRXUSDT":-0.4144297007,"XEMBTC":20.3147623479,"BTCPAX":0.2576670409,"WANETH":35.9304799599,"WAVESBTC":2.6167140193,"ZILUSDT":5.4129558505,"ARKBTC":19.2907250833,"EVXBTC":8.3728355304,"DGDBTC":10.1382814017,"LOOMETH":19.05403058,"NXSBTC":25.8498391725,"THETABNB":6.1039912026,"GNTBTC":13.2342122524,"XZCXRP":15.5222366579,"NAVBTC":12.8108520018,"GRSBTC":82.9254288894,"NULSBTC":27.1784824888,"BRDBTC":14.2427664899,"FETUSDT":-27.6022953796,"BCDBTC":16.9303631164,"XZCBTC":14.1539944113,"REPBTC":11.4387080111,"TUSDUSDT":0.3608211143,"BCHABCTUSD":7.2046231694,"ARNBTC":43.0914740493,"BTGBTC":3.5431928743,"NULSUSDT":27.3924702567,"ENJBNB":3.5769757961,"VETUSDT":16.692545724,"XLMETH":21.9378751151,"FETBNB":-26.362267119,"ENJBTC":5.470167707,"ICXETH":3.0277941762,"ARDRBTC":9.3587142942,"EOSBTC":-2.5053588642,"FETBTC":-27.6998764583,"ICXUSDT":3.1400592643,"ICXBTC":1.6684651632,"MCOBTC":29.4597428015,"ZILETH":5.616107436,"IOTABTC":7.0337278617,"XRPBNB":0.6382250523,"NANOBTC":14.500739676,"BQXBTC":8.3118511777,"XRPUSDT":0.6102919289,"THETAETH":6.1638626989,"ONGBTC":8.8811497274,"DLTBTC":12.391744989,"ELFBTC":6.0427509635,"NASBTC":32.3012742032,"OMGETH":23.6872235946,"NEOUSDT":2.2889704547,"TRXBNB":0.1683001062,"LINKBTC":0.4564783832,"DASHBTC":10.1022958996,"ZRXBTC":14.5334534161,"BNTETH":5.476900014},"startDate":"2019-03-08","endDate":"2019-03-16","numDays":7,"excludedPairs":["ZILBNB","QSPBNB","PPTETH","RDNETH","NASETH","DATAETH","LINKPAX","GTOETH","BCNETH","INSETH","ICNBTC","BCNBNB","ZECETH","HOTETH","ICNETH","NASBNB","POAETH","ZRXETH","STORMETH","ICXBNB","SKYETH","REPBNB","AMBETH","XRPUSDC","POABTC","AEETH","CHATETH","ARKETH","HSRBTC","GXSETH","CLOAKBTC","DNTETH","STEEMETH","SYSBTC","BCCBTC","NPXSETH","POWRETH","IOSTBTC","SNGLSETH","BCPTBNB","WPRETH","RDNBNB","KEYBTC","DGDETH","DLTETH","USDCBNB","USDSTUSD","NCASHBNB","POABNB","BCHSVPAX","PIVXETH","BCPTETH","CMTBNB","NXSETH","AGIETH","BCNBTC","BCHSVUSDC","ETCBNB","WANBNB","BTSBNB","RPXBNB","BCDETH","SNMETH","XEMETH","PIVXBNB","SALTBTC","BCCUSDT","VIBETH","CNDETH","SYSETH","BCPTBTC","IOTXETH","NPXSBTC","LENDBTC","FUNBTC","YOYOBNB","STEEMBNB","BCHSVTUSD","BTTBTC","APPCETH","BLZETH","IOSTETH","QKCBTC","NULSETH","EDOETH","VIBEETH","CVCBNB","SNTBTC","CVCETH","GVTETH","BTSBTC","TRXTUSD","POLYBNB","QSPETH","WPRBTC","PAXBTC","XMRETH","BTCUSDS","ELFETH","HSRETH","MODETH","TRXPAX","DOCKBTC","FUNETH","LRCETH","RPXETH","TNTETH","SKYBNB","POWRBNB","VENUSDT","EOSPAX","XMRBNB","NEBLBNB","BCCBNB","QTUMETH","ZENBNB","RENBTC","XLMPAX","GOBNB","IOTABNB","MTHETH","XVGETH","ARDRETH","MTHBTC","CMTETH","LENDETH","XVGBTC","XZCBNB","ADXETH","STORMBNB","OSTBNB","LSKETH","REQETH","XEMBNB","BCCETH","USDCBTC","POEBTC","MFTBTC","SCETH","SALTETH","TUSDETH","FUELBTC","VIABNB","LUNETH","YOYOETH","PAXTUSD","BTGETH","RLCBNB","BTCTUSD","GNTETH","HCETH","AEBNB","MODBTC","REQBTC","MCOBNB","TNBETH","VENBNB","XZCETH","BTTTUSD","ZENETH","TRXBTC","ENGETH","ADXBNB","BCHABCPAX","PHXBTC","CNDBNB","ETCETH","AIONETH","DCRBNB","DENTETH","NEBLETH","NANOBNB","POEETH","WAVESUSDC","DOCKETH","SUBETH","SYSBNB","LOOMBNB","CDTBTC","BRDETH","GNTBNB","TRIGETH","QLCETH","PHXBNB","OSTBTC","YOYOBTC","QKCETH","NANOETH","EVXETH","NULSBNB","WTCBNB","NCASHBTC","NAVBNB","OSTETH","SNTETH","HOTBNB","TNTBTC","TRXUSDC","TUSDBNB","TUSDBTC","OAXETH","VETBNB","MFTBNB","MCOETH","VENBTC","IOTAETH","ASTETH","GOBTC","CNDBTC","APPCBNB","RLCETH","TNBBTC","AIONBNB","TRIGBNB","NCASHETH","DENTBTC","MANABTC","BNBTUSD","BTSETH","ZILBTC","PAXBNB","BNBUSDS","DATABTC","QTUMBNB","WAVESPAX","WINGSBTC","REPETH","WABIETH","STORJETH","SUBBTC","LTCUSDC","DLTBNB","VIBEBTC","MITHBNB","STORMBTC","VIBBTC","CDTETH","BTTPAX","IOTXBTC","SNMBTC","USDSUSDC","BCHABCUSDC","SCBNB","VETBTC","BTTUSDC","WAVESTUSD","BRDBNB","PHXETH","RCNBNB","NAVETH","XMRUSDT","STRATETH","LSKBNB","DASHETH","RPXBTC","WTCETH","AGIBNB","WINGSETH","USDSUSDT","BQXETH","RCNETH","QLCBTC","MANAETH","DNTBTC","MFTETH","MTLETH","GTOBNB","NXSBNB","RCNBTC","QLCBNB","ASTBTC","BLZBNB","XRPBTC","WAVESBNB","QSPBTC","RENBNB","PAXETH","BATBNB","SNGLSBTC","TRIGBTC","CLOAKETH","ARDRBNB","VENETH","SCBTC","ETHTUSD","ZRXBNB","KEYETH","WABIBNB","AMBBNB","CHATBTC","HOTBTC","NEOBNB"]}