{"data":{"GXSBTC":-70.8827336621,"HCBTC":-2.7966572054,"GVTBTC":-76.700559042,"XLMUSDT":-70.1158614265,"PAXTUSD":-55.2173654801,"NEOTUSD":-78.1159337109,"BCHABCBTC":-79.2700369163,"LUNBTC":-38.168440956,"USDCUSDT":-34.8664636066,"RLCBTC":-85.1312262875,"ARNBTC":-61.5354866495,"XRPPAX":74.7611516097,"OMGETH":30.310653005,"BATBTC":-69.5712710953,"THETAUSDT":-42.806813076,"WAVESTUSD":-63.975000507,"ETCBTC":-73.543644456,"XRPUSDT":-47.0009414304,"ENJBTC":-5.8908201115,"ICXUSDT":154.1420910219,"EVXBTC":-79.8667080844,"LINKUSDT":-80.6665898967,"BQXBTC":87.1892011193,"XRPTUSD":-39.8043045801,"IOSTETH":-4.3817671354,"CMTETH":327.3293977125,"BTCUSDC":-57.8897594869,"IOSTUSDT":-49.6464708509,"OMGUSDT":-76.3322182147,"ELFBTC":-60.6159886727,"OMGBTC":-64.3857499792,"NAVBTC":-49.2174433223,"TNTETH":-46.3277279721,"LINKTUSD":-76.3800118382,"MATICUSDT":-90.1754558496,"ETHPAX":-85.081880407,"BTGBTC":-51.4182557789,"XLMETH":-47.6576433425,"ZECBTC":-35.4202149564,"WAVESETH":307.8623305863,"BNBETH":1.58625976,"MTLBTC":624.504246104,"ZILUSDT":-57.7288303434,"USDSUSDT":-79.1844786717,"RDNBTC":64.6001287007,"BNBTUSD":-55.6155366156,"ICXBTC":203.7501158165,"DLTBTC":15.9592162299,"ADAUSDC":-69.6777565146,"TUSDUSDT":-54.6477253961,"RENBTC":4.5596020338,"FETUSDT":-89.3723156857,"STORJBTC":-45.5366501758,"LSKBTC":-9.2245308561,"ONGBTC":-91.6043657126,"INSBTC":-62.1636898299,"TRXUSDT":-6.5808646803,"WANBTC":513.6231018031,"WAVESUSDT":475.545259114,"ADABNB":-24.3936047079,"NANOBTC":-28.8802703819,"NEOBNB":-70.6664601593,"TNTBTC":-48.5739880755,"VETUSDT":-84.9792104532,"GASBTC":-16.3766357159,"ETHUSDT":-50.888395791,"ZILBNB":-71.8036993798,"LTCPAX":-70.7715439397,"ONTBTC":-71.9943401504,"ONTUSDT":-82.0027398998,"ENJUSDT":-19.8107471165,"LINKPAX":-81.8798210766,"RVNBNB":-43.1418253761,"NEOETH":-6.8192016403,"ETHTUSD":-44.3323509624,"CELRBNB":-80.0601660715,"ICXETH":228.8640912122,"QTUMBTC":-77.9439845432,"BNBUSDC":-54.0652393207,"LTCETH":-51.7585876673,"NEOBTC":-51.9005227718,"NANOUSDT":-31.8879862884,"ATOMBNB":-68.6263532653,"ETHBTC":-48.6758281112,"WAVESBNB":466.8882338531,"USDCTUSD":-83.1725393556,"BNBUSDT":-43.2501779929,"XMRBTC":29.4519520844,"XLMBTC":-48.9774492005,"FTMBNB":-39.8878814148,"ADXBTC":-62.3001033023,"BATETH":-76.2896329723,"WTCBTC":622.2513929832,"XMRETH":39.8859213578,"STRATBTC":-34.8784366196,"XRPETH":-6.3699032522,"ENGBTC":38.8371069915,"ADATUSD":-35.2650696244,"APPCBTC":75.9483704209,"BATBNB":-85.3904690041,"BTTUSDT":-32.2165121152,"MDABTC":54.7292914783,"QKCETH":-73.6176431705,"PAXUSDT":-31.7716636678,"XRPUSDC":-36.8512415472,"IOTAUSDT":-68.7608249068,"ZECETH":-37.0124819659,"LTCBNB":-75.9127776124,"DCRBTC":-25.6500042637,"NCASHETH":-44.0165729488,"BNBBTC":-41.0043130522,"PIVXBTC":-39.3904105662,"CMTBTC":491.9408964133,"EOSTUSD":-86.8897048526,"FETBNB":-75.9137856568,"PPTBTC":2014.0163064775,"DASHBTC":-47.3654237404,"EOSETH":-7.313386493,"VIABTC":-74.7505011272,"BRDBTC":-22.2533388332,"ATOMBTC":-79.8169807083,"ENJETH":5.0230609865,"LINKETH":-70.9270064392,"ZILETH":-12.1913094132,"MATICBNB":-86.2787133444,"EOSPAX":-56.8112639876,"NULSUSDT":94.4396321534,"IOTAETH":-6.1338087206,"NASBTC":12.2551183851,"DGDBTC":84.753827003,"BNBPAX":-60.7079627359,"FTMUSDT":-57.8937114535,"CDTETH":-75.8260030487,"CELRUSDT":-91.0302044414,"TFUELBNB":-40.406093403,"TFUELUSDT":-62.1638916634,"ZRXBTC":-68.2856738277,"NEBLBTC":-56.6612211274,"KMDETH":255.9070223008,"BTTBNB":-20.9835089768,"NEOUSDT":-63.3110141019,"XRPBNB":-51.8371915683,"OAXBTC":-19.8266605013,"MANAETH":78.0332314221,"ZECUSDT":-55.2364278208,"BCHABCUSDT":-73.8695446478,"XZCBTC":-56.0114143622,"ALGOBTC":-60.6660473438,"MITHUSDT":-46.7066999121,"QTUMUSDT":-77.7053431116,"BCHABCUSDC":-71.8757743571,"KNCBTC":-15.9318481583,"PPTETH":1259.0551818273,"AIONBTC":63.2370999276,"EOSBTC":-63.1563784915,"XMRUSDT":10.1307244368,"REPBTC":-44.5011855504,"LTCTUSD":-79.2044354615,"VETBNB":-84.0963417192,"LINKUSDC":-81.9298232716,"HOTBNB":-84.0256875766,"USDCPAX":-60.6374434956,"LTCUSDC":-76.9837159197,"TRXXRP":25.6743014153,"KMDBTC":248.9363007848,"AEBTC":-25.0071171818,"TRXBNB":-0.2145440329,"NULSBTC":66.6459577473,"LTCBTC":-85.8384562838,"EOSUSDC":-75.9876196637,"ONEBNB":-76.5654193165,"BTCUSDS":-46.2377585788,"BTCTUSD":-42.2692101957,"EOSUSDT":-66.5320125162,"WTCBNB":428.9654368896,"CMTBNB":221.7291436096,"FETBTC":-82.0862707514,"ZRXUSDT":-76.4025559239,"WAVESBTC":588.601735693,"WABIBTC":195.5771702914,"BCHABCTUSD":-85.3580032459,"SKYBTC":-73.3808032097,"BTCUSDT":-55.0762302601,"NXSBTC":-31.4981164336,"ATOMUSDT":-78.2490287703,"HOTUSDT":-85.1489139952,"IOTABTC":-32.8065824067,"ETCUSDT":-82.2764363535,"ONEUSDT":-80.3239140773,"ADAETH":-53.5115652249,"EOSBNB":-47.0710279495,"TRXETH":-4.3640451019,"VETETH":-77.1850233763,"DASHUSDT":-60.0844793523,"RENBNB":10.0672407276,"ASTBTC":-4.2094494332,"LINKBTC":-81.0259938634,"GRSBTC":-89.6619616189,"WTCETH":600.6788523003,"ALGOUSDT":-59.6801004134,"BATUSDT":-75.648198416,"BCDBTC":-71.0953406158,"ETHUSDC":-52.4327649412,"ALGOBNB":-23.2072156135,"MCOBTC":-37.5340341128,"ADAUSDT":-69.9707961936,"STEEMBTC":28.2174036401,"BTCPAX":-29.0302872354,"LTCUSDT":-84.0916856632,"ZENBTC":-80.4014091507,"BCHABCPAX":-65.5492147663,"XRPBTC":-49.6852319376,"ARKBTC":-39.4155904838},"startDate":"2019-07-01","endDate":"2019-07-08","numDays":7,