{"data":{"HOTBNB":186.1766106891,"TRXETH":-36.4097248131,"GASBTC":0.9383608226,"ARNBTC":-22.0564035296,"FETBTC":-68.4360214652,"FUELETH":21.3116040333,"TUSDUSDT":82.5724609819,"BNBBTC":2.2953810465,"BLZBTC":4.9829626105,"AMBBTC":-60.767952222,"SKYBTC":-52.6172233762,"ADAUSDT":-15.1922650839,"QTUMBTC":608.2883297404,"ONTETH":269.9596655189,"WANBTC":-77.0269044767,"WAVESETH":-38.1531171685,"NANOBTC":-73.3250234037,"DGDBTC":-36.697904485,"GRSBTC":212.8951851791,"ICXETH":-71.5123698521,"ONTUSDT":60.6009895104,"MTLBTC":-27.2937252623,"HCBTC":88.6342767887,"PPTBTC":26.2374507362,"STORJBTC":-75.3040796922,"KNCETH":-97.1733443797,"QTUMETH":477.2067290101,"ONTBTC":128.8750268471,"XRPTUSD":-24.3854332085,"XLMUSDC":-82.7389071258,"ENJBTC":-88.6515737493,"MCOBTC":168.9449150728,"BCDETH":-14.1773213256,"XRPBNB":-41.9042379888,"KMDBTC":86.6098375643,"LINKTUSD":47.6802712611,"BCHABCUSDT":518.3402074318,"POLYBTC":-33.0198546751,"EOSPAX":12.4411410927,"VETUSDT":-37.6871190064,"TRXBNB":-18.9370536015,"EOSTUSD":14.5205476025,"THETABNB":-95.877630902,"GNTBTC":-80.2606047807,"LINKETH":-55.4686492085,"WAVESBTC":-42.0609158693,"STRATBTC":-70.8810579097,"XRPBTC":-33.6646455388,"OAXBTC":-73.4045487683,"ZRXUSDT":-81.3073683799,"MITHBTC":-79.5817244515,"ETHUSDT":24.0016428964,"EOSUSDT":3.0574422357,"LINKUSDC":70.1377495388,"ETCBTC":-33.4018964057,"KMDETH":4.8357310119,"STEEMBTC":-88.2721233258,"ENGBTC":-75.1814239067,"KNCBTC":-97.2064419635,"EOSETH":60.6147470995,"WTCBTC":15.6183817412,"MDAETH":-92.54771606,"XLMBNB":-80.614950443,"LSKBTC":117.0088306781,"CMTBTC":-41.4848277672,"ETHUSDC":-4.9808159342,"ENJBNB":-92.9629464598,"ADABNB":-11.6728726697,"THETAETH":-94.8280465651,"PIVXBTC":-40.454583499,"BNBPAX":8.9165676831,"BCHSVUSDT":14.3719867354,"NXSBTC":-95.7130034503,"BNBETH":-1.8992149533,"XRPUSDT":-17.5259643632,"BATUSDT":-69.9527640084,"AGIBTC":1535.4445235193,"NULSUSDT":-91.4993346822,"LOOMETH":-31.831657222,"XLMTUSD":-90.3782518965,"ZRXBTC":-83.3047342598,"NEOBTC":39.9958348354,"NAVBTC":211.4606816579,"ARDRBTC":175.5438692635,"HOTUSDT":119.3143089423,"BTCPAX":10.2066220432,"BCHSVBTC":13.9032704765,"PAXTUSD":-43.130560164,"XMRBTC":46.626647892,"DLTBTC":-78.8880911727,"EOSUSDC":144.4418867164,"NASBTC":7.1303394935,"BTGBTC":89.501616388,"CVCBTC":-9.0500176593,"BRDBTC":85.8379127796,"USDCPAX":-79.1528629015,"AIONBTC":-59.6269392839,"IOTABTC":30.3547411462,"NEOTUSD":455.2940948213,"ICXBTC":-75.2759586875,"GRSETH":77.7069573064,"LTCPAX":-68.0141245469,"GVTBTC":-50.5287840526,"MDABTC":-85.7750997732,"BCHABCBTC":439.4387973161,"ADATUSD":82.0819053405,"NEBLBTC":67.5199472164,"ETHBTC":-13.0635408385,"AGIETH":639.8949316123,"BCHABCTUSD":1268.193283377,"RLCBTC":26.0722156412,"ADXBTC":-65.0852319421,"OMGBTC":-64.8126749386,"IOTAUSDT":121.4332595305,"ZILUSDT":-12.5252843584,"WABIBTC":-83.7816980841,"LTCBTC":7.700773631,"LTCBNB":-30.7390350386,"XLMUSDT":-82.6903465934,"LUNBTC":-71.3466979131,"QTUMUSDT":337.9760986882,"PAXUSDT":76.4684096863,"BQXBTC":-90.6208128199,"REPBTC":-0.0791053553,"BTCUSDC":-24.9372191344,"LTCETH":57.4569443427,"THETABTC":-95.4181878739,"GXSBTC":127.8993641468,"BCHSVTUSD":88.5437262724,"NULSBTC":-86.085064704,"RDNBTC":233.9467588358,"NEOUSDT":69.3556905318,"POWRBTC":-49.1680213919,"VIAETH":20.0247120607,"XRPPAX":-16.9498580745,"ICXUSDT":-71.7469591223,"APPCBTC":-77.8684609037,"VIABTC":102.5458657166,"XZCBTC":111.9096031329,"LINKUSDT":-54.974389018,"LTCTUSD":-50.4570950193,"DASHBTC":45.9767371701,"BTTBNB":189.786854373,"FETUSDT":-61.7943414982,"EVXBTC":84.1848313321,"ONTBNB":211.7119676773,"USDCUSDT":105.8007292917,"ONGUSDT":1094.5698885121,"ARKBTC":-77.0955126901,"EOSBTC":-18.5682323898,"LTCUSDT":10.1968871376,"ZILETH":-59.7086070334,"ADAETH":13.7584633723,"INSBTC":-42.0264489425,"TRXXRP":-66.6016121633,"OMGETH":-71.2844128098,"ETHPAX":11.2415701914,"ETCUSDT":-6.5371682094,"WAVESUSDT":-27.8185021821,"VETETH":-10.1037786125,"ONGBNB":396.1291353903,"XLMBTC":-85.1863233187,"XRPETH":-28.2328159994,"BNBUSDT":-3.2455493604,"XZCXRP":22.3139679931,"BATBTC":-82.5466230187,"EDOBTC":20.329800844,"ONGBTC":499.1175444362,"BNBUSDC":121.5658963046,"ZENBTC":351.8635478365,"ELFBTC":-54.475800442,"BTTUSDT":292.3143264818,"LINKBTC":-70.3168251065,"ENJETH":-83.0108126812,"XLMETH":-88.4054160339,"BCDBTC":48.5807482189,"BNTBTC":-5.3092439654,"TRXUSDT":-27.8205900192,"AEBTC":-44.5036184545,"ZECBTC":24.8243654904,"WANETH":-70.1991725619,"ARNETH":-48.2827689067,"BTCUSDT":-11.8795934862,"FETBNB":-56.8909334543,"NEOETH":7.4916877855,"EOSBNB":29.0148990279,"DCRBTC":3.9572915506,"USDSPAX":8.0150031658},"startDate":"2019-03-11","endDate":"2019-03-18","numDays":7,"excludedPairs":["BNBUSDS","PHXBTC","LSKBNB","PHXETH","BCPTBTC","RVNBTC","VENBNB","POABNB","VENETH","TRXBTC","NPXSBTC","CLOAKETH","AMBETH","ASTETH","SYSETH","POAETH","ARDRBNB","DATAETH","GNTETH","TNBETH","CDTBTC","DNTETH","RCNBNB","BLZETH","HSRETH","GOBTC","WABIBNB","TRXTUSD","QLCBNB","NASETH","BTTUSDC","EDOETH","XZCBNB","NASBNB","WANBNB","IOTXBTC","BCHSVPAX","WPRETH","NXSETH","BNBTUSD","VENUSDT","DOCKBTC","IOTAETH","PIVXBNB","MTLETH","LOOMBNB","ETHTUSD","BTSBTC","QSPBTC","WINGSETH","XEMETH","NANOETH","KEYBTC","MFTBNB","CHATBTC","BQXETH","ICXBNB","VIABNB","USDSTUSD","BCNETH","BTTTUSD","CLOAKBTC","BTSBNB","BCCBNB","ZECETH","QSPBNB","BTGETH","POEETH","WTCETH","DLTETH","BCCETH","GNTBNB","VENBTC","LRCBTC","ZRXBNB","RLCETH","BCHABCUSDC","MTHBTC","SUBETH","SNTETH","HSRBTC","SALTETH","PAXBNB","AIONBNB","OSTETH","ADABTC","FUNBTC","INSETH","RDNETH","PAXBTC","WAVESBNB","SKYBNB","BCHSVUSDC","BTCUSDS","QLCETH","YOYOBTC","TNTETH","CDTETH","POEBTC","MANAETH","IOSTBTC","REPETH","TUSDBNB","USDCTUSD","GTOBTC","SALTBTC","VIBEBTC","IOTXETH","SNMETH","XEMBNB","STORMETH","CMTETH","STRATETH","RPXBNB","MODETH","DCRBNB","QKCETH","RPXETH","RCNBTC","SCETH","POLYBNB","LENDBTC","SNGLSETH","BCNBNB","DENTBTC","RVNBNB","USDSUSDC","NCASHBTC","XVGETH","CHATETH","TNBBTC","LSKETH","TRIGBNB","AEETH","ICNETH","GTOETH","BTSETH","DLTBNB","TUSDBTC","WAVESPAX","QSPETH","QTUMBNB","ZILBNB","SYSBTC","MANABTC","BCCBTC","IOSTETH","SNTBTC","HOTBTC","WTCBNB","NEBLETH","WAVESUSDC","TRIGETH","AMBBNB","VETBTC","GVTETH","CVCBNB","ZILBTC","DATABTC","VIBBTC","XEMBTC","TUSDETH","CNDBNB","WPRBTC","USDCBNB","NEOBNB","BTTBTC","DNTBTC","BTTPAX","USDCBTC","ZENETH","VIBETH","ETCETH","OSTBTC","QKCBTC","PPTETH","SYSBNB","BTCTUSD","LOOMBTC","SCBNB","AEBNB","REPBNB","XMRETH","FUNETH","APPCBNB","LTCUSDC","ELFETH","ADXETH","SNGLSBTC","LINKPAX","EVXETH","BRDBNB","BATETH","KEYETH","PAXETH","GOBNB","WABIETH","CNDETH","XRPUSDC","MCOETH","CNDBTC","YOYOBNB","MCOBNB","WAVESTUSD","ARKETH","FUELBTC","GXSETH","VIBEETH","MODBTC","AIONETH","BCHABCPAX","RCNETH","RDNBNB","PHXBNB","BNTETH","MFTBTC","XLMPAX","NANOBNB","LRCETH","VETBNB","STORMBNB","NAVBNB","STEEMBNB","POWRETH","NCASHBNB","TNTBTC","ENGETH","ZENBNB","REQETH","TRXUSDC","POABTC","XZCETH","LUNETH","XMRBNB","DGDETH","LENDETH","NPXSETH","CVCETH","SCBTC","QLCBTC","BATBNB","ETCBNB","DASHETH","REQBTC","NULSBNB","NEBLBNB","SKYETH","CMTBNB","SNMBTC","GTOBNB","PIVXETH","WINGSBTC","RLCBNB","IOTABNB","BCNBTC","STORJETH","TRXPAX","RENBTC","ARDRETH","OAXETH","STORMBTC","TRIGBTC","AGIBNB","ASTBTC","ADXBNB","HCETH","XVGBTC","NCASHETH","NAVETH","USDSUSDT","BCPTBNB","ICNBTC","YOYOETH","NXSBNB","HOTETH","MFTETH","ZRXETH","STEEMETH","DENTETH","RPXBTC","APPCETH","MTHETH","NULSETH","RENBNB","BCPTETH","SUBBTC","POWRBNB","MITHBNB","DOCKETH","XMRUSDT","BLZBNB","BCCUSDT","OSTBNB","BRDETH"]}