{"data":{"ZILUSDT":-48.3735549678,"BTCUSDC":16.3172589443,"USDCTUSD":68.522998572,"MANAETH":122.3223023267,"TUSDBTC":-36.3813685467,"PAXUSDT":-43.1887500636,"NEOTUSD":-3.3736467088,"LINKUSDT":-53.8896493964,"EOSBTC":-38.1166382387,"BCHABCUSDT":-67.9275574202,"BNBBTC":-54.687639252,"ETHPAX":-61.0796121942,"AEETH":-31.1188211096,"ADAUSDT":-41.8055270917,"IOTAUSDT":1.6191890178,"OMGBTC":-53.9408774218,"STORJBTC":-39.8460983137,"EOSUSDC":-48.2638905631,"PAXTUSD":-61.5078626109,"FUELETH":175.6343682919,"KNCETH":60.8681162699,"BCHABCTUSD":-46.6610150774,"ETCUSDT":-5.6178505784,"XLMUSDT":-22.0403869482,"ENJETH":-77.9818013323,"ARNETH":-38.2169227102,"EOSTUSD":-36.7514315155,"ETCBTC":59.116739715,"ETHUSDC":-49.2647429527,"ICXETH":6.5638728208,"MDAETH":-72.7174807162,"XRPTUSD":-75.9984788607,"ONGBTC":-45.7971074128,"PPTBTC":404.8504100961,"BRDBTC":162.9102893453,"TRXUSDT":0.8484470492,"XZCBTC":158.9523501315,"EOSBNB":-55.4338547084,"BTCUSDS":1.2903106045,"WAVESUSDT":-48.8249051994,"BATBNB":190.0559410397,"ENGBTC":33.2441383469,"KMDBTC":3.1908077491,"DLTBTC":-70.8967348599,"NEOETH":-49.1950819393,"ONTETH":-84.7931377243,"QTUMBTC":-0.3917612974,"VETUSDT":-49.6037359323,"PIVXBTC":1373.8786436593,"XRPUSDC":-87.5787845825,"THETABTC":-53.5936291371,"LTCTUSD":-28.1796017739,"ARKBTC":-44.1782110877,"INSBTC":-33.2126879079,"THETAETH":-41.5763444837,"TUSDETH":-68.9124116992,"BTTBNB":-80.9194755559,"ETHBTC":-39.4753247716,"TUSDUSDT":-38.9910880299,"ENJBTC":-88.2973713397,"RCNETH":-73.3962355427,"ASTBTC":17.148065142,"LOOMBTC":113.1946843593,"DGDBTC":267.5375994162,"BNBPAX":-49.140224015,"EOSPAX":-80.8082064374,"IOTABTC":-8.9156473927,"INSETH":16.6128622094,"BCPTBTC":16.9902367475,"XLMTUSD":-50.4959948855,"XRPUSDT":-74.0489319052,"BNBETH":-81.4636340028,"XRPPAX":-65.5920474332,"HOTBNB":-80.6340532321,"ADXBTC":-18.4906956286,"CVCBTC":21.2665068414,"MTLBTC":145.0967780727,"NASBTC":-30.1528920924,"LUNBTC":-50.4867454012,"NULSBTC":134.2648315472,"BCHSVUSDT":-85.0199825031,"MANABTC":260.9693489611,"REPBTC":10.0381395611,"LTCETH":-51.22002076,"BATETH":95.0384667755,"THETABNB":-46.6238909326,"USDCPAX":-36.3580256239,"ONTBNB":-91.8767216568,"BCHSVTUSD":-77.6917162975,"DASHBTC":0.209069317,"ZILETH":6.838599611,"LINKBTC":-57.8596961605,"OAXBTC":-67.3308442138,"TRXBNB":-49.7817799214,"EOSUSDT":-34.8745225472,"ZRXETH":21.7243657326,"TRXXRP":-6.4225926285,"TRXETH":22.3064080714,"ETHUSDT":-52.9399885606,"XRPBTC":-79.5297960468,"APPCETH":650.6011970786,"HCBTC":66.8126649052,"ELFETH":-27.3625100248,"ICXUSDT":30.7883635629,"SKYBTC":251.3150437727,"XLMUSDC":-75.2265217381,"XMRBTC":-10.955229534,"VIABTC":-76.8305584909,"POWRBTC":140.4986344732,"BCHSVBTC":-88.1040206904,"USDSUSDC":84.2828822224,"ZENBTC":-60.6048497786,"ONTUSDT":-81.2272039644,"ONGUSDT":-64.9172695346,"STEEMBTC":-17.4356827151,"MCOBTC":-46.5732708457,"BTCUSDT":-10.3592401115,"ENJBNB":-93.5255028547,"ZRXBTC":33.5247395122,"RDNBTC":244.6540100414,"KNCBTC":156.685467403,"DCRBTC":81.2824126164,"USDCUSDT":3.7828571038,"LTCBNB":-44.4092989619,"ICXBTC":27.4822583431,"LTCUSDT":-16.7117145272,"WABIBTC":446.6525133493,"RVNBNB":3013.0619876649,"BTCPAX":-41.1847210632,"NEBLBTC":16.3351940665,"LOOMETH":273.1538273023,"LSKBTC":6.0499152274,"ONTBTC":-78.1670884007,"BTTUSDT":-75.4229837819,"HOTUSDT":-27.4393954403,"WTCBTC":115.0535991859,"ELFBTC":-12.8876908953,"LTCBTC":-31.0840194997,"GXSBTC":48.968778339,"BNBUSDT":-41.7115006084,"OMGETH":-66.7718832973,"NEOUSDT":-62.2693912973,"NEOBNB":-28.2096611031,"QTUMUSDT":-23.9238995161,"AIONBTC":107.0373662432,"BLZBTC":352.5009784726,"TUSDBNB":-23.5792503611,"POLYBTC":251.9005515125,"XLMETH":-34.33017191,"RVNBTC":2617.6386148437,"ADABNB":-64.3742783045,"WANBTC":16.9495413391,"XRPETH":-82.7228123626,"BCDBTC":342.150365697,"AEBTC":-6.7339777675,"LOOMBNB":85.2478982371,"ICXBNB":-58.6421897211,"MDABTC":-82.8925438477,"BTGBTC":-26.8697504386,"GRSBTC":68.2567107842,"USDSPAX":-24.880138595,"EVXBTC":-26.4618392164,"XRPBNB":-82.6970371423,"STRATBTC":16.9447999798,"ADAETH":-7.6853340857,"NANOBTC":-10.1950962051,"TRXTUSD":229.652028646,"ZECBTC":-26.6956391747,"EOSETH":-32.6613736492,"LTCUSDC":24.3187908168,"WAVESBTC":22.7969792525,"XLMBNB":-19.4032362864,"RLCBTC":-79.8400381271,"BNBUSDC":-27.4963093988,"APPCBTC":410.4285906012,"BATBTC":138.2843327889,"BCHABCBTC":-60.2217190592,"GASBTC":-57.4734622685,"EDOBTC":41.7395445016,"BQXBTC":-60.7450916316,"XLMPAX":-84.338988759,"ARNBTC":-15.6804227748,"NEOBTC":-50.6009038412,"GVTBTC":-50.9966272507},"startDate":"2019-02-26","endDate":"2019-03-05","numDays":7,"excludedPairs":["PPTETH","TRXPAX","TRIGBNB","POABNB","SYSETH","HSRBTC","ADXETH","AGIETH","BTTTUSD","GTOBTC","BTTPAX","ICNBTC","AMBBTC","CDTBTC","ASTETH","YOYOBTC","HOTBTC","GTOETH","CMTBTC","QLCBTC","POWRETH","DNTETH","FUNETH","DCRBNB","FUNBTC","DASHETH","USDCBTC","SKYETH","EDOETH","MFTBTC","NULSBNB","USDCBNB","NAVBTC","PIVXETH","CVCETH","VIABNB","XZCBNB","EVXETH","LINKPAX","WINGSBTC","XZCETH","SNGLSBTC","LINKTUSD","DGDETH","ZRXUSDT","IOTAETH","AMBBNB","ENGETH","TNBETH","ZRXBNB","GVTETH","VENETH","STORJETH","VENUSDT","BTSETH","NPXSETH","PAXBNB","MTLETH","SALTBTC","BCCUSDT","YOYOBNB","RCNBTC","BLZETH","RCNBNB","DATAETH","MODBTC","VIBEBTC","BCHABCPAX","FUELBTC","BCCBNB","NAVETH","HCETH","BTGETH","MITHBNB","AEBNB","NXSBNB","KMDETH","NASETH","WAVESPAX","DLTETH","CNDBNB","USDSTUSD","QLCBNB","NXSETH","NCASHETH","REQBTC","NCASHBTC","BCHSVPAX","STORMETH","SNGLSETH","NASBNB","YOYOETH","NULSUSDT","TNTETH","XEMETH","MITHBTC","XZCXRP","CNDETH","ADATUSD","RPXETH","MFTBNB","NANOETH","WAVESUSDC","BCNBTC","SNTETH","GNTBNB","GNTETH","PHXBNB","PIVXBNB","WPRETH","BNTETH","ZENETH","NEBLBNB","BNTBTC","LENDBTC","BTTUSDC","GXSETH","WINGSETH","LRCBTC","WTCBNB","SYSBNB","IOSTETH","CLOAKETH","GOBTC","RDNBNB","NANOBNB","OAXETH","NCASHBNB","CDTETH","GTOBNB","VIBBTC","ZENBNB","VENBNB","NAVBNB","SALTETH","QSPBNB","SCBTC","MFTETH","BTTBTC","RLCETH","STORMBNB","REPBNB","TRXBTC","VIBETH","SCBNB","TRXUSDC","DENTBTC","ONGBNB","QTUMETH","BRDBNB","MTHBTC","LUNETH","AGIBNB","ADABTC","AMBETH","XLMBTC","BCPTBNB","TNTBTC","STEEMBNB","PHXETH","NEBLETH","POEETH","RLCBNB","XMRETH","LINKETH","RDNETH","HOTETH","QSPBTC","IOTXETH","DLTBNB","ZILBNB","WAVESBNB","MCOETH","OSTBTC","BATUSDT","NULSETH","LTCPAX","NPXSBTC","BNBUSDS","VENBTC","GOBNB","BCNETH","OSTETH","GRSETH","PAXETH","POWRBNB","QTUMBNB","CHATBTC","SNTBTC","WPRBTC","WABIBNB","QKCBTC","BTSBTC","GNTBTC","ADXBNB","FETBTC","LRCETH","DOCKBTC","AGIBTC","BCNBNB","STRATETH","MTHETH","WABIETH","RPXBTC","BCHABCUSDC","STEEMETH","ZILBTC","BTSBNB","BLZBNB","AIONETH","MCOBNB","BCDETH","SNMETH","APPCBNB","WANBNB","ETCETH","POLYBNB","CLOAKBTC","CMTBNB","OSTBNB","POAETH","PAXBTC","TNBBTC","WAVESETH","BCCBTC","ARKETH","XVGETH","XEMBTC","DOCKETH","PHXBTC","XEMBNB","NXSBTC","XVGBTC","TRIGETH","REQETH","CVCBNB","USDSUSDT","SCETH","MODETH","WANETH","VIBEETH","ARDRBTC","ZECETH","QSPETH","LENDETH","REPETH","HSRETH","IOTABNB","LINKUSDC","DNTBTC","ICNETH","VIAETH","IOTXBTC","SKYBNB","SUBETH","ARDRBNB","TRIGBTC","QKCETH","CHATETH","WAVESTUSD","FETBNB","BRDETH","RENBTC","ARDRETH","POEBTC","RPXBNB","SNMBTC","BQXETH","DATABTC","FETUSDT","LSKBNB","VETBNB","BCCETH","LSKETH","RENBNB","SYSBTC","CMTETH","WTCETH","ETCBNB","VETBTC","DENTETH","QLCETH","CNDBTC","SUBBTC","BCHSVUSDC","BCPTETH","KEYBTC","STORMBTC","VETETH","IOSTBTC","KEYETH","AIONBNB","POABTC"]}