{"data":{"LUNETH":-17.1117603025,"XLMUSDT":7.7355534071,"VETETH":-3.7516699749,"IOTABTC":-20.5328229534,"DASHBTC":32.4281718117,"ETCUSDT":-35.1129203903,"NASBTC":-11.6546002399,"DOCKETH":-92.552658906,"ZENBTC":-21.8939859593,"BCHABCBTC":-13.9222999835,"ONTETH":114.5256574501,"ADAETH":-32.912040098,"ENGBTC":-52.2607965893,"EOSUSDT":-41.1237429743,"XLMUSDC":35.7836400211,"ICXUSDT":-43.9355242492,"VETUSDT":-56.7604723666,"VIABTC":589.6676863563,"GVTETH":111.8698580005,"DCRBTC":-31.9493147778,"THETAETH":359.1556552652,"IOTAETH":4.1021628702,"XRPUSDC":-34.9735896638,"BCDBTC":-61.0514806647,"BNBBTC":19.9327364412,"LTCUSDT":11.1735226998,"PAXUSDT":-30.4287161245,"NULSUSDT":982.5765886501,"STRATBTC":-58.007337436,"XRPBTC":-33.0395003766,"ELFBTC":140.7325704127,"LRCETH":-44.4007136018,"BTCUSDT":-23.4868123146,"XRPETH":-3.709409708,"BRDBTC":-79.1500788191,"DLTETH":-38.0463839712,"KNCBTC":37.4719341044,"XMRETH":-0.0523303349,"WAVESTUSD":2056.3946848955,"ADXBTC":59.9661278313,"MDABTC":-38.1335362351,"TRXXRP":-46.336875512,"GVTBTC":232.9700482038,"MCOBTC":-24.0125073886,"FUNETH":217.0464827627,"WAVESUSDT":391.3511728487,"BTGBTC":-78.0794307159,"MODBTC":-55.0332478019,"OMGBTC":-27.2381627313,"XLMETH":1.3960077224,"AIONBTC":-68.1759641106,"WAVESETH":85.7051514919,"XMRBTC":-1.4560311122,"ADAUSDT":-55.6388803593,"POLYBTC":209.9137284457,"DGDBTC":531.3008990692,"GRSBTC":364.6291912813,"HCBTC":222.6994169829,"NEOBTC":-11.9434157023,"XLMBTC":21.7956361663,"GTOETH":-10.7676301316,"NEOTUSD":99.489603011,"TUSDBNB":-11.3379849002,"LTCBNB":-65.6751233643,"NEBLBTC":52.4802007222,"POWRBTC":-67.0357204736,"BCHABCUSDT":19.5102417377,"HOTETH":359.6974879621,"BQXETH":-95.7008023923,"KMDBTC":123.2106268444,"BTCPAX":-19.9336165372,"ARNBTC":-78.3815619049,"TRXUSDT":-45.3743770438,"AEBTC":-86.3362781142,"REPBTC":-90.6749333426,"ICXBTC":-58.9485019305,"OAXETH":-78.3602381894,"MTLBTC":245.7534029517,"TRXETH":-17.0434953127,"ETHUSDT":-21.9277584144,"SALTBTC":-28.3786436175,"WAVESBTC":89.8502437829,"BNBUSDC":-43.2828010877,"EDOBTC":13.9862041662,"LUNBTC":-32.8833671289,"GASBTC":-53.4132536542,"BNBUSDT":8.1426459098,"XZCBTC":-47.805355531,"AEETH":-86.7450760421,"USDCUSDT":-51.0028362482,"PAXTUSD":-0.9689497872,"OAXBTC":-85.0933381332,"ETHBTC":1.3401065106,"BNBETH":-38.3634209935,"NXSBTC":300.1859405294,"RLCBTC":1458.872414032,"LINKUSDT":7.7120716274,"STEEMBTC":-43.8003753094,"EVXETH":-49.1810951197,"PIVXBTC":64.2166894514,"ETHPAX":-31.9862150221,"QTUMBTC":40.9491974977,"ARKBTC":-2.0521138574,"NANOETH":185.8564637549,"STORJBTC":42.2593050261,"IOTAUSDT":-36.1351912211,"WABIBTC":-94.7819588941,"TUSDBTC":-9.6746902428,"CLOAKBTC":-95.3643931549,"EOSBNB":44.715320255,"BNBPAX":-83.8348896737,"ARNETH":-50.2565906646,"LINKUSDC":410.1377427235,"EOSETH":-9.7069752054,"XRPUSDT":-29.8856023208,"BCHSVBTC":-20.4598246743,"XRPBNB":-32.0253062869,"XRPPAX":-69.5467076366,"ETCETH":220.0856197897,"ETHUSDC":-38.0142393066,"BQXBTC":-92.0098293061,"ONTUSDT":132.9170289966,"NEOETH":3.7477378559,"INSBTC":-39.0171482999,"USDCTUSD":-23.9525434868,"TUSDETH":-7.871433759,"LSKBTC":-6.9753024562,"BCPTETH":-86.3778225559,"TRXTUSD":-51.6841523464,"XLMTUSD":30.2257784066,"AMBBTC":115.6385543572,"BNTBTC":17.3189068513,"WTCBTC":2.4636260417,"EOSBTC":-19.6030484152,"EOSUSDC":-38.6729737097,"BTCUSDC":-36.5715690268,"LTCETH":-9.606267443,"EOSPAX":-61.6633338922,"LTCBTC":25.274969202,"XLMPAX":-55.0138461826,"GXSBTC":25.1250438251,"PPTBTC":-37.6827415452,"WINGSETH":108.7544903544,"ONTBTC":164.0589074148,"NANOBTC":311.2599798652,"ETCBTC":10.1808758479,"LINKBTC":-3.580574091,"ZRXETH":42.0303506192,"THETABTC":653.4036262574,"CMTETH":-55.3202600721,"NEOUSDT":-16.2329268903,"ZECBTC":-27.4324371657,"EVXBTC":-85.6126244031,"ADATUSD":-39.1407409319,"QTUMUSDT":29.2424831194,"RDNBTC":-68.0319822497,"XRPTUSD":5.4276627297,"DLTBTC":-22.1226351589,"ZRXBTC":177.8655458752,"NULSBTC":919.7300776078,"BCHSVUSDT":-26.9823617577,"SKYBTC":-71.2656492219,"LRCBTC":-63.7703952261,"LINKETH":-24.8802288187,"NAVBTC":-68.5612702126,"TUSDUSDT":-11.0200625676,"REPETH":-88.5719459409,"LINKTUSD":541.8394333411,"WINGSBTC":168.5139960258,"ZILETH":-11.4757405176,"TRXBNB":11.7226269815,"USDCPAX":-76.1365312628,"WANBTC":-50.8224835662},"startDate":"2019-01-19","endDate":"2019-01-26","numDays":7,"excludedPairs":["SNGLSBTC","WABIETH","HSRETH","AIONBNB","FUELBTC","LOOMETH","RVNBTC","LOOMBNB","YOYOBTC","WPRETH","PAXBNB","WABIBNB","POLYBNB","XZCBNB","AIONETH","MFTBNB","DOCKBTC","DASHETH","BRDBNB","TRIGBTC","APPCBNB","GOBTC","ADABTC","KNCETH","RPXETH","TRXBTC","DATAETH","DCRBNB","ASTBTC","SNMETH","MTLETH","BCPTBNB","ARDRETH","SCBTC","PPTETH","BCCBTC","POEBTC","QTUMBNB","QLCBTC","ZECETH","BCCBNB","NULSBNB","DLTBNB","NEBLBNB","SNTBTC","BCHABCPAX","VIBETH","BRDETH","TNBETH","PIVXETH","KEYETH","PHXETH","RVNBNB","XZCETH","WANBNB","SNMBTC","WAVESUSDC","RLCETH","BATBTC","STEEMBNB","MITHBNB","RCNBNB","TRXPAX","IOSTBTC","QTUMETH","NASETH","BLZBNB","LTCUSDC","AGIBNB","AMBETH","ADXETH","ETCBNB","BCHSVTUSD","SNGLSETH","POWRBNB","LSKBNB","BCDETH","LOOMBTC","ONTBNB","ZILBNB","DNTETH","BCCETH","WANETH","GNTBNB","ENJETH","CHATBTC","ARDRBNB","REQBTC","SALTETH","QKCETH","POWRETH","XEMBTC","TNTETH","VENBNB","BCNBTC","EOSTUSD","XEMETH","NCASHBTC","CNDETH","CVCETH","BTSBNB","PHXBNB","TRIGBNB","SYSETH","IOTXETH","GTOBTC","ADXBNB","NPXSBTC","NXSBNB","LINKPAX","BCHABCTUSD","XZCXRP","DATABTC","DENTBTC","VIBEETH","REQETH","MFTBTC","MITHBTC","REPBNB","HCETH","DNTBTC","CHATETH","THETABNB","RENBTC","QSPBTC","IOTXBTC","ENGETH","STORMBNB","ASTETH","PAXBTC","AGIETH","NEBLETH","OSTBNB","QLCBNB","NASBNB","MCOETH","HOTBTC","EDOETH","KEYBTC","SUBETH","USDCBNB","NCASHBNB","ADABNB","XVGETH","FUNBTC","LENDBTC","MTHBTC","QSPBNB","CMTBTC","VIAETH","ARDRBTC","LTCPAX","VENBTC","BNTETH","MODETH","BATBNB","OSTBTC","BCHABCUSDC","TRXUSDC","MCOBNB","ENJBTC","RCNBTC","RDNETH","WTCBNB","VENUSDT","HSRBTC","GNTBTC","ELFETH","XVGBTC","BATETH","BLZETH","XEMBNB","STORJETH","BTGETH","MANAETH","DGDETH","NEOBNB","LSKETH","YOYOETH","GXSETH","CMTBNB","OMGETH","MDAETH","IOTABNB","ZENETH","MTHETH","POABTC","MFTETH","POEETH","CNDBNB","AGIBTC","ZILBTC","RENBNB","LENDETH","LTCTUSD","BCPTBTC","GTOBNB","VIBBTC","TNBBTC","VIBEBTC","VIABNB","BCCUSDT","STORMETH","RDNBNB","ICXETH","STEEMETH","ARKETH","BLZBTC","VETBNB","SNTETH","CLOAKETH","NAVETH","GNTETH","CDTETH","QKCBTC","TRIGETH","CVCBTC","RPXBNB","WAVESPAX","RPXBTC","ENJBNB","NANOBNB","CDTBTC","BTSBTC","SYSBNB","DENTETH","GOBNB","POABNB","NXSETH","PAXETH","STORMBTC","SUBBTC","OSTETH","PIVXBNB","USDCBTC","NCASHETH","BCNBNB","ICNETH","POAETH","SKYBNB","STRATETH","WAVESBNB","BCNETH","CVCBNB","IOSTETH","BCHSVPAX","CNDBTC","WTCETH","XLMBNB","ICNBTC","NPXSETH","MANABTC","BTSETH","WPRBTC","VENETH","FUELETH","NAVBNB","APPCETH","RLCBNB","AEBNB","QLCETH","SYSBTC","YOYOBNB","GRSETH","NULSETH","KMDETH","SCETH","ZENBNB","SCBNB","SKYETH","AMBBNB","QSPETH","APPCBTC","PHXBTC","TNTBTC","BCHSVUSDC","RCNETH","ICXBNB","VETBTC","INSETH"]}