{"data":{"ZILBNB":12.4551705708,"XMRBTC":6.9200468919,"DASHUSDT":13.3455689598,"XEMBTC":-5.4323696451,"PIVXBTC":12.0123897127,"BTCTUSD":9.8983893878,"LINKETH":28.4135761129,"ENJBNB":6.4758110451,"LRCBTC":11.9830228936,"PPTBTC":1.3623250504,"BTTUSDT":19.2015887247,"ENGBTC":3.0280980667,"ARKBTC":19.9404904901,"BNBUSDT":28.3916848179,"WAVESBTC":13.6181866158,"LTCUSDT":16.4976316999,"ZECETH":0.7903901895,"ASTBTC":49.8177241492,"XRPUSDC":2.5311869405,"DLTBTC":5.120484882,"XRPBTC":2.3754684497,"EOSUSDT":7.6953880719,"BQXBTC":10.9063634531,"MITHUSDT":10.3294082941,"NANOUSDT":-2.2177605031,"BRDBTC":6.1536514117,"BNBBTC":28.4282426633,"LINKUSDT":27.7193735001,"OAXBTC":11.0458686721,"FETBTC":-0.9062745228,"WAVESBNB":14.0027073312,"DGDBTC":-6.3197953881,"IOSTUSDT":1.5069402317,"VETUSDT":-2.8541810824,"XRPUSDT":2.2827499323,"ETHUSDC":6.1212425873,"EOSETH":8.3182037156,"FETBNB":-3.8558085463,"WAVESTUSD":12.7320440188,"BCHABCPAX":11.9812927605,"ADAETH":0.1827968366,"NEOETH":5.3346312948,"BCHABCUSDT":12.3827887329,"EOSTUSD":8.283172585,"ELFETH":28.5117457129,"ZILETH":12.7740135383,"STEEMBTC":11.1124755881,"OMGUSDT":2.0087570236,"RDNBTC":2.1906758355,"HOTBNB":22.3494608373,"BCDBTC":8.7281211803,"SKYBTC":11.3205328947,"NANOBTC":-2.2587892197,"XRPPAX":2.6835418856,"ZRXUSDT":-1.3835469711,"IOTAUSDT":-0.6659128171,"ATOMBNB":-5.7834567909,"BTCPAX":9.4560084868,"BATBTC":-8.8638238279,"DCRBTC":-3.1555370546,"RVNBNB":-5.5059862948,"USDCUSDT":-0.3297508516,"LSKBTC":4.5376682772,"QTUMUSDT":2.405792191,"ETHTUSD":6.2443033215,"ZECBTC":-0.3613017581,"VETETH":-2.5983366355,"MTLBTC":10.4645377218,"XLMETH":-5.1936562955,"ONTUSDT":0.6240872631,"BATUSDT":-9.0319103086,"ATOMBTC":-4.6834740671,"XMRUSDT":5.9201572128,"ZILUSDT":12.5069772634,"XRPTUSD":2.5018548586,"ICXUSDT":0.4433276481,"EDOBTC":40.5058736829,"TRXUSDT":3.9600966223,"BCPTBTC":39.2364469032,"AMBBTC":5.0338667319,"ELFBTC":27.2972562583,"WAVESETH":14.6355442318,"XLMUSDT":-5.9459163593,"BTGBTC":8.1907610734,"FUELETH":42.3063599898,"ADATUSD":0.0713461453,"EVXBTC":4.925762247,"IOTABTC":-0.8591291948,"HOTUSDT":23.3691047727,"VIBEBTC":13.9917466353,"HOTETH":24.6761837759,"BCHABCBTC":12.6075991622,"BTCUSDC":9.6227249872,"BTCUSDT":9.3573129234,"USDCTUSD":0.0073762919,"MCOBTC":4.5624689126,"NEOBTC":5.1221927976,"AIONBTC":-0.3792030287,"APPCBTC":20.6771174229,"BNBUSDC":27.9810695942,"BTTBNB":17.8947062283,"WAVESUSDT":13.6503707836,"NEOUSDT":4.6106642347,"NEBLBTC":-0.1276759712,"LUNBTC":4.5392747336,"XLMBTC":-6.0633230448,"MATICBNB":94.1260266565,"INSBTC":11.4578666167,"IOTAETH":-0.7591140991,"GNTBTC":12.6678006813,"VIABTC":-5.2228747461,"KNCBTC":14.2702345257,"GRSBTC":15.6123559484,"STORJBTC":15.980781606,"TRXBNB":4.1480054672,"GTOETH":26.1575243292,"LTCBTC":16.7871417457,"ENJETH":9.4019258202,"TNTETH":68.811459021,"BTCUSDS":10.3837977926,"PAXTUSD":-0.0531030978,"MATICBTC":97.8108389434,"ADABNB":0.1400410283,"CELRBNB":1.0383679427,"ONTBTC":1.3258129259,"ADXBTC":12.4986298094,"AEBTC":18.6474721266,"QKCETH":21.012485572,"ADAUSDC":-0.3883750527,"GASBTC":17.4505292609,"ZRXBTC":-1.4169752735,"ETCBTC":0.0563489504,"KMDBTC":3.7521955438,"WTCBTC":1.1641926163,"ONGBTC":19.7420628268,"PAXUSDT":-0.3592782293,"STRATBTC":21.2276767782,"WABIBTC":9.0769503962,"BNBTUSD":27.695135264,"ENJUSDT":8.1341018904,"ENJBTC":8.3170708068,"ETHPAX":5.4665954225,"CELRBTC":3.532573599,"NULSBTC":11.2416981488,"EOSBTC":7.968817392,"ARNBTC":21.9668673474,"DASHBTC":13.8477392455,"LINKTUSD":26.6969739171,"NEOBNB":5.2607048306,"EOSUSDC":8.5206050943,"BCHABCTUSD":12.9999032337,"CVCBTC":11.7471964017,"BCHABCUSDC":12.2959961726,"POWRBTC":10.313479398,"TUSDUSDT":-0.361040618,"LTCETH":17.1609860167,"LTCPAX":16.7487682442,"XRPETH":3.0199353157,"QTUMBTC":2.5558601064,"NULSUSDT":10.8934258642,"MDABTC":4.4190872242,"NAVBTC":-15.7832594222,"NEOTUSD":6.558114699,"BTTUSDC":20.4966884187,"OMGBTC":2.7179791444,"BTTTUSD":20.6412495149,"THETAUSDT":9.5649379272,"WANBTC":2.1566587669,"ASTETH":51.3745592149,"XRPBNB":2.558467133,"FETUSDT":-1.5787944678,"ICXBTC":0.4661539164,"BNBPAX":29.0014952163,"BATETH":-8.8776205015,"RLCBTC":-11.439914626,"ATOMUSDT":-4.9178988224,"XZCBTC":-0.4661317751,"MATICUSDT":96.3964245912,"EOSBNB":8.2426647825,"LINKBTC":28.0765143665,"NASBTC":2.3222840143,"LINKUSDC":29.006807136,"ETHBTC":5.7211324571,"ETHUSDT":5.593612626,"CELRUSDT":3.419320571,"THETAETH":11.6334724995,"VETBNB":-3.3308390101,"ZECUSDT":-0.0773596472,"BNBETH":27.7306057653,"LTCUSDC":16.7087578688,"TRXETH":4.9112373271,"LTCTUSD":17.254713887,"GVTBTC":9.4095237912,"THETABTC":10.5736036426,"EOSPAX":8.1323538458,"ETCUSDT":-0.1045538353,"LTCBNB":16.9808828119,"ONGUSDT":18.5127732556,"USDCPAX":-0.3115353496,"REPBTC":-9.8578920896,"XLMBNB":-7.4000952692,"POLYBTC":12.0154602941,"TRXXRP":4.2984772696,"BATBNB":-10.4743996041,"ADAUSDT":-0.6568405647},"startDate":"2019-05-19","endDate":"2019-05-26","numDays":7,"excludedPairs":["PAXBNB","ARDRETH","TRXPAX","ADXETH","LRCETH","USDSTUSD","NXSETH","NEBLETH","CHATETH","IOTXBTC","CVCETH","BCDETH","DNTBTC","WTCETH","NCASHETH","SNGLSETH","VENBTC","REPETH","NULSETH","TFUELPAX","BTSBTC","TRXBTC","SNTBTC","VETBTC","NAVETH","BCHSVPAX","RDNBNB","AIONBNB","NASETH","PHBPAX","STORMBTC","BTSETH","XZCBNB","ICXETH","MODBTC","SYSBTC","PHXBNB","RLCBNB","SNMBTC","DCRBNB","XEMBNB","ZECPAX","MTLETH","MFTBNB","NCASHBTC","HCETH","ARDRBNB","RPXETH","MDAETH","BLZETH","MITHBNB","VIBETH","TUSDBNB","THETABNB","GVTETH","CMTETH","XMRBNB","RCNBTC","QSPBTC","DOCKBTC","BNTBTC","OSTBTC","STORMBNB","PPTETH","NEOPAX","POLYBNB","ATOMTUSD","SNGLSBTC","WANETH","AGIETH","APPCETH","MODETH","ICXBNB","REPBNB","ADXBNB","ETCETH","QKCBTC","REQETH","BCHSVUSDC","ZECUSDC","CLOAKBTC","PHXBTC","ADABTC","YOYOBTC","LENDBTC","ICNETH","HOTBTC","IOTXETH","CDTBTC","CDTETH","MTHBTC","POWRBNB","BCCETH","OSTETH","NCASHBNB","WTCBNB","BCPTETH","BTTPAX","XVGBTC","WINGSETH","VENUSDT","BTGETH","BNBUSDS","ARKETH","HSRBTC","TRIGBNB","WPRETH","XMRETH","CMTBTC","PHBBNB","SALTETH","KEYETH","IOTABNB","STEEMBNB","TFUELBTC","WINGSBTC","SCETH","VIBBTC","BLZBTC","GRSETH","BNTETH","QLCBNB","SYSBNB","GOBTC","AMBBNB","XLMPAX","BTSBNB","TFUELBNB","EDOETH","POEBTC","VENBNB","INSETH","XLMTUSD","BRDBNB","QTUMBNB","SALTBTC","AEBNB","ATOMUSDC","QSPBNB","TFUELUSDT","RCNETH","BQXETH","LENDETH","LOOMBNB","STEEMETH","AIONETH","DATABTC","OAXETH","CMTBNB","NANOETH","PAXETH","KNCETH","MFTBTC","AGIBTC","TNBETH","IOSTETH","TFUELTUSD","CLOAKETH","BCNBTC","ETCBNB","ATOMPAX","SUBETH","QTUMETH","TRIGBTC","USDSPAX","VIBEETH","XVGETH","NPXSETH","SYSETH","XZCXRP","QSPETH","BCHSVUSDT","DATAETH","IOSTBTC","REQBTC","ETCUSDC","ZENETH","XLMUSDC","BCCBNB","RDNETH","PHBBTC","SCBTC","ZRXBNB","DASHETH","BRDETH","MANAETH","NULSBNB","USDSUSDC","PHXETH","PHBUSDC","SNTETH","EVXETH","BATPAX","GNTETH","ONTBNB","NXSBTC","ETCTUSD","WPRBTC","WABIBNB","MTHETH","ARNETH","MFTETH","STRATETH","XZCETH","CHATBTC","BATUSDC","XEMETH","OMGBNB","IOSTBNB","OMGETH","GNTBNB","MCOETH","BTTBTC","WAVESUSDC","PIVXBNB","SKYETH","RENBNB","RCNBNB","MANABTC","DLTETH","NANOBNB","USDCBTC","DASHBNB","ICNBTC","SUBBTC","BCPTBNB","FUNBTC","CNDBTC","PHBTUSD","BCNBNB","DENTETH","WANBNB","APPCBNB","BCHSVBTC","HSRETH","POAETH","VIAETH","PIVXETH","TNBBTC","GTOBTC","RLCETH","TRXUSDC","TRXTUSD","CVCBNB","STORJETH","ZENBTC","SCBNB","SKYBNB","ARDRBTC","DNTETH","DOCKETH","POABTC","VENETH","KEYBTC","QLCBTC","LOOMETH","CNDBNB","STORMETH","HCBTC","GOBNB","LSKBNB","GXSETH","FUELBTC","RVNBTC","DLTBNB","BLZBNB","LUNETH","NASBNB","CNDETH","GTOBNB","BCCUSDT","AEETH","FUNETH","TUSDBTC","USDCBNB","BATTUSD","WABIETH","AMBETH","TRIGETH","ZECBNB","ZECTUSD","POWRETH","VIABNB","BCCBTC","RPXBTC","TUSDETH","WAVESPAX","OSTBNB","LSKETH","NEOUSDC","NAVBNB","ONTETH","BCHSVTUSD","ONGBNB","DGDETH","ETCPAX","MCOBNB","KMDETH","POEETH","NEBLBNB","ADAPAX","YOYOBNB","QLCETH","POABNB","LINKPAX","USDSUSDT","TFUELUSDC","RPXBNB","NXSBNB","YOYOETH","BCNETH","GXSBTC","TNTBTC","ZRXETH","RENBTC","SNMETH","MITHBTC","AGIBNB","NPXSBTC","ZENBNB","PAXBTC","DENTBTC","ENGETH","ZILBTC","LOOMBTC"]}