{"data":{"ZILETH":0.1141472438,"ICXUSDT":13.0489747409,"CELRBNB":-7.3461312802,"ETHUSDC":11.7731414371,"PPTBTC":-3.9931893214,"USDCUSDT":0.1940413099,"EOSUSDT":32.6389001889,"EOSPAX":36.0443253251,"MTLBTC":3.9349299851,"LTCBNB":26.51670956,"ELFETH":5.469160204,"BQXBTC":0.4426297269,"USDCPAX":0.2305022332,"PIVXBTC":13.2927695092,"BCPTBNB":35.013546746,"EVXBTC":-5.1460603149,"IOTABTC":32.8212418447,"NASBTC":11.2393548734,"ICXBTC":11.3569452941,"ONTUSDT":22.1039344723,"BTTTUSD":36.0034445489,"BNBUSDT":6.7479289565,"ARNBTC":26.3575380943,"REPBTC":5.8749295758,"XLMBNB":9.78231907,"EOSTUSD":31.6875653029,"STRATBTC":11.235420593,"RDNBTC":18.7171883575,"TUSDUSDT":0.1761798016,"ONGBTC":9.6016117991,"BCDBTC":52.4943278953,"BATBNB":3.2795397698,"BTCTUSD":10.4248883432,"ZRXUSDT":14.2409788379,"BTGBTC":28.4492135523,"DENTETH":48.2842076781,"ARKBTC":2.8233951546,"DGDBTC":12.7890473753,"AIONBTC":2.3401050455,"DASHBTC":10.4816195325,"NEOBTC":21.6603800673,"ETHUSDT":13.2774780042,"KNCBTC":1.5715583573,"ONGUSDT":11.0936986866,"TRXUSDT":25.7458642623,"ZECBTC":25.6356593702,"BATUSDT":6.3651840457,"IOTABNB":32.7029463155,"POLYBTC":11.7871915853,"ADATUSD":15.9343611756,"EDOBTC":28.6680582919,"STORJBTC":1.3172964096,"QTUMBTC":17.6067449778,"XMRBTC":12.0242099679,"LTCTUSD":29.1989858427,"DLTBTC":-6.9990912864,"INSBTC":9.2543020285,"BCHABCTUSD":15.3704641923,"LUNBTC":-9.0329458009,"WAVESBTC":0.3646556581,"SKYBTC":49.9186403115,"EOSBTC":31.6898880457,"NEOBNB":21.189214832,"ZECUSDT":28.1703229793,"ATOMUSDT":36.9917780399,"ETCUSDT":22.9302561676,"MDABTC":4.4254459927,"WAVESUSDT":-0.723728901,"LTCUSDC":29.1149881088,"MATICUSDT":-24.8927773177,"GRSBTC":6.1816904454,"NEOUSDT":23.4988563596,"BNBPAX":5.1559936566,"BTCUSDS":11.1173213623,"FUELETH":-10.315473424,"TRXBNB":23.3295913933,"BTCPAX":10.8705314358,"LSKBTC":11.6059642798,"XRPETH":18.3121137336,"XRPPAX":19.5440483332,"DASHUSDT":11.5006758314,"GASBTC":13.134137819,"PAXUSDT":0.1631481861,"ATOMBTC":35.6700430002,"IOSTUSDT":21.3409902759,"XRPBNB":17.8177212767,"OMGUSDT":22.6917075251,"BNBBTC":5.7090061171,"STEEMBTC":6.1230159091,"TRXTUSD":24.7013565803,"LTCETH":28.8287091095,"USDCTUSD":0.0053406713,"ETHBTC":12.3604542858,"BTTUSDC":33.7819579217,"THETAETH":38.9052258008,"LTCBTC":28.4160922212,"NULSBTC":7.0738486658,"HOTUSDT":16.9286328815,"ENJETH":-0.4829577816,"VIABTC":-3.0697259195,"BCHABCBTC":16.0217002374,"BCHABCUSDT":17.0005261607,"ETHPAX":12.8290957672,"IOTAETH":31.7082002629,"ENGBTC":-3.463625576,"BTTUSDT":39.9546553541,"FETBNB":-11.189829747,"XRPUSDC":18.5731244808,"ADAETH":16.2976236092,"XRPBTC":18.9585161652,"ZILBNB":-0.0465083296,"LINKBTC":-13.82868911,"HOTETH":17.3898822129,"LTCPAX":27.7660870476,"ETCBTC":21.5316940493,"LINKETH":-13.0493596211,"RVNBNB":9.8708719684,"THETABTC":39.9852220374,"XLMUSDT":12.1701707531,"TNTBTC":-23.3362123699,"NEBLBTC":3.6994170635,"LTCUSDT":29.6926615067,"BNBETH":5.2085283477,"WTCBTC":17.5568936556,"TRXETH":24.6782175335,"HCBTC":22.2810649877,"NANOBTC":8.7579040213,"ONTBTC":20.0052610507,"ZRXBTC":13.2298922415,"FETUSDT":-7.7701251645,"WAVESETH":1.5007303313,"XRPUSDT":20.0309317934,"WABIBTC":-6.3746641575,"XLMETH":10.1657185485,"MCOBTC":27.1869487527,"ETHTUSD":11.8712763087,"DCRBTC":8.0621325737,"ELFBTC":5.4490205844,"OAXBTC":-4.3457213197,"ASTBTC":-23.657251811,"AEBTC":3.8302789835,"ADABNB":15.3113190029,"OMGBTC":21.4366192688,"WAVESTUSD":4.7578382931,"NANOUSDT":9.7353541507,"NULSUSDT":9.0274048642,"VIBEBTC":-2.4299798094,"LINKUSDT":-13.5831250261,"AMBBTC":-12.5367020093,"NEOETH":20.8535252163,"QLCBTC":-4.9120256709,"EOSUSDC":30.3455008383,"ENJUSDT":0.847298149,"CELRUSDT":-4.9558917766,"BCHABCUSDC":15.5450950189,"ATOMBNB":33.312020498,"HOTBNB":15.7863282193,"VETBNB":7.2603351871,"ADXBTC":15.5329787326,"QTUMUSDT":19.1573822214,"ONTETH":18.8592337285,"TRXXRP":24.6885700408,"BCHABCPAX":17.0933020769,"BCDETH":50.5162402415,"THETABNB":35.7678817852,"WANBTC":1.3932235262,"ASTETH":-23.9945791652,"POABTC":18.2294956089,"BCPTBTC":36.0593537376,"VETUSDT":8.9399719848,"POWRBTC":7.0495044626,"BTCUSDC":10.8081636335,"VETETH":6.3922963148,"GVTBTC":1.6865286062,"EOSBNB":31.6409310398,"BNBUSDC":4.8025113275,"BATETH":4.2464887373,"BTCUSDT":11.5288773666,"NEOTUSD":20.9653578448,"THETAUSDT":41.3485569094,"XZCBTC":2.2894881204,"KMDBTC":37.3615145524,"XRPTUSD":18.2977258228,"EOSETH":32.3187680211,"IOTAUSDT":33.9131629205,"BNBTUSD":4.317032006,"APPCBTC":-9.4479529845,"MATICBNB":-26.4363727353,"BRDBTC":6.850729218,"WAVESBNB":-6.8322757262,"RLCBTC":-15.71844664,"FETBTC":-9.0108206177,"PAXTUSD":-0.0688800993,"LINKUSDC":-14.7941539675,"TRXUSDC":23.4815388426,"ADAUSDT":16.6159275557,"ENJBTC":0.4880562188,"MITHUSDT":9.8577849567,"ZILUSDT":1.0267726226,"BTTBNB":37.3491632871,"ADAUSDC":15.1076808131,"BATBTC":5.3246125483,"XMRUSDT":13.337925062},"startDate":"2019-05-24","endDate":"2019-05-31","numDays":7,"excludedPairs":["AEBNB","ENGETH","CELRBTC","AGIETH","LINKPAX","PIVXBNB","PIVXETH","BQXETH","IOSTETH","CMTBTC","WINGSBTC","PHXBNB","NCASHBTC","NEOPAX","ZENBTC","SALTETH","MITHBTC","VIBEETH","KMDETH","RCNETH","VENUSDT","DLTBNB","QSPBNB","SUBETH","SUBBTC","ETCTUSD","NXSBTC","RPXBTC","CNDBNB","GNTBTC","WAVESUSDC","TFUELTUSD","BLZBTC","NANOBNB","TRIGBTC","NULSBNB","NEBLETH","PHBTUSD","USDSUSDT","STEEMBNB","XLMPAX","USDCBTC","LSKBNB","SKYETH","CDTETH","TNTETH","BCCBNB","USDSPAX","KEYETH","SYSBTC","NCASHBNB","ICNETH","ETCETH","WPRBTC","AMBBNB","TRIGETH","ZENETH","DNTBTC","TFUELUSDT","NPXSETH","XLMTUSD","LENDBTC","DGDETH","OSTBNB","ATOMPAX","OMGETH","XEMETH","OMGBNB","QLCBNB","XZCXRP","KEYBTC","CNDETH","NCASHETH","TRXPAX","HOTBTC","BTSBTC","AIONETH","SNTBTC","WAVESPAX","RDNETH","ARDRETH","GTOBNB","MFTBNB","TFUELUSDC","VENBNB","FUNBTC","ZECETH","WABIETH","AGIBTC","DCRBNB","XEMBTC","BNBUSDS","MFTETH","PHXETH","DATABTC","ARDRBTC","POAETH","RLCBNB","LUNETH","HCETH","ARKETH","MODETH","DNTETH","DOCKBTC","MITHBNB","EVXETH","BCHSVTUSD","LSKETH","MODBTC","HSRBTC","BRDETH","RENBNB","VETBTC","ZECBNB","ONGBNB","LINKTUSD","MTHBTC","ARDRBNB","DASHETH","ADABTC","HSRETH","DATAETH","VIABNB","MANABTC","BTSBNB","NANOETH","NXSBNB","TRXBTC","TNBETH","MFTBTC","APPCBNB","AGIBNB","NEOUSDC","GNTBNB","EDOETH","IOTXBTC","CHATETH","AMBETH","XEMBNB","SCBTC","NAVETH","YOYOBNB","CVCBTC","QTUMETH","STORJETH","ICXETH","DASHBNB","PHBPAX","TUSDETH","ATOMUSDC","DENTBTC","WANETH","SNMBTC","USDSTUSD","REQBTC","QSPETH","XLMBTC","XVGBTC","SYSETH","CVCETH","SCBNB","RPXBNB","LOOMBTC","ZECPAX","VIBETH","OSTBTC","BCHSVUSDT","PAXETH","CLOAKETH","SYSBNB","TFUELPAX","TUSDBTC","BATTUSD","ICNBTC","LOOMBNB","BCCBTC","BRDBNB","REPETH","BCHSVUSDC","PHBUSDC","WABIBNB","BATUSDC","TUSDBNB","ZRXBNB","SKYBNB","SCETH","REPBNB","CLOAKBTC","BCHSVBTC","RENBTC","MATICBTC","TFUELBNB","POEBTC","ZENBNB","QKCBTC","ZILBTC","BLZETH","KNCETH","SNGLSETH","GXSETH","GOBNB","XMRBNB","TRIGBNB","MCOBNB","WANBNB","RDNBNB","RVNBTC","ATOMTUSD","QSPBTC","SNGLSBTC","IOSTBTC","BTTPAX","MTHETH","ARNETH","NASBNB","STEEMETH","RPXETH","VIAETH","QTUMBNB","CHATBTC","ETCBNB","FUELBTC","OAXETH","VIBBTC","BNTETH","XVGETH","PHXBTC","WTCBNB","STORMBNB","WINGSETH","POABNB","VENETH","XMRETH","BCCETH","CNDBTC","MCOETH","AEETH","YOYOETH","WPRETH","LRCETH","YOYOBTC","GNTETH","PAXBNB","VENBTC","BCNBNB","STORMETH","BNTBTC","MDAETH","NULSETH","IOTXETH","NXSETH","LOOMETH","LRCBTC","MANAETH","TFUELBTC","POWRETH","XZCETH","NAVBTC","XLMUSDC","ADXETH","ZECUSDC","GRSETH","CMTETH","FUNETH","BLZBNB","GTOETH","QLCETH","GVTETH","WTCETH","NEBLBNB","INSETH","USDCBNB","BTGETH","SNTETH","PHBBTC","ETCPAX","LENDETH","AIONBNB","REQETH","NASETH","DOCKETH","RCNBNB","CVCBNB","ADAPAX","BTSETH","ZECTUSD","SALTBTC","BCHSVPAX","NAVBNB","POLYBNB","IOSTBNB","ADXBNB","GXSBTC","ONTBNB","PHBBNB","QKCETH","APPCETH","MTLETH","STRATETH","CDTBTC","ENJBNB","POEETH","BATPAX","OSTETH","DLTETH","BCNBTC","BCNETH","PAXBTC","GTOBTC","NPXSBTC","ZRXETH","RLCETH","SNMETH","BCCUSDT","BTTBTC","POWRBNB","CMTBNB","STORMBTC","BCPTETH","PPTETH","XZCBNB","RCNBTC","TNBBTC","USDSUSDC","ETCUSDC","GOBTC","ICXBNB"]}