{"data":{"XRPTUSD":-2.654026988,"GXSBTC":-6.6770971566,"NEOUSDT":-8.5349879126,"ETHBTC":-8.2883791554,"EVXETH":11.8096510525,"XZCBTC":-10.3011917934,"ONTUSDT":-9.4970482842,"BNBETH":-5.988729472,"WAVESETH":-0.9332022397,"XEMBTC":-23.8754134618,"XRPUSDT":-1.4137761062,"XRPBNB":-2.3051818048,"QTUMUSDT":-9.9757553853,"AMBBTC":-17.4216430559,"XLMTUSD":-17.1597613663,"DLTBTC":-21.2652993365,"KMDBTC":-5.3135783489,"BTGBTC":-11.1349142677,"WINGSBTC":-18.8568097187,"XMRBTC":-4.9940997101,"TUSDETH":-0.1366018592,"THETAETH":-0.4168104451,"STRATBTC":-20.7058257462,"RDNBTC":-14.5245003483,"WAVESTUSD":-1.4260038934,"GRSBTC":-21.4170190187,"PHXETH":-3.2683160899,"LINKETH":-19.082708008,"LUNBTC":-30.8476693671,"MODBTC":-12.4771599795,"SALTBTC":-10.3916684818,"BNTETH":-10.1238109436,"EOSUSDT":-4.7557325258,"ZILETH":-14.6267262842,"BTCUSDC":-3.8327995081,"XLMETH":-18.2834674049,"PAXUSDT":0.6814459923,"BNBUSDC":-5.8084753365,"ONTETH":-10.2287031707,"ETHUSDC":-8.4355531691,"TRXETH":-3.8372430541,"PAXTUSD":0.0212621878,"XLMUSDT":-17.510713562,"LOOMBTC":-16.0922823189,"XLMBNB":-17.5905779314,"EOSUSDC":-5.3465240766,"XRPBTC":-1.7698246754,"QTUMBTC":-10.5997730152,"VIBEBTC":-19.8606662568,"NXSBTC":-15.3764993782,"LTCUSDT":-2.5455866699,"BCHSVUSDT":-13.6305826484,"AIONBTC":-15.7644670135,"DGDBTC":-19.1706234894,"POLYBTC":-19.7036702334,"DLTETH":-20.3225449648,"ZENBTC":-8.9946879863,"ADAETH":-10.8226573252,"WAVESUSDT":-1.1818988042,"WAVESBTC":-1.0690684873,"RLCBTC":10.2909146894,"NULSUSDT":-8.8483218467,"CLOAKBTC":-9.2169254081,"BCHABCBTC":-10.7741028058,"XRPUSDC":-2.3984564933,"OAXETH":-23.6519333121,"NEOBTC":-9.0129306984,"ARKBTC":-5.981739777,"LINKUSDT":-17.9574186428,"BNBBTC":-5.3896967303,"LRCBTC":-30.2787796434,"REPBTC":-15.0761386358,"THETABTC":1.2853428149,"USDCUSDT":0.6614777545,"XRPPAX":-1.1890719923,"MITHBTC":-25.0972690712,"USDCPAX":0.742769042,"TUSDBNB":-0.0761682951,"ETCBTC":-7.8344777821,"OMGBTC":-13.3048456537,"NEOTUSD":-9.3153973838,"HOTETH":8.6593260526,"LINKTUSD":-17.4973003874,"EDOBTC":-14.8697549886,"BNTBTC":-9.7832261513,"LINKUSDC":-19.2787084261,"NEBLBTC":-12.9842041914,"ONTBTC":-9.9660887437,"DCRBTC":-8.8108335659,"BRDBTC":-6.9752008717,"EVXBTC":11.0691949906,"ZECBTC":-7.353329134,"ZRXETH":-18.1517359834,"LRCETH":-30.3201365253,"BNBUSDT":-4.7993661456,"ARNBTC":-3.2213386897,"AEBTC":-11.8667487354,"XLMBTC":-18.0001364638,"FUNETH":-16.046288199,"TRXXRP":-3.926679235,"TRXUSDC":-5.3594608413,"ETHUSDT":-7.8436192894,"BCDBTC":-10.1478008583,"REPETH":-15.1980123105,"ARNETH":-3.7568632534,"STEEMBTC":-25.2043011338,"BTCUSDT":-3.3921445837,"HCBTC":-17.3661947454,"XLMPAX":-17.2206601365,"EOSBTC":-5.1683371735,"PIVXBTC":-20.3273215115,"ADABNB":-11.4846439605,"BTCPAX":-3.462993619,"NAVBTC":-15.3870456744,"NPXSETH":8.656476906,"NANOETH":-11.2488945151,"ICXBTC":-17.0266525278,"ENGBTC":-12.8495378489,"NULSBTC":-9.9106935326,"MCOBTC":-9.876694557,"TRXBNB":-4.2790863672,"WTCBTC":-13.7502775166,"TRXTUSD":-3.0939045412,"TUSDBTC":0.149385342,"ZRXBTC":-18.0615054852,"PPTBTC":-11.2947996743,"IOTAETH":-11.3566720846,"ICXETH":-17.3386036933,"ICXUSDT":-16.6816183852,"LTCTUSD":-4.2272870528,"APPCBTC":-15.6228698786,"ELFBTC":-13.230433609,"BATBTC":-8.769456842,"INSBTC":-12.2018853833,"AGIBTC":-8.3073984631,"TRXUSDT":-3.485499968,"IOTAUSDT":-10.0705081436,"NASBTC":-6.839561723,"XLMUSDC":-17.6955629656,"WABIBTC":-15.3553739453,"EOSETH":-4.9729029153,"BATETH":-8.8764651326,"BQXBTC":-17.2477535639,"ADXBTC":-17.2892089716,"LTCBTC":-2.6057828926,"VIABTC":-5.4889122626,"MDABTC":-2.4229931936,"OMGETH":-13.0091499344,"NANOBTC":-10.7993661535,"IOTABTC":-11.1747999391,"LSKBTC":-13.7240818428,"BNBPAX":-4.9904998504,"WANBTC":-13.7649094867,"ETCUSDT":-7.7205495855,"POWRBTC":-16.7671418235,"MTLBTC":-10.7077814685,"KNCBTC":-15.3946971937,"SUBBTC":-13.9792225236,"GVTBTC":-13.3983461971,"LTCETH":-2.9587326061,"XRPETH":-1.9127143402,"ADATUSD":-9.4285126193,"VETUSDT":-10.0476483068,"ADAUSDT":-10.2639955923,"GTOBTC":-16.9788084424,"GASBTC":-10.7976918809,"EOSBNB":-5.3004339325,"WAVESBNB":-1.9490151014,"NEOETH":-9.0127481273,"ETHPAX":-8.0486058436,"BCHABCUSDT":-10.6041431839,"OAXBTC":-22.710787254,"DASHBTC":-6.9339117608,"LTCBNB":-2.8665112829,"USDCTUSD":0.038646949,"EOSPAX":-4.5811477384,"TUSDUSDT":0.6434984427,"BCHSVBTC":-13.9043078697,"SKYBTC":-9.8337543572,"GTOETH":-16.2513092853,"MFTETH":-6.35698647,"BCHABCTUSD":-11.5753513254,"LINKBTC":-18.6298990255},"startDate":"2019-01-25","endDate":"2019-02-01","numDays":7,"excludedPairs":["ETCETH","REPBNB","PIVXBNB","ADXETH","HCETH","DNTBTC","BTSBTC","VIAETH","MITHBNB","BQXETH","WPRBTC","BTTBTC","BLZETH","QSPETH","SALTETH","BTTBNB","HOTBTC","ENJBTC","POEETH","STEEMETH","YOYOETH","QTUMBNB","ADABTC","MTHETH","VIABNB","NULSETH","ETCBNB","SUBETH","BCHSVPAX","NCASHETH","GVTETH","NEBLETH","IOTXETH","EDOETH","VETBTC","VENETH","CHATBTC","LTCPAX","CDTETH","MODETH","POWRETH","KNCETH","QKCBTC","DATAETH","WANETH","THETABNB","APPCBNB","STEEMBNB","WAVESPAX","BCHSVTUSD","DLTBNB","TNBETH","FUELETH","NASETH","MANABTC","RCNETH","GNTBNB","VIBEETH","AMBETH","AIONBNB","CNDETH","POABNB","RLCBNB","RENBNB","NPXSBTC","BCDETH","QTUMETH","NCASHBNB","GOBTC","GNTBTC","MTHBTC","INSETH","TNTETH","BCPTBTC","NANOBNB","POABTC","ARKETH","WINGSETH","LENDETH","QLCBNB","HSRETH","DATABTC","PAXETH","GOBNB","CNDBNB","NULSBNB","ARDRETH","FUELBTC","GRSETH","GTOBNB","MCOETH","XEMETH","RPXBTC","BTGETH","USDCBTC","RCNBNB","LOOMBNB","BCNETH","POLYBNB","TRIGETH","MFTBNB","TRIGBNB","EOSTUSD","DGDETH","CNDBTC","VENBTC","ENJETH","CVCBTC","BTTUSDT","BCCBTC","AEBNB","ZENBNB","AIONETH","RPXBNB","RVNBTC","ONTBNB","CMTBTC","XZCETH","NXSBNB","SNMBTC","KEYBTC","WAVESUSDC","LENDBTC","BCHSVUSDC","XEMBNB","SYSBNB","PHXBNB","LSKETH","QKCETH","MDAETH","SNTBTC","SCBNB","ARDRBNB","MTLETH","POAETH","ICNBTC","ASTETH","REQBTC","VIBETH","BLZBTC","QSPBNB","AEETH","QLCETH","SNMETH","LUNETH","DENTETH","XVGBTC","WABIETH","ZILBTC","GNTETH","FUNBTC","BLZBNB","SCBTC","NEBLBNB","TRIGBTC","STORJBTC","VIBBTC","TRXBTC","GXSETH","NXSETH","SKYETH","VENUSDT","RVNBNB","SNTETH","DASHETH","CVCETH","BTSBNB","DENTBTC","POEBTC","RCNBTC","MFTBTC","POWRBNB","SNGLSETH","NAVETH","XVGETH","NAVBNB","IOTXBTC","PIVXETH","BCPTETH","AGIBNB","OSTETH","CMTETH","TRXPAX","BCHABCPAX","WPRETH","IOSTETH","KMDETH","QSPBTC","SKYBNB","AMBBNB","WTCBNB","BRDETH","STORMBNB","PPTETH","BCNBNB","SCETH","XZCXRP","VETBNB","OSTBNB","BCCETH","VENBNB","ZECETH","NEOBNB","RDNBNB","DOCKBTC","YOYOBTC","SYSETH","STORMETH","ZENETH","BTSETH","ARDRBTC","LINKPAX","BCCBNB","STRATETH","RENBTC","BCHABCUSDC","XZCBNB","VETETH","PHXBTC","DNTETH","SNGLSBTC","SYSBTC","WTCETH","KEYETH","ICNETH","BRDBNB","NASBNB","USDCBNB","ICXBNB","CVCBNB","AGIETH","OSTBTC","BCNBTC","ADXBNB","NCASHBTC","ELFETH","PAXBNB","ASTBTC","BATBNB","CDTBTC","CLOAKETH","LTCUSDC","CHATETH","DCRBNB","XMRETH","REQETH","RDNETH","HSRBTC","APPCETH","QLCBTC","YOYOBNB","ENJBNB","BCPTBNB","IOSTBTC","ZILBNB","DOCKETH","IOTABNB","ENGETH","BCCUSDT","STORJETH","WABIBNB","MCOBNB","CMTBNB","LSKBNB","STORMBTC","MANAETH","TNBBTC","RLCETH","LOOMETH","WANBNB","RPXETH","TNTBTC","PAXBTC"]}