{"data":{"XVGETH":40.5440174537,"TRXBNB":11.6275295951,"WAVESUSDT":2.1982637381,"VETBNB":22.2487634498,"CVCBTC":8.9588949504,"STRATBTC":12.0884534013,"USDCTUSD":0.1685678749,"STORJBTC":12.0243063409,"BTCUSDS":16.2639687143,"ONTETH":28.1341525599,"BNBPAX":28.2770645616,"PAXTUSD":0.0786276411,"LINKUSDT":29.6593894905,"BTTBNB":37.7719743121,"ETCUSDT":27.9391385366,"DLTBTC":4.4466363375,"NANOUSDT":13.9679375542,"CELRUSDT":62.2588806827,"XLMPAX":35.9138258213,"MITHUSDT":9.3015569359,"GASBTC":16.1813971891,"ATOMBNB":15.5454386152,"NANOETH":13.9677667512,"BCPTBTC":1.1733574161,"XLMBTC":36.8622686348,"LTCBNB":16.1764694924,"AEBTC":14.794406732,"TRXTUSD":13.9651834293,"PPTBTC":-3.8584321884,"USDCPAX":-0.5010460045,"DASHBTC":20.8367871085,"DCRBTC":8.7326275848,"ZILUSDT":11.4620264852,"BCHABCTUSD":28.185108594,"TUSDUSDT":-0.6261898888,"SYSBTC":1.9073787974,"ICXUSDT":13.6158166648,"WABIBTC":-1.4497001951,"XLMUSDC":36.698138766,"XRPETH":28.5080303076,"THETAUSDT":27.3809583678,"ICXBTC":14.4611317515,"LTCETH":16.6556171346,"WANBTC":21.5259140205,"NANOBNB":14.5078772775,"USDCUSDT":-0.5810507498,"ADATUSD":30.4860473302,"NAVBTC":20.2089349802,"HCBTC":17.8858009163,"EOSTUSD":27.8571236031,"REPBTC":8.8842779725,"BCHABCBTC":27.3502994508,"LTCPAX":15.5641169346,"LRCBTC":8.17494846,"EOSBNB":23.4100307063,"AIONBTC":20.1167436933,"ZILETH":11.7116359868,"MATICUSDT":267.6136948687,"XRPUSDC":28.5066548016,"ZECETH":24.0069189878,"BTCUSDC":15.7756976617,"NANOBTC":15.6421901945,"EOSUSDC":26.8075939048,"XRPTUSD":28.7859804179,"ADXBTC":8.8494568527,"ARNBTC":0.5022267112,"IOSTETH":2.8382372372,"BATBNB":7.0477562636,"ATOMUSDT":15.1078620446,"NEOETH":26.9401908462,"KNCBTC":16.1713275699,"EOSPAX":31.0558546968,"NEOUSDT":26.5091398606,"MATICBNB":270.203787897,"LUNBTC":10.2739107537,"POLYBTC":9.2223562847,"EVXBTC":5.4282010842,"BCHABCUSDC":26.861371482,"ETHUSDC":38.2098692021,"ETCBTC":29.0832792393,"ZRXUSDT":18.263569518,"ONTBTC":27.69110425,"BTCTUSD":15.8931514919,"ONTBNB":28.5052933087,"MDABTC":12.3375322107,"HOTUSDT":25.8162744442,"IOTABNB":37.3809634134,"BTCPAX":15.155330917,"IOTAUSDT":37.538916997,"GNTBTC":19.8434924444,"BQXBTC":7.2237155177,"BNBUSDT":29.3723355156,"DGDBTC":-0.8336327302,"RVNBTC":18.0331625187,"INSBTC":-5.0811294242,"FETBTC":61.7244130643,"GVTBTC":-0.8791034039,"TRXUSDC":13.3954737407,"BATETH":6.9936245976,"LTCUSDT":16.2564894559,"RDNBTC":6.054074194,"LINKBTC":29.4962336292,"STEEMBTC":15.3642013497,"BCDBTC":15.7217355561,"VETUSDT":22.9392146676,"ETHBTC":38.801814492,"ENJBNB":8.6197548133,"WAVESETH":1.4443385804,"QTUMUSDT":21.7209707356,"THETABTC":28.8331071725,"BTCUSDT":15.033687261,"KMDBTC":-4.3260985153,"ARKBTC":25.4825266188,"IOSTUSDT":2.1561004531,"ELFBTC":22.7882399192,"XEMETH":75.5581775,"POWRBTC":13.7609558752,"BATUSDT":5.0556020168,"LOOMBTC":21.2068230669,"OMGETH":21.6621141647,"ADAETH":27.4086386915,"ADABNB":26.5386951529,"XLMBNB":36.1489814733,"TRXETH":11.7640113528,"ETHPAX":38.1560072755,"ZECUSDT":23.1710959603,"NEOTUSD":27.9459500859,"LINKETH":28.8473337307,"BNBETH":29.4993309369,"ATOMBTC":16.42616567,"USDSPAX":-0.4524874543,"BNBBTC":30.0513806537,"ENJUSDT":5.2135363151,"BCHABCUSDT":26.882750603,"OAXBTC":12.2147047104,"DASHUSDT":20.3205837124,"ETHTUSD":39.5142549862,"WAVESBTC":2.31016748,"SKYBTC":44.7331630944,"QTUMBTC":21.5646381615,"FETUSDT":54.1641293979,"ADAUSDC":28.6409376298,"ZRXBTC":19.3875156731,"GXSBTC":13.1049147567,"NASBTC":23.5737168508,"APPCBTC":24.1957484008,"LSKBTC":4.8916098885,"EOSUSDT":24.9633183012,"WTCBTC":16.2084965864,"MTLBTC":5.9003907453,"XRPBTC":28.9437961817,"ETHUSDT":38.3134113836,"BTTUSDT":36.6207362484,"LTCBTC":16.6260188024,"ONGUSDT":5.0607116503,"IOTABTC":37.8648309994,"SKYBNB":44.5142613634,"BATBTC":6.0826472875,"NEOBTC":26.685263251,"TRXXRP":12.3881530636,"ENJETH":10.1612801471,"EOSBTC":24.9167647379,"ONGBTC":3.7325962441,"XRPPAX":29.9423393622,"TRXUSDT":11.9200984668,"RLCBTC":-7.7989024264,"XEMBTC":76.1998697661,"USDSUSDT":-0.5549642626,"BNBTUSD":29.2846494344,"IOTAETH":37.7892792086,"OMGBTC":22.1287090843,"CELRBNB":66.3617593455,"XRPUSDT":28.73555018,"BTGBTC":7.5758198075,"BNBUSDC":28.9979312268,"ENJBTC":8.6362851046,"ZENBTC":5.7010361556,"BLZBTC":17.1875964137,"OMGUSDT":21.1041910735,"XLMTUSD":37.323008146,"NULSBTC":11.6760597695,"FUELETH":11.809147328,"NEOBNB":26.4706815158,"DASHETH":20.1167040317,"VETETH":22.27489587,"BCHABCPAX":29.1906993504,"ADABTC":28.4057737703,"ADAUSDT":28.2978960347,"ADAPAX":27.2400819986,"VIABTC":2.4333501683,"MCOBTC":6.8197472709,"BRDBTC":14.2093973552,"NULSUSDT":13.3961023117,"XMRBTC":21.7540125137,"PAXUSDT":-0.5315756012,"XMRUSDT":19.8568273875,"XLMETH":36.2786096229,"ONTUSDT":27.5107603517,"XZCBTC":12.2454768336,"XRPBNB":27.205215047,"RVNBNB":19.5455803949,"LTCTUSD":15.9251940628,"ZECBTC":24.9685520858,"GRSBTC":8.8820556531,"XLMUSDT":36.7739049106,"LTCUSDC":17.797744187,"ENGBTC":10.9882556183,"EOSETH":24.2867556242},"startDate":"2019-05-10","endDate":"2019-05-18","numDays":7,"excludedPairs":["ETCBNB","VIBEBTC","CNDETH","SNMETH","FUELBTC","DGDETH","ZILBNB","TUSDBTC","AIONETH","NAVETH","NEOUSDC","TRIGBTC","VIAETH","AMBBNB","ARKETH","TRIGETH","DOCKBTC","RPXBNB","IOSTBTC","DCRBNB","STORJETH","SNMBTC","ADXETH","RCNETH","KMDETH","ZECTUSD","LENDBTC","ETCETH","USDCBTC","VENBNB","DENTETH","REPETH","VENETH","NASETH","LOOMBNB","FUNETH","ADXBNB","REQBTC","CLOAKETH","BNTBTC","WABIBNB","WPRBTC","AGIBNB","CVCBNB","AMBETH","THETAETH","IOTXBTC","WAVESBNB","MATICBTC","BCCUSDT","SNGLSBTC","SYSETH","APPCETH","SCETH","QSPETH","GTOETH","ICXBNB","BCHSVUSDC","RLCBNB","FUNBTC","ICXETH","BRDETH","NULSETH","BTTUSDC","BCCBNB","ZRXETH","CNDBNB","GVTETH","TNTBTC","POEBTC","XZCXRP","DLTBNB","SUBBTC","ICNETH","TRIGBNB","LSKETH","BTSBTC","WAVESTUSD","BCHSVTUSD","BCHSVUSDT","RLCETH","MODBTC","NPXSETH","POWRBNB","BTTBTC","QLCBTC","TRXPAX","PIVXETH","POWRETH","REPBNB","NASBNB","BCNBTC","CHATETH","FETBNB","VIBEETH","BTGETH","XMRBNB","NCASHETH","HOTBNB","HOTETH","CNDBTC","NAVBNB","POAETH","NEBLBNB","POABNB","KEYETH","ARDRETH","QKCETH","AIONBNB","ZILBTC","ATOMPAX","OSTBNB","RPXBTC","ELFETH","VIBETH","XZCETH","QKCBTC","YOYOETH","BCNBNB","YOYOBTC","DNTBTC","ZENETH","TNTETH","LENDETH","DATAETH","DNTETH","SALTBTC","ZECUSDC","ZECBNB","LINKUSDC","CDTETH","CMTETH","XEMBNB","TRXBTC","BTSBNB","ATOMUSDC","SNGLSETH","QSPBNB","MFTETH","MITHBNB","ASTBTC","POEETH","EDOETH","CHATBTC","ZECPAX","ASTETH","BNBUSDS","YOYOBNB","ETCTUSD","SCBTC","VIABNB","ARNETH","PAXBNB","STEEMETH","MODETH","WPRETH","WTCETH","LINKTUSD","SCBNB","PAXETH","WAVESUSDC","XVGBTC","GNTETH","BATUSDC","ZENBNB","USDCBNB","WABIETH","MTHBTC","RENBNB","BCNETH","AGIBTC","NXSETH","BCCBTC","POABTC","SKYETH","QLCETH","STORMETH","DENTBTC","BCDETH","ARDRBTC","OAXETH","QLCBNB","NXSBTC","RCNBTC","USDSTUSD","DASHBNB","KEYBTC","REQETH","AEETH","NULSBNB","XZCBNB","NPXSBTC","QSPBTC","BRDBNB","ATOMTUSD","MFTBNB","MFTBTC","SYSBNB","HSRETH","RDNBNB","AEBNB","STORMBTC","GOBTC","DOCKETH","BNTETH","WAVESPAX","NEOPAX","IOTXETH","XMRETH","LRCETH","STRATETH","CLOAKBTC","VETBTC","DATABTC","ZRXBNB","MCOETH","OSTETH","MITHBTC","LINKPAX","NEBLBTC","WINGSETH","PHXETH","STORMBNB","ONGBNB","VENUSDT","ENGETH","BCHSVBTC","BCPTETH","ETCPAX","HCETH","PIVXBNB","NXSBNB","MANABTC","MDAETH","TNBBTC","ICNBTC","PPTETH","NCASHBTC","PHXBTC","RDNETH","VENBTC","APPCBNB","CDTBTC","GOBNB","BLZBNB","PHXBNB","QTUMETH","LUNETH","RPXETH","AMBBTC","LOOMETH","AGIETH","HOTBTC","RENBTC","BATPAX","TUSDBNB","OSTBTC","WANBNB","THETABNB","PAXBTC","WINGSBTC","MTLETH","BCHSVPAX","CVCETH","GTOBTC","VIBBTC","BTTPAX","ARDRBNB","IOSTBNB","POLYBNB","CMTBTC","NCASHBNB","RCNBNB","MCOBNB","HSRBTC","INSETH","GRSETH","SNTETH","QTUMBNB","EVXETH","SNTBTC","SALTETH","KNCETH","MANAETH","BTSETH","GTOBNB","ETCUSDC","GXSETH","SUBETH","BQXETH","BATTUSD","MTHETH","GNTBNB","STEEMBNB","NEBLETH","TNBETH","EDOBTC","WTCBNB","LSKBNB","BLZETH","BCPTBNB","BTTTUSD","CMTBNB","CELRBTC","BCCETH","OMGBNB","PIVXBTC","USDSUSDC","WANETH","TUSDETH","DLTETH"]}