{"data":{"NXSBTC":1.7869774033,"LTCUSDC":43.7440764112,"LTCBTC":44.42775375,"ETHUSDC":17.3956868235,"LINKETH":14.2313414529,"XZCBTC":21.5318473012,"XRPETH":19.8401873554,"XEMBTC":28.9216824314,"AIONBTC":40.0687024574,"EOSUSDC":23.0581084713,"NEBLBTC":8.7735753678,"EOSTUSD":23.2381230863,"BLZBTC":26.409555174,"IOTABTC":13.7321061545,"TRXTUSD":16.0160764981,"RLCBTC":23.8152111094,"POABTC":2.059285647,"GVTBTC":2.9911934937,"ONGBTC":10.0901709945,"VETBNB":28.2467044273,"BNBUSDT":15.5817394052,"ETCBTC":18.5100577422,"NULSBTC":22.2913035972,"SKYBTC":18.7867266989,"LTCETH":44.8464364934,"XRPUSDT":17.9561671694,"VIBEBTC":8.3218220971,"MANABTC":-1.8751840091,"ETHBTC":17.0541614096,"BATETH":8.9885709145,"MTLBTC":43.90440139,"CMTBTC":51.7026964177,"ONTUSDT":29.1369466193,"TUSDUSDT":-0.6153001957,"DASHBTC":34.0674844119,"OAXBTC":-12.5367850145,"BNTBTC":7.5161105281,"STORJBTC":12.0417695667,"BQXBTC":21.4935757835,"FETBTC":-5.0258124264,"GASBTC":21.9001442352,"CELRUSDT":-15.0830038545,"ONTBNB":32.525586026,"GNTBTC":12.6605122191,"BNBPAX":16.0410721413,"ARNBTC":8.0687293064,"ELFBTC":22.1842183926,"USDSPAX":-0.6635378218,"BTTUSDT":2.0243759369,"FUELETH":-2.1865693345,"ETCUSDT":16.8323630156,"BATBTC":7.2536263863,"BNBBTC":16.1290795382,"ZECBTC":25.3249435794,"LTCBNB":46.0255480054,"ONGUSDT":8.7923841351,"ADABTC":30.362419095,"BATUSDT":7.3622003215,"IOTAETH":13.9417655602,"TRXETH":17.5931920348,"LTCTUSD":44.3318197436,"ETHTUSD":16.9115937212,"XRPBNB":20.4263113902,"NEOBNB":38.5871335261,"LTCPAX":44.099804133,"BTCTUSD":22.5524237512,"BTCUSDT":21.9799778802,"ARKBTC":5.7292129078,"PIVXBTC":9.7150696651,"BCHABCUSDC":73.2417318555,"ONTETH":30.7006953039,"WTCBTC":43.1502602728,"RVNBNB":-7.0438654629,"BCPTBTC":14.4660281958,"EVXBTC":14.2324081803,"FETUSDT":-5.4156990282,"ZECUSDT":25.2079835221,"VIABTC":16.1909164162,"VETUSDT":26.5885437614,"LINKUSDT":12.4419277112,"LRCBTC":32.0827226248,"ZILUSDT":22.8610518716,"ASTBTC":2.7488652938,"DGDBTC":0.9913609759,"NEOUSDT":37.7631343328,"BNBUSDC":17.2894207537,"HCBTC":17.7161264696,"APPCBTC":5.5628999493,"OMGBTC":21.3391043161,"IOSTETH":81.5940320596,"BCHSVTUSD":30.7739639886,"NEOBTC":38.4768164393,"POLYBTC":5.5761796249,"RCNBTC":16.8097164496,"XMRUSDT":25.3587896483,"NEOTUSD":38.3191711773,"BTGBTC":43.1780909633,"CELRBTC":-14.284296725,"DCRBTC":25.4037273253,"NULSUSDT":21.5481852667,"BCHABCUSDT":70.6866510341,"STRATBTC":19.7308620362,"KNCBTC":0.3867333583,"DLTBTC":3.8855644715,"ADAUSDT":29.2395484628,"ZILETH":25.0983895491,"ETHPAX":16.6904117264,"WABIBTC":-0.0407459104,"IOTAUSDT":12.609648869,"XRPPAX":16.281440201,"MDABTC":11.3405005021,"BCHSVUSDT":30.309539431,"LINKBTC":13.1768960356,"DASHUSDT":33.9197153575,"RVNBTC":-8.818734191,"POWRBTC":8.7858757067,"EDOBTC":1.5551122871,"LOOMBTC":9.7567989042,"NASBTC":30.199315247,"ENJBTC":-0.0146532267,"BTCUSDC":22.7999583188,"CVCBTC":12.3267449161,"BTTBNB":4.2769915049,"ZECETH":25.7167043412,"XRPBTC":19.4505714834,"XRPTUSD":18.7426151686,"DASHETH":33.9743374343,"GRSBTC":13.4558669295,"KMDBTC":10.8465797472,"ICXUSDT":27.3381474733,"BCDBTC":49.2135342591,"AMBBTC":4.2093082126,"ENJBNB":1.1262300278,"TRXXRP":17.5907608974,"XLMUSDT":17.065392538,"CELRBNB":-12.6812716472,"BRDBTC":10.8927960584,"EOSETH":23.5098580324,"THETABTC":11.304367507,"GTOBTC":6.8968105636,"ZRXBTC":15.6985519005,"XLMBTC":18.4493312241,"ADATUSD":29.3823038876,"NEOETH":38.8604635485,"INSBTC":5.2285321316,"OMGETH":22.1319859757,"GXSBTC":12.8917620968,"ADXBTC":10.8038400938,"ADAETH":30.92169104,"XMRBTC":26.434234372,"EOSBNB":24.5487252661,"VIBBTC":0.4848407571,"BTCUSDS":23.1107314444,"ARDRBTC":8.8911701933,"ICXBTC":28.4631746441,"QTUMBTC":24.5839409367,"AGIBTC":0.2292494689,"WAVESBTC":2.6066072608,"BATBNB":8.9802703236,"ADABNB":31.2107746792,"FETBNB":-3.7564232834,"NAVBTC":16.534654323,"EVXETH":13.9735436015,"BCHABCTUSD":72.7744478463,"TRXBNB":17.7582708844,"QTUMUSDT":23.9793059395,"BCHABCPAX":71.9894431486,"XRPUSDC":18.390237946,"ONTBTC":30.1574566436,"BNBTUSD":16.3518656299,"LTCUSDT":43.3010029212,"BNBETH":16.7043253476,"AEBTC":35.4269060877,"PAXUSDT":-0.6288826653,"BTCPAX":22.123707155,"ETHUSDT":16.1606569359,"MCOBTC":5.943070618,"STEEMBTC":14.9272972677,"XLMETH":19.2887678118,"SYSBTC":0.1982873333,"USDCPAX":-0.6628306494,"HOTUSDT":12.3768333304,"MTLETH":47.1868112402,"BCHABCBTC":71.6844347639,"RDNBTC":8.9051618118,"REPBTC":34.2932974095,"GOBTC":25.9638863914,"ENJETH":0.371628818,"BCHSVBTC":31.3152413391,"IOSTUSDT":77.4877819773,"ENGBTC":13.6606416741,"EOSUSDT":21.9846093035,"USDCTUSD":-0.1005850977,"EOSBTC":22.8801885706,"XLMBNB":19.7415975985,"TRXUSDT":15.1713640461,"USDCUSDT":-0.6732489734,"WAVESUSDT":2.0370462781,"NANOBTC":37.1874689409,"VETETH":27.3005961624,"LSKBTC":31.3676070057,"ICXETH":28.2174243369,"QLCBTC":-10.6467445012,"WANBTC":8.357782806,"ZRXUSDT":14.9192673936,"PPTBTC":9.7558248528,"LUNBTC":0.4434422985},"startDate":"2019-03-30","endDate":"2019-04-06","numDays":7,"excludedPairs":["XMRETH","QTUMETH","BTTPAX","RENBTC","GTOETH","HSRBTC","VIABNB","LENDETH","LINKUSDC","TUSDBTC","ELFETH","LSKETH","USDSTUSD","LOOMBNB","DATABTC","MANAETH","VIBETH","DNTETH","ENGETH","BTTUSDC","AGIETH","SALTBTC","AMBETH","BCHSVPAX","LUNETH","POAETH","BCCBTC","TRIGBNB","WANETH","POWRETH","CDTBTC","TNTBTC","PIVXETH","VIBEETH","TUSDETH","HSRETH","RPXBNB","MCOBNB","NXSBNB","APPCBNB","BLZETH","ZECPAX","SNTETH","WAVESUSDC","CHATETH","DENTETH","LSKBNB","BCCUSDT","NCASHBTC","MDAETH","WABIETH","ADXBNB","BCNBTC","AMBBNB","QLCETH","ZECBNB","STRATETH","TUSDBNB","NPXSETH","DLTETH","XLMTUSD","HOTBTC","KMDETH","TNTETH","AEETH","ZENETH","DATAETH","TRXUSDC","XVGETH","BCDETH","TRXBTC","TNBBTC","SCBTC","SNGLSBTC","POLYBNB","MITHBNB","NULSBNB","CLOAKBTC","CDTETH","FUNBTC","OSTBNB","CNDBNB","NCASHBNB","VENUSDT","USDCBTC","SNGLSETH","ICXBNB","RPXBTC","XEMETH","BTSBNB","RCNETH","ZILBNB","DLTBNB","PAXBNB","ICNBTC","MODETH","BCPTETH","XMRBNB","NANOUSDT","APPCETH","PHXBNB","PIVXBNB","GNTETH","ZENBNB","DOCKBTC","SYSETH","IOSTBNB","BTTTUSD","POWRBNB","GOBNB","POABNB","WANBNB","NEBLETH","GRSETH","POEBTC","WAVESTUSD","NASETH","SNMETH","YOYOBNB","IOSTBTC","QLCBNB","RLCETH","DNTBTC","IOTXBTC","BCCETH","BCNETH","SCBNB","USDCBNB","LENDBTC","HOTBNB","IOTABNB","NANOETH","NEOPAX","YOYOBTC","DASHBNB","KEYBTC","THETABNB","VETBTC","LOOMETH","CHATBTC","STORMETH","ARDRBNB","HCETH","ONGBNB","ARNETH","PAXBTC","BCNBNB","TRIGBTC","NXSETH","FUNETH","DENTBTC","AEBNB","USDSUSDC","XLMPAX","ZECUSDC","MTHBTC","MCOETH","GVTETH","NAVBNB","CVCETH","QSPBTC","XVGBTC","ADXETH","BRDBNB","WTCBNB","NCASHETH","SNTBTC","ARDRETH","THETAETH","DCRBNB","AGIBNB","TRIGETH","BQXETH","YOYOETH","REPBNB","ETCETH","LINKPAX","CLOAKETH","REQBTC","RDNBNB","CMTBNB","VENBTC","ZRXETH","AIONETH","BCPTBNB","CMTETH","INSETH","VENETH","NPXSBTC","USDSUSDT","KNCETH","BTTBTC","PHXBTC","WAVESETH","WABIBNB","KEYETH","LINKTUSD","ZENBTC","NASBNB","WAVESBNB","ADAUSDC","EDOETH","NANOBNB","IOTXETH","SUBETH","SYSBNB","EOSPAX","STEEMETH","RLCBNB","REQETH","PAXETH","XEMBNB","ZILBTC","STEEMBNB","NULSETH","BTSBTC","HOTETH","DGDETH","RDNETH","BNBUSDS","WINGSETH","NAVETH","XLMUSDC","STORJETH","SNMBTC","WPRETH","MFTBNB","QTUMBNB","ADAPAX","POEETH","OSTBTC","PPTETH","OMGUSDT","SKYBNB","SUBBTC","CNDBTC","WPRBTC","BRDETH","MTHETH","QSPETH","ETCBNB","PHXETH","GTOBNB","ASTETH","BCHSVUSDC","REPETH","BCCBNB","WINGSBTC","VENBNB","XZCETH","CNDETH","LRCETH","BTGETH","MFTBTC","RCNBNB","XZCXRP","BLZBNB","DOCKETH","QKCETH","GXSETH","TNBETH","SKYETH","BTSETH","BNTETH","ZRXBNB","VIAETH","ICNETH","XZCBNB","OAXETH","MODBTC","WAVESPAX","NEOUSDC","QKCBTC","AIONBNB","OSTETH","MITHBTC","PAXTUSD","FUELBTC","TRXPAX","RPXETH","STORMBNB","SALTETH","WTCETH","ZECTUSD","ARKETH","RENBNB","STORMBTC","MFTETH","CVCBNB","NEBLBNB","OMGBNB","SCETH","QSPBNB","GNTBNB"]}