{"data":{"TUSDBTC":37.256225863,"PAXTUSD":-17.8234729498,"REPETH":-90.2359540787,"AEBTC":278.7505974136,"ADXETH":156.8802365966,"BTCUSDC":24.4631598164,"PAXUSDT":12.7444268907,"NPXSETH":-49.2667096007,"STEEMBTC":-17.4569811034,"BQXBTC":1.9657345801,"XRPPAX":36.3258943138,"ARNETH":-29.1129604081,"LTCBNB":257.2821606672,"BTTUSDT":188.4869088414,"ICXUSDT":164.4672884976,"LTCETH":261.0381900906,"LTCBTC":230.4748608354,"TUSDETH":190.7066940374,"XLMETH":23.1438330394,"IOTAETH":41.5813138259,"OAXBTC":-63.8307262083,"XRPBTC":30.149568372,"TUSDUSDT":22.4669207049,"SKYBTC":-33.3113430285,"EDOBTC":-34.6236565517,"ZENBTC":42.1991869012,"MTLBTC":-62.1880621092,"ELFBTC":38.8020896455,"LTCUSDT":325.5508301615,"INSBTC":82.3427566681,"ZECBTC":106.5525788869,"TRXETH":38.0142765783,"NANOETH":-51.1249838711,"ADAUSDT":103.3565113404,"BTCUSDT":34.3972168743,"USDCUSDT":12.7243005636,"ETCBTC":107.1011846995,"KMDBTC":-29.3607522881,"NULSUSDT":230.7409428472,"BNBPAX":-15.9992255528,"BNBUSDT":119.4958126473,"ETCUSDT":108.0950175773,"ARNBTC":-33.1479994753,"BATBTC":264.4847612382,"BCHABCTUSD":-66.5870351408,"LUNBTC":-73.8001256312,"ZRXETH":5.683634264,"ONTBTC":254.2659813087,"ZILETH":20.1500511026,"XLMTUSD":47.65026526,"THETABTC":186.3737078217,"KNCBTC":131.1275230029,"AIONBTC":8.1147977998,"STRATBTC":-73.7915514375,"XLMUSDC":271.6977716989,"AMBBTC":216.594668999,"RLCBTC":312.1920611872,"XRPBNB":29.864231679,"MFTETH":-68.4244126437,"GTOETH":52.1769755421,"ETHUSDT":72.4954419092,"NEOETH":-48.0351907462,"BCHSVTUSD":57.710326891,"BTGBTC":62.5465142615,"LTCUSDC":682.2552615152,"ZECETH":88.5165576808,"LINKTUSD":-1.7625406702,"NEOBTC":-1.4112318968,"BNBBTC":78.9269732353,"EOSPAX":-2.7336262737,"TRXTUSD":78.6599585343,"USDCTUSD":47.9955795945,"OMGETH":-20.3949803749,"NEOTUSD":19.9194554339,"EOSUSDT":150.5895507713,"DLTETH":-86.8528245788,"WTCBTC":212.8777500222,"THETAETH":343.2931656766,"USDCPAX":8.2827281961,"ZRXBTC":68.7897619448,"REPBTC":-61.5217976642,"BCHABCBTC":-19.1598900644,"XLMBTC":40.1582189443,"GASBTC":-54.3610611526,"GRSBTC":-32.4543175984,"RDNBTC":-78.7619373055,"WANBTC":120.2217859106,"ADABNB":135.213437964,"TRXXRP":51.5381773672,"ICXBTC":88.7782072449,"BNBETH":54.3541130591,"XZCBTC":30.4678056569,"WAVESETH":23.0305678353,"GRSETH":-16.9916500199,"LSKBTC":88.4278052441,"NEOUSDT":20.6790653054,"NAVBTC":36.7678161748,"CLOAKBTC":117.8274116367,"WAVESUSDT":75.3311448428,"SALTBTC":-23.4277350411,"GVTBTC":99.3802922894,"TRXUSDT":42.8486463932,"BATBNB":260.3007271045,"DCRBTC":30.2197891067,"BCHSVBTC":4.5876799975,"BTTBNB":118.8973771105,"EOSTUSD":23.049940562,"XRPUSDT":33.5904746763,"WABIBTC":1751.8173445172,"BTCPAX":28.7001144028,"XMRETH":-9.7958328372,"XLMUSDT":102.368729057,"DLTBTC":-88.4488500254,"POLYBTC":-22.4778699773,"HCBTC":818.6819476749,"OMGBTC":40.9754957887,"BATETH":296.2154882389,"BNBUSDC":213.3858179094,"MDABTC":-84.1392604541,"EOSBTC":213.1855548155,"LOOMBTC":88.2766328757,"WAVESTUSD":-43.8943936503,"PIVXBTC":9.8490403148,"PPTBTC":204.2502467421,"LINKUSDT":124.6324689585,"QTUMBTC":-45.7385348114,"IOTAUSDT":-16.666184672,"LINKBTC":55.2055819256,"LRCBTC":-16.8239131359,"ADAETH":-17.2797265332,"QKCETH":158.5349735264,"ARKBTC":1720.2874379826,"VETETH":42.8607205413,"DASHBTC":115.3320364351,"GNTBTC":19.5814595332,"ADATUSD":-47.9406956746,"LTCTUSD":203.1585118516,"BRDBTC":1.1951197321,"ETCETH":163.4234016579,"EOSBNB":236.5888183555,"VIABTC":-32.5031873226,"LINKETH":57.1226370162,"ENGBTC":1327.7475892766,"STORJBTC":221.6250560083,"XRPTUSD":-2.0427743976,"NXSBTC":215.7918901978,"EOSUSDC":-37.5564436521,"BNTBTC":158.8603189245,"BCHSVUSDT":60.8178912756,"ETHUSDC":12.8952406565,"WAVESBTC":175.4891247375,"ADXBTC":421.1561496837,"TUSDBNB":-66.5087521154,"BCHABCUSDT":-14.21261858,"HOTETH":-46.9217511715,"ONTUSDT":229.4034246285,"MODBTC":80.5684438628,"BCDBTC":218.5744839684,"WINGSBTC":-27.4171422873,"DGDBTC":175.5425397457,"QTUMUSDT":14.4475960245,"XRPETH":302.1948700742,"NANOBTC":-47.0424535652,"ETHBTC":49.0918762022,"NULSBTC":896.3265598666,"EOSETH":166.5726980381,"EVXBTC":-57.0867368348,"XLMPAX":-13.930724815,"MCOBTC":336.2698200164,"ICXETH":126.086905698,"POWRBTC":-68.4356216887,"XRPUSDC":-56.9678602319,"TRXBNB":44.670999934,"XMRBTC":-16.6344725236,"IOTABTC":22.4056749549,"XEMBTC":-22.4115206765,"EVXETH":-33.2392973089,"NASBTC":426.349171031,"NEBLBTC":1235.7326559703,"ETHPAX":-27.3350953668,"VETUSDT":90.1557699065,"XLMBNB":14.8524473356},"startDate":"2019-02-03","endDate":"2019-02-10","numDays":7,"excludedPairs":["NEBLETH","CHATETH","POEBTC","FUELETH","DATAETH","SCBTC","TNTBTC","BRDETH","ELFETH","VENBTC","CDTETH","AIONETH","BNBUSDS","WABIETH","GOBNB","BCCETH","ZILBTC","PHXETH","SNMETH","OSTBNB","MFTBNB","CNDBTC","HSRETH","BNTETH","EDOETH","YOYOETH","TNTETH","ARDRBTC","MANABTC","ONTBNB","RENBNB","BCPTBNB","NAVETH","KMDETH","MITHBNB","PAXETH","NXSETH","BCNBTC","QTUMBNB","WPRBTC","GTOBTC","VENETH","BTTBTC","ICNBTC","NCASHBTC","CLOAKETH","POWRBNB","XVGETH","WAVESPAX","THETABNB","RDNETH","REQBTC","BTSBTC","SNGLSBTC","BLZBNB","NCASHBNB","PHXBNB","RPXETH","SUBBTC","BCPTBTC","USDCBNB","RCNBNB","TNBETH","CMTBNB","RVNBNB","MANAETH","STEEMETH","BRDBNB","VETBNB","SNTBTC","STORMBTC","RCNBTC","BLZBTC","CMTBTC","AEETH","TRXBTC","BCHABCPAX","BCCUSDT","STORMBNB","ARKETH","XZCBNB","MCOBNB","GXSETH","SCBNB","PIVXETH","BQXETH","AGIBNB","AGIETH","INSETH","CVCBTC","NULSETH","BTSBNB","BTGETH","TRXUSDC","HCETH","WABIBNB","QSPBNB","TRXPAX","POLYBNB","QSPETH","SKYETH","BCHSVPAX","GVTETH","ENJBTC","POEETH","MTLETH","RPXBTC","ENGETH","CMTETH","XVGBTC","HSRBTC","LENDBTC","GTOBNB","NEOBNB","DOCKETH","NASBNB","PAXBNB","RVNBTC","LOOMBNB","SKYBNB","DCRBNB","POAETH","STORMETH","ADXBNB","BCPTETH","LINKUSDC","DLTBNB","VENUSDT","STORJETH","IOTXBTC","ASTETH","DASHETH","XEMETH","LRCETH","AMBBNB","QLCBNB","NXSBNB","TNBBTC","ETCBNB","VETBTC","MTHBTC","LOOMETH","ZENBNB","GXSBTC","POWRETH","CVCETH","AIONBNB","ICNETH","QLCETH","STEEMBNB","FUNETH","BCNETH","QLCBTC","XZCXRP","MTHETH","TRIGBNB","MODETH","NCASHETH","SNGLSETH","NPXSBTC","BCCBNB","IOTXETH","GNTETH","NEBLBNB","WAVESBNB","BTSETH","XZCETH","APPCBNB","ONTETH","BCCBTC","SYSBNB","RPXBNB","NANOBNB","APPCBTC","GOBTC","KNCETH","QSPBTC","VIABNB","VIAETH","ADABTC","APPCETH","SCETH","WTCBNB","YOYOBTC","DATABTC","LINKPAX","WPRETH","WTCETH","ARDRBNB","VENBNB","LENDETH","REQETH","IOSTETH","WANBNB","VIBEBTC","LSKBNB","AMBETH","RLCBNB","STRATETH","BCHABCUSDC","YOYOBNB","IOSTBTC","FUELBTC","USDCBTC","POABTC","NASETH","CHATBTC","HOTBTC","XEMBNB","POABNB","QKCBTC","MDAETH","ICXBNB","KEYETH","ZENETH","ZILBNB","LTCPAX","BCHSVUSDC","DNTETH","RENBTC","SNMBTC","VIBETH","OSTETH","DENTETH","TRIGBTC","VIBEETH","MITHBTC","SALTETH","CNDETH","BTCUSDS","OAXETH","DGDETH","PPTETH","SUBETH","SYSBTC","BCNBNB","ENJETH","TRIGETH","RCNETH","BLZETH","PAXBTC","VIBBTC","DOCKBTC","ASTBTC","CVCBNB","NULSBNB","WAVESUSDC","SNTETH","IOTABNB","CDTBTC","MCOETH","PIVXBNB","ENJBNB","SYSETH","WINGSETH","LUNETH","NAVBNB","LSKETH","CNDBNB","AGIBTC","PHXBTC","BCDETH","RDNBNB","RLCETH","GNTBNB","AEBNB","REPBNB","WANETH","DNTBTC","DENTBTC","KEYBTC","MFTBTC","QTUMETH","FUNBTC","ARDRETH","OSTBTC"]}