{"data":{"MTHETH":2506.4596054307,"EVXBTC":175.9382585776,"GVTBTC":-58.4810299936,"NEBLBTC":4.9664910253,"ENGBTC":27.0341273749,"BATBNB":-17.3234289688,"LINKETH":-60.4090942096,"WAVESETH":-36.7722614419,"VETETH":-35.4025212119,"RENBNB":-19.3117834895,"DASHETH":-56.6684376352,"ZILUSDT":-0.2884499223,"BTCUSDS":-41.867236163,"COSBNB":4.4697041845,"DCRBTC":-17.2286852482,"OMGETH":79.1697430454,"XRPUSDC":-67.7482665207,"CVCETH":205.5074289509,"ZILETH":37.1947166837,"NULSUSDT":151.8780777021,"COSUSDT":-77.7684827082,"KNCBTC":-24.3066264842,"RENBTC":-16.5735691559,"NANOBTC":-46.4720421281,"LTCUSDC":-54.2169150624,"LINKTUSD":-45.9782403403,"NCASHETH":76.4673433964,"NEOBTC":-53.6244751286,"REPBTC":-44.2681328446,"XRPUSDT":-59.7317704832,"WTCBTC":5.8009845403,"LTCTUSD":-63.4800145926,"ETCETH":78.316041296,"ICXETH":74.3567368678,"CELRUSDT":-54.1750708797,"RLCBTC":-50.5743139097,"ENJBTC":10.9163636256,"WANETH":1555.1289787084,"FTMUSDT":-54.304423061,"ZRXUSDT":3.2338177774,"BTTUSDT":-4.9167961421,"WANBNB":2107.1451086009,"XMRETH":-52.4523565172,"STORJBTC":72.0000369044,"BTCUSDC":-49.449725523,"DUSKBNB":-49.8612825022,"USDCUSDT":17.5330308263,"NAVBTC":-71.4714353438,"BCHABCBTC":-79.2532024859,"BNBBTC":13.2771745305,"ONEUSDT":-67.5691355896,"TUSDUSDT":-6.1895711836,"ADAETH":-57.3155141025,"ANKRUSDT":-68.3422978454,"DUSKBTC":-78.63674943,"ADABNB":9.9737710668,"XMRUSDT":-32.3822913706,"STEEMBTC":-45.4462221589,"AEBTC":-5.1198608691,"ZECUSDT":-41.8108940629,"ONTBTC":48.2698026825,"EOSPAX":-88.6648082041,"BCDBTC":-80.5662392409,"EOSUSDC":-77.790129865,"MTLETH":30.0332666838,"HOTBNB":-32.028130604,"BCHABCUSDC":-93.0047418631,"THETABTC":66.3910764508,"DUSKUSDT":-80.3157927434,"EVXETH":241.2414097244,"ETCUSDT":138.2405631557,"LTCETH":-47.7412709879,"LINKBTC":-73.4775502006,"GASBTC":-17.943441068,"NEOUSDT":-65.526591262,"THETAETH":-29.4180422989,"FETUSDT":76.4897626209,"CELRBNB":-84.6196896279,"BTCPAX":-29.4555235035,"WINUSDT":-62.8282026263,"XLMETH":-57.4018436955,"BCHABCTUSD":81.8145202917,"INSETH":59.0243607468,"LINKPAX":-80.694062089,"ICXUSDT":24.9912438371,"ZECBTC":-48.3233080006,"KNCETH":27.5925698115,"LINKUSDC":-69.1580532261,"AIONETH":-83.5221574914,"BTCUSDT":-22.3837092309,"BNBPAX":-7.012041392,"IOTAUSDT":-49.2796786688,"ATOMBTC":-63.1903832209,"BNBUSDT":52.583893926,"PAXTUSD":1.0861204147,"LTCBTC":-67.4617289899,"STRATBTC":-45.9455832819,"EDOBTC":183.5094557324,"XRPBNB":-11.2983887929,"NANOUSDT":-62.1177000586,"USDCPAX":-51.2619434793,"ALGOUSDT":-77.3322507375,"ETHUSDC":-53.1457068044,"XRPETH":-72.5856222904,"ENJUSDT":33.5887375226,"EOSBNB":-12.3670239726,"VETUSDT":-55.2254933553,"WAVESUSDT":-42.3710789571,"ENJETH":-61.8920865657,"BATBTC":-52.0211865756,"TRXUSDT":-36.291431826,"BNBUSDC":-18.672655089,"ZRXETH":-9.4568679702,"NPXSUSDT":-40.0953877334,"BNBETH":150.529684999,"ARNBTC":24.7476473083,"ADAUSDC":-60.0427863243,"ONEBNB":-91.0137825751,"BATUSDT":-58.1381475596,"ETHUSDT":-26.747347105,"LTCPAX":191.9248718043,"ETCBNB":98.1089801949,"TFUELUSDT":107.150518779,"LTCUSDT":-46.002419818,"BTCTUSD":-59.0656352233,"ATOMUSDT":-71.4125473894,"XRPTUSD":-92.9388356634,"LTCBNB":35.5926628449,"BRDBTC":6.0537650608,"IOTAETH":-27.4140418375,"MCOBTC":16.9630074675,"NXSBTC":-17.1419170507,"TRXXRP":-71.264872743,"EOSBTC":-76.1170073856,"ETHBTC":-34.2467261214,"IOTABTC":-53.9619228906,"TRXUSDC":-45.5387142964,"NEOBNB":25.3347372657,"ETHPAX":-83.392404054,"ONTUSDT":9.551816113,"VIABTC":-18.5295115038,"ZENBTC":-25.8146616133,"NASBTC":114.6394840657,"MATICUSDT":-78.4367708761,"XRPBTC":-71.0458072025,"WINUSDC":-89.0113319397,"LSKBTC":-20.8010391763,"ICXBNB":67.9123430231,"WANBTC":8268.3349976124,"BCHABCPAX":83.7668088264,"ENJBNB":111.9810393028,"DASHBTC":-65.384893829,"PPTBTC":-37.0680151669,"LINKUSDT":-68.1269766154,"ONGBTC":-45.9137903905,"KMDBTC":-8.8186896593,"EOSETH":-75.1284868622,"BTTBNB":-16.103584767,"THETAUSDT":-41.1462240838,"DASHUSDT":-59.8241888747,"ERDBNB":-20.3557911925,"IOSTUSDT":93.5062409499,"HOTUSDT":-45.8270634849,"ADXBTC":76.216309528,"ALGOBNB":-49.3603746324,"ONTETH":-13.3638801195,"GXSBTC":-30.1378227171,"ALGOBTC":-74.6751591668,"ZRXBTC":32.2711407631,"QTUMUSDT":-63.3788546257,"MITHUSDT":57.3037957616,"ERDUSDT":-54.2578653236,"DGDBTC":132.9856095767,"WAVESBTC":-22.8530762283,"TRXETH":-54.2149602456,"TRXBNB":-44.1264705642,"ETHTUSD":-43.2219092633,"QTUMBTC":-63.9087081643,"HCBTC":-6.0860850954,"USDCTUSD":-54.6563874546,"EOSUSDT":-64.0120642137,"NEOETH":-53.523153835,"LUNBTC":-21.9787849295,"DOGEUSDT":-26.1455842719,"BTGBTC":-77.0705262481,"ONGUSDT":-39.7059798965,"XRPPAX":-93.088346932,"XMRBTC":36.6676258001,"RVNBNB":149.724331952,"WABIBTC":572.5735550082,"XZCBTC":-38.7410318801,"SKYBTC":22.1354368119,"IOTABNB":160.7787746821,"GRSBTC":-25.6632665205,"BATETH":-41.2271260536,"RDNBTC":-75.3629601289,"AIONBTC":-4.6780758154,"INSBTC":16.1161475032,"MDABTC":283.1692462085,"ETCBTC":184.8170709506,"NULSBTC":135.7339538864,"ICXBTC":86.9106491416,"ARKBTC":-30.6517793604,"XLMUSDT":-66.0956239437,"OMGBTC":-17.9803152097,"PAXUSDT":-6.2691976568,"BCHABCUSDT":-59.1415652922,"OMGUSDT":-69.7643123511,"ADAUSDT":-26.4199185165,"BNBTUSD":-53.1199840575,"MATICBNB":-61.6660517755,"PIVXBTC":-35.6461290763,"MTLBTC":-48.5398872051,"FUNETH":120.1580904889,"XMRBNB":234.5188382771},"startDate":"2019-08-15","endDate":"2019-08-26","numDays":7,