{"data":{"DLTBTC":8.204077254,"PIVXBTC":7.0568559069,"ADABTC":3.8510437706,"BNBTUSD":1.8653973743,"IOSTETH":0.2509642421,"MTLBTC":13.8807186686,"LINKETH":38.5212888037,"LTCPAX":13.3105216405,"RLCBTC":-0.7217373312,"ETHTUSD":3.7779323206,"GNTBTC":9.8292988533,"BCHABCUSDC":1.9576256617,"APPCBTC":2.2778690673,"BATETH":-5.7508296142,"NEOUSDT":8.3531754735,"ICXUSDT":-2.9379050815,"ATOMBNB":-4.4364245615,"BNBUSDT":1.9197632364,"LUNBTC":2.1466322397,"CELRBNB":-6.9587564731,"LTCBTC":12.6416338806,"BATBTC":-6.0928053476,"RDNBTC":-0.2670783797,"ZILUSDT":-8.638035038,"NULSUSDT":29.1575922079,"ONEBNB":-19.6731875277,"TRXUSDT":-4.9998317243,"XRPETH":-5.6427170461,"BNBETH":2.1317449365,"LSKBTC":-3.5232479456,"LINKTUSD":38.8884070346,"GXSBTC":49.2362989717,"BNTBTC":2.9400093175,"EVXETH":10.4633130858,"GVTBTC":-5.4126221764,"ONTUSDT":5.8644417226,"FETUSDT":-3.6829992057,"BTCUSDT":5.7497263795,"ZILETH":-8.08759485,"RVNBNB":-5.012258519,"ICXBTC":-2.7239358881,"ADABNB":3.2379247746,"ADAETH":4.3194389727,"MCOBTC":3.8510220075,"LTCUSDC":12.1179725138,"ZILBNB":-10.9136417791,"ZECUSDT":10.0560704708,"OMGBTC":4.9089904951,"ZECBTC":10.9076202745,"PAXUSDT":-0.0205293565,"NANOUSDT":1.2799479832,"INSBTC":4.5475183305,"XRPBTC":-6.0720623302,"XRPUSDT":-5.9372720303,"BCHABCBTC":2.9926795695,"XMRBTC":2.2003810593,"QKCETH":-10.2626389894,"EOSBTC":-1.2897889426,"NASETH":41.5251044921,"TRXXRP":-4.8518900918,"WANBTC":-0.1659666957,"MITHBNB":37.4785444283,"TRXTUSD":-6.2595155823,"WABIBTC":-3.4051837822,"PAXTUSD":0.0796207069,"IOSTUSDT":-0.1988764703,"XZCETH":29.5134130033,"ONGBTC":-0.5382808023,"WAVESUSDT":-0.076243115,"FETBTC":-4.259836956,"SKYBTC":-8.3376209956,"MFTETH":-18.2575342389,"NXSBTC":-2.6568743248,"ATOMBTC":-2.945459125,"POWRBTC":-1.577877207,"EOSETH":-0.5629907388,"HCBTC":24.3736972905,"THETAETH":-3.7198778037,"LTCUSDT":12.4567241489,"ETHBTC":3.1790100118,"BCHABCUSDT":2.7530832198,"EOSTUSD":-2.0819874893,"USDCPAX":-0.0401686052,"AIONBTC":-10.5142537439,"STORJBTC":6.8599146755,"LTCBNB":11.7344964481,"GXSETH":48.4712546096,"ZENBTC":2.7122118799,"TRXETH":-5.1990040632,"THETABTC":-3.7633019241,"NEBLBTC":-2.6199232955,"ADAUSDC":4.5809220057,"EOSUSDC":-1.4297031058,"QTUMBTC":9.6929323437,"OAXBTC":7.5338804273,"ONTBTC":5.6984182663,"STEEMBTC":9.2665524243,"XRPPAX":-6.5022335235,"BTCUSDS":5.8469426249,"NASBTC":41.1932689421,"BRDBTC":5.8770806238,"KNCBTC":0.1898026125,"ENJUSDT":-4.9838917511,"CELRUSDT":-6.8553577729,"NULSBTC":27.7876426678,"STRATBTC":1.1708762228,"XZCBTC":29.1891270893,"ELFBTC":5.8621288151,"LOOMBTC":2.034760148,"IOTABTC":-3.1823260328,"VIABTC":6.5401606429,"EVXBTC":8.9214733503,"VETETH":-4.6823817472,"REPBTC":1.1480250612,"BNBBTC":2.6490812387,"MATICUSDT":-10.9758979458,"GASBTC":0.054618658,"NEOBTC":7.8333009859,"ETHPAX":3.5713491351,"BTGBTC":0.5940927958,"USDCTUSD":0.071567932,"ADAUSDT":3.6582149928,"KMDBTC":4.0638310523,"QTUMUSDT":9.1316195143,"THETAUSDT":-4.347106462,"HOTUSDT":-8.3540029598,"ICXETH":-1.8957496275,"TRXUSDC":-4.7551486838,"ADATUSD":3.8806146484,"ETHUSDC":3.6876233681,"USDSUSDC":-0.1380170204,"EOSPAX":-2.1830810944,"XRPTUSD":-6.0593071886,"BCHABCTUSD":2.5076276798,"ADXBTC":4.6337947766,"BQXBTC":0.4803879417,"GRSBTC":2.6908864946,"BCDBTC":0.4636092707,"ARNBTC":-0.2381323493,"BTCPAX":5.3375568852,"FETBNB":-5.7793110268,"OMGUSDT":4.2603340892,"TUSDUSDT":-0.0795264912,"EOSBNB":-2.2362444215,"WAVESTUSD":-0.2630905918,"NEOBNB":5.9850320766,"ETCBTC":4.6030570398,"ZRXUSDT":-0.2873996762,"BTCUSDC":5.5276513148,"BTTUSDT":-3.9998483182,"ONEUSDT":-18.5607731977,"TRXBNB":-6.07366687,"LTCTUSD":11.4152684479,"IOTABNB":-4.0059285346,"LINKUSDC":35.6822197857,"XRPBNB":-6.9580142241,"MATICBNB":-11.9918033151,"EDOBTC":25.8076609369,"ZRXBTC":-1.1607209516,"BTCTUSD":5.8110332378,"WAVESBTC":1.2676573505,"XMRUSDT":1.7150998445,"NEOETH":8.5281131784,"ZECTUSD":10.6005298829,"XZCBNB":26.9687959908,"BTTBNB":-5.6627471905,"LINKUSDT":37.7753285851,"MDABTC":0.9570160027,"LOOMETH":2.0562256789,"BCHABCPAX":2.4759433568,"ENJBTC":-5.5776713338,"HCETH":24.809656817,"VETBNB":-4.9218167091,"DASHBTC":3.5532984674,"DGDBTC":-2.2859284704,"HOTBNB":-10.1727990903,"NANOBTC":1.7950254595,"ETCUSDT":3.9872766224,"WAVESETH":2.5911941781,"LTCETH":13.7218455424,"NEOTUSD":9.3508833538,"POLYBTC":1.4218569342,"ONTBNB":4.4256542518,"ETHUSDT":3.6198348253,"TFUELUSDT":-13.5522876386,"BATUSDT":-6.7487122615,"ONGUSDT":-2.4374371188,"ZECETH":9.708221055,"PPTBTC":6.7452780608,"ARKBTC":5.8008155349,"USDCUSDT":-0.0022844116,"WTCBTC":-6.7152128108,"NAVBTC":18.8027456511,"BNBPAX":0.8236964939,"IOTAUSDT":-3.2618085807,"MITHUSDT":41.2607940577,"DASHUSDT":2.660183292,"ATOMUSDT":-3.2329194162,"EOSUSDT":-1.1147702632,"ENGBTC":1.4612662548,"VETUSDT":-4.3786370035,"LINKBTC":38.1397773742,"DCRBTC":-1.6554880873,"XLMUSDT":-3.491011496,"BNBUSDC":1.061805702,"AEBTC":4.0659114572,"XRPUSDC":-5.5795656262},"startDate":"2019-06-08","endDate":"2019-06-15","numDays":7,