{"data":{"ZRXUSDT":-69.9617737166,"KNCETH":-50.5319924423,"THETAETH":-72.3881205113,"RDNBTC":-52.8430289158,"IOSTUSDT":-49.2842082708,"LTCTUSD":-63.7048756647,"LINKETH":-64.5093787665,"EOSTUSD":-83.330947731,"STORJBTC":-32.7177615818,"ICXUSDT":-57.4677993994,"LINKBTC":-20.3516558893,"ZILUSDT":-53.7725859562,"ETHUSDC":-66.3725235516,"PAXTUSD":-70.7187376264,"IOTAUSDT":-49.8808108646,"IOTABTC":-28.8968464324,"ONEBNB":-50.4141340563,"LTCBTC":-49.8517407007,"NEOBTC":-20.7526536278,"NANOBTC":-3.0566345984,"ONTUSDT":-64.8848900811,"ZILETH":-47.4366142725,"ICXBTC":-49.9868188808,"QTUMUSDT":-32.8622789438,"BATETH":-80.0346392921,"ADAETH":-69.8517152563,"BATBTC":-60.5657232408,"OMGBTC":-8.9962499526,"BTCUSDT":-60.2827032694,"ZECUSDT":-80.5988565626,"NANOBNB":97.3513536241,"TUSDUSDT":-64.4526538694,"NEOETH":-55.6010477289,"PIVXBTC":-28.5699853574,"NANOUSDT":-0.0787258385,"ATOMBTC":-67.8342361009,"DASHUSDT":-78.9312117326,"ZECBTC":-59.0390923036,"ETHTUSD":-77.9963888396,"THETAUSDT":-43.7322426494,"BCHABCTUSD":-84.9661008879,"EVXBTC":98.2759936367,"DGDBTC":-86.5245075342,"ONGBTC":-25.4861104164,"BRDBNB":-66.3966129939,"DASHBTC":-78.6717859932,"XLMBNB":-25.0378558202,"EOSUSDC":-76.2604482439,"EDOBTC":-90.9238536087,"USDCPAX":-66.4508956526,"USDSPAX":-76.058348836,"DOGEUSDT":-68.2492991083,"WAVESUSDT":-76.8956232121,"BNBUSDC":-34.0236020995,"PAXUSDT":-69.0323398317,"ETHBTC":-48.9733138059,"TRXUSDT":172.1475047516,"ARNBTC":21.9196126814,"BCHABCBTC":-72.6761307766,"VETBNB":-45.3612843178,"BNBUSDT":-39.4934419606,"GRSBTC":77.8416031343,"ADAUSDT":-54.4674599388,"ADATUSD":-89.3173252159,"HOTBNB":-65.7930523423,"IOTABNB":-44.3288944004,"ONTBTC":-62.4891960112,"FETBTC":10.049055904,"RENBTC":662.9897330786,"WABIBTC":290.9393661321,"XLMETH":-58.0570545009,"ADABNB":-62.5501277477,"XLMUSDC":-21.3277979946,"MDABTC":205.7881727493,"ALGOBNB":-80.5955684934,"CELRUSDT":-35.8921580135,"WANBTC":45.7095516315,"BNBBTC":-45.2470136992,"BNBETH":-75.7435814048,"FTMBNB":28.2847470387,"VETUSDT":-44.1522263695,"NEOTUSD":-46.1059877934,"HCBTC":-59.0269483737,"KMDBTC":-8.2614439786,"XMRBTC":-33.3393952115,"NANOETH":17.033075756,"BTTUSDT":-29.4837679563,"TRXETH":185.8738921467,"BATUSDT":-45.3287461149,"NEOUSDC":-48.1981610856,"LINKTUSD":-64.7079646757,"USDCUSDT":-65.9003177685,"LINKUSDT":-46.7765637889,"WAVESETH":-70.3704871895,"BCHABCPAX":-88.5095617332,"GASBTC":-30.5018868933,"STRATBTC":-63.6589660121,"XRPUSDT":-67.1017295866,"INSBTC":-24.6433586499,"XRPPAX":-97.4398674094,"NEOBNB":10.1460642553,"NASBTC":-67.5923233677,"OMGETH":-61.3558723347,"BCHABCUSDT":-77.0488056229,"MTLBTC":-25.1543736151,"USDSUSDT":-87.6651004254,"RENBNB":880.6270646864,"TRXXRP":156.9390758762,"VETETH":-69.0730608078,"ETCETH":-18.5089072788,"BTCPAX":-69.8276974698,"EOSPAX":-93.2820548813,"SKYBNB":-62.5345696463,"ALGOUSDT":-60.0724714481,"LTCUSDT":-47.7415116831,"ENGBTC":-29.2398602303,"FETUSDT":-2.0677903269,"GVTBTC":-60.4372035887,"LTCPAX":-88.6998431123,"BTCUSDS":-70.3495258582,"DASHBNB":-96.731382322,"ENJETH":-82.084636263,"XMRBNB":7.9800321036,"ADAUSDC":-82.8754226327,"BNBPAX":-62.8741935338,"ETCBTC":-59.5089763487,"ETHPAX":-59.5019071504,"BCHABCUSDC":-80.3147891444,"EOSBNB":-48.6075374875,"LINKUSDC":-71.6954260092,"XZCBTC":3.6976173854,"NULSUSDT":-72.3446038472,"LTCUSDC":-56.3685025997,"ZECETH":-65.7861037919,"LINKPAX":-79.1752226027,"ALGOBTC":-63.4238822947,"XRPETH":-63.2030150826,"XMRETH":-57.271400545,"BRDBTC":-36.8056519153,"TRXPAX":19.8374428899,"EOSBTC":-56.4224554562,"TRXBNB":195.1091007593,"IOTAETH":-63.7776007803,"XRPUSDC":-74.3627974015,"ENJUSDT":-83.3228927859,"NXSBTC":-64.1626027709,"THETABTC":-72.1832375381,"TRXTUSD":132.2235512987,"REPBTC":-83.5667106174,"XRPBNB":-63.5369635584,"BNBTUSD":-76.9865410724,"XRPTUSD":-79.9082299706,"XLMUSDT":-46.656923019,"BCDBTC":-61.1783588211,"DASHETH":-83.2624670635,"MCOETH":27.7382691915,"USDCTUSD":-55.8771610093,"ATOMUSDT":-74.0481636265,"ONEUSDT":-44.0287901981,"LTCBNB":-59.7657578958,"ZENBTC":-37.0829972709,"MATICUSDT":-58.7005984314,"BTCTUSD":-73.7578141707,"TFUELUSDT":-34.864831018,"ARKBTC":1700.0236839395,"LSKBTC":17.7482559604,"LTCETH":-63.3928717514,"MATICBNB":-30.2836136027,"SKYBTC":423.5877626333,"PPTBTC":-47.7184916825,"ERDBNB":-55.317282636,"BTCUSDC":-73.5593240533,"WTCBTC":51.4837463266,"LUNBTC":87.3197305916,"ICXETH":-57.1823258393,"ONTETH":-79.187874503,"RVNBNB":-47.7229450534,"ATOMBNB":-85.9917131006,"EOSETH":-72.8418865189,"ERDUSDT":-64.2158482815,"MCOBTC":106.4083567754,"BTTBNB":-32.0034755597,"ELFBTC":-36.746647515,"BQXBTC":-41.0616220679,"DCRBTC":-56.6758075942,"QTUMBTC":-42.9328379823,"XMRUSDT":-68.9251003093,"ETHUSDT":-60.2741445616,"HOTUSDT":-38.9586864666,"EOSUSDT":-69.0923956876,"DOGEBNB":-83.031797251,"BTGBTC":-16.382407598,"NULSBTC":-46.4274358856,"STEEMBTC":-33.0552771117,"TRXUSDC":201.3072536485,"MITHUSDT":-7.4544992224,"XRPBTC":-64.7283263341,"NEOUSDT":-43.7976166745,"GXSBTC":-52.3452415119,"OMGUSDT":-23.0879999523,"VIABTC":61.5195774706,"ETCUSDT":-66.284789944,"WAVESBTC":-72.8271071745,"CELRBNB":-67.8344817523,"IOSTETH":-82.032501439,"BATBNB":-82.4945340929,"FTMUSDT":-26.4989346572},"startDate":"2019-07-17","endDate":"2019-07-24","numDays":7,