{"data":{"NEOBTC":164.245404032,"ASTBTC":-92.7871618138,"NASBTC":-51.0148089718,"BCHABCBTC":14.7641708955,"ENJUSDT":-81.1143804569,"NULSBTC":-53.7539262627,"DASHBTC":87.3450886641,"BTTUSDC":67.63411012,"TRXBNB":-28.8501202056,"LINKUSDC":-73.7429094839,"NEOETH":190.975456429,"BLZBTC":-35.096945909,"ENJBTC":-82.0222523111,"XRPBTC":57.9573317545,"ZILUSDT":-77.3451265804,"MCOBTC":36.5832121848,"VIABTC":-69.694324763,"SKYBTC":123.4022626264,"BATUSDT":-23.6792349965,"NEOUSDT":192.2713690939,"ETHBTC":-25.0346011186,"LTCPAX":441.2880817063,"DENTETH":89.2696453871,"XRPBNB":25.3078310054,"ADXBTC":-29.9939126153,"BCHABCUSDT":2.9684331753,"ONTBTC":69.5935875702,"RVNBNB":-9.7784859643,"EVXBTC":-89.7592447942,"IOTABNB":710.2510105343,"USDCTUSD":-34.4085583238,"CELRUSDT":-77.6837598393,"XRPUSDC":166.0606779858,"TNTETH":-96.8804814213,"LINKBTC":-71.336144215,"BCPTETH":31.8594033579,"BATETH":-12.1672840035,"BCHABCPAX":85.0224254792,"STRATBTC":-6.4253110493,"QKCETH":-75.6444362723,"APPCBTC":-24.4648190295,"FETUSDT":-55.4689310084,"XRPUSDT":42.0259089373,"EOSUSDT":83.9495243264,"LTCBNB":49.9197725032,"ETHUSDC":-41.2381956386,"NEOBNB":130.0472859013,"EOSTUSD":11.1350771813,"XLMETH":-18.8626845392,"DGDBTC":-48.6435488858,"BNBUSDC":-24.5791784357,"VETETH":46.4154661663,"BQXBTC":-60.9707320472,"LSKBTC":-35.0098003913,"LUNBTC":-89.935498147,"PAXUSDT":-20.8148595245,"WABIBTC":-70.4260022861,"ZECBTC":55.5321166205,"GVTBTC":-94.8905301924,"EOSETH":58.129533583,"IOTAUSDT":457.9517564937,"ONGBTC":-5.5253866422,"OAXBTC":-83.8790192941,"STORJBTC":-0.2503172958,"USDCPAX":-32.3497453668,"HOTBNB":80.9514735547,"IOTABTC":794.5492545025,"XMRBTC":36.936538476,"BCHABCUSDC":-17.7850489331,"REPBTC":-32.0247328899,"DCRBTC":37.1896467723,"MDABTC":-72.8728202463,"TRXXRP":-22.9566948035,"ZILETH":-81.7562211037,"BTCUSDC":-8.5416406534,"ENJETH":-77.3904894693,"OMGBTC":-8.060062978,"MITHUSDT":-10.7799793252,"BTCPAX":-31.3497768706,"BTCUSDS":-48.8175892156,"STEEMBTC":-17.0385899673,"GRSBTC":-62.9996033125,"BTTBNB":57.7817975471,"LTCUSDT":48.5468578808,"ADABNB":-25.7076036838,"TRXUSDC":23.8680881599,"XMRUSDT":-40.7924759896,"POWRBTC":-37.3121294059,"ETHTUSD":-44.865087092,"POLYBTC":-16.7361078102,"EDOBTC":56.1728563904,"QTUMUSDT":24.508284038,"WAVESBTC":-36.51763713,"QTUMBTC":13.3799092547,"ADAETH":-9.8314700074,"EOSBTC":63.1865670793,"ZRXBTC":15.4984389737,"BNBUSDT":0.9657452958,"ATOMUSDT":-40.2084655224,"AIONBTC":-41.1653469622,"TRXTUSD":228.4397443352,"DASHUSDT":-17.1262397299,"ADATUSD":6.3864062226,"GASBTC":242.7258682977,"ADAUSDT":55.1954090654,"HOTETH":35.2559837826,"CELRBNB":-79.7442983124,"RLCBTC":1.148898248,"PAXTUSD":-52.2216355458,"BTTUSDT":-0.4946051394,"FETBTC":-76.0665008007,"NAVBTC":-54.0576545122,"NEBLBTC":-74.2911941481,"AMBBTC":-50.7515736633,"ARKBTC":-40.9665377355,"KMDBTC":59.9450789463,"FETBNB":-70.8847299358,"ETCUSDT":20.6768673607,"TNTBTC":-97.2219315442,"MTLBTC":-91.7161501599,"WAVESUSDT":-50.0011962446,"ONTUSDT":32.0229629968,"ELFBTC":75.3501492147,"ATOMBNB":2.3970053862,"WAVESTUSD":-36.3486936433,"WANBTC":-54.2510705916,"NULSUSDT":-29.0239299718,"THETABNB":209.9697997735,"XLMUSDT":39.4446252245,"XZCBTC":-48.3322691254,"HOTUSDT":128.0814579677,"BNBPAX":11.5499096241,"ATOMBTC":-32.6877189401,"WTCBTC":10.2315000325,"LTCTUSD":-17.6274709748,"BRDBTC":-70.1753579606,"ASTETH":-91.6733509806,"MATICBNB":-75.6651344634,"PIVXBTC":-61.8247075015,"KNCBTC":-46.7156062198,"EOSBNB":126.8541624121,"VETBNB":-9.3195585829,"IOTAETH":485.6270425036,"TRXUSDT":93.9947521594,"BTCTUSD":-35.6149319906,"VIBEBTC":-68.0620393275,"VETUSDT":11.1413281691,"WAVESBNB":44.7586634687,"BCPTBTC":-26.5560522698,"THETAUSDT":785.7490972707,"BCHABCTUSD":-19.8559196224,"PPTBTC":-49.4558027213,"LINKETH":-73.746715715,"ETCBTC":5.9473490756,"ARNBTC":-60.7648499365,"LTCETH":1.5342183107,"BNBETH":-34.0390423357,"BTGBTC":104.0220673231,"BTTTUSD":32.8955270715,"THETABTC":598.7848323876,"ZRXUSDT":57.0308228308,"XLMBNB":-39.0171492029,"XRPETH":-6.6030381267,"LINKUSDT":-71.6058845909,"WAVESETH":2.5199337372,"MATICUSDT":-81.5286281031,"FUELETH":-60.9195459785,"TUSDUSDT":-19.687450729,"EOSPAX":996.6817715616,"NANOBTC":54.3928783286,"BTCUSDT":-24.4047323391,"ELFETH":2.1730871305,"XRPTUSD":29.3698067063,"XRPPAX":83.5142544199,"RDNBTC":41.0545366142,"ADAUSDC":0.9406609538,"AEBTC":-63.3030997462,"NANOUSDT":175.0292222663,"BATBTC":-23.5059779833,"BCDBTC":254.2873477866,"ONGUSDT":-37.1052349109,"ICXUSDT":18.006836457,"ICXBTC":-12.0658548078,"INSBTC":-66.7245062424,"TRXETH":20.5232204885,"BATBNB":49.500374323,"ENGBTC":-73.8512584784,"BNBBTC":-9.5237728568,"ETHPAX":-42.7139214992,"OMGUSDT":71.9639315494,"ZECUSDT":133.0110585199,"LTCBTC":42.3682254345,"USDCUSDT":5.5360088621,"ETHUSDT":-30.903470437,"BNBTUSD":-17.1009358083,"ZILBNB":-81.996724898,"EOSUSDC":182.903914348,"LINKTUSD":-85.1225540369,"LTCUSDC":154.2315461706,"IOSTUSDT":-20.8262162922,"THETAETH":452.9026271324,"DLTBTC":-75.3956194861,"BCPTBNB":27.2928587397},"startDate":"2019-05-23","endDate":"2019-05-30","numDays":7,