{"data":{"BNBBTC":-20.7892604998,"LRCBTC":-62.6211142043,"XRPTUSD":-51.6710065871,"QTUMUSDT":-49.5397681759,"SALTBTC":-32.7993262354,"AEBTC":-88.2153035485,"BTCUSDC":27.843692251,"LTCETH":-44.5223997878,"NULSBTC":147.9359450982,"OMGBTC":-18.1840564096,"XLMETH":-40.9480020648,"AMBBTC":-32.0844667947,"ICXUSDT":-43.212095507,"ARNETH":-84.0294102295,"EOSUSDT":-47.4001625013,"TUSDETH":-62.9474500211,"LTCBTC":-21.3066849134,"MDABTC":-67.8174807394,"BCHSVUSDT":-49.61796895,"STRATETH":-73.6883438588,"IOTAUSDT":32.6826645136,"GASBTC":-62.2314089739,"NEOBTC":-18.8664021653,"XRPPAX":-58.0122390173,"TRXXRP":-44.0765181652,"XRPUSDT":-43.7104968359,"POWRETH":-90.7171371704,"ZILETH":-26.8006917498,"ZRXETH":115.9413931098,"BNBUSDT":-33.1096692364,"NASBTC":-23.8233244254,"ARNBTC":-90.8200954915,"EOSPAX":-62.2978652017,"WINGSETH":387.9422535101,"PIVXBTC":465.0369411442,"TRXETH":-30.9726913241,"BTCUSDT":-30.2697498939,"TRXUSDT":-46.2455710614,"POLYBTC":2.738718762,"WTCBTC":-72.9038064515,"ADABNB":-82.2303520863,"INSBTC":71.9759792701,"ENGBTC":375.1518833237,"LSKBTC":6.5098398944,"MCOBTC":-33.6575251365,"ADAETH":-39.860311271,"WANBTC":-81.4477456129,"DOCKETH":-81.434515801,"OAXETH":-63.5639026044,"DLTETH":-57.9942326936,"BCHSVBTC":-11.2482160513,"ADAUSDT":-74.3583494753,"ZENBTC":-61.6733159025,"BNBPAX":-50.0423955623,"ARKBTC":-62.0627186551,"USDCUSDT":-5.0697329001,"VETUSDT":-54.9344986863,"LUNETH":724.704063945,"GXSBTC":18.4703039875,"AIONBTC":-59.4664219324,"POWRBTC":-85.9491276419,"EOSETH":-51.1953046982,"GVTBTC":451.2898038681,"LUNBTC":1004.9421472364,"TUSDBTC":-33.7370019032,"STEEMBTC":-59.0596573953,"DASHBTC":55.4810932332,"LINKUSDT":27.7355679053,"NANOETH":97.6692799703,"KMDBTC":-10.9230986608,"XZCBTC":3.0542681481,"ZECBTC":20.2674863979,"PPTBTC":247.0270438917,"BTGBTC":-75.8451313815,"BQXBTC":-58.6648480048,"PAXTUSD":-79.8350275483,"XMRETH":-42.2458021197,"STRATBTC":-67.1723385621,"SKYBTC":-29.0289128003,"XLMUSDC":-10.6386450658,"DLTBTC":-60.4416224346,"BATBTC":-35.4155767059,"BCDBTC":-38.0712530285,"BNBETH":-54.8550192907,"TUSDUSDT":-53.7303085337,"ADATUSD":-63.3578306878,"OAXBTC":-62.8549310804,"EOSUSDC":-66.9119452358,"EOSBTC":-34.6647213291,"USDCPAX":-77.3645313428,"MTLBTC":331.1858682695,"GTOETH":-7.9741865544,"XLMUSDT":-46.1223207209,"EVXBTC":152.6738510125,"WAVESBTC":164.4889653127,"ELFBTC":184.5999175678,"XRPBNB":-42.8296153715,"ETHBTC":9.1325804539,"BCHABCUSDT":23.738616836,"WABIETH":75.1963338194,"NEOETH":5.7251042134,"CMTETH":-86.3408202877,"XRPBTC":-46.6776035236,"BCHABCBTC":-6.7637880654,"ONTUSDT":-48.638274608,"MODBTC":799.5397827315,"BTCPAX":-43.083388032,"ETHPAX":-58.5678554759,"ONTETH":-59.3063695543,"NXSBTC":114.0566813275,"LTCBNB":-59.1095100969,"XRPETH":-23.4662673716,"EVXETH":490.2570271655,"IOTABTC":-18.2896754064,"ETCUSDT":-60.306150337,"AEETH":-86.7984714324,"ADXBTC":8.0126281773,"TRXBNB":-36.0240391456,"BCPTETH":-66.376202531,"XMRBTC":1.2908194448,"IOTAETH":29.0537458581,"DGDBTC":541.3523639875,"FUNETH":533.0255573427,"NEOUSDT":-42.1717688373,"LINKUSDC":10.5578496298,"DCRBTC":-48.8589795802,"THETABTC":77.8982853886,"VIABTC":-2.3966844276,"TUSDBNB":-69.5473826964,"ETHUSDT":-54.0288355933,"CMTBTC":-67.0941300842,"QTUMBTC":-40.9037890951,"EDOBTC":104.3319848278,"RLCBTC":102.5487675031,"USDCTUSD":7.212526878,"ETHUSDC":-59.4677639757,"NEOTUSD":-37.7066250935,"ZRXBTC":172.3084224318,"ICXBTC":-70.7664031141,"XLMPAX":-65.8831278056,"NULSUSDT":73.9924282148,"HOTETH":982.0390648238,"BQXETH":-72.0245961036,"REPBTC":-90.7235442083,"LTCUSDT":-25.1543041115,"XLMBTC":-34.3907922723,"PAXUSDT":-36.7493318236,"BNBUSDC":-54.4462514881,"VETETH":-31.7005173299,"CLOAKBTC":-65.5980488489,"LINKBTC":-16.2456103423,"GRSBTC":2071.6794115104,"ETCBTC":-41.7821465256,"WINGSBTC":502.7619543318,"ONTBTC":-41.6660368465,"TRXTUSD":-26.3255814071,"REPETH":-92.1962723676,"HCBTC":-56.9297060528,"RDNBTC":158.4507814286,"XLMTUSD":-5.5663932404,"STORJBTC":-18.7198528457,"BRDBTC":221.939894551,"LINKETH":-7.7738606315,"WAVESETH":72.9874322286,"NEBLBTC":-5.3341765257,"XRPUSDC":-62.8059591,"LRCETH":-42.3516881896,"NAVBTC":-65.2145558138,"NANOBTC":256.0779434605,"LINKTUSD":152.6001448775,"WABIBTC":194.4139942514,"KNCBTC":-48.9917878454},"startDate":"2019-01-18","endDate":"2019-01-25","numDays":7,"excludedPairs":["SYSBTC","MTHETH","PHXETH","ASTBTC","PIVXETH","TRIGBTC","KNCETH","WAVESPAX","MITHBTC","BATBNB","ENJBTC","RPXBNB","TRXPAX","XZCXRP","KEYETH","QKCETH","BCHABCTUSD","ICXBNB","SCBNB","NEOBNB","ETCBNB","POAETH","QLCBNB","ONTBNB","CMTBNB","ETCETH","NCASHBTC","PHXBTC","BCCUSDT","BNTBTC","AGIETH","POLYBNB","NAVETH","BCNETH","NCASHBNB","ENJETH","RPXETH","MTLETH","TRXBTC","CVCBNB","MANAETH","QTUMETH","ADXBNB","QSPBNB","ZENETH","STORMBTC","THETAETH","NAVBNB","BCHSVTUSD","GNTBTC","SNGLSBTC","DASHETH","BATETH","BLZBTC","REPBNB","GRSETH","AIONETH","VENBNB","BTSETH","BCHABCPAX","HSRETH","WAVESTUSD","XEMBNB","CNDBNB","POEBTC","AEBNB","MANABTC","GNTBNB","FUELETH","STORJETH","RCNETH","LOOMBNB","STEEMETH","TRXUSDC","SNMBTC","RPXBTC","QLCBTC","WAVESUSDC","DCRBNB","NXSBNB","BCHSVUSDC","XEMETH","VIBBTC","WANETH","NCASHETH","POABNB","VETBTC","FUNBTC","WTCBNB","BCCBNB","LINKPAX","CNDBTC","YOYOBNB","IOTXBTC","NULSBNB","IOSTBTC","ARDRETH","QLCETH","AIONBNB","PAXBNB","STORMBNB","DENTETH","QTUMBNB","QSPBTC","IOTABNB","SNTETH","CDTBTC","CHATETH","ENJBNB","ZILBNB","ARDRBNB","GOBNB","ENGETH","NEBLETH","POEETH","APPCETH","RCNBNB","VIBEBTC","BCHABCUSDC","MODETH","RLCBNB","PAXBTC","DNTETH","YOYOETH","CLOAKETH","AGIBNB","NPXSBTC","EOSBNB","SYSBNB","BTSBNB","TNTETH","NEBLBNB","VETBNB","LTCPAX","BCNBTC","MCOETH","BLZBNB","INSETH","DATAETH","GXSETH","BLZETH","MCOBNB","BCPTBTC","PPTETH","BTSBTC","MITHBNB","OSTBNB","EDOETH","THETABNB","DNTBTC","LENDETH","BCNBNB","BCCBTC","CDTETH","BRDETH","VENBTC","LSKETH","BNTETH","AGIBTC","MFTETH","LENDBTC","ARDRBTC","ZECETH","ARKETH","FUELBTC","SUBBTC","REQETH","LTCUSDC","XZCETH","REQBTC","TRIGBNB","WAVESBNB","TNBETH","PIVXBNB","VIAETH","CVCBTC","VENETH","RCNBTC","BCDETH","LTCTUSD","GTOBNB","MTHBTC","RLCETH","RDNETH","GTOBTC","ICNETH","SKYBNB","SCETH","WANBNB","XLMBNB","EOSTUSD","BCPTBNB","ADXETH","YOYOBTC","SNGLSETH","OSTETH","POWRBNB","SUBETH","WABIBNB","SNMETH","TNTBTC","GVTETH","ASTETH","RVNBNB","WPRBTC","VIABNB","XEMBTC","VIBEETH","RENBTC","DENTBTC","NXSETH","STEEMBNB","WAVESUSDT","OSTBTC","WTCETH","KMDETH","SALTETH","QKCBTC","DOCKBTC","MFTBTC","ZENBNB","NASBNB","OMGETH","USDCBNB","DLTBNB","CNDETH","GNTETH","XVGETH","HCETH","APPCBNB","RVNBTC","TNBBTC","PHXBNB","TRIGETH","LOOMBTC","NULSETH","DGDETH","XZCBNB","SNTBTC","LSKBNB","PAXETH","NPXSETH","SYSETH","MFTBNB","HOTBTC","VENUSDT","LOOMETH","ZILBTC","SKYETH","QSPETH","BTGETH","XVGBTC","CVCETH","ICNBTC","VIBETH","WPRETH","AMBETH","GOBTC","CHATBTC","MDAETH","SCBTC","AMBBNB","IOTXETH","RENBNB","RDNBNB","APPCBTC","BCHSVPAX","KEYBTC","ELFETH","NANOBNB","DATABTC","BRDBNB","ADABTC","BCCETH","HSRBTC","IOSTETH","STORMETH","POABTC","NASETH","USDCBTC","ICXETH"]}