{"data":{"XLMBNB":-16.5595552817,"BNBUSDC":-11.8266916301,"PIVXBTC":-34.558913587,"ADXBTC":-24.5153396006,"ADATUSD":-15.2959999622,"NANOETH":-18.6585921478,"ETCBTC":-6.84893156,"LOOMBTC":-16.9812358165,"MFTETH":-26.8111973291,"LTCUSDT":-10.4943296342,"BCHABCTUSD":-18.8274193083,"BQXBTC":-28.7209612605,"RVNBTC":-22.9980962106,"BATETH":-8.9097270155,"EOSETH":-14.4828336827,"IOTABTC":-1.0217220249,"XZCBTC":-22.8129005016,"XRPBTC":-11.9196577893,"BATUSDT":-5.861662125,"HCBTC":-15.400574528,"BTGBTC":-9.523986631,"ONTBTC":-16.1459277607,"NEBLBTC":-25.3637274228,"ETCETH":-6.9377914957,"MITHBNB":-29.1939710508,"AEBTC":-22.3323039626,"WAVESBTC":-25.2114953614,"INSBTC":-19.1070556289,"EOSUSDT":-12.0558342855,"EOSBTC":-14.9022069459,"POABTC":-27.0727940149,"GASBTC":-17.061546194,"TRXETH":-12.1740585418,"USDCTUSD":-0.2082645711,"ADAUSDT":-12.7844738618,"APPCBTC":-13.1794824919,"AIONBTC":-12.4130210793,"USDCUSDT":2.9317599185,"BTTBNB":-15.2259308062,"RLCBTC":-24.0184527975,"TUSDUSDT":3.0984827419,"XLMETH":-16.1886464271,"MITHUSDT":-26.7144937751,"NULSBTC":-20.0471892047,"LTCETH":-13.0998693887,"IOSTUSDT":-19.3784064491,"USDSPAX":2.6071238436,"ASTBTC":-30.6059856696,"GVTBTC":-20.6508253405,"DASHETH":-12.6272316866,"TRXXRP":-12.3286490575,"LINKUSDT":-12.4622257805,"XMRETH":-11.9033321438,"CELRUSDT":-42.5941817776,"LUNBTC":-23.1103011026,"BTCPAX":-1.1950890176,"BNBBTC":-11.0304969659,"BTCTUSD":-3.8628734017,"AGIBTC":-17.605561018,"ICXETH":-18.0314657749,"ELFBTC":-18.9091793271,"ENJBTC":-22.436574124,"EOSPAX":-12.5500228599,"BNBETH":-11.4951233737,"BCDBTC":-18.6349637638,"ADAUSDC":-14.9875473238,"ETHPAX":-8.7985767356,"BTCUSDC":-3.8923606839,"ONGUSDT":-22.9200826272,"XRPETH":-11.6977127756,"ADABNB":-16.7581861518,"EDOBTC":-21.0450973008,"TRXBNB":-13.1015496419,"NANOUSDT":-16.2564858287,"SKYBTC":-19.4543273066,"CVCBTC":-11.8958186036,"VETUSDT":-14.3401018921,"BTCUSDS":-4.1529623439,"IOTAUSDT":1.9761400063,"NASETH":-19.698471905,"XEMBTC":-14.642296968,"QKCETH":-26.3717571415,"PAXUSDT":2.653391241,"XRPTUSD":-12.4021745218,"ONTUSDT":-13.0302018434,"BATBTC":-9.030813443,"XRPBNB":-12.4565801377,"ZECUSDT":-14.0733867237,"USDSUSDT":2.7001668996,"ETHTUSD":-11.3154558896,"LINKBTC":-15.1106767978,"NEOETH":-13.349514176,"ONGBTC":-25.8679052969,"VETBNB":-18.1636260404,"ARKBTC":-22.5129475242,"LTCBTC":-13.1531014429,"ETHUSDC":-11.0080662337,"XRPUSDC":-12.3081883954,"DCRBTC":-10.670235349,"MTLBTC":-13.6381751993,"LTCTUSD":-13.1103170176,"ZECETH":-16.7306729929,"REPBTC":-11.8397934161,"ZRXUSDT":-12.7918329417,"HOTUSDT":-9.863410746,"XRPUSDT":-8.8854494162,"LSKBTC":-17.3879245492,"IOTABNB":-1.5038383498,"WAVESUSDT":-21.9955490623,"WTCBTC":-24.4910622461,"BNBTUSD":-11.5463792694,"DLTBTC":-33.9172967716,"STEEMBTC":-19.3919941485,"ENJBNB":-22.7852872039,"RDNBTC":-20.3497856863,"KNCBTC":-21.7741499158,"NANOBTC":-19.0111363887,"DGDETH":-18.7249889594,"ADABTC":-15.349793141,"NEOUSDT":-10.5166480695,"DASHUSDT":-9.7516091698,"XRPPAX":-9.217898376,"ZRXBTC":-15.4814272455,"FETBNB":-43.8435064894,"EOSUSDC":-14.5977403634,"ADAETH":-14.9009767222,"XMRUSDT":-10.0473920277,"ONTETH":-15.4749083568,"ZILUSDT":-20.1907501209,"ONTBNB":-16.842694168,"CELRBNB":-44.010733315,"MITHBTC":-29.5853700996,"NEOBNB":-14.0606181952,"EOSBNB":-14.529333733,"BTTUSDT":-11.4674263901,"EVXBTC":-23.0241361682,"THETABTC":-21.202554632,"ZECBTC":-16.4238945605,"LTCBNB":-13.4474560665,"GRSBTC":-20.835675405,"NULSUSDT":-18.1221790946,"VIABTC":-21.817345597,"QTUMBTC":-16.7849854656,"BCHABCUSDC":-19.1904146665,"TRXUSDT":-9.370040798,"OAXBTC":-21.4995285697,"BCPTBTC":-23.1985648814,"OMGUSDT":-18.2104944753,"ICXBTC":-18.6554586224,"ETHBTC":-11.2612555839,"ETCUSDT":-4.0509010356,"ENJETH":-21.9736815162,"FETBTC":-43.7258727026,"ZENBTC":-0.2688536344,"USDCPAX":2.6965937903,"EOSTUSD":-15.6435793625,"VIBEBTC":-19.6892248626,"BCHABCPAX":-16.7971004848,"VETETH":-16.9437930413,"DGDBTC":-19.8161899771,"BCHABCBTC":-19.0224671912,"ICXUSDT":-15.8872139742,"KMDBTC":-12.5354214058,"GXSBTC":-22.8898901247,"BLZBTC":-29.5210645016,"BNBUSDT":-8.4523328282,"ENJUSDT":-20.1894040712,"BCHABCUSDT":-16.5669651078,"XLMBTC":-16.4892129847,"ETHUSDT":-8.4038114366,"QKCBTC":-26.9839948283,"BRDBTC":-5.1429789521,"STRATBTC":-23.3687928346,"POLYBTC":-26.4205159037,"NASBTC":-19.4903231214,"POWRBTC":-16.2231521434,"IOSTETH":-21.799054792,"FETUSDT":-41.4542853936,"THETAUSDT":-18.5961037749,"BTCUSDT":-0.9019095173,"XMRBTC":-12.7658366813,"LTCUSDC":-13.2776551071,"IOTAETH":-0.6095250899,"QTUMUSDT":-14.4673226233,"WABIBTC":-3.1209378634,"BNBPAX":-8.9457264193,"ZILETH":-22.358305578,"LTCPAX":-11.0552162734,"WANBTC":-21.7686467878,"DASHBTC":-13.0304350963,"GNTBTC":-21.4235818783,"AMBBTC":-21.0325766129,"MDABTC":-14.4326754519,"OMGBTC":-20.8072610681,"XLMUSDT":-13.5761058494,"PAXTUSD":-0.2625352737,"NANOBNB":-19.544991547,"RVNBNB":-23.404725817,"MCOBTC":-13.7400400928,"ARNBTC":-22.1015518866,"FUELETH":-25.6389204976,"BATBNB":-9.4141869027,"NEOBTC":-13.7224658513,"ENGBTC":-27.3574991886},"startDate":"2019-04-23","endDate":"2019-04-30","numDays":7,"excludedPairs":["XVGBTC","USDSTUSD","AIONETH","ZECBNB","RCNBTC","SCETH","ARDRBTC","WANBNB","NEOTUSD","WABIBNB","HOTBTC","AIONBNB","VETBTC","DNTBTC","SYSETH","OSTBTC","MTLETH","STORMBTC","MANABTC","KNCETH","THETAETH","OMGBNB","POEBTC","SUBETH","XZCETH","LSKBNB","REPBNB","WPRETH","CELRBTC","XEMETH","ADAPAX","TNTETH","ENGETH","STEEMETH","MCOETH","CNDETH","STRATETH","ZILBTC","WAVESPAX","ADXETH","MANAETH","VENUSDT","QLCETH","NAVBNB","ICNETH","SCBTC","HSRBTC","SNTBTC","QTUMETH","SUBBTC","MDAETH","VENBNB","IOTXETH","VIBEETH","ARKETH","SNGLSBTC","GNTBNB","TRXUSDC","EVXETH","AGIBNB","TRXPAX","XEMBNB","DOCKETH","PAXBNB","PIVXBNB","BCHSVUSDC","STORMETH","NCASHETH","DATABTC","GTOBNB","AEBNB","SYSBTC","MCOBNB","LENDBTC","GTOETH","BQXETH","DENTETH","CMTBNB","GVTETH","LINKETH","SKYETH","RDNBNB","DASHBNB","POWRETH","BCHSVTUSD","SKYBNB","WINGSBTC","BCPTBNB","AEETH","AGIETH","CMTETH","VIABNB","OMGETH","QSPBNB","NULSETH","LINKTUSD","LENDETH","BCNETH","NEBLETH","THETABNB","CHATETH","INSETH","DENTBTC","APPCETH","MATICBNB","NAVETH","BCNBNB","YOYOBNB","GNTETH","OSTBNB","HOTETH","ICXBNB","ICNBTC","BTGETH","BTSETH","ARDRBNB","TUSDETH","FUELBTC","RCNBNB","MTHETH","VIAETH","NEOUSDC","TRXTUSD","RPXBNB","TRIGBNB","CVCBNB","BCHSVBTC","MFTBNB","BNTBTC","WAVESBNB","BCCUSDT","ELFETH","MODETH","VIBETH","SALTBTC","ONGBNB","QLCBNB","BTTPAX","WAVESUSDC","STORJBTC","WTCETH","XLMPAX","BCCETH","CDTETH","WAVESTUSD","BCHSVPAX","RENBNB","ZECUSDC","SNMBTC","USDCBTC","TUSDBTC","ATOMUSDT","XMRBNB","POEETH","ZENBNB","ZENETH","CLOAKETH","CNDBTC","POAETH","XLMTUSD","GXSETH","BNTETH","SYSBNB","VENETH","PPTBTC","LRCBTC","NPXSETH","POWRBNB","TRIGETH","NXSBTC","MATICBTC","LINKUSDC","YOYOBTC","BTSBNB","XZCXRP","RLCETH","USDCBNB","STORMBNB","BNBUSDS","CVCETH","BLZETH","BCHSVUSDT","POLYBNB","ZRXETH","NXSBNB","RPXBTC","GRSETH","HOTBNB","TNTBTC","SCBNB","NEOPAX","KEYBTC","REQETH","XLMUSDC","BTSBTC","WTCBNB","PHXETH","WABIETH","NXSETH","WPRBTC","BCCBTC","WANETH","PHXBTC","GOBNB","DATAETH","IOSTBNB","PHXBNB","QTUMBNB","RENBTC","WINGSETH","LOOMETH","DLTETH","ZECTUSD","CMTBTC","ETCBNB","STEEMBNB","HSRETH","IOSTBTC","CLOAKBTC","BTTUSDC","BCDETH","LRCETH","YOYOETH","MFTBTC","BCPTETH","ATOMBNB","QSPBTC","STORJETH","FUNBTC","KEYETH","SALTETH","REQBTC","POABNB","ZILBNB","ARDRETH","APPCBNB","NPXSBTC","CDTBTC","XVGETH","PAXETH","BRDETH","ARNETH","RPXETH","ZRXBNB","MTHBTC","KMDETH","BTTBTC","ATOMBTC","SNTETH","TNBBTC","RCNETH","XZCBNB","BTTTUSD","VIBBTC","EDOETH","PPTETH","AMBBNB","NASBNB","DLTBNB","PIVXETH","REPETH","DOCKBTC","WAVESETH","LSKETH","RDNETH","FUNETH","DNTETH","SNGLSETH","LUNETH","TRIGBTC","TUSDBNB","HCETH","ZECPAX","CNDBNB","MODBTC","BLZBNB","CHATBTC","NCASHBTC","MATICUSDT","DCRBNB","OSTETH","IOTXBTC","NAVBTC","TRXBTC","BCNBTC","PAXBTC","GOBTC","QSPETH","NEBLBNB","NULSBNB","USDSUSDC","SNMETH","NCASHBNB","QLCBTC","GTOBTC","ASTETH","BRDBNB","RLCBNB","ADXBNB","OAXETH","LOOMBNB","BCCBNB","LINKPAX","VENBTC","TNBETH","AMBETH"]}