{"data":{"GASBTC":33.9197062558,"USDCTUSD":129.69926874,"EOSUSDC":88.4370575771,"ETHPAX":25.0650362778,"ALGOUSDT":-37.9262955358,"ENGBTC":95.7069403632,"OMGETH":-44.8812898036,"PAXTUSD":-2.9893214498,"ICXBNB":84.9015322,"XRPTUSD":113.0057099452,"LINKETH":0.4597250836,"ADATUSD":-17.9417957188,"CELRUSDT":-33.681079643,"RLCBTC":68.3716943405,"XLMBTC":68.7069859092,"LINKBTC":-4.7183835911,"NEOBNB":14.2472695253,"IOSTETH":305.9134656551,"ZENBTC":-77.2017562601,"SKYBTC":-11.2018532292,"DASHBTC":27.7143210635,"RVNBNB":108.932335802,"XMRBTC":-1.5488560777,"THETAUSDT":46.7539702467,"WAVESBNB":196.0996671655,"BTCTUSD":-13.3790590341,"GVTBTC":-13.3926422854,"BCHABCBTC":-63.6727004597,"BNBUSDC":145.5230858797,"LSKBTC":88.1640088409,"XRPBTC":-10.9205728856,"MCOBTC":-59.665379996,"XRPUSDT":44.8776197892,"AEBTC":8.1682458775,"MTLBTC":-58.0138454335,"ATOMBNB":245.0701747767,"DOGEUSDT":-89.4786543913,"ARNBTC":-45.5489474119,"BCHABCUSDT":-24.8576678973,"XZCBTC":-49.3093035384,"QTUMUSDT":13.5720376167,"SCETH":-34.3466949622,"WTCBNB":144.3110347039,"BNBETH":183.4430524565,"TFUELBNB":42.959034368,"TRXBNB":105.6878566824,"WAVESUSDT":260.1624061276,"TRXTUSD":29.6055659439,"RENBTC":9.2581747566,"USDSUSDT":-56.4526391509,"ADXBTC":-90.9149002325,"BNBBTC":83.4834467427,"WAVESBTC":118.4208536324,"TRXXRP":144.1976527981,"ETHUSDT":-11.5174403494,"BNBPAX":111.7417306345,"XMRETH":11.6541301469,"DGDBTC":595.8281930147,"REPBTC":77.3501550463,"ICXBTC":3.8297129173,"ETHBTC":-26.1898143562,"ONTBNB":57.8736668827,"ENJBTC":-7.3823538733,"LTCETH":-27.7145911871,"KNCETH":32.5414186805,"ICXUSDT":-11.057553166,"KNCBTC":-64.870059547,"BNBTUSD":117.8676093955,"BCHABCUSDC":129.9855837351,"GTOUSDT":-2.252645511,"FUELETH":177.2933452887,"XMRUSDT":-7.5926960832,"CELRBNB":-52.5192203865,"STEEMBTC":17.3925656955,"GRSBTC":86.1587898661,"ZECBTC":-13.1507576305,"BTGBTC":344.0372851114,"ADABNB":99.7101415312,"VETBNB":28.2040666388,"OAXBTC":31.5516595233,"POWRBTC":-45.7745580586,"DASHETH":-34.9748745865,"BATBNB":146.1043578731,"ATOMUSDT":90.8994408564,"EOSETH":-25.6926638843,"MATICBNB":-22.100866524,"ERDBNB":28.2306786722,"NASBTC":-78.9688909777,"DOGEBNB":-65.4824948151,"ONTBTC":43.1378421608,"NULSUSDT":-67.4335843347,"PPTBTC":605.1663222469,"CMTBTC":-62.0425317105,"ETHTUSD":-74.0003185208,"USDCPAX":-15.6598191153,"ELFBTC":-55.1750706873,"TRXETH":0.6927547982,"EOSBNB":173.2307199661,"NANOUSDT":12.2461725199,"IOTABTC":-33.100182299,"RDNBTC":84.76981829,"ARKBTC":-12.4171306225,"LTCTUSD":-47.3971674159,"BQXBTC":46.9267201029,"QTUMBTC":9.7754257625,"BATUSDT":15.0725608897,"FETUSDT":-7.647864588,"LINKPAX":39.7480893247,"ADAUSDC":-21.3925186449,"ZILBNB":12.0302372631,"ICXETH":-32.0319576896,"OMGBTC":-14.8940150318,"LINKUSDT":-9.1223701917,"PIVXBTC":-45.3045653596,"NEOETH":-11.9049685205,"EOSPAX":2736.6693312956,"XRPBNB":166.109602806,"EOSUSDT":49.7851994126,"LTCBTC":-17.8440720059,"XLMETH":144.6974880529,"POLYBTC":37.4682849703,"CMTETH":-49.3604768641,"ALGOBNB":-53.7757555209,"ADAUSDT":31.9906560017,"LINKUSDC":74.8194332832,"LTCBNB":32.9750077715,"IOSTUSDT":313.9204090616,"RENBNB":-9.0808562554,"INSBTC":77.4944413989,"STORJBTC":-69.759842404,"ETHUSDC":5.7586166778,"FTMUSDT":40.5671368996,"ENJETH":21.9833832568,"TUSDUSDT":-14.4386464932,"WTCBTC":65.0529771003,"ZECUSDT":-1.3289495521,"ZRXBTC":7.8087603016,"BNBUSDT":78.5956924472,"NAVBTC":-39.7294642016,"AIONBTC":-25.2991821876,"NEBLBTC":6.7919765392,"WAVESETH":21.0260066774,"NEOUSDT":-9.4844469473,"NEOBTC":-5.9190757178,"BRDBTC":58.0088663925,"ONTUSDT":61.4842594346,"ERDUSDT":70.0401179671,"BTCUSDT":-13.222946511,"EVXBTC":-49.6946312354,"THETABTC":24.8456149727,"MATICUSDT":-19.6044574919,"TRXUSDC":-25.8783481839,"USDCUSDT":62.1620732043,"LUNBTC":23.4190868463,"IOTAUSDT":-11.3942360198,"PAXUSDT":-16.381409492,"DASHUSDT":32.8406037691,"OMGUSDT":-5.2541203137,"XMRBNB":181.2547553365,"TFUELUSDT":1.9218113138,"ENJUSDT":14.5423590811,"MDABTC":26.5605120329,"PPTETH":365.785089569,"NULSBTC":-60.7726667913,"VETETH":-32.0911630625,"KMDBTC":-39.6090901295,"ARDRBTC":31.1594494151,"ZRXUSDT":23.3756882557,"GXSBTC":69.8471299562,"BATETH":-11.3156404108,"ALGOBTC":-43.0819473459,"TRXUSDT":-43.9971366588,"LOOMBTC":-23.4638477567,"BTCPAX":-19.9743048287,"DCRBTC":9.0889255712,"BATBTC":21.6392060837,"BTTUSDT":-9.1248086106,"KMDETH":-50.3049210526,"WTCETH":75.1038015235,"BCHABCPAX":-19.8386975597,"DLTBTC":22.253441474,"MITHUSDT":-52.9728038702,"IOTAETH":-16.3203704238,"VETUSDT":-15.458968178,"ONEBNB":12.0273940319,"ZECETH":-16.8082752692,"ZILUSDT":-3.1178334533,"ETCUSDT":-34.3254628769,"ATOMBTC":56.5213473933,"BQXETH":62.2390709245,"ADAETH":-13.0436444412,"VIABTC":-41.2199091643,"LTCPAX":110.7328563033,"XLMUSDT":113.2577727334,"FETBTC":-24.5862682484,"HCBTC":-61.4425350942,"EOSBTC":-7.8923111584,"BTTBNB":142.7783810182,"XRPETH":13.0897016906,"STRATBTC":-57.446791141,"LTCUSDC":56.0918948184,"ONTETH":44.8204990261,"WANBTC":-25.3938931681,"BTCUSDC":1.2998247917,"BCDBTC":59.7252220363,"LTCUSDT":-26.6786815269,"BTCUSDS":-20.3754952735,"ETCBTC":-44.4773827605,"ONEUSDT":45.1265036237,"XRPPAX":125.3804634536,"HOTBNB":53.5988201028,"ZILETH":1.227403181,"WABIBTC":106.6309873353,"HOTUSDT":-33.7454457589,"ONGBTC":2974.5569213485,"CMTBNB":-20.8981470997,"NANOBTC":21.2898531801,"XRPUSDC":147.316477709,"BCHABCTUSD":34.0760102676,"FTMBNB":56.8388428418,"LINKTUSD":8.2723424636},"startDate":"2019-07-05","endDate":"2019-07-12","numDays":7,