{"data":{"ICXBTC":-10.6811757974,"EOSBTC":-7.1088395971,"ADABNB":103.6110709494,"MDABTC":-45.1694918828,"EOSUSDT":-9.780971703,"HOTUSDT":-30.4122979021,"THETAETH":-87.4686196748,"ARKBTC":-79.2087516003,"INSBTC":-76.2012505235,"ZILETH":-77.0616164046,"BCDBTC":-68.9287967312,"FETBNB":-43.6426123014,"LTCBNB":33.669021243,"POLYBTC":-61.9310878213,"ONTBTC":-47.9626293414,"LTCUSDT":24.8844333167,"ARNETH":-29.6691720624,"THETABTC":-86.0950224109,"ONTETH":-27.1836930527,"ENJBNB":4.8558742247,"CVCBTC":-88.7184767958,"VETETH":-78.6309717116,"BCPTBTC":-63.5068380388,"EDOBTC":-71.5452987372,"FETUSDT":50.3648051571,"GRSETH":-94.4767202775,"AIONBTC":-35.1838342707,"BNBUSDT":9.2891793688,"QTUMBTC":-21.7777456419,"AEBTC":-67.3387788639,"WAVESUSDT":-55.0320730714,"STORJBTC":-89.0253821407,"PAXUSDT":-19.4862228052,"LINKTUSD":-85.6437356843,"XRPUSDT":13.7185648318,"BCHSVBTC":76.4658476978,"MDAETH":-53.4219512504,"BCHSVUSDT":115.9634875753,"XLMBNB":103.5108788678,"LINKBTC":-69.3597804975,"BCHABCPAX":294.636673538,"OMGBTC":-71.1936527642,"IOTAUSDT":-1.6106596184,"BQXBTC":-48.7373770631,"LUNBTC":-91.3589760334,"XZCXRP":-98.2638282246,"STRATBTC":-70.574588467,"XLMTUSD":8.5453661023,"DLTBTC":-72.0665007908,"KNCETH":-0.9150506219,"PIVXBTC":-88.8249206215,"WTCBTC":-12.2075203497,"LTCUSDC":33.0650183339,"ZILUSDT":-33.3914689259,"MCOBTC":-20.8173714479,"ONGBNB":462.6542830151,"BATBTC":-44.0461211408,"GRSBTC":-92.8117001962,"ADATUSD":-35.3493423571,"LINKUSDC":-81.6391286107,"BCHABCUSDT":335.5776226458,"ADAETH":91.8421314212,"WAVESBTC":-60.3409395762,"ONGBTC":106.2779570857,"IOTABTC":-27.4460884945,"ENGBTC":-89.9961372213,"MITHBTC":-73.9751307046,"RLCBTC":-97.9727710068,"APPCBTC":-71.1452174732,"ONTUSDT":-43.270916631,"FETBTC":21.7764921802,"VETUSDT":-76.932897933,"NEOBNB":204.8186122686,"GASBTC":-66.9884942702,"XLMUSDC":-29.8148134397,"ENJBTC":4.0115521319,"BNBPAX":39.6303762772,"WAVESETH":-88.6666874619,"FUELETH":-84.2137099189,"NULSUSDT":-60.2795466457,"LTCBTC":7.861366266,"BTCUSDC":3.3148175908,"BCDETH":-77.6531932725,"USDCUSDT":9.5615016715,"XLMPAX":19.3847576671,"BNBUSDC":172.07269828,"THETABNB":-79.5487758904,"WANBTC":-34.3102148082,"BCHABCBTC":149.8398430966,"REPBTC":-72.9165295175,"LTCPAX":-81.6752265149,"LINKUSDT":-75.3430620831,"RVNBTC":258.8617585652,"BNTBTC":-58.1625508731,"NEOBTC":-25.6602212679,"NASBTC":-73.4981819527,"DASHBTC":-79.0543570751,"ARNBTC":-72.6775628888,"ETCUSDT":140.5940450546,"NXSBTC":-67.5399559532,"ADAUSDT":5.6803115071,"AGIETH":39.2944584969,"XLMUSDT":7.3027742167,"QTUMBNB":340.3777464242,"LTCTUSD":-31.0966427755,"LTCETH":-40.1802350571,"GVTBTC":-85.5101009819,"RDNBTC":-92.1184831266,"HCBTC":4.710713626,"XLMETH":52.8193220407,"AGIBTC":17.0865005079,"BCHABCTUSD":225.491704135,"XRPPAX":-63.6994704731,"ICXETH":114.0512019955,"GXSBTC":-37.9768411362,"BATUSDT":-39.9094865606,"XRPBNB":100.0622943491,"BTGBTC":-46.6409843549,"PPTBTC":-82.096513938,"ELFBTC":-60.2068957928,"XRPETH":-31.8015032897,"BTCPAX":-2.4345235413,"WANETH":-26.3145705719,"ETHPAX":-18.4922890831,"ONGUSDT":630.3537498769,"ZECBTC":41.6336054997,"NANOBTC":-78.6793628971,"OAXBTC":-69.1887445048,"KMDETH":-42.9993613097,"XRPUSDC":5.4715739366,"TRXUSDT":10.7112954708,"NEOUSDT":29.8231213272,"ADXBTC":-94.8523133472,"TRXETH":-19.1272145599,"XRPTUSD":12.306664158,"KMDBTC":-30.7987804593,"VIABTC":-99.1063664718,"BRDBTC":-96.3479565359,"BTTUSDT":27.6673861617,"AMBBTC":-91.4794547819,"BTTBNB":87.7605678122,"NEOETH":6.5950163622,"EOSUSDC":-91.8452431306,"ETCBTC":67.2816419779,"LSKBTC":-75.3120772146,"KNCBTC":-8.6325017524,"MTLBTC":-25.9674233661,"ZRXBTC":-55.8924502018,"ZENBTC":-84.1737826676,"QTUMUSDT":16.4428753086,"ETHBTC":-42.1571611538,"ONTBNB":9.6434821214,"ENJETH":-14.7417898771,"STEEMBTC":-45.6704113374,"TRXBNB":33.8975440318,"TRXXRP":-13.3808008386,"NULSBTC":158.6025362909,"TUSDUSDT":6.1170294691,"HOTBNB":14.2891240179,"RVNBNB":395.3704510579,"XMRBTC":20.0212788311,"BNBETH":198.8922017993,"BCHSVTUSD":1543.450037432,"EOSTUSD":-31.7535407007,"SKYBTC":-54.1438293335,"POWRBTC":-90.5561773032,"BNBBTC":10.4245216397,"EVXBTC":-80.3835434259,"XRPBTC":-33.5587178428,"XZCBTC":-98.8325009556,"ETHUSDT":17.9318347579,"ETHUSDC":-33.5675104881,"NEOTUSD":-37.4346416774,"NAVBTC":-96.2230244663,"OMGETH":-87.2322524749,"EOSETH":68.5725189365,"EOSBNB":111.8241134479,"DGDBTC":-87.7919729395,"ZRXUSDT":-57.8025214224,"QTUMETH":-29.3830689122,"DCRBTC":-96.2107543888,"ICXUSDT":5.8345702509,"BTCUSDT":-25.1957702477,"WABIBTC":-80.9961472333,"EOSPAX":-3.9730837129,"XLMBTC":-3.8965077731,"NEBLBTC":-17.637288742},"startDate":"2019-03-12","endDate":"2019-03-20","numDays":7,"excludedPairs":["IOTAETH","SUBBTC","HSRBTC","QKCBTC","NULSBNB","GNTBNB","BCHSVUSDC","ASTBTC","DNTBTC","XZCBNB","BTGETH","SKYETH","POEBTC","QLCBNB","TRIGETH","ARKETH","WAVESPAX","AEBNB","SNGLSBTC","ADXBNB","BTCUSDS","NPXSETH","SUBETH","IOTXETH","NAVBNB","SNMBTC","FUNETH","RDNETH","ETCETH","OSTBTC","RLCETH","BNBTUSD","IOTABNB","SNGLSETH","QKCETH","VENBTC","MTHBTC","USDCTUSD","NANOBNB","HCETH","BNTETH","NCASHBTC","LINKETH","GOBNB","NEBLBNB","CNDETH","APPCBNB","PPTETH","AEETH","KEYETH","TUSDBNB","PAXBNB","DENTBTC","YOYOBTC","DATABTC","ASTETH","NULSETH","LSKBNB","GTOBTC","WANBNB","USDSTUSD","BQXETH","STEEMETH","BCPTBNB","VIBETH","NASBNB","TNBBTC","WAVESBNB","USDSPAX","BRDETH","LINKPAX","SCBNB","RLCBNB","GTOBNB","PHXETH","ARDRBNB","HOTETH","OSTETH","BTTTUSD","YOYOBNB","STORMBTC","XVGBTC","PAXTUSD","DLTBNB","CHATETH","SCETH","VIBBTC","LSKETH","GXSETH","TUSDETH","BCHSVPAX","MFTBTC","ZRXETH","ADXETH","RCNETH","XVGETH","POWRETH","DENTETH","DLTETH","CDTETH","GNTBTC","BCHABCUSDC","DOCKBTC","LOOMETH","GTOETH","XMRUSDT","BRDBNB","CLOAKETH","MANABTC","AIONETH","DNTETH","NASETH","ZRXBNB","ETHTUSD","GVTETH","LOOMBTC","XEMBTC","INSETH","MFTETH","BLZETH","NCASHBNB","HSRETH","XEMETH","LOOMBNB","QLCBTC","SYSETH","TRIGBTC","REQBTC","BTSBNB","KEYBTC","STORMBNB","CMTBNB","BCNETH","WPRETH","FUNBTC","BATETH","BNBUSDS","FUELBTC","BCCBTC","CDTBTC","XMRBNB","STRATETH","VIABNB","RPXBNB","WAVESUSDC","TNTETH","GOBTC","SKYBNB","AMBBNB","CVCBNB","BTSETH","PAXBTC","LRCETH","GNTETH","VETBNB","WTCBNB","VIBEBTC","NPXSBTC","OSTBNB","POABNB","ZILBNB","TRXUSDC","SNTETH","PIVXETH","TNTBTC","PHXBTC","TUSDBTC","TRXTUSD","REPBNB","BLZBNB","USDCBNB","BCCETH","EDOETH","ZECETH","XEMBNB","RDNBNB","CHATBTC","WPRBTC","LENDBTC","ENGETH","CMTBTC","AGIBNB","OAXETH","MCOBNB","XMRETH","VIBEETH","LENDETH","QSPBNB","ZENETH","QSPBTC","LUNETH","WABIETH","ADABTC","TRXPAX","IOSTBTC","SYSBNB","REPETH","CLOAKBTC","DCRBNB","USDSUSDC","MCOETH","QSPETH","HOTBTC","CNDBTC","MTLETH","VENBNB","STORMETH","PIVXBNB","SALTETH","ICXBNB","BCCUSDT","VIAETH","NANOETH","BTCTUSD","MFTBNB","DGDETH","DATAETH","USDCPAX","RENBTC","QLCETH","CMTETH","EVXETH","APPCETH","WINGSBTC","WTCETH","CNDBNB","USDSUSDT","YOYOETH","BTTBTC","MANAETH","IOSTETH","ELFETH","NXSETH","ARDRBTC","RCNBNB","MTHETH","BCPTETH","VENETH","VETBTC","ARDRETH","TNBETH","BCNBNB","POABTC","RENBNB","SCBTC","POAETH","BTTPAX","BTSBTC","BCNBTC","MODETH","RPXBTC","ZILBTC","SNTBTC","TRIGBNB","SALTBTC","TRXBTC","STORJETH","ZENBNB","BCCBNB","NEBLETH","RCNBTC","ICNBTC","CVCETH","PHXBNB","POWRBNB","WINGSETH","REQETH","BATBNB","NXSBNB","SNMETH","IOTXBTC","PAXETH","WABIBNB","MITHBNB","BTTUSDC","MODBTC","VENUSDT","LRCBTC","SYSBTC","DASHETH","POLYBNB","RPXETH","WAVESTUSD","STEEMBNB","ICNETH","NCASHETH","AIONBNB","USDCBTC","POEETH","DOCKETH","BLZBTC","AMBETH","XZCETH","NAVETH","ETCBNB"]}