{"data":{"ENJBNB":-9.5278039861,"WINUSDT":-2.6598353954,"BTCPAX":-6.7534849628,"GXSBTC":-26.8029995135,"TRXUSDT":-8.7432820232,"XRPETH":-6.8022613759,"EOSPAX":-4.9005872148,"VETBNB":-3.6865578268,"HOTBNB":-4.4044981842,"XMRUSDT":-5.3559236601,"DASHETH":-4.5800677394,"LRCETH":-3.2464978379,"ELFETH":-16.6241713043,"ATOMBNB":-12.6542021295,"STRATBTC":-15.2125936775,"EOSBNB":-5.4858999857,"ENJUSDT":-8.7382017589,"BCHABCUSDC":0.0300076133,"USDSUSDT":0.2068514696,"MATICUSDT":2.6060912769,"ADATUSD":-6.5564702931,"KMDBTC":-3.3080164325,"WINUSDC":-3.1121181513,"ENGBTC":-11.7370291432,"THETAUSDT":-1.9320988001,"ARKBTC":-14.8319802871,"ZENBTC":-19.0994858449,"EOSBTC":-5.355227516,"MATICBNB":0.5174916626,"XLMBNB":-7.9772374427,"BNBTUSD":5.7804572558,"ICXETH":-15.7710705754,"QKCETH":-7.0621994251,"XLMETH":-7.2311825012,"LINKETH":-2.2707579799,"ICXUSDT":-14.5232040473,"BTCUSDT":-6.6691072377,"NEOETH":-10.4984310365,"MITHUSDT":-9.5292426402,"IOTAUSDT":-10.6457650429,"EOSETH":-5.6473117003,"GRSBTC":-6.6153391359,"AEBTC":-10.8104968438,"BTGBTC":-3.7251615581,"XMRETH":-6.82307445,"DGDBTC":1.7901322649,"EOSUSDT":-4.997045567,"NAVBTC":-4.0813859002,"RVNBNB":-10.5266510234,"ETCBTC":-2.0479218136,"ZILETH":-5.6540330373,"NXSBTC":-2.4642813621,"EVXBTC":-1.6838572185,"NEOBTC":-10.8354150027,"HCBTC":-16.4856154497,"EOSUSDC":-5.4558366117,"OMGBTC":-11.1216363754,"DCRBTC":-17.817380986,"GVTBTC":-12.8608888152,"KNCBTC":-8.5814728661,"ONTUSDT":-11.7286600972,"ATOMUSDT":-10.7973458965,"BTCUSDC":-7.0341044312,"GASBTC":-11.8338419979,"ETHUSDT":-9.3472197328,"NEBLBTC":-16.4286172488,"IOTAETH":-11.169269854,"LINKUSDC":-0.9208656949,"USDCTUSD":0.0151312953,"BNBBTC":5.5159472617,"PAXTUSD":0.0209886867,"DOGEUSDT":-5.6430985887,"BNBETH":6.1466490325,"OMGUSDT":-10.7909790659,"DASHUSDT":-4.362961409,"PPTBTC":-9.3525373731,"REPBTC":-5.0354597125,"WAVESUSDT":-6.03227169,"LTCPAX":-10.7473016606,"ANKRUSDC":-15.2958534582,"LINKTUSD":-0.9263794199,"BCHABCPAX":0.8522896826,"RENBNB":-20.3606187613,"BATBTC":-11.9347842187,"XRPBTC":-6.3408464479,"ADABNB":-7.2402376729,"ZECBNB":-14.3750431651,"ADAUSDT":-5.7748786099,"ALGOUSDC":6.7348902601,"DUSKBNB":40.6135516903,"ETHUSDC":-9.7330243643,"QTUMBTC":-13.0236873382,"LTCTUSD":-11.8415829742,"ERDBNB":-21.3812485094,"BTCUSDS":-7.5275618635,"ETCUSDT":-2.0832182035,"VETETH":-1.995855024,"COSBTC":48.8498889724,"FTMUSDT":-18.7449694598,"ETHBTC":-9.5791757275,"BNBPAX":5.9800750856,"BATETH":-11.8483011385,"MDABTC":-9.2049460356,"WANBTC":-4.3011098721,"VETUSDT":-1.1444952886,"ZILUSDT":-4.3460247752,"ANKRUSDT":-15.171997915,"TUSDUSDT":0.3132596455,"FETUSDT":-8.3554929909,"WINBNB":-4.6314935547,"TFUELBNB":2.7447687153,"ENJBTC":-9.0934755356,"ZRXETH":-12.1013157309,"BNBUSDC":4.7788317082,"ALGOBNB":8.0634040654,"IOSTETH":-9.2982123429,"IOSTUSDT":-8.2355337453,"BATBNB":-12.3498075255,"ZECUSDT":-13.5092949754,"ONEBNB":-11.0276704749,"CELRBNB":-9.4598554356,"LTCUSDT":-10.549521398,"PAXUSDT":0.3376464103,"XZCBTC":-10.8125658938,"OMGETH":-11.4208492897,"LTCUSDC":-10.7489184952,"ZILBNB":-7.6334109029,"LTCETH":-10.9242652729,"ENJETH":-8.9300564564,"ONEUSDT":-8.8414591113,"STEEMBTC":-4.0451787422,"THETABTC":-3.2485613352,"LINKBTC":-0.9941503428,"NEOBNB":-11.5256558182,"BCDBTC":-4.935676138,"TRXUSDC":-9.0695890204,"ETCETH":-3.1892952279,"COSUSDT":55.0135397638,"ZRXUSDT":-10.121994666,"BCHABCTUSD":0.3904359478,"EDOBTC":-8.1165555216,"TRXBNB":-10.2627743458,"BCHABCUSDT":0.6252409372,"BRDBNB":-2.2025502263,"XMRBNB":-8.1318814929,"ANKRPAX":-14.4771011068,"FTMBNB":-20.5728618896,"ALGOBTC":8.8567343091,"THETAETH":-3.941489076,"XRPPAX":-6.1269505466,"ALGOUSDT":10.0761044414,"ADAUSDC":-6.4887544091,"LTCBTC":-10.3884056976,"ATOMBTC":-11.2540806531,"NANOUSDT":-4.209844351,"RLCBTC":-15.882754049,"USDCUSDT":0.3111313312,"NULSUSDT":-17.9033789985,"RENBTC":-19.8884432476,"COSBNB":50.2497045827,"WTCBTC":-10.757670411,"VIABTC":-9.8704652078,"TRXXRP":-8.9518724512,"DUSKUSDT":43.5367867449,"ETHTUSD":-9.5857642608,"MCOBTC":-7.5737714,"MTLBTC":-11.4831865763,"DASHBTC":-4.6218853262,"NANOBTC":-5.1601462214,"NANOETH":-4.9950936382,"ONTBTC":-12.1820164335,"ERDUSDT":-20.2561274353,"XRPTUSD":-6.9472059143,"BCPTETH":-2.047078851,"CELRUSDT":-7.2326204625,"ZECETH":-13.7891533904,"LTCBNB":-12.1791871385,"XRPUSDT":-6.2852329854,"HOTUSDT":-2.9648093544,"LUNBTC":-1.8180524037,"RDNBTC":-11.0395499318,"WAVESBTC":-6.508648483,"NASBTC":-16.075134213,"BTTUSDT":-11.9080190216,"NULSBTC":-18.1009632867,"BNBUSDT":6.4519817462,"LSKBTC":-2.4069992001,"BTTBNB":-14.2137418785,"TFUELUSDT":3.829628706,"GTOUSDT":-10.1941934173,"ZECBTC":-12.6984192741,"XMRBTC":-6.3310905688,"PIVXBTC":-18.7872254326,"LINKUSDT":-0.5948788296,"NEOUSDT":-10.5391428731,"WAVESETH":-6.6334910401,"ARNBTC":-17.6176535625,"XRPUSDC":-6.4107151176,"XRPBNB":-7.4611325111,"QTUMUSDT":-12.5771817421,"BATUSDT":-11.6389193917,"TRXETH":-9.575279855,"BCHABCBTC":0.7549546639,"ZRXBTC":-12.4304006683,"ADAETH":-6.0678216623,"DUSKBTC":40.9640603682,"SKYBTC":-8.4372791847,"IOTABTC":-10.8003953638,"USDCPAX":0.3345739214,"BTCTUSD":-7.0367275696,"ETHPAX":-9.3701884457,"ICXBTC":-14.4844962636,"XLMUSDT":-6.4875076434,"ANKRBNB":-17.3880005933,"BRDBTC":-3.2427362391},"startDate":"2019-08-07","endDate":"2019-08-14","numDays":7,