{"data":{"EOSBNB":64.8599106895,"RVNBTC":206.1226829686,"PAXUSDT":442.895324783,"ETCUSDT":923.2830910583,"LTCTUSD":125.5554434089,"DASHUSDT":135.6886412974,"BQXBTC":15.1686414464,"ENGBTC":-59.5922982936,"BATUSDT":81.1358999319,"ZECETH":138.1175253719,"LTCBNB":49.1252823906,"NEOUSDC":153.1211927333,"AEBTC":269.7013213451,"ONEBNB":-0.7408714624,"BCHABCUSDC":716.1517421767,"BTGBTC":30.3552197169,"BCHABCBTC":304.9532638372,"ELFBTC":80.92113306,"USDCTUSD":855.6798235054,"NEOBTC":276.8436084861,"ATOMBTC":182.4934830422,"GXSETH":-44.4473943572,"ARNBTC":59.3360516178,"THETABTC":39.5001177648,"USDSUSDT":574.1255156078,"BNBETH":29.2525834638,"TFUELUSDT":-12.5843553451,"KNCBTC":79.0798708379,"NEOBNB":175.6533777028,"XRPUSDC":259.9274320848,"NULSBTC":-56.7097223467,"VIBBTC":-78.1493497383,"ZRXBTC":31.1108678996,"ETHUSDC":432.9657331767,"HCBTC":65.3029438452,"MATICUSDT":22.7443134588,"DASHBTC":261.1501068672,"FETBNB":-29.3355699943,"ONTETH":27.6122188675,"MFTETH":33.3620456699,"CELRBNB":20.3346173146,"LTCETH":222.315097979,"FETUSDT":-50.5167309812,"XRPETH":302.742855962,"WANBTC":-20.7510474121,"WTCBTC":-16.3570491238,"LTCBTC":132.033173375,"NANOBTC":9.934467575,"ATOMUSDT":130.1424191352,"BTCUSDC":312.2936483035,"ARKBTC":47.3555484238,"XMRUSDT":39.4431189552,"GNTBTC":52.4926531254,"LINKTUSD":383.2091185288,"MDABTC":-14.5171248974,"MTLBTC":-31.2331214983,"ADAUSDT":176.0578365614,"EOSUSDT":384.1731173322,"NEOTUSD":993.3990904715,"ETCBNB":251.3597278827,"XLMUSDT":253.4151927402,"ICXUSDT":147.8373541936,"NEOUSDT":506.6901231088,"ZILETH":109.7916287343,"MCOBTC":3.4241320338,"RVNBNB":121.8272669092,"ZILBNB":-44.3211000471,"HOTUSDT":137.4463580747,"BNBBTC":-14.7598137393,"TRXBNB":131.0589405984,"XLMBNB":49.6449706289,"BNBUSDT":-39.6626983577,"BCHABCUSDT":650.5190323514,"FTMUSDT":79.9907296206,"BRDBTC":-37.3799782044,"BCHABCTUSD":721.424585518,"TRXUSDC":523.4478693193,"USDCUSDT":287.8543082809,"LINKBTC":264.0987944212,"IOTABTC":14.696633678,"BTTUSDT":60.6494265366,"XRPBNB":34.6262658863,"GRSBTC":47.2467824626,"LUNBTC":105.9186166246,"ONTUSDT":239.7820675783,"EOSPAX":377.7413076504,"XMRETH":75.0152036152,"PAXTUSD":779.875744516,"ATOMBNB":107.5374842391,"ICXETH":63.9011984345,"ONEBTC":77.4882056398,"WABIBTC":-11.1140237335,"XRPTUSD":175.6702125786,"LTCPAX":620.5271858091,"SYSBTC":56.7622893241,"CELRUSDT":5.3372240887,"CVCBTC":771.4761766478,"DGDBTC":-70.2816506716,"DENTETH":60.875347723,"ZECUSDT":74.5598114915,"ZRXUSDT":2.0776349244,"MANABTC":41.2779699603,"TUSDUSDT":198.2452371862,"ADATUSD":255.4057754656,"PIVXBTC":98.8205257584,"GVTBTC":-17.8287006468,"RLCBTC":429.690571795,"FUELETH":59.8469630393,"GASBTC":62.2468053442,"ZENBTC":290.0629418317,"LINKUSDC":320.6936310224,"NEBLBTC":191.4634735832,"TRXUSDT":214.3618445708,"IOTABNB":-40.7607101329,"QTUMBTC":479.8305287311,"BATETH":151.3108203669,"DCRBTC":91.1987611434,"AIONBTC":-15.1409877293,"MITHUSDT":-67.0961046462,"TNTETH":-80.4408860052,"VETBNB":113.4753438203,"BCDBTC":298.9075549824,"ARDRBTC":-75.8081929844,"TRXTUSD":476.2392899303,"ONEUSDT":25.4859290312,"IOTAUSDT":71.7796036846,"ZILUSDT":-23.6463385079,"ETCBTC":784.4073798856,"BLZBTC":-22.1915167983,"ETHBTC":214.3673811205,"ADAETH":59.3923295082,"BTCUSDT":533.7230513733,"BTCTUSD":403.7019198101,"ENJUSDT":18.4975660351,"VIBEBTC":-43.5412631634,"LINKUSDT":256.5767923134,"POLYBTC":-8.1873809955,"MATICBNB":31.6238577747,"QTUMETH":123.1549259465,"RDNBTC":-0.9848379228,"ADABNB":-24.7340363519,"OSTBTC":-46.4173655244,"LSKBTC":55.9803304726,"WAVESUSDT":256.0860497753,"NASBTC":262.4829228675,"LINKETH":241.8326653326,"EOSETH":232.4815343882,"EVXBTC":10.0245773115,"ADAUSDC":348.0505410064,"NANOUSDT":13.2987753446,"ASTBTC":-89.4962100002,"HCETH":105.5575683701,"ICXBTC":53.2143238,"POWRBTC":27.1111140646,"XRPBTC":142.1366713657,"VETETH":274.9022133466,"THETAUSDT":24.8666390328,"TRXETH":185.1711656408,"XMRBTC":26.2987504903,"EDOBTC":55.7988042396,"WAVESETH":-23.3288809039,"AGIBTC":57.6939399139,"USDCPAX":507.4736847114,"EOSBTC":274.2895236518,"INSBTC":16.8944832445,"XLMETH":114.0834433172,"WAVESBTC":53.4598761812,"ENJBTC":17.5997905256,"OAXBTC":-55.1303036383,"LTCUSDC":217.6847265463,"STEEMBTC":60.5735761879,"BATBTC":44.4762824855,"BNBTUSD":7.2855330449,"YOYOBTC":-52.0790741099,"VETUSDT":294.8335343973,"XZCBTC":-61.7777125242,"ADABTC":55.9401278606,"LTCUSDT":237.5787336975,"SKYBTC":258.0493531989,"QTUMUSDT":632.1679031696,"XEMBTC":151.2794017239,"ONTBNB":245.3167875368,"BTCUSDS":96.1544390146,"XRPPAX":523.5838516025,"BCPTBTC":-16.0327233849,"LOOMBTC":31.9312375001,"BTSBTC":83.9867359558,"GXSBTC":-56.7422417481,"NAVBTC":-17.0151173839,"STRATBTC":86.2848451051,"ETHTUSD":586.7501991779,"IOSTUSDT":169.5982569957,"ONTBTC":122.644284503,"HOTBNB":6.1366187544,"XRPUSDT":230.1001755423,"NEOETH":284.863935097,"OMGETH":210.1212350677,"OMGUSDT":1445.2741313892,"TRXXRP":224.726868928,"ETHUSDT":478.0885775064,"FTMBTC":42.6140063968,"PPTBTC":235.9844196465,"REPBTC":383.1612150599,"VIABTC":64.3166411325,"BCHABCPAX":147.5320960946,"BTCPAX":374.4701612116,"MATICBTC":192.9284292108,"BNBPAX":-8.6013826904,"BNBUSDC":59.1602350581,"XLMBTC":193.4933025016,"ZECBTC":103.7206604895,"BTTBNB":92.809117979,"EOSUSDC":576.6926113769,"NULSUSDT":-18.9621975197,"MITHBTC":-80.2266329963,"RCNBTC":-71.3520637231,"FETBTC":-8.4465966126,"APPCBTC":80.8419879957,"KMDBTC":82.1648698713,"EOSTUSD":453.3153279573,"DLTBTC":-19.2008362057,"ETHPAX":1350.5199101729,"OMGBTC":437.5487189089,"IOTAETH":30.4642838531},"startDate":"2019-06-20","endDate":"2019-06-28","numDays":7,