{"data":{"LTCBNB":-12.377340072,"GTOETH":-17.0528193024,"BCHABCUSDT":-9.4152061721,"NEBLBTC":-20.3942985179,"NANOBNB":-0.6509091148,"ZECBTC":-14.0767384635,"ETHUSDC":-11.5407103795,"ONGUSDT":-22.9464180548,"BTGBTC":-16.121745128,"RVNBTC":-8.017775937,"LTCETH":-13.3864371911,"LTCUSDT":-9.8274698601,"ETCUSDT":-12.2829744276,"HOTUSDT":-11.3887937123,"CMTBTC":-22.4865530171,"VIBEBTC":-6.1003661703,"IOTAUSDT":-15.8918398354,"EVXBTC":-13.8855683064,"BCDBTC":-13.2013974306,"GASBTC":-19.6064209413,"APPCBTC":-20.309162144,"LINKUSDT":-9.9693135692,"XMRBTC":-9.62609191,"ONTETH":-23.7190676023,"FETBTC":-21.3063194688,"LUNBTC":-13.8979903735,"REQBTC":-24.4382062054,"OMGUSDT":-20.3077304267,"GVTBTC":-9.455761065,"ICXETH":-4.3432494404,"ONGBTC":-24.9239071028,"ETHBTC":-11.2177416812,"BCHABCTUSD":-11.5245116438,"XRPETH":-15.2531049843,"ADAETH":-15.9635810363,"TUSDUSDT":2.7347578431,"XRPBTC":-15.1331540967,"VETUSDT":-14.6742380607,"ETHPAX":-8.2807676629,"NASBTC":-23.5756977637,"XRPTUSD":-14.0464568235,"GTOBTC":-14.7756761268,"BTTUSDT":-188.6248103691,"BCHABCPAX":-9.7857899132,"MTLBTC":-11.4385067319,"NANOUSDT":1.600268929,"MITHBNB":-26.4640776268,"QKCBTC":-28.5161442832,"PPTBTC":-16.8375048761,"BNBUSDC":3.9795284761,"BTTBNB":-14.4613480794,"ADXBTC":-12.2079633672,"XRPUSDT":-11.6578799636,"DASHBTC":-11.7963370814,"NEOUSDT":-11.3730378073,"PIVXBTC":-29.6571015589,"BATBNB":10.3452030267,"BTCUSDC":-2.1294861327,"IOSTETH":-19.819272377,"KNCETH":-14.6851415542,"FETUSDT":-18.5789836656,"XZCBTC":-18.6296992285,"ARNBTC":-18.3183526584,"POWRBTC":-11.2337199808,"BNBPAX":5.9763471883,"ZECUSDT":-10.890184883,"USDCTUSD":-0.3513619376,"EDOBTC":-19.9205292694,"QTUMBTC":-20.8017457952,"NULSUSDT":-10.0689587366,"DASHETH":-12.0045959912,"NASETH":-24.394332681,"BNBETH":2.0719119239,"USDCPAX":2.5756701338,"LTCTUSD":-13.1583642767,"TRXBNB":-14.1587341776,"NULSBTC":-11.7900235413,"DGDBTC":6.4242722661,"ASTBTC":-10.0836268357,"WAVESETH":-18.9846441653,"TRXUSDT":-10.9686047869,"BATETH":7.6751620983,"ELFBTC":-8.24285542,"MCOBTC":-0.8652115812,"LOOMBTC":-22.2644926594,"ZILUSDT":-18.1121197839,"BCPTBTC":-2.951160223,"TRXXRP":-13.6962842549,"DLTBTC":-20.1270236173,"THETABTC":-25.812438468,"WTCBTC":-3.9549944832,"ENJUSDT":-9.5763483081,"FETBNB":-19.8153045568,"LINKBTC":-13.571861157,"HCBTC":-22.0670014632,"POABTC":-24.7612900774,"LTCBTC":-13.6262320601,"RVNBNB":-6.2496460735,"XMRETH":-9.1788582437,"WABIBTC":-1.9731434588,"NEOETH":-15.6068286726,"NANOETH":-2.5212959541,"WABIETH":-2.5836145001,"GNTBTC":-17.4738356351,"KNCBTC":-14.1721470187,"DASHUSDT":-7.7550314515,"QTUMUSDT":-17.7816494968,"GXSBTC":-17.7992663323,"EOSTUSD":-18.4840209291,"EOSBNB":-16.1339918611,"ONTUSDT":-20.3669638766,"MITHBTC":-27.5513341056,"ADAUSDT":-11.780521222,"THETAUSDT":-22.9648577284,"VIABTC":-19.2361289115,"VETBNB":-17.0865971552,"DCRBTC":-7.5370918356,"MTHBTC":-31.6889046856,"NEOBNB":-16.0704293811,"EOSETH":-17.2273373098,"TRXETH":-15.3146389564,"BCHABCBTC":-12.9490432562,"BATBTC":8.9645095155,"STRATBTC":-23.4476786188,"OAXBTC":-17.4189960764,"REPBTC":-2.9119398343,"RDNBTC":-17.0639172991,"XRPUSDC":-14.1297000002,"ENJBNB":-10.5044634977,"BNBUSDT":8.083231476,"PAXTUSD":-0.3147915762,"BNBTUSD":2.957959335,"ENGBTC":-16.1274404588,"EOSBTC":-17.2651098102,"EOSUSDC":-16.8372366522,"BTCTUSD":-1.9628405492,"OMGBTC":-23.2554541702,"KMDBTC":-14.552379376,"WABIBNB":-1.1214873571,"XLMETH":-17.0748661871,"BLZBTC":-26.4514739539,"NEOBTC":-15.0090376312,"RLCBTC":-11.4061242066,"LRCBTC":-22.3857589175,"CVCBTC":-17.137979883,"ETCBTC":-15.2788060782,"XLMBTC":-16.768425511,"WAVESBTC":-18.0316544965,"XLMUSDT":-13.4829579393,"ZENBTC":-3.8721526031,"SKYBTC":-18.4612436591,"VETETH":-18.0598665577,"ONTBTC":-23.2431337676,"XRPPAX":-10.0799194562,"NANOBTC":-1.9704940894,"BTSBTC":-18.1670913463,"XEMBTC":-11.677828949,"AGIBTC":-22.6488635984,"CELRUSDT":-26.6391423233,"BNBBTC":2.8690745731,"INSBTC":-14.6594634668,"XLMBNB":-15.9774606518,"GRSBTC":-18.674507312,"LTCUSDC":-12.1117934067,"EOSUSDT":-13.8154306692,"MDABTC":-20.7962991494,"ONTBNB":-23.0777890219,"IOTABTC":-19.1598545094,"ADATUSD":-14.7260260862,"LSKBTC":-15.3440169067,"BATUSDT":13.3863376596,"POLYBTC":-24.5216853165,"PAXUSDT":2.4943433623,"ZILETH":-21.3802689187,"BRDBTC":-13.2580898981,"XMRUSDT":-6.7927215166,"BTCPAX":1.208916023,"FUELETH":-18.0806609339,"ARKBTC":-13.6115465831,"DGDETH":5.169483974,"WAVESUSDT":-14.7764168309,"BTCUSDT":1.8211110056,"AMBBTC":-31.2731502621,"ADABTC":-15.3603641394,"USDCUSDT":2.5522587017,"AEBTC":-17.4009166179,"ADABNB":-13.5711458083,"VIBBTC":-13.5154122509,"ICXBTC":-3.5468924105,"WANBTC":-19.550841093,"ZRXBTC":-19.2537210305,"ZRXUSDT":-16.5267781821,"ICXUSDT":0.0894762534,"ETHUSDT":-7.9893099313,"XRPBNB":-15.0135067545,"STEEMBTC":-19.9649080726,"ENJBTC":-12.0829144741,"QKCETH":-29.3276972696,"STORJBTC":-22.8811945022,"MANABTC":-13.0755304468,"ENJETH":-13.2453765883,"MFTETH":-27.1102009102,"IOSTUSDT":-16.1636362496,"ETHTUSD":-10.7458533418,"AIONBTC":-14.5382105777,"BQXBTC":-20.9301823398},"startDate":"2019-04-19","endDate":"2019-04-26","numDays":7,"excludedPairs":["RCNBTC","BCHSVPAX","RDNBNB","BTSETH","BCHSVUSDC","GRSETH","LINKETH","SYSETH","NEOTUSD","POAETH","BRDBNB","ZILBTC","LOOMETH","SALTETH","ZECPAX","TNTBTC","PHXETH","HSRETH","STEEMBNB","ICNBTC","APPCBNB","PHXBNB","WPRBTC","DENTETH","LINKPAX","SYSBTC","SKYBNB","VIAETH","BCHSVUSDT","XLMPAX","WTCETH","TRIGBNB","AMBETH","HOTBTC","MANAETH","WTCBNB","STORMBTC","MODBTC","FUELBTC","LINKTUSD","NULSETH","TRXUSDC","NXSBNB","OMGETH","OSTETH","WINGSBTC","BLZETH","RLCETH","USDCBTC","ZILBNB","SKYETH","EOSPAX","XLMUSDC","WAVESTUSD","MDAETH","PAXETH","USDSUSDC","IOTXBTC","RPXETH","TRXTUSD","MTLETH","BCPTETH","CMTETH","IOSTBNB","GVTETH","ETCETH","OAXETH","RCNETH","LUNETH","XMRBNB","MFTBTC","EDOETH","YOYOBTC","PAXBTC","NULSBNB","ZECTUSD","GXSETH","ETCBNB","BCCUSDT","LRCETH","CLOAKETH","CVCETH","VENBTC","QSPETH","CHATBTC","MFTBNB","DNTBTC","BCDETH","YOYOETH","BQXETH","XZCBNB","VIBEETH","FUNBTC","SNTBTC","BCHSVBTC","XZCETH","ZENETH","IOTABNB","ENGETH","GTOBNB","WPRETH","SUBBTC","BNTETH","ICXBNB","QLCBTC","GNTBNB","REPBNB","MODETH","XVGETH","SALTBTC","SNGLSETH","NAVBNB","TRIGBTC","QLCETH","EVXETH","DNTETH","ARNETH","SCETH","HCETH","BCHABCUSDC","CDTBTC","INSETH","SNTETH","CELRBNB","TRIGETH","IOSTBTC","ZRXETH","XZCXRP","BCCBNB","ARKETH","DASHBNB","TRXBTC","MTHETH","CLOAKBTC","APPCETH","POABNB","XEMBNB","PPTETH","TUSDBNB","NASBNB","KEYETH","DLTETH","HOTETH","USDSPAX","LENDETH","SCBNB","MCOBNB","LOOMBNB","ZENBNB","ADAUSDC","KMDETH","NEOUSDC","ZRXBNB","XLMTUSD","RDNETH","GOBNB","BNBUSDS","ARDRBTC","RENBTC","POLYBNB","QLCBNB","NCASHBNB","BTTBTC","POWRBNB","LINKUSDC","STRATETH","WINGSETH","ZECETH","BTTPAX","CDTETH","AEBNB","USDSTUSD","NEOPAX","CNDETH","SYSBNB","TNTETH","OSTBTC","CHATETH","LTCPAX","VIBETH","VETBTC","GOBTC","ZECBNB","LSKETH","WANETH","BCNETH","ASTETH","DOCKETH","LENDBTC","VIABNB","MCOETH","PAXBNB","BLZBNB","OMGBNB","WANBNB","RLCBNB","POEETH","RENBNB","BCPTBNB","NCASHBTC","XVGBTC","BNTBTC","STORMBNB","ONGBNB","ADXETH","VENUSDT","OSTBNB","TUSDBTC","BTCUSDS","THETABNB","SUBETH","PIVXBNB","USDSUSDT","CNDBTC","GNTETH","AGIETH","IOTXETH","STORJETH","BTTTUSD","BCHSVTUSD","CNDBNB","WAVESUSDC","DENTBTC","QSPBTC","RPXBNB","BTGETH","HSRBTC","ZECUSDC","LSKBNB","MITHUSDT","REQETH","ARDRBNB","SNMBTC","TUSDETH","STEEMETH","SCBTC","USDCBNB","XEMETH","HOTBNB","IOTAETH","NAVETH","NCASHETH","REPETH","KEYBTC","BCNBNB","BCCBTC","QTUMETH","YOYOBNB","QTUMBNB","TNBBTC","CELRBTC","TRXPAX","DOCKBTC","CMTBNB","THETAETH","BTTUSDC","BCCETH","BCNBTC","SNGLSBTC","NXSETH","POWRETH","SNMETH","DLTBNB","NEBLBNB","NEBLETH","RPXBTC","AGIBNB","NPXSBTC","NPXSETH","PHXBTC","NAVBTC","VENETH","FUNETH","BTSBNB","TNBETH","ADAPAX","AMBBNB","ADXBNB","DCRBNB","NXSBTC","QSPBNB","DATAETH","WAVESPAX","AEETH","ELFETH","DATABTC","CVCBNB","PIVXETH","WAVESBNB","STORMETH","POEBTC","RCNBNB","AIONBNB","VENBNB","BRDETH","ICNETH","AIONETH","ARDRETH"]}