{"data":{"NPXSUSDT":-8.7285223368,"RDNBTC":-8.9677873779,"MCOBTC":-5.0814392914,"ZECETH":-8.5088888865,"ETHUSDC":-3.8781291197,"WINUSDT":-9.6998364868,"BTCTUSD":4.0041476298,"PERLBNB":-25.3706120862,"NANOUSDT":-3.4772696576,"NEOBTC":-3.3114968564,"ICXBTC":-6.8934669544,"ATOMBNB":-14.5968375483,"TRXUSDC":-9.3002234393,"BNBTUSD":-11.2787800752,"NULSBTC":-6.3307699395,"LTCETH":-5.1097496663,"HOTUSDT":-6.3549132403,"MTHETH":-14.0694004402,"LTCTUSD":-5.2510577094,"BTCUSDS":3.9168737896,"ICXUSDT":-7.5651857229,"XMRBTC":-4.7102841489,"HCBTC":-1.6216222377,"ENJETH":11.2237013118,"PAXUSDT":-0.2215782515,"ARKBTC":-1.9304066232,"WANUSDT":-15.9563366405,"DASHUSDT":-9.604842143,"ETCETH":-4.6733236532,"VIABTC":-19.4251758729,"XZCBTC":-14.7649065037,"ETHUSDT":-4.3054857087,"BNBUSDC":-11.2210678091,"EOSPAX":-4.7182112755,"TRXETH":-9.4116452128,"ALGOBTC":-28.7378053116,"GNTBTC":-2.4712790266,"NEOETH":-3.2064337346,"TOMOBTC":-23.4016608826,"NASBTC":-4.4001637114,"BNBPAX":-11.2478301874,"PAXTUSD":0.0326340096,"BCHABCBTC":-2.419303591,"QKCETH":-6.7171129997,"ONTUSDT":-6.5612690548,"TFUELUSDT":-18.8401354972,"RENBNB":-26.5324719455,"IOTAUSDT":-4.8784587527,"NANOBTC":-3.0586907915,"XMRBNB":-4.9165574266,"IOTAETH":-4.988105175,"INSETH":32.3764249032,"TUSDUSDT":-0.2977937816,"NEOUSDT":-3.7479697445,"RLCBTC":-15.8521813842,"ETCBTC":-5.2523651509,"LTCBNB":-5.1752981219,"XMRUSDT":-5.3104537671,"LTCBTC":-5.0863415714,"BTGBTC":-12.6360929198,"BNBBTC":-11.0358329556,"XLMUSDT":-7.6644464658,"BCHABCPAX":-2.6548779491,"MITHUSDT":-13.3207622511,"KMDBTC":-10.367790939,"MATICBNB":-2.6765498292,"BATBTC":-1.3817696594,"ALGOBNB":-28.511891145,"ENJBNB":10.7064240327,"ZILETH":-10.6084668834,"FETUSDT":-17.8296804043,"VETUSDT":-4.9678845392,"EOSBTC":-4.7655458158,"DOGEUSDT":-1.7179808158,"USDCTUSD":0.0061206214,"WINUSDC":224.6001922573,"STRATBTC":-0.4835847816,"WAVESBTC":-8.5021404162,"MTLETH":-3.6014773578,"DCRBTC":5.3489292788,"INSBTC":29.7274802007,"NEOBNB":-3.4759298371,"BCHABCUSDT":-2.5388270838,"HOTBNB":-5.8155119498,"IOTABTC":-4.8178190346,"OMGBTC":-8.2259106383,"IOSTUSDT":-13.2023572323,"ZECUSDT":-8.8241950044,"ATOMUSDT":-15.1638089447,"GRSBTC":-6.4002133111,"EOSETH":-4.6086889506,"BCDBTC":-9.2866764809,"GVTBTC":-11.1247828715,"DASHBTC":-9.2301796545,"BATUSDC":-1.3157748456,"XLMETH":-7.2406935385,"TOMOUSDT":-23.7731150667,"LSKBTC":-3.9392771109,"XRPTUSD":-2.138878091,"BNBUSDT":-11.5075611753,"BTTUSDT":-12.0706864109,"DUSKBTC":-23.1822234665,"ZENBTC":-9.1641024432,"MTLUSDT":-6.4407932066,"WANBTC":-16.8681803249,"ONTBTC":-6.2326668276,"ATOMBTC":-14.6238415511,"ARNBTC":-7.9192234002,"RENBTC":-27.7780835928,"THETAUSDT":-13.7430294251,"LINKETH":-10.5339910809,"BCHABCTUSD":-2.6844837805,"XRPBNB":-2.1476892216,"QTUMBTC":-12.9143452932,"BRDBTC":-9.8371667076,"NULSUSDT":-6.8727346411,"WANETH":-17.7768440444,"WANBNB":-16.1435057023,"EVXETH":-13.7762549866,"ERDBNB":-11.5164576232,"XRPUSDT":-2.435416582,"DENTUSDT":-4.4067448077,"LINKTUSD":-10.9950792087,"XRPPAX":-2.3759725449,"CELRBNB":-20.6816964754,"QTUMUSDT":-13.0737921988,"ETHTUSD":-3.6818088,"ONEBNB":-13.1983416061,"ADAUSDC":-5.8508513489,"ETCUSDT":-5.0659131137,"COSUSDT":-14.3159593328,"ZECBTC":-8.5450474695,"LINKBTC":-10.2807391387,"LUNBTC":-14.8423732221,"ETHBTC":-4.0079757353,"ICXETH":-7.304332837,"GXSBTC":-4.9528059719,"ANKRUSDT":-14.4630240869,"USDCUSDT":-0.2443954344,"WABIBTC":42.8597042549,"BATBNB":-1.5818925252,"GASBTC":-13.8120404085,"STEEMBTC":-6.1736641369,"PIVXBTC":3.747261543,"OMGUSDT":-8.6049299668,"WTCBTC":-12.2182557912,"SKYBTC":-21.3847740134,"XLMBNB":-7.1649680263,"MATICUSDT":-3.0964365565,"AEBTC":-14.5376669098,"PPTBTC":-16.9130700233,"EOSUSDT":-4.8810493057,"LINKUSDC":-10.0995044851,"WAVESUSDT":-8.5974720008,"WAVESETH":-8.7250420991,"ADAETH":-6.5159531782,"ETHPAX":-4.4793435578,"COSBNB":-13.9864785922,"ETCUSDC":-3.8037350542,"DUSKBNB":-22.8499482593,"ZRXUSDT":-0.4092159721,"ONEUSDT":-13.5509521065,"COCOSUSDT":-17.7127106011,"BATUSDT":-1.113050911,"EOSBNB":-4.8839245608,"XRPETH":-1.9014914129,"BTCUSDT":3.6491767468,"MDABTC":-12.4245826829,"TRXXRP":-9.0299733316,"FTMBNB":0.669516981,"TRXUSDT":-9.7187803897,"ZILUSDT":-10.7170803863,"EVXBTC":-13.7560296462,"EDOBTC":-20.5837634597,"ALGOUSDT":-28.8872528329,"ICXBNB":-6.7077283148,"TRXBNB":-9.344635745,"ADAUSDT":-6.5852604891,"ADABNB":-5.8774732907,"ERDUSDT":-12.2734401865,"USDCPAX":-0.2876523811,"BATETH":-1.6152463489,"QTUMETH":-12.6646075431,"BCHABCUSDC":-2.2256055339,"CELRUSDT":-21.0067164536,"COCOSBNB":-18.6245943548,"LINKUSDT":-10.7402320327,"LTCUSDC":-5.5404063083,"DOCKUSDT":-31.1873938466,"BNBETH":-11.3162511741,"PERLBTC":-25.8470681164,"EOSUSDC":-4.0951739514,"REPBTC":-4.8482039201,"OMGETH":-8.1732538032,"LTCUSDT":-5.7196933649,"MTLBTC":-3.8516925831,"DASHETH":-9.1210153062,"FTMUSDT":-0.4177614821,"RVNBNB":-12.5663797467,"XMRETH":-4.8153561887,"EOSTUSD":-3.9334043301,"THETAETH":-11.4872943252,"BTCUSDC":4.1585803598,"KNCBTC":-10.5386426358,"XRPBTC":-1.9985770999,"BTCPAX":3.6804976895,"DUSKUSDT":-23.1317776867,"ENGBTC":-10.0461486108,"PERLUSDT":-25.4588205218,"NEBLBTC":-6.0318929175,"XRPUSDC":-1.6492959568,"OAXBTC":-24.1883750546,"ETCBNB":-5.1384691502,"LTCPAX":-5.7695101941,"THETABTC":-12.5602928922,"WABIETH":40.7788470991,"ENJUSDT":9.1911042362},"startDate":"2019-08-28","endDate":"2019-09-04","numDays":7,