{"data":{"DASHUSDT":-8.4524444511,"DUSKBNB":51.1962130054,"ETCUSDT":-3.1372413558,"BTGBTC":-8.1173530673,"NULSUSDT":-20.4439161385,"WANBTC":-6.6831426709,"CELRBNB":-22.7483995905,"THETAUSDT":-7.4880151321,"BCDBTC":-0.8792613159,"BATUSDT":-18.9453544994,"GRSBTC":-13.4835824755,"LINKUSDT":-0.8968053602,"XMRBNB":-14.6665330477,"LINKTUSD":-2.0953180314,"DASHBTC":-9.2175240036,"ENJETH":-12.5696623321,"PAXTUSD":0.0212873411,"ETHBTC":-14.2291458058,"TUSDUSDT":0.2794065772,"LTCBTC":-13.4391696155,"BNBUSDT":-4.4021241748,"EOSPAX":-12.1986841278,"WINUSDC":-6.2661108978,"BNBTUSD":-5.7062684917,"ZILBNB":-10.7116753703,"ONEUSDT":-17.9399190438,"ALGOBNB":11.8382574563,"BRDBTC":8.1188386663,"NANOUSDT":-7.6636493248,"ICXBTC":-16.5487996477,"ONTBTC":-13.5124461391,"FTMBNB":-26.1980076066,"MTLBTC":-4.9145336868,"XLMETH":-8.6359550473,"MITHUSDT":-11.1029343688,"NULSBTC":-21.9553801943,"XRPBTC":-14.7105275247,"VIABTC":-9.1541264551,"ADAUSDT":-5.1815972726,"BTCUSDC":-13.3269207869,"GXSBTC":-34.8206907136,"DCRBTC":-17.4536202504,"BTTUSDT":-14.9079055885,"DUSKUSDC":48.0147025037,"NXSBTC":-6.6870015418,"OMGUSDT":-16.8116638595,"XMRETH":-13.5979523896,"ANKRUSDT":-23.9396031338,"NAVBTC":5.424881994,"WAVESETH":-8.2234153217,"DUSKBTC":43.6532995457,"MATICUSDT":-11.6707957465,"BTCUSDS":-12.6657632437,"GVTBTC":-12.6258983468,"QTUMUSDT":-14.7109994903,"BCHABCUSDT":-3.6580113249,"THETAETH":-5.6229743855,"ICXUSDT":-15.7186927649,"XRPPAX":-15.3339362806,"EOSBTC":-11.4836911113,"LINKUSDC":-2.3388181372,"IOTABTC":-13.7681922976,"ENGBTC":-19.7051704624,"COSBNB":-22.4959123156,"PPTBTC":-19.8190691714,"BRDBNB":4.2867344782,"MATICBNB":-13.3630007819,"XRPUSDC":-14.3671210964,"RENBNB":-22.9844103014,"LINKETH":-1.353054602,"BCPTETH":-10.8085721256,"NANOETH":-6.2657388558,"IOSTUSDT":-19.9994056695,"ADATUSD":-5.2427981234,"EOSBNB":-12.64415287,"DASHETH":-8.0146261873,"BTTBNB":-17.4447508404,"MCOBTC":-12.4331714634,"ZECBTC":-15.919879,"BCHABCBTC":-4.4602633555,"ZRXUSDT":-14.3412421542,"XLMUSDT":-9.5821756236,"DGDBTC":-13.3567402214,"XMRUSDT":-13.8258306644,"ADAETH":-5.1472589696,"LINKPAX":-1.5906895229,"HCBTC":-13.4684539441,"TRXBNB":-14.4763790409,"ANKRPAX":-27.5592845796,"WINUSDT":-4.8565725068,"BNBETH":-4.6184971732,"XMRBTC":-14.5899221961,"OMGBTC":-16.7909751734,"WAVESBTC":-9.2115411076,"TRXXRP":-15.6800572798,"ETHUSDT":-14.2630438823,"NANOBTC":-7.7559364468,"ONTETH":-12.5693516476,"BCHABCTUSD":-4.8440270583,"ETHUSDC":-13.8922025893,"ZECUSDT":-14.3521694619,"CELRUSDT":-20.7874048134,"LTCUSDT":-12.8957044309,"USDSUSDT":0.2697979096,"THETABTC":-6.9891659828,"HOTBNB":-9.3042667715,"ALGOUSDC":15.0577818385,"BATBNB":-21.7746016146,"HOTUSDT":-7.1090642663,"BTCPAX":-12.5526989712,"XRPETH":-12.396084928,"XLMBNB":-10.1928477246,"EOSUSDT":-10.4404982033,"TRXETH":-14.0524694028,"ATOMBTC":-13.5892132257,"ZILETH":-10.5238935632,"VETUSDT":-9.8446672954,"ENJUSDT":-12.2698086365,"NEBLBTC":-15.0818653128,"ETHTUSD":-14.6716234451,"WINBNB":-7.2088873962,"EVXBTC":-6.3922513437,"ZENBTC":-23.1828342442,"GASBTC":-16.6237946709,"BTCUSDT":-12.6533202354,"ERDUSDT":-19.0830104342,"BCHABCPAX":-3.3141599878,"XRPUSDT":-13.9381936189,"EOSUSDC":-11.7374764839,"FETUSDT":-12.6472962356,"PIVXBTC":-16.7917906992,"ENJBTC":-12.7500616907,"OMGETH":-16.6037781928,"PAXUSDT":0.2765648275,"LTCBNB":-14.2408165163,"NASBTC":-24.8999149637,"WTCBTC":-9.2205383093,"ONTUSDT":-13.2402848254,"ALGOUSDT":12.8928644862,"ZECETH":-14.6532453553,"ALGOBTC":13.1433458811,"XZCBTC":-13.6308768775,"ANKRBNB":-22.8881199727,"VETETH":-9.0352258224,"ZRXETH":-14.3482267266,"ICXETH":-15.7568599702,"BNBUSDC":-5.8630050216,"BNBPAX":-4.2453907012,"QTUMBTC":-15.8071925484,"USDCUSDT":0.2791080842,"KMDBTC":-6.8337651569,"LTCTUSD":-14.123001852,"STRATBTC":-15.8328125014,"RDNBTC":-11.9475083857,"ATOMBNB":-14.7149688596,"TRXUSDT":-13.7285546524,"NEOBTC":-12.9999915714,"ONEBNB":-16.9152418035,"ICXBNB":-18.5848213776,"ETHPAX":-16.0743533471,"EDOBTC":-16.8645974895,"BTCTUSD":-13.6566728582,"NEOETH":-12.9206605052,"ARNBTC":-22.2420945252,"ELFETH":-15.8637672812,"IOSTETH":-21.3704580638,"ERDBNB":-22.628220458,"IOTAUSDT":-13.3721151132,"AEBTC":-16.4831826732,"STEEMBTC":-9.232129643,"TFUELUSDT":-2.6844321162,"GTOUSDT":-10.1585659162,"NEOBNB":-13.2705248056,"RVNBNB":-12.2026719817,"ENJBNB":-14.3351026761,"BCPTUSDC":-14.2560256165,"TRXUSDC":-15.1566708352,"SKYBTC":-20.5629667286,"LTCUSDC":-13.848361743,"VETBNB":-13.8920515251,"ATOMUSDT":-13.6542169062,"BATETH":-18.9349169486,"WAVESUSDT":-8.23547912,"BNBBTC":-5.0449039399,"ADAUSDC":-5.1543307102,"USDCTUSD":0.0157526252,"BCHABCUSDC":-4.3659209592,"ZILUSDT":-10.1424968783,"XRPTUSD":-14.2563667281,"RLCBTC":-22.1576316253,"IOTAETH":-13.1477487467,"LTCETH":-13.222045459,"EOSETH":-11.6844120731,"ANKRUSDC":-24.8065203996,"DUSKUSDT":47.4467028324,"FTMUSDT":-24.7172324471,"NEOUSDT":-13.0729289164,"REPBTC":-10.2295221358,"ARKBTC":-24.004815589,"COSUSDT":-24.032020855,"XRPBNB":-14.4154270327,"MDABTC":-9.3781561428,"LSKBTC":-9.0948988723,"LRCETH":-1.1997488883,"ZECBNB":-15.161792314,"LINKBTC":-1.7454012397,"LUNBTC":-12.2505315282,"ETCBTC":-3.1654525587,"DOGEUSDT":-6.7311308449,"LTCPAX":-13.3761358786,"USDCPAX":0.2629782291,"ADABNB":-6.5343821115,"ETCETH":-2.2991096447},"startDate":"2019-08-08","endDate":"2019-08-15","numDays":7,