{"data":{"ADATUSD":14.6981865429,"OMGBTC":13.7538533123,"EVXBTC":6.6645765591,"VIABTC":100.4340930635,"SKYBTC":-9.9129265108,"LINKTUSD":17.957707348,"NEOETH":4.7023675542,"BNBBTC":28.2994298357,"BTTBNB":3.3700927449,"TUSDBTC":-0.1011285212,"ADABNB":16.3340939333,"APPCBTC":13.2531116465,"ICXETH":23.2791258107,"LINKUSDT":17.1204155453,"LOOMBTC":15.7012580692,"WANBTC":43.3672984288,"GASBTC":9.4427970987,"BATBNB":15.8805350016,"TRXXRP":1.2445091611,"NULSUSDT":22.6995752906,"LINKBTC":16.8974989149,"NEOTUSD":5.0480951033,"ICXBNB":24.8844873466,"RVNBNB":8.6727266614,"ARNETH":23.7401970473,"TNBETH":17.3034207691,"BCPTBTC":27.8991487233,"BNBUSDT":29.5267226623,"NXSBTC":30.1974288006,"WTCBTC":8.2948226336,"DCRBTC":3.1214527467,"XLMETH":24.7129654221,"FUELETH":18.3961008167,"WAVESBTC":2.6009487213,"BNBETH":28.6640926482,"THETABTC":33.8712257824,"XLMTUSD":24.2962521898,"VETUSDT":9.1413831986,"ARKBTC":20.0296953602,"PHXETH":-12.3877006521,"BNBUSDC":29.3590994233,"BCDBTC":0.2218834007,"ONTBNB":13.4359531403,"MITHBTC":28.5454212788,"EOSTUSD":8.5241670546,"MDAETH":59.6167399774,"AIONBTC":15.4913473019,"BCHABCBTC":3.5652561288,"XRPBTC":1.886798698,"TRXUSDT":1.9127253604,"DLTBTC":6.554513885,"KNCETH":70.1162733908,"LTCBNB":20.7532275993,"ENJBTC":136.7633865213,"USDCTUSD":0.0088257394,"NEOUSDT":4.8819310573,"ARNBTC":26.8847373863,"BCHSVUSDT":3.6359344593,"BNTBTC":21.6159537492,"LTCPAX":19.357272222,"QTUMBTC":5.1624088539,"ENGBTC":28.5160563516,"XRPBNB":2.546930593,"BQXBTC":15.6762253512,"ETHUSDC":5.4073132597,"BTCUSDT":3.9185738817,"XZCBTC":5.870988374,"ADAETH":15.6936858527,"LTCUSDT":19.7383717295,"ONTBTC":12.7235952146,"PAXUSDT":0.2367049871,"XRPUSDT":2.3574456823,"POWRBTC":16.0041013796,"GNTBTC":12.0949597969,"IOTABTC":1.5486874876,"ENJBNB":139.9986237507,"STORJBTC":47.1854252744,"NAVBTC":27.2985660739,"RLCBTC":-2.8806194138,"DASHBTC":3.8976882226,"EOSETH":9.0700833347,"MFTETH":5.4544753685,"LSKBTC":6.2377966155,"ZECBTC":1.6933005656,"EOSUSDT":9.2630184981,"FETUSDT":-29.9660265379,"BCHABCUSDT":3.9790693123,"BLZBTC":8.1578304615,"EOSBTC":9.1216565359,"MTLBTC":7.2856247068,"LINKUSDC":19.5110951135,"BNBPAX":29.6941933094,"ETHBTC":4.9790776905,"USDCUSDT":0.1844945558,"HOTBNB":3.067401403,"ONTETH":13.4264806526,"KNCBTC":66.1332857959,"EOSPAX":9.9344737458,"INSBTC":-1.033125188,"REPBTC":17.4410971718,"PPTBTC":-3.7752634016,"LRCBTC":14.4404648869,"RVNBTC":7.7765809279,"WABIBTC":25.074452879,"PAXTUSD":0.0129117732,"ZRXUSDT":13.0627429789,"NEOBTC":4.346033014,"AEBTC":2.1760972151,"NEOBNB":4.9612514193,"ELFBTC":22.8321161054,"HCBTC":13.7946748671,"BATUSDT":14.7963394334,"LTCTUSD":19.5039325823,"TUSDBNB":-0.0358900318,"ADXBTC":20.7505495751,"TUSDUSDT":0.2048094927,"THETABNB":34.950471141,"ENJETH":136.8087609959,"ETCUSDT":3.7903828189,"TRXETH":1.626239927,"BATBTC":14.5956828585,"EOSUSDC":9.1967489836,"EOSBNB":10.169013079,"USDSPAX":0.250313474,"LTCUSDC":19.435944065,"NANOBTC":9.6241111967,"MCOBTC":24.1982157773,"WAVESUSDT":3.7722035087,"XRPETH":2.3053940821,"ZILETH":7.7518917564,"BATETH":15.6730010285,"TUSDETH":0.0697339791,"KMDBTC":4.725451656,"NEBLBTC":12.1829724456,"ONGUSDT":-1.0675989434,"WANETH":43.5263016037,"POLYBTC":10.2195600841,"LINKETH":16.9633742346,"HOTUSDT":4.3451072353,"OAXBTC":7.7027537669,"TRXTUSD":1.8935716345,"VETETH":8.7666563762,"QTUMUSDT":5.98332068,"STRATBTC":5.9720990477,"RDNBTC":14.3579541851,"BNTETH":22.6196709639,"ICXBTC":23.3510432837,"ONGBTC":-1.6628501695,"ETHPAX":5.2735080207,"XLMUSDT":24.1573881579,"LTCBTC":19.3183551583,"ETCBTC":3.3075972991,"LUNBTC":21.9545337492,"XRPPAX":2.3551504092,"OMGETH":14.081933215,"PIVXBTC":1.5936473773,"ZRXBTC":13.1931874436,"GXSBTC":36.5519627811,"GRSBTC":145.8358318119,"USDCPAX":0.2291471959,"FETBNB":-27.098777769,"XLMBNB":24.6921401311,"XLMBTC":24.0956515602,"THETAETH":34.0654142313,"XLMUSDC":24.9084562046,"BCHSVBTC":3.3531140105,"DGDBTC":4.3753687747,"BCHABCTUSD":3.1513784016,"NULSBTC":21.0791333952,"ETHUSDT":5.5085367887,"FETBTC":-29.1624485412,"IOTAUSDT":1.7926988816,"NASBTC":35.5085385923,"ADAUSDT":15.5432708587,"BTTUSDT":4.1714826101,"BTGBTC":5.1785977527,"XRPTUSD":2.1410845701,"LOOMETH":15.1594291426,"XMRBTC":3.2693192569,"GVTBTC":1.9317406915,"TRXBNB":2.0291724669,"LTCETH":19.4852700705,"ICXUSDT":24.1077758328,"ZILUSDT":7.5647442953,"BTCPAX":3.7752173511,"BTCUSDC":3.4909142341,"MDABTC":55.396512984,"STEEMBTC":35.0063714234,"ONTUSDT":13.1936451114,"BRDBTC":41.6659169445},"startDate":"2019-03-05","endDate":"2019-03-12","numDays":7,"excludedPairs":["AIONETH","RCNBNB","ETCETH","CDTETH","AGIBNB","MODBTC","ELFETH","AGIBTC","VENBNB","WANBNB","NXSBNB","TRIGBNB","LSKBNB","RPXETH","XVGETH","HSRETH","XZCXRP","LSKETH","AMBETH","PHXBNB","LENDBTC","DGDETH","ARKETH","YOYOBNB","KEYBTC","LUNETH","NPXSETH","BCHSVPAX","BTCUSDS","ARDRBNB","GXSETH","TNTETH","SYSETH","LOOMBNB","ASTETH","BCNBNB","ETCBNB","ASTBTC","GTOBNB","WPRBTC","XZCBNB","BLZBNB","STRATETH","QSPBNB","GTOETH","SNGLSETH","BTGETH","BCPTETH","BCDETH","DENTETH","MCOBNB","DNTBTC","QLCBNB","VENETH","QKCBTC","NULSETH","WTCETH","RPXBTC","XEMBTC","BRDETH","BTSETH","RENBNB","ADXBNB","DNTETH","POWRETH","XEMETH","RDNETH","XEMBNB","TNBBTC","POEBTC","EDOETH","REQETH","QTUMBNB","VETBTC","POAETH","CNDBTC","ZENETH","BTTPAX","FUNETH","BTTUSDC","SYSBNB","NAVBNB","VENUSDT","NANOBNB","SKYBNB","YOYOBTC","QTUMETH","SALTBTC","IOTABNB","BCNETH","SYSBTC","ZRXETH","GNTBNB","RCNETH","WABIBNB","MTLETH","BTSBTC","BCHSVTUSD","SUBBTC","GRSETH","STORMETH","IOTAETH","MTHETH","QSPBTC","CVCETH","USDCBNB","USDCBTC","POLYBNB","AGIETH","USDSUSDC","INSETH","CLOAKETH","PPTETH","OSTBTC","WPRETH","PAXETH","RENBTC","CNDBNB","BNBUSDS","OSTBNB","SNMBTC","BCNBTC","BLZETH","LINKPAX","GVTETH","XRPUSDC","WAVESPAX","TNTBTC","HOTETH","TRIGBTC","BTSBNB","FUNBTC","NPXSBTC","IOTXBTC","PIVXETH","BCCUSDT","DATAETH","POWRBNB","STORJETH","MFTBTC","RPXBNB","LRCETH","TRXBTC","BCHABCPAX","EVXETH","REQBTC","BCCBNB","CHATETH","IOSTETH","STORMBNB","ARDRBTC","BCCBTC","POEETH","SCETH","SCBNB","XVGBTC","XMRETH","GOBNB","WAVESETH","PAXBTC","ZILBTC","MTHBTC","AEETH","SNTETH","NULSBNB","STORMBTC","CVCBTC","MANABTC","VIBEBTC","SUBETH","RCNBTC","RDNBNB","NASBNB","NXSETH","NEBLBNB","KMDETH","VETBNB","ZENBTC","BQXETH","USDSTUSD","DATABTC","WTCBNB","POABTC","WINGSBTC","NASETH","QLCETH","CVCBNB","MITHBNB","GNTETH","TRXPAX","QLCBTC","ZECETH","KEYETH","DOCKBTC","HSRBTC","ZILBNB","IOTXETH","XLMPAX","POABNB","SCBTC","APPCETH","ICNBTC","MANAETH","BTTBTC","AIONBNB","GTOBTC","BTTTUSD","QSPETH","RLCETH","REPETH","WAVESTUSD","NCASHBTC","MCOETH","ADABTC","WAVESBNB","SNTBTC","AMBBTC","USDSUSDT","CMTBNB","ICNETH","VIBEETH","LENDETH","DLTBNB","BCHSVUSDC","NCASHBNB","EDOBTC","BRDBNB","BCHABCUSDC","NEBLETH","OSTETH","PAXBNB","ADXETH","SNGLSBTC","VIABNB","REPBNB","VIAETH","CMTBTC","WINGSETH","VENBTC","XZCETH","GOBTC","NAVETH","DLTETH","QKCETH","BCCETH","TRIGETH","WAVESUSDC","STEEMETH","DASHETH","SKYETH","TRXUSDC","CDTBTC","VIBETH","SNMETH","RLCBNB","AMBBNB","FUELBTC","CLOAKBTC","NANOETH","CMTETH","CNDETH","AEBNB","ZENBNB","DENTBTC","YOYOETH","DCRBNB","CHATBTC","VIBBTC","MODETH","ZRXBNB","HOTBTC","IOSTBTC","MFTBNB","ARDRETH","STEEMBNB","PIVXBNB","HCETH","ONGBNB","APPCBNB","SALTETH","BCPTBNB","WABIETH","ENGETH","PHXBTC","NCASHETH","OAXETH","DOCKETH"]}