{"data":{"ENGBTC":-1.3034005574,"MDABTC":-2.403418358,"LSKBTC":2.8942684294,"ETHUSDT":-5.9157114415,"TNTETH":43.2569323034,"VIABTC":8.5327915897,"LUNBTC":35.8368431382,"LINKETH":7.557835625,"OMGBTC":1.0307543762,"AMBBTC":1.9195358646,"ONTUSDT":-1.3502388242,"VETETH":3.8401118356,"XRPTUSD":-3.3270707992,"VIBEBTC":2.1994045424,"POABTC":15.404861702,"ASTBTC":23.0158279413,"XLMTUSD":-4.8344804844,"ADAETH":0.1074143113,"ETHPAX":-5.8367377094,"ARNETH":19.2742132968,"POWRBTC":42.7424929612,"ARNBTC":20.8535527108,"RLCBTC":7.179380839,"ONTETH":-2.6597288783,"XRPPAX":-1.8310692065,"BNBUSDT":10.2761927141,"TRXBNB":0.3995336436,"HCETH":-15.0774325273,"DCRBTC":4.2471812512,"NAVBTC":12.7090474128,"LTCBNB":-3.6075813288,"WINGSBTC":52.3257648908,"LINKBTC":8.004129155,"LTCUSDT":-1.5604897101,"ONTBTC":-2.1387696303,"BLZBTC":10.9102029306,"HCBTC":-13.9601522413,"ADABNB":-1.2165835408,"QKCETH":-6.9959034064,"MCOBTC":0.0527893664,"ZENBTC":8.80161425,"GTOETH":19.193072163,"XLMETH":-4.8954076525,"XZCBTC":8.3328835891,"GTOBTC":16.395548795,"XRPETH":-3.8750280158,"EOSUSDC":-1.499799866,"BCDBTC":-2.6269183727,"ELFBTC":4.4125928706,"VETUSDT":4.9444789314,"GXSBTC":10.1133465283,"POLYBTC":0.6038710548,"NANOBTC":2.6634538612,"LRCETH":65.5485368727,"AIONBTC":4.4454257458,"PPTBTC":-2.8150809077,"DASHBTC":-2.9146432797,"BNBETH":9.0710592106,"BCPTBTC":11.3557515064,"CMTBTC":24.9334059924,"BCHSVBTC":-4.6342043462,"IOTAETH":0.8166923099,"STEEMBTC":52.6078033616,"PAXTUSD":0.0938653893,"KNCBTC":-1.387439001,"ETCUSDT":-1.0983043153,"EOSBTC":-1.6090467628,"SALTBTC":2.9510862065,"NASBTC":2.3996693,"ZILETH":6.4886135329,"ADATUSD":0.6458055753,"TUSDETH":1.8547139628,"MODBTC":12.3918629754,"CLOAKBTC":6.4096121776,"QKCBTC":-5.3253118277,"TRXUSDT":3.8417289665,"BQXBTC":99.2528081554,"BNBUSDC":7.8325975339,"USDCPAX":0.9644006246,"NEOTUSD":-1.8820157658,"MTLBTC":1.6757662821,"NEOETH":-3.969664802,"BCHABCBTC":-6.0045208599,"STORJBTC":7.4058735672,"XRPUSDT":-2.5452558927,"DLTBNB":5.6853628341,"LTCBTC":-1.9504066307,"WANBTC":6.0049030919,"EOSUSDT":-0.6885617321,"REPETH":66.8323171119,"ETCETH":-1.7280145791,"DOCKETH":18.8660837,"ETHUSDC":-6.4314157604,"VIBEETH":1.9156838188,"BQXETH":96.0182581544,"ADAUSDT":1.5154748844,"XRPUSDC":-3.4773307897,"NEOUSDT":-1.8526770379,"EVXETH":22.145790974,"OAXBTC":128.259001381,"AEBTC":12.1216803743,"OMGETH":-0.5785235948,"DLTETH":7.1388315054,"POWRETH":41.6513690898,"WAVESETH":-10.5897901575,"BNBBTC":9.526991565,"EOSETH":-2.1645588973,"EVXBTC":28.7546234494,"ARKBTC":5.5847376523,"TUSDUSDT":0.9571125665,"INSBTC":4.677419802,"NULSBTC":4.2963428008,"ICXUSDT":1.1485427908,"XLMUSDT":-3.6510919935,"XLMPAX":-2.8989668441,"BATBTC":-1.8754309208,"NULSUSDT":5.3241528908,"DLTBTC":6.6908604059,"ZECBTC":-5.5515658767,"OAXETH":121.1692921113,"BCHSVUSDT":-3.9717378094,"RDNBTC":2.0914526058,"QTUMUSDT":-4.281218883,"USDCTUSD":0.0278977605,"EOSPAX":0.403825616,"AEETH":12.5014268438,"IOTAUSDT":2.9488629935,"WTCBTC":0.5796341699,"TUSDBNB":-0.6060041494,"USDCUSDT":0.9860644389,"SKYBTC":-0.1964046933,"STRATETH":9.4362713771,"WINGSETH":52.4778834122,"CMTETH":23.1086015173,"XLMUSDC":-4.0195394186,"GASBTC":0.2210936733,"QTUMBTC":-5.0479470329,"BTCPAX":-1.4044153756,"IOTABTC":1.7328976788,"BRDBTC":6.837205116,"ICXBTC":0.8490466347,"LRCBTC":64.858740971,"ETHBTC":-6.0194086272,"BTCUSDC":-2.1923335221,"LTCETH":-2.5932442327,"WABIBTC":10.7541301987,"BTGBTC":-8.3313341125,"BNBPAX":11.1680031148,"NEOBTC":-2.470398967,"XRPBTC":-3.1737534856,"EOSBNB":-4.1762414442,"BCPTETH":13.3973980693,"TRXTUSD":3.3959270859,"TUSDBTC":0.1077347825,"BCHABCUSDT":-5.5082080647,"BTCUSDT":-1.3676667899,"TRXETH":1.0258593453,"PAXUSDT":1.0139880261,"PIVXBTC":-1.797113011,"XMRETH":-1.8961049226,"ZRXBTC":0.0311389884,"KMDBTC":-1.4411308676,"STRATBTC":6.631716264,"GVTBTC":1.8039171903,"NXSBTC":9.654944663,"XRPBNB":-4.4531519931,"ETCBTC":-1.7317329782,"ADXBTC":11.8578153926,"WAVESBTC":-8.4081381624,"SNTETH":22.2047514793,"TRXXRP":2.1306701838,"XMRBTC":-0.6741988143,"REPBTC":63.0058934776},"startDate":"2019-01-15","endDate":"2019-01-22","numDays":7,"excludedPairs":["VENETH","MANABTC","KEYBTC","VETBNB","ZENETH","REPBNB","SNGLSBTC","XLMBNB","RPXBNB","APPCBTC","XEMBTC","TRIGBNB","YOYOETH","MITHBTC","WANBNB","PAXBTC","LENDETH","DASHETH","HSRBTC","BRDBNB","ZRXETH","NAVBNB","IOSTBTC","NEBLETH","WAVESPAX","RDNBNB","ARDRBTC","VIBBTC","NCASHBNB","VETBTC","POAETH","MCOBNB","OSTBTC","IOSTETH","RPXETH","CLOAKETH","QSPBNB","WAVESTUSD","GTOBNB","QLCBTC","IOTABNB","ADXBNB","NEBLBNB","USDCBTC","ZENBNB","LUNETH","WPRBTC","EDOETH","MFTBNB","CHATETH","CVCETH","WAVESUSDT","HSRETH","POEBTC","RCNETH","DENTBTC","GNTETH","TRXBTC","SYSETH","APPCBNB","NPXSBTC","WABIBNB","GVTETH","WPRETH","SKYETH","NAVETH","KEYETH","ICXBNB","ENJBNB","POLYBNB","KNCETH","GOBNB","ARKETH","BCDETH","WTCBNB","SCBTC","BNTETH","MFTBTC","WAVESBNB","MTHETH","STEEMBNB","ZILBNB","VIAETH","RLCBNB","LINKPAX","FUNBTC","SNMBTC","SNTBTC","QSPETH","INSETH","XZCXRP","DENTETH","BCCBTC","PIVXBNB","DCRBNB","LINKUSDC","PHXBNB","MTHBTC","AGIBTC","RPXBTC","BCNBNB","ENJBTC","PHXETH","QLCETH","FUNETH","CHATBTC","NEBLBTC","WAVESUSDC","STORMBTC","BNTBTC","PPTETH","LOOMBTC","LOOMBNB","NASETH","ICNBTC","RVNBTC","QTUMBNB","CNDETH","PAXETH","MDAETH","AEBNB","ARDRBNB","GXSETH","MANAETH","XEMETH","BCPTBNB","THETABNB","APPCETH","ELFETH","YOYOBTC","OSTETH","STORMETH","WTCETH","ADXETH","RLCETH","USDCBNB","FUELETH","CVCBTC","NCASHBTC","BRDETH","ARDRETH","VENBTC","BTGETH","AMBBNB","BCNETH","SYSBNB","SKYBNB","AGIBNB","VENBNB","WANETH","XEMBNB","RVNBNB","CNDBNB","OSTBNB","NULSETH","ICNETH","KMDETH","LINKUSDT","TNBETH","IOTXETH","XZCBNB","BTSBTC","XLMBTC","CDTBTC","CDTETH","SUBBTC","VIABNB","BTSETH","POEETH","GRSETH","LOOMETH","SCETH","XVGETH","EDOBTC","BTSBNB","LENDBTC","HOTETH","MODETH","CNDBTC","STORMBNB","SALTETH","ETCBNB","BCCBNB","NCASHETH","NXSBNB","VIBETH","STORJETH","AMBETH","SCBNB","POABNB","TRIGETH","XVGBTC","ASTETH","DATABTC","ONTBNB","REQBTC","BCCETH","SNGLSETH","NPXSETH","VENUSDT","LSKETH","THETAETH","LINKTUSD","MCOETH","AGIETH","NANOETH","STEEMETH","HOTBTC","CMTBNB","RENBNB","XZCETH","NULSBNB","GNTBTC","PIVXETH","SNMETH","BCNBTC","DOCKBTC","PAXBNB","MFTETH","BCCUSDT","POWRBNB","ADABTC","FUELBTC","DGDBTC","GRSBTC","RCNBTC","DATAETH","MTLETH","YOYOBNB","NANOBNB","WABIETH","RENBTC","RCNBNB","TNTBTC","AIONBNB","BATBNB","TRIGBTC","AIONETH","BLZBNB","GNTBNB","NASBNB","DGDETH","ZILBTC","GOBTC","REQETH","DNTETH","BLZETH","CVCBNB","TNBBTC","EOSTUSD","ENJETH","QLCBNB","MITHBNB","BATETH","THETABTC","QSPBTC","DNTBTC","LSKBNB","NXSETH","NEOBNB","SUBETH","SYSBTC","QTUMETH","PHXBTC","ENGETH","ICXETH","IOTXBTC","RDNETH","ZECETH"]}