{"data":{"MITHBTC":-77.9869016981,"XMRBTC":-58.7668392259,"TRXUSDT":185.8451744675,"ZILETH":-82.5466351719,"ETHUSDC":81.6296363943,"MCOBTC":-47.4547662143,"RLCBTC":0.6453146202,"ONTBTC":-66.3701024959,"ZRXBTC":-57.5163029276,"BCHABCBTC":-16.9847398935,"LSKBTC":-75.0320637327,"OMGBTC":-78.7057238252,"ZENBTC":52.8210644474,"ETHTUSD":-36.703269243,"BCPTBTC":-92.4776567258,"STORJBTC":-43.5081299712,"XMRUSDT":-70.085083295,"ADXBTC":-70.5890054114,"HOTUSDT":-75.7348123515,"SKYBTC":-89.3941845088,"NANOETH":-75.2271716969,"EOSBTC":-65.3331403093,"WAVESBTC":-16.4952239201,"QTUMBTC":-10.7913273284,"BTCUSDS":-47.8818040276,"LINKBTC":-31.1930564234,"MITHUSDT":-79.2379551915,"ONGUSDT":-53.3101713974,"NANOUSDT":-81.4905057408,"EOSETH":-66.216158144,"BNBPAX":-27.1081872306,"BNBTUSD":-68.729420789,"PAXUSDT":55.4843929224,"BTCTUSD":-32.1101239595,"ICXUSDT":-72.6360132361,"WTCBTC":-73.8556767329,"EOSBNB":-73.6590398783,"STRATBTC":-61.5575769067,"BTCUSDC":2.2218864799,"RDNBTC":-54.4587403495,"ETCBTC":-69.6271374589,"ZILUSDT":-76.5289498139,"ADAUSDT":-73.4210551368,"NULSUSDT":-92.4268575852,"DGDETH":-87.3478657948,"AEBTC":-63.3494294772,"XLMUSDT":-44.1906265303,"MFTETH":4.4784590386,"RVNBTC":5.9716959745,"LTCBNB":-63.2077687407,"LTCUSDT":-49.2196695504,"FETUSDT":-43.0366598764,"IOTAUSDT":-14.5581113916,"BNBUSDC":-29.2689203378,"FUELETH":-52.2392404351,"ONTETH":-79.6020010651,"ENJUSDT":-53.8195128001,"OAXBTC":-36.6235991062,"CELRUSDT":-88.3946988625,"IOSTETH":-66.111670549,"LTCETH":-55.0082909804,"DASHETH":-40.2784933569,"NASBTC":-28.5315022834,"MITHBNB":-77.8995133818,"BQXBTC":-65.3624134425,"BATBNB":-84.9204655347,"KMDBTC":-64.6838523328,"LTCUSDC":115.1176539292,"ZECBTC":-51.2521476863,"ELFETH":-49.8486511519,"XRPPAX":-73.3818087463,"ETHBTC":-43.2853939698,"POLYBTC":-65.1369623748,"NEOUSDT":-62.7117266537,"NEOBNB":-63.986464433,"RVNBNB":-24.956817742,"XRPUSDT":-61.3121353803,"ELFBTC":-45.2540702615,"ADAUSDC":21.5356436993,"BATETH":-81.5303985321,"USDCTUSD":-15.1843798681,"PPTBTC":102.5744667216,"XRPBTC":-65.8442289129,"GVTBTC":-60.9982437384,"ENJETH":-7.0405927244,"NANOBTC":-81.7780052087,"LTCPAX":-59.5595285912,"ADAETH":-55.7445112581,"FETBTC":-86.1910960903,"XLMBNB":-17.8786000607,"BTCPAX":44.2613582309,"EOSPAX":-54.4325683103,"NULSBTC":-90.1404267418,"TRXTUSD":-64.1447537477,"VIABTC":22.5920623499,"GRSBTC":-73.7967079206,"BNBUSDT":-33.0389745957,"LINKUSDT":-69.5164295219,"ICXBTC":-66.709981303,"BCHABCUSDC":-11.025967706,"DASHBTC":-25.0591998311,"XRPETH":-69.3762363058,"BTCUSDT":-66.989821185,"XRPTUSD":-57.7112365875,"ETHUSDT":-60.8753070826,"WABIBTC":-95.6364681525,"USDCUSDT":51.3033681855,"ETCUSDT":-66.5466403506,"VETBNB":-67.3963846664,"PIVXBTC":-84.3937516153,"ENJBTC":-55.2712349885,"QKCETH":-68.1422371868,"HCBTC":-8.3378946305,"ARNBTC":-47.3992614461,"ETHPAX":272.540470381,"LUNBTC":-50.174774499,"ZECUSDT":-58.3432441186,"EOSTUSD":-66.8283090004,"WAVESUSDT":-72.3178962669,"EOSUSDT":-72.8980776399,"FETBNB":-94.1812982066,"VETUSDT":-61.2098813486,"IOTABNB":19.6687318004,"IOSTUSDT":-72.002285183,"DASHUSDT":-33.7099229321,"OMGETH":-71.5908243265,"IOTAETH":1.1657313211,"BTTUSDT":-70.994318064,"EVXBTC":-73.0976331146,"XZCBTC":-75.7009265355,"QTUMUSDT":-50.1943316984,"XLMETH":-66.4733749974,"EDOBTC":-56.9016762671,"ONTBNB":-76.7749722893,"THETABTC":11.2949411199,"USDCPAX":3.6778268994,"INSBTC":-22.2161811824,"TUSDUSDT":-12.0603027027,"XMRETH":-64.0159097179,"BNBETH":-66.0215869459,"USDSUSDT":-6.5173088301,"NEOTUSD":-40.817673066,"PAXTUSD":-43.7549394925,"WANBTC":-33.4277840005,"TRXXRP":-56.5318536934,"ASTBTC":-91.0952168974,"ONGBTC":-83.9419997503,"ONTUSDT":-75.3266527972,"BCHABCUSDT":-39.8911381281,"BATBTC":-77.9934487181,"LTCTUSD":-20.6309981614,"OMGUSDT":-76.9314399017,"BNBBTC":-40.2829582592,"BATUSDT":-82.4963335463,"IOTABTC":44.9034901656,"BCDBTC":-77.7225018886,"ICXETH":-66.3489149965,"ADABNB":-74.4162645729,"XRPBNB":-76.690150733,"BCHABCTUSD":85.3503918061,"ARKBTC":-26.6007735591,"EOSUSDC":-60.2298974528,"ZRXUSDT":-78.6002708314,"LOOMBTC":-74.3982189702,"MTLBTC":-55.9611757511,"ADATUSD":-48.6436675967,"DLTBTC":-67.6621426268,"CELRBNB":-91.7498444243,"STEEMBTC":-60.0837820827,"NASETH":-54.457802235,"TRXETH":-43.6265555337,"BTTBNB":-46.0836884213,"VETETH":-49.6111988948,"NEOETH":-49.1124086037,"AIONBTC":-81.3583465244,"USDSPAX":-66.8415031408,"THETAUSDT":-46.0020791424,"GXSBTC":-50.6272407376,"BRDBTC":-32.0943230979,"BCHABCPAX":-33.0471858608,"ENGBTC":-67.8763647442,"KNCBTC":-62.1560293793,"ENJBNB":-68.6710572201,"BTGBTC":95.1621663213,"DGDBTC":-84.3331587414,"GASBTC":-70.9193876325,"TRXBNB":-71.3391299857,"REPBTC":-32.7132604119,"MDABTC":-56.2777044808,"LTCBTC":-56.529117678,"ETCETH":-63.646008025,"NEOBTC":-40.3119394462,"DCRBTC":-74.3121338998,"XRPUSDC":-11.038853014,"ZECETH":-66.0972301873,"NANOBNB":-89.8079126403},"startDate":"2019-04-25","endDate":"2019-05-02","numDays":7,"excludedPairs":["RPXBTC","HSRBTC","APPCBNB","VENETH","QTUMBNB","BCNBNB","TNTBTC","AEETH","GOBNB","RDNBNB","GOBTC","LINKUSDC","WPRBTC","RENBNB","HSRETH","OSTBNB","NXSBTC","USDCBTC","STEEMETH","DLTETH","ENGETH","XLMBTC","QLCBTC","DLTBNB","XZCBNB","STORMBNB","GVTETH","DCRBNB","QTUMETH","AIONBNB","TRIGBTC","DENTBTC","APPCETH","MCOBNB","POWRETH","CLOAKBTC","TRIGETH","BTTTUSD","BCHSVTUSD","PAXBTC","BTSETH","MANABTC","BTGETH","AGIBNB","BCDETH","ADAPAX","XMRBNB","POABNB","WABIBNB","LINKETH","LSKBNB","IOSTBNB","STEEMBNB","SNGLSBTC","BTTPAX","QLCBNB","NPXSETH","CHATETH","OAXETH","CNDETH","THETABNB","SNTBTC","POWRBNB","VIAETH","STORMETH","MANAETH","RDNETH","GTOBTC","CNDBNB","NULSETH","RPXETH","BCPTETH","NXSBNB","SNMBTC","DNTBTC","NULSBNB","WINGSETH","BCHSVPAX","ZILBNB","MTHBTC","XZCETH","ZENETH","LSKETH","POABTC","TNTETH","RPXBNB","VIBEETH","RLCETH","LUNETH","GRSETH","WAVESTUSD","BNTBTC","GNTETH","BCHSVUSDC","MODETH","CMTBTC","WAVESETH","BLZBTC","SUBBTC","DOCKETH","PHXETH","KNCETH","LINKTUSD","ATOMBNB","KEYETH","NCASHBNB","VIBETH","GNTBNB","SKYBNB","BCCBNB","BCNETH","ETCBNB","WAVESBNB","SCETH","BCCBTC","BRDETH","HOTETH","ZRXETH","ADABTC","ASTETH","CVCBNB","SNGLSETH","ICXBNB","CNDBTC","STRATETH","QSPBTC","GNTBTC","QSPBNB","ICNETH","NEBLETH","FUELBTC","CHATBTC","DASHBNB","PAXETH","ADXBNB","XVGETH","BLZBNB","DNTETH","DATABTC","MODBTC","WAVESPAX","CMTETH","WTCBNB","XEMBNB","ADXETH","THETAETH","LINKPAX","ZILBTC","FUNETH","TRXUSDC","ZENBNB","BQXETH","TRXBTC","POAETH","ATOMUSDT","KEYBTC","NPXSBTC","QLCETH","SNMETH","GTOBNB","MCOETH","WANETH","SYSETH","PIVXETH","MATICUSDT","LRCBTC","WAVESUSDC","SUBETH","MTHETH","WINGSBTC","XZCXRP","DOCKBTC","AMBETH","BCCUSDT","VENBNB","USDSUSDC","BTSBTC","ATOMBTC","YOYOBNB","CMTBNB","LOOMBNB","VETBTC","BTSBNB","BRDBNB","GXSETH","RENBTC","NCASHBTC","CLOAKETH","POWRBTC","SKYETH","MFTBNB","WPRETH","PAXBNB","BCHSVUSDT","NEBLBTC","CELRBTC","TUSDBTC","IOTXETH","BNBUSDS","XEMETH","REPETH","NCASHETH","SCBTC","HOTBNB","AEBNB","EDOETH","DATAETH","SYSBTC","TNBETH","NEOPAX","CDTETH","XVGBTC","BTTUSDC","ZECUSDC","RCNETH","XEMBTC","XLMTUSD","NASBNB","RLCBNB","GTOETH","MATICBNB","RCNBTC","AIONETH","BCHSVBTC","CDTBTC","STORJETH","FUNBTC","WABIETH","SCBNB","NEOUSDC","OMGBNB","PHXBNB","REQETH","TUSDETH","WTCETH","NAVBNB","LENDETH","ARNETH","CVCETH","ARKETH","MFTBTC","QSPETH","YOYOETH","REPBNB","TRIGBNB","EVXETH","USDSTUSD","TRXPAX","BCCETH","POLYBNB","PPTETH","HOTBTC","YOYOBTC","OSTBTC","OSTETH","SALTBTC","ARDRETH","POEBTC","IOSTBTC","BCPTBNB","XLMPAX","SALTETH","ARDRBNB","AGIETH","VENUSDT","TNBBTC","LOOMETH","APPCBTC","LENDBTC","INSETH","SNTETH","AMBBTC","QKCBTC","ZECPAX","NEBLBNB","AMBBNB","VENBTC","ONGBNB","ARDRBTC","SYSBNB","CVCBTC","POEETH","VIBEBTC","TUSDBNB","AGIBTC","ZECTUSD","MDAETH","PIVXBNB","DENTETH","NXSETH","BTTBTC","ICNBTC","KMDETH","BLZETH","MATICBTC","ZECBNB","LRCETH","HCETH","BNTETH","VIBBTC","VIABNB","REQBTC","MTLETH","NAVETH","XLMUSDC","RCNBNB","IOTXBTC","USDCBNB","BCNBTC","PHXBTC","WANBNB","STORMBTC","NAVBTC","ZRXBNB"]}