{"data":{"TUSDUSDT":-5.1417485272,"ADABNB":-76.9901463861,"HCBTC":109.1284218392,"EOSETH":7.3866511378,"GTOETH":279.8789898022,"XRPBTC":-33.8920218179,"NEOUSDT":-72.505062117,"TNTETH":4853.6538412048,"ADATUSD":-9.6561153087,"XZCBTC":37.6683446591,"NXSBTC":10.2470239544,"TRXTUSD":-54.4984708695,"DASHETH":-70.8605594336,"ZILETH":85.1554098323,"ETHUSDT":39.1386017095,"QTUMBTC":-75.2607770749,"USDCPAX":302.6258351595,"LINKETH":61.8186689975,"SYSBTC":65.4088258794,"DASHBTC":-62.6579416012,"ZECETH":-23.078985169,"MODBTC":8.4527326701,"STRATETH":559.2269890768,"EOSUSDT":-36.7333931688,"IOTAUSDT":-14.1225506054,"XLMBTC":-47.4843940698,"LSKBTC":-44.0444010601,"ADAUSDT":-39.4352851036,"WINGSBTC":60.3287424991,"NULSBTC":6.686908566,"BCHSVBTC":16.054647455,"ARNBTC":36.5771902879,"WABIBTC":-19.2788305842,"BRDBTC":1017.0228967521,"XLMUSDC":-43.3103556281,"LINKBTC":105.9513481122,"ICXUSDT":-70.6844176365,"ICXETH":-29.4559203884,"PPTBTC":112.8018177443,"USDCUSDT":-16.2845896446,"XRPETH":-39.137721631,"EOSBTC":-62.3052149289,"NANOETH":-29.6742523427,"LTCUSDT":-60.4128975621,"ETHUSDC":-11.7778380627,"PAXTUSD":268.4123126062,"XLMPAX":153.9213482558,"OMGETH":126.5721344046,"ETCUSDT":-41.681576388,"BATETH":18.8889118744,"POLYBTC":121.0725854746,"PAXUSDT":-15.4693727011,"MTLBTC":86.0039797373,"REPETH":539.3416040549,"XVGETH":85.1955082186,"XRPBNB":-35.0968654971,"BNBUSDT":-52.9663924777,"WAVESETH":42.1008683891,"XRPUSDT":-35.6868712695,"TUSDBTC":-8.6445837354,"BATBTC":-0.3742090773,"IOTAETH":0.300916107,"ONTUSDT":-19.2366411981,"TRXUSDT":-53.5399624541,"ETHBTC":15.0590064618,"INSBTC":-4.8438967433,"BNBUSDC":-76.7060540276,"NANOBTC":-48.7788021794,"BTCUSDT":-14.5277551923,"BTCPAX":24.2599500412,"ARKBTC":32.4425856322,"AEBTC":3616.7478060124,"ADXBTC":-42.9333265459,"CLOAKBTC":421.5002027874,"NEOTUSD":-81.4844288726,"ICXBTC":-57.6952513307,"VETETH":-57.3225719225,"SNTETH":1003.9348300898,"BNBBTC":-46.2647748484,"XMRBTC":-51.9357514711,"PIVXBTC":-72.1682667348,"WANBTC":152.7407563931,"GVTBTC":-21.8553567276,"XLMUSDT":-62.8768662819,"ADAETH":-25.6198907008,"ADABTC":-48.8720009024,"ETCBTC":-48.6611055465,"XEMETH":-7.4830076126,"GTOBTC":1565.0777232356,"KNCBTC":253.5515020873,"BCHSVUSDT":68.9200108697,"BQXBTC":101.5486565335,"DCRBTC":23.885074797,"LUNBTC":260.274046674,"ELFBTC":86.8754509738,"ZECBTC":-20.1866525754,"STEEMBTC":262.9396826335,"EVXBTC":-17.2353498207,"ETHPAX":130.4383788415,"TRXXRP":-76.4464802521,"XRPUSDC":-33.1974610855,"XLMETH":-13.2036538042,"BCDBTC":68.991501457,"SALTBTC":26.1186238168,"MITHBTC":-25.2284216101,"STRATBTC":450.3021985746,"DOCKETH":126.038803283,"VIBEBTC":3421.0524421815,"USDCTUSD":84.3638468653,"TUSDETH":74.7898649289,"EOSPAX":117.7620587814,"ZENBTC":19.989572203,"XLMTUSD":-34.0424584804,"LTCETH":-28.6883784097,"MDABTC":-37.5168855354,"BNBETH":-59.7789100203,"IOSTETH":-60.7253319874,"HCETH":305.6384014297,"WAVESBTC":12.5669086956,"ARNETH":23.0306803778,"AMBBTC":487.88366533,"EOSBNB":-35.0251399382,"BCHABCUSDT":-17.7516331427,"LTCBTC":-61.9253153339,"POWRBTC":1179.3103637204,"RLCBTC":3751.7438557223,"QKCETH":250.2542778423,"AEETH":3047.2211368199,"BTCUSDC":5.7840537357,"XRPPAX":241.7372130032,"BCHABCBTC":-12.098747216,"AIONBTC":136.6547597774,"QKCBTC":321.252877048,"BTGBTC":8.145223462,"ETCETH":-49.8454520282,"QTUMETH":-68.4124851616,"TUSDBNB":-59.2476869125,"ONTBTC":-52.3781392222,"QTUMUSDT":-83.4544338033,"DLTBTC":956.0210946595,"WTCBTC":139.749611139,"NEOETH":-71.3512129664,"OAXBTC":1041.0941571099,"KMDBTC":49.8486784645,"XMRETH":-39.3449468344,"BNBPAX":-91.3262353978,"NASBTC":-18.244636123,"NULSUSDT":-47.0540750936,"IOTABTC":-0.1808211569,"TRXETH":-64.2585119359,"TRXBTC":-73.4376176683,"GASBTC":51.2024524025,"VIBEETH":3325.6855838603,"LTCBNB":-44.3299101304,"SKYBTC":150.8744982018,"RDNBTC":99.6390780488,"EOSUSDC":6.1756271975,"REPBTC":1596.2169199387,"OMGBTC":-7.3300241937,"TRXBNB":-63.0441022949,"ZRXBTC":97.8946843751,"PHXETH":292.1481692897,"NEBLBTC":3.5240323451,"NEOBTC":-73.1914068744,"ONTETH":-41.0016597857,"MCOBTC":28.6204178491,"ENGBTC":-20.4169191441,"XRPTUSD":54.4410164646,"DLTETH":701.1649857824,"VETUSDT":-74.5784999649,"STORJBTC":269.1696927546},"startDate":"2019-01-10","endDate":"2019-01-17","numDays":7,"excludedPairs":["MTHBTC","PIVXETH","CMTETH","KMDETH","VIBETH","DENTETH","BLZBTC","WTCETH","STORMBNB","FUNETH","BCPTBNB","BQXETH","ELFETH","SALTETH","NPXSETH","YOYOBTC","ARDRBNB","REQETH","SUBBTC","QLCETH","VIBBTC","SNMETH","QSPETH","BTSETH","VETBNB","APPCETH","STEEMETH","POWRETH","PPTETH","VENETH","DOCKBTC","RLCBNB","GNTETH","TNTBTC","GOBTC","NEBLETH","MCOBNB","GNTBTC","ZENBNB","DLTBNB","MFTETH","BRDBNB","BLZETH","WPRBTC","NEBLBNB","NASBNB","RLCETH","TRIGBTC","XEMBTC","IOTABNB","XLMBNB","PAXBTC","ZILBNB","ENGETH","CVCBNB","CNDETH","KEYETH","GVTETH","ARDRETH","BCNBNB","OSTETH","NULSBNB","NCASHBNB","SCBNB","APPCBNB","NAVBNB","RPXBTC","ZENETH","XZCXRP","POEBTC","TNBBTC","NXSETH","ARDRBTC","AGIBNB","LRCETH","SCBTC","DGDETH","LSKBNB","QLCBNB","FUELBTC","RENBNB","BCNBTC","RCNBTC","NEOBNB","HSRETH","MTHETH","MFTBTC","NAVBTC","OSTBNB","RVNBNB","XVGBTC","CHATETH","WABIETH","MCOETH","GXSETH","SYSBNB","DNTETH","ONTBNB","BCCBTC","RPXETH","SNGLSETH","ETCBNB","INSETH","GXSBTC","CNDBNB","REPBNB","SYSETH","CDTETH","POABNB","PIVXBNB","STORMETH","FUELETH","IOTXETH","RPXBNB","PHXBNB","ASTETH","BCPTBTC","NANOBNB","STORMBTC","WABIBNB","MANAETH","RDNBNB","EDOETH","AEBNB","MTLETH","IOTXBTC","MFTBNB","USDCBNB","XZCETH","KEYBTC","YOYOBNB","GRSETH","GTOBNB","NPXSBTC","CHATBTC","CLOAKETH","STEEMBNB","QSPBNB","BCCBNB","BCCETH","AMBETH","TNBETH","LUNETH","ASTBTC","HSRBTC","VENBTC","QTUMBNB","SNMBTC","XZCBNB","FUNBTC","POEETH","BTGETH","ADXETH","BCNETH","RVNBTC","REQBTC","RDNETH","NASETH","LSKETH","CMTBTC","OSTBTC","MITHBNB","CVCBTC","BNTETH","VIABTC","SUBETH","THETABNB","LRCBTC","CMTBNB","IOSTBTC","NULSETH","LINKUSDC","DNTBTC","DGDBTC","RENBTC","RCNETH","AMBBNB","AGIBTC","STORJETH","SNTBTC","WAVESBNB","BCDETH","PHXBTC","QSPBTC","LINKPAX","LOOMBNB","MODETH","WANETH","EDOBTC","BTSBTC","ADXBNB","ZRXETH","PAXBNB","POLYBNB","BCPTETH","POABTC","POAETH","BRDETH","BATBNB","ICNBTC","AIONETH","EOSTUSD","THETABTC","DCRBNB","LINKTUSD","XEMBNB","CVCETH","POWRBNB","ENJBNB","MANABTC","HOTBTC","WINGSETH","ENJBTC","VETBTC","APPCBTC","ICXBNB","VIABNB","ICNETH","HOTETH","TRIGBNB","RCNBNB","DATABTC","CNDBTC","DATAETH","VENBNB","GNTBNB","AIONBNB","AGIETH","WTCBNB","NCASHETH","MDAETH","NCASHBTC","NXSBNB","ENJETH","LENDETH","DENTBTC","YOYOETH","SKYETH","USDCBTC","THETAETH","GOBNB","LOOMBTC","VIAETH","SKYBNB","PAXETH","VENUSDT","LENDBTC","LOOMETH","BTSBNB","QLCBTC","BNTBTC","LINKUSDT","WANBNB","ARKETH","SNGLSBTC","GRSBTC","ZILBTC","TRIGETH","NAVETH","BCCUSDT","KNCETH","BLZBNB","WPRETH","CDTBTC","SCETH","EVXETH","OAXETH"]}