{"data":{"ICXBTC":-4.5282918697,"DASHUSDT":-17.7050035734,"BTTBNB":-28.3819164518,"LTCPAX":-86.8180787076,"IOTAETH":75.323530977,"TRXUSDT":66.7007981858,"TRXXRP":7.5338103111,"XRPETH":45.4706233959,"VETETH":56.1756789338,"STEEMBTC":-11.2130292302,"ONGBTC":-47.2243638961,"PHBBNB":-79.9419831814,"LINKUSDC":-43.8304609293,"OAXBTC":3.5676696251,"USDCTUSD":83.7879424854,"RDNBTC":1305.7822982966,"GXSBTC":130.8486388105,"ETHPAX":44.7203376265,"HOTBNB":-11.7795861821,"XLMETH":8.6481429815,"BTCUSDC":-5.4870998107,"LTCETH":-57.5186506048,"BCHABCBTC":-22.6257721699,"LTCTUSD":-58.6763540684,"EOSBTC":221.7124767318,"POWRBTC":-78.5446130304,"XLMTUSD":12.0409619309,"EOSBNB":125.1408829466,"QTUMUSDT":193.3216825631,"WTCBTC":38.933564136,"EOSUSDC":330.7736573361,"KNCBTC":-72.3940658448,"BNBUSDT":-24.362727702,"BNBUSDC":-48.7479459811,"BTCUSDT":-6.1616058661,"BNBTUSD":-59.4943480254,"LINKETH":12.7522162801,"XRPPAX":76.9870180731,"OMGETH":106.6063731056,"POABTC":-54.1521588723,"HCBTC":3114.3604376398,"FETBTC":27.6886718844,"ONGUSDT":-33.1549326149,"BCPTETH":277.9028780684,"ICXUSDT":117.5868040997,"WAVESUSDT":-81.807503446,"NASBTC":-11.8303739253,"BTTUSDC":46.4646082036,"THETAETH":-66.911059549,"BTGBTC":161.6948628303,"TFUELBNB":-88.2510891284,"GVTBTC":23.1618724911,"XRPBTC":29.4367992013,"WAVESETH":-49.8687919616,"ETHBTC":26.560831106,"POLYBTC":-18.764089864,"ENJETH":-69.2474450518,"VETBNB":8.1929359342,"BTCUSDS":-37.6834620409,"BCDBTC":593.253438268,"ZILBNB":-43.2441861426,"ENGBTC":-49.0172095257,"NULSBTC":-31.8262631732,"ATOMBTC":56.0202713817,"ASTBTC":-74.2582658056,"ZRXUSDT":-19.4799346455,"EOSETH":183.0534682879,"WAVESBTC":-68.9042774025,"ZECBTC":183.8092501185,"ONTETH":93.36425381,"ATOMUSDT":150.2280748187,"EOSUSDT":200.9966659582,"EDOBTC":-88.8801431787,"PHBBTC":-85.3076560183,"XLMBNB":-47.3840316754,"DENTETH":-39.2516502714,"HOTUSDT":13.1639408774,"ONTBTC":36.3848027775,"APPCBTC":-91.6824482151,"TRXBNB":17.4474374181,"VETUSDT":81.2573707496,"PPTBTC":52.2107798058,"XZCBTC":-12.331127164,"ELFBTC":-93.3211154631,"PAXTUSD":-12.3766300041,"NXSBTC":35.2041083614,"WABIBTC":-51.4684493746,"XMRUSDT":-8.9489510398,"EOSPAX":-16.477176873,"ENJUSDT":-50.5408853857,"CELRBNB":129.8914068366,"MTLBTC":-37.9941571721,"BNBBTC":-36.3531571342,"LTCUSDC":-63.834984215,"BATBNB":-49.4295254108,"ZECETH":181.5042717693,"ETHUSDC":18.2942186843,"BTCPAX":50.0651559305,"ZECUSDT":509.4415551893,"PIVXBTC":-92.1968798297,"XLMUSDT":20.7899469595,"GASBTC":-36.7077035985,"WANBTC":-64.8051702138,"IOTABTC":161.9328491247,"ZILETH":-44.4839990786,"USDCUSDT":-15.9790356492,"MITHUSDT":-64.058182407,"ETCBTC":70.1063059454,"BTTTUSD":75.9161590963,"NEOBNB":-33.9074266223,"ETCUSDT":66.8017672155,"LINKUSDT":22.5177195284,"MATICBNB":-71.7141535894,"ADATUSD":7.6783795409,"XMRBTC":28.5783369546,"BQXBTC":-71.8352835502,"SKYBTC":72.7659348415,"ONTUSDT":73.7507917809,"TFUELUSDT":-77.1212092706,"XRPUSDT":46.3478495918,"TRXTUSD":294.1506374434,"BCHABCTUSD":18.9515182111,"ELFETH":-96.9884244078,"NANOBTC":25.4002630601,"TRXUSDC":128.1599285808,"FUELETH":-93.9571869751,"BCHABCUSDC":-17.5344103282,"ZILUSDT":-47.3057212426,"OMGBTC":32.9070339461,"LTCUSDT":-43.8972267372,"REPBTC":-48.2720435635,"NANOUSDT":103.4941414347,"XRPBNB":-43.7765420326,"IOTAUSDT":169.5861886906,"STORJBTC":-63.1985562794,"EVXBTC":-49.7133795754,"BATETH":19.3811264988,"OMGUSDT":84.0085386466,"ADAETH":35.0585664307,"TRXETH":42.366485149,"BNBPAX":-40.1167321441,"CELRUSDT":191.6066173216,"BCPTBTC":179.6022456804,"TUSDUSDT":0.6273949972,"BCHABCUSDT":-20.9401381067,"XRPUSDC":91.8669274153,"FETUSDT":35.0003079922,"IOSTUSDT":45.0697248384,"BCPTBNB":220.5619430561,"DGDBTC":85.4845869938,"EOSTUSD":247.2781464669,"ZRXBTC":-4.3335467597,"FETBNB":-8.7418927787,"ARKBTC":-55.3251263814,"MCOBTC":108.2522362279,"BTTUSDT":8.406636169,"ETHTUSD":114.0734267222,"QTUMBTC":244.7587487332,"LTCBTC":-47.3678679753,"BATUSDT":-23.2648283826,"ATOMBNB":67.9006884691,"NEBLBTC":-54.516127817,"BNBETH":-45.7897443387,"DLTBTC":-57.9194197151,"ETHUSDT":36.7993886991,"ENJBTC":-69.1860619161,"LUNBTC":-68.9161583959,"GRSBTC":-88.7535347807,"LINKTUSD":-57.3156055811,"MATICUSDT":-53.7864455831,"IOTABNB":48.4082669394,"NULSUSDT":-47.4741588506,"MDABTC":-42.0822951565,"AEBTC":-46.0291296466,"VIABTC":-75.312119546,"BATBTC":-33.4075942527,"ADABNB":-59.0741564829,"THETAUSDT":-77.4462952807,"LTCBNB":-68.7596616973,"ADXBTC":-64.1387186417,"NEOTUSD":133.5202784715,"RVNBNB":190.3977254819,"DASHBTC":3.99417835,"STRATBTC":-44.795515666,"KMDBTC":-12.7893606923,"PAXUSDT":-20.3803567039,"XRPTUSD":26.6767303352,"RLCBTC":-34.2001159921,"HOTETH":-1.8180709877,"NEOETH":124.7487348887,"LSKBTC":-31.2237372931,"DCRBTC":42.4150255157,"ADAUSDC":18.7464855374,"BCHABCPAX":214.4349046405,"PHBTUSD":-86.6474347517,"NEOUSDT":133.5079976442,"LINKBTC":-20.6319549768,"THETABTC":-80.0833184001,"BTCTUSD":-6.4852265853,"ADAUSDT":29.5425479031,"INSBTC":-72.6605555001,"ARNBTC":130.5199429757,"BCDETH":1347.0998646017,"USDCPAX":3.0029657723,"AIONBTC":194.0902740558,"NEOBTC":129.9353278268},"startDate":"2019-05-25","endDate":"2019-06-01","numDays":7,