{"data":{"ONTETH":23.5458857483,"ENGBTC":3.5953330119,"ZECBTC":31.3093643179,"BTTBNB":5.6148872924,"XLMBTC":20.1083228124,"REPBTC":55.3416446234,"MCOBTC":8.3032518608,"FUELETH":9.5224151666,"ZRXUSDT":23.2123754023,"WABIBNB":43.0194538556,"ICXBTC":30.51927329,"IOSTETH":56.000179932,"XRPUSDT":15.8635461819,"TRXXRP":20.3821904898,"BCHABCBTC":74.9451602044,"IOTABTC":18.8052846898,"ADABTC":42.9683071707,"GASBTC":24.0991436162,"ICXUSDT":27.8098636565,"QLCBTC":11.9195537747,"EOSBNB":31.615704231,"LTCBTC":43.6571016231,"EVXETH":3.0513112813,"BLZBTC":21.2939150505,"LRCBTC":31.0354843831,"VETUSDT":31.300910334,"FETBNB":10.0669123443,"XLMBNB":20.591363566,"POABTC":12.8852119374,"ELFBTC":17.4204661483,"BTCUSDC":26.1256781501,"TRXETH":21.2557105952,"BTCUSDS":25.638346009,"GVTBTC":9.2932943413,"IOTAUSDT":17.8381358644,"XZCBTC":24.9807998839,"LTCUSDC":42.1534063904,"MANABTC":16.129703658,"PIVXBTC":21.814380684,"NXSBTC":1.8193636536,"EVXBTC":2.6062207366,"BATUSDT":38.7933065591,"LTCETH":42.4214449966,"WAVESUSDT":11.7406320951,"ARKBTC":11.2065077475,"BQXBTC":26.3628122101,"BTCPAX":23.8947943695,"ARDRBTC":11.5964946377,"MDABTC":15.7002582912,"CELRBTC":-2.9992338298,"ETHTUSD":23.3615700762,"LOOMBTC":17.6301661503,"VIABTC":13.8596987164,"DCRBTC":26.4660282934,"WABIETH":43.490514105,"XRPETH":16.7778610883,"ADATUSD":42.9746906272,"PAXUSDT":-1.3241285769,"CELRUSDT":-4.0084454945,"ETHBTC":23.2752834085,"EOSTUSD":36.2937926853,"DASHBTC":42.8709340109,"XRPPAX":15.4368233509,"QKCETH":38.9285918275,"TRXTUSD":20.8566804506,"RVNBTC":12.0064249237,"QTUMBTC":30.7787504891,"XMRUSDT":30.0911313605,"TRXUSDT":20.3751167999,"BNBPAX":15.9648076963,"STEEMBTC":12.1741795027,"IOTAETH":17.9012788211,"KMDBTC":22.4458767962,"EOSUSDC":34.2930697377,"INSBTC":18.9063632391,"KNCBTC":13.2944176601,"ONTBNB":26.6417698992,"ZRXBTC":25.7367666878,"HOTUSDT":17.1438996579,"LINKETH":23.0869514258,"BCDBTC":44.0999924844,"THETABTC":4.6760453401,"BNBTUSD":17.0803057604,"FETBTC":10.2771478845,"STRATBTC":24.3701251145,"BCHSVBTC":38.7066679541,"ONTUSDT":23.3507209003,"WANBTC":18.4854561282,"SYSBTC":15.7764730717,"ASTBTC":5.6012895797,"ICXETH":29.5913398999,"RDNBTC":11.3514001917,"AMBBTC":24.15239505,"FETUSDT":8.5672359287,"MANAETH":15.1360240772,"AEBTC":36.1307110921,"RLCBTC":19.2982957389,"XRPBTC":17.1672803287,"CVCBTC":19.0902701397,"BATBTC":41.1269024497,"LINKBTC":23.6673141707,"LTCTUSD":43.5962738996,"AIONBTC":54.1963321286,"RCNBTC":32.8411884676,"BCHABCUSDT":71.8172862848,"WABIBTC":42.6992705605,"GXSBTC":18.2697231717,"BTTUSDT":4.6180800711,"LTCBNB":45.5420031321,"USDCPAX":-1.2347163122,"BCHSVUSDT":36.3333403204,"EDOBTC":0.843432321,"XLMUSDT":18.4558504882,"NEOTUSD":39.436275577,"QTUMUSDT":34.6571001221,"DASHETH":43.5977572599,"ENJBNB":-6.7044092776,"NEOBTC":37.8188760706,"BNBBTC":17.2215023842,"MTLETH":70.3025371442,"IOSTUSDT":53.1889568409,"NULSUSDT":32.4083838276,"XRPBNB":17.5572549618,"NANOETH":43.5420740318,"POLYBTC":5.3324468505,"ARNBTC":5.4602547687,"ENJETH":-7.6424878226,"BTCUSDT":24.6534806385,"EOSUSDT":29.7801249595,"VIBBTC":-23.50614029,"ADABNB":42.3902047973,"HCBTC":19.5319615722,"ADAETH":42.2219226931,"NANOBTC":45.6165272538,"SNMBTC":18.9293181355,"OAXBTC":-34.2305391882,"EOSETH":30.6937220648,"NEBLBTC":20.3643817408,"LINKUSDT":20.9584511165,"BATBNB":40.5049813742,"BNBETH":16.5283460724,"VETETH":32.8492821494,"TUSDUSDT":-1.2038360476,"WAVESBTC":13.3807434472,"PPTBTC":17.213156996,"XRPUSDC":16.0113017925,"BRDBTC":8.6765360476,"GRSBTC":5.1614838067,"XLMETH":19.7101995686,"USDCUSDT":-1.3091800265,"ONGBTC":8.1305164806,"NASBTC":30.2280934737,"APPCBTC":21.4567255614,"BTGBTC":29.3479686517,"ETHUSDC":22.9253118511,"ENJBTC":-6.9739384963,"WTCBTC":59.9056823992,"BATETH":39.2230786298,"NEOETH":37.4553992546,"ZECETH":30.5129879343,"ONGUSDT":5.8716338637,"NEOUSDT":35.8555249185,"ETHUSDT":21.8173626987,"STORJBTC":22.6442342309,"BCHABCTUSD":74.9234802429,"NAVBTC":14.3013958235,"CELRBNB":-3.1194199703,"ONTBTC":24.7743462677,"NULSBTC":33.0282484525,"ETCUSDT":19.6642223032,"VETBNB":35.0337580225,"ETCBTC":21.653934126,"RVNBNB":11.5437878227,"SKYBTC":30.6946454942,"ADXBTC":1.8197485837,"ZENBTC":13.5924494595,"ETHPAX":19.5897708355,"POWRBTC":11.1522418233,"LSKBTC":28.991456676,"XRPTUSD":17.3511200625,"GNTBTC":22.4250209268,"BTCTUSD":26.368904376,"OMGETH":22.0637641191,"ZILETH":22.2930074868,"XMRBTC":32.2355162395,"DLTBTC":15.2550329928,"OMGBTC":22.5053314739,"ZECUSDT":29.5259843463,"DGDBTC":13.6205822625,"BNTBTC":14.699800812,"XEMBTC":49.6236150029,"NEOBNB":38.1280893993,"BNBUSDC":17.5416045022,"BNBUSDT":16.1642609,"TRXBNB":22.1982161549,"AGIBTC":4.3394455959,"EOSBTC":30.8158134406,"MTLBTC":72.0223354364,"ZILUSDT":21.3425645932,"LUNBTC":11.743068511,"ETCETH":20.1427547753,"LTCUSDT":41.8091741536,"ADAUSDT":40.1873614999},"startDate":"2019-03-28","endDate":"2019-04-04","numDays":7,"excludedPairs":["WAVESETH","CMTBNB","TNBETH","DNTETH","USDSPAX","IOSTBNB","QSPETH","YOYOBTC","POABNB","RCNETH","TNTETH","WPRBTC","SNMETH","AEBNB","AGIETH","CMTETH","CHATBTC","NCASHBNB","MTHETH","QKCBTC","LENDBTC","BTTBTC","USDCBTC","GVTETH","DASHUSDT","HSRBTC","SYSETH","SNTBTC","CLOAKETH","RPXETH","NULSETH","NAVBNB","GTOBNB","EDOETH","PAXBNB","CNDBTC","WINGSBTC","GRSETH","OSTBTC","XLMUSDC","IOSTBTC","VIBETH","KNCETH","DATAETH","MFTBNB","STORJETH","XZCXRP","MITHBNB","RLCETH","PIVXBNB","THETABNB","BQXETH","HCETH","PAXTUSD","HOTBNB","DATABTC","WANBNB","BLZBNB","XLMPAX","MCOETH","TUSDBTC","ZILBTC","MODETH","XLMTUSD","CDTBTC","TUSDETH","SKYETH","ARDRBNB","NPXSBTC","POWRETH","NANOUSDT","NXSBNB","BCHSVUSDC","WANETH","IOTABNB","BRDETH","RPXBTC","THETAETH","BCCBTC","FUNETH","AMBBNB","CNDETH","SCBTC","BCNETH","BRDBNB","NAVETH","ARDRETH","ZILBNB","DOCKBTC","ZRXBNB","PHXBTC","VENETH","LINKUSDC","CDTETH","DCRBNB","LRCETH","RDNETH","RPXBNB","BCPTBTC","POEBTC","SNGLSETH","ICNETH","ZECUSDC","VENBTC","USDSUSDC","PPTETH","TRXPAX","GTOBTC","ARNETH","OSTETH","QTUMBNB","BTTTUSD","STEEMETH","TRXUSDC","DLTBNB","VENUSDT","XZCBNB","STORMETH","BCPTETH","STRATETH","BNBUSDS","POLYBNB","HOTBTC","TNTBTC","ZENETH","APPCETH","ADXETH","PIVXETH","XMRBNB","XEMBNB","PAXETH","ICNBTC","USDCTUSD","LTCPAX","TRXBTC","BCCUSDT","AEETH","AMBETH","LSKETH","DGDETH","DLTETH","SCBNB","STEEMBNB","ZENBNB","TRIGBNB","ZECBNB","WPRETH","CVCETH","NCASHBTC","REPBNB","QLCBNB","REQETH","FUELBTC","KMDETH","IOTXBTC","XVGBTC","ETCBNB","OAXETH","REPETH","XEMETH","AIONBNB","LINKTUSD","CNDBNB","ZECPAX","BCHABCPAX","LSKBNB","LOOMETH","CLOAKBTC","NASETH","OMGUSDT","SNTETH","AGIBNB","BCPTBNB","ENGETH","HSRETH","MFTETH","NPXSETH","NEBLETH","QSPBNB","VIAETH","RENBNB","POAETH","MODBTC","SUBBTC","BCNBNB","TRIGBTC","MDAETH","DENTBTC","DNTBTC","TRIGETH","MCOBNB","NEBLBNB","GOBTC","WINGSETH","VIBEBTC","POWRBNB","BCHSVTUSD","NEOPAX","ADAUSDC","QTUMETH","TUSDBNB","FUNBTC","WAVESTUSD","RDNBNB","BCCBNB","PHXBNB","BLZETH","YOYOETH","TNBBTC","BTTUSDC","GOBNB","SALTETH","STORMBNB","MTHBTC","WTCBNB","GXSETH","LENDETH","NANOBNB","USDSTUSD","BTTPAX","QLCETH","BTGETH","BCDETH","VIBEETH","WTCETH","WAVESBNB","BCHABCUSDC","BTSBNB","LOOMBNB","SCETH","ADAPAX","GTOETH","LINKPAX","USDCBNB","NASBNB","VENBNB","YOYOBNB","KEYBTC","KEYETH","DOCKETH","BTSETH","NCASHETH","SNGLSBTC","ADXBNB","ZECTUSD","CVCBNB","XMRETH","NXSETH","PHXETH","ZRXETH","RENBTC","VETBTC","DASHBNB","RLCBNB","EOSPAX","LUNETH","REQBTC","USDSUSDT","SYSBNB","RCNBNB","SUBETH","POEETH","SKYBNB","HOTETH","CHATETH","SALTBTC","BCNBTC","GNTETH","MFTBTC","BCHSVPAX","CMTBTC","WAVESPAX","BTSBTC","VIABNB","GNTBNB","STORMBTC","OMGBNB","INSETH","IOTXETH","ASTETH","WAVESUSDC","DENTETH","ARKETH","QSPBTC","BNTETH","AIONETH","XZCETH","OSTBNB","BCCETH","PAXBTC","NEOUSDC","APPCBNB","ONGBNB","ICXBNB","NULSBNB","XVGETH","MITHBTC","ELFETH"]}