{"data":{"BNBBTC":7.6730496048,"BTCUSDC":-0.8818239822,"LUNETH":16.7691775146,"STORJBTC":-5.50204486,"BCHSVUSDT":-3.5415639801,"POLYBTC":-4.5005641574,"LINKUSDC":-7.4469342015,"DLTETH":15.8575085395,"EOSETH":-0.0246090571,"BNBUSDT":8.2170231932,"BTCPAX":-0.6470383086,"STEEMBTC":-13.0001455806,"LTCETH":1.4501327158,"XLMETH":-9.6331450841,"EOSUSDT":1.4336544595,"EOSUSDC":0.9264147932,"INSBTC":-9.493604544,"ETHUSDT":-4.466220463,"LINKUSDT":-7.8167801099,"WINGSBTC":-20.2349349255,"DCRBTC":1.4680843087,"WAVESUSDT":10.0311600402,"BNTETH":-0.843460575,"ARNETH":-5.9668923624,"GTOETH":-2.6087733352,"NANOBTC":7.9985172599,"BCHABCBTC":-1.1589858839,"ADATUSD":-4.0701867228,"ZRXETH":-5.5372570492,"EVXETH":48.7437657382,"BCDBTC":-6.4579576685,"BNTBTC":1.3829208674,"LTCBTC":3.2695593431,"XMRETH":1.738779739,"MDABTC":7.507314456,"DASHBTC":2.288149043,"ICXUSDT":-4.5425611072,"THETABTC":31.4786764071,"VIABTC":-6.4078815832,"ADAETH":-6.2114066829,"NXSBTC":-3.1903755594,"LTCBNB":3.6705955758,"LSKBTC":-2.9620962852,"USDCPAX":0.6484596208,"MTLBTC":10.7084214486,"XLMBTC":-8.3062783129,"WANBTC":0.2360081596,"BQXBTC":-23.5447373944,"TRXTUSD":23.6771760007,"EDOBTC":-12.092792467,"XMRBTC":2.9999116236,"ZRXBTC":-4.093529586,"BTCUSDT":-0.6681568812,"STRATBTC":-6.5815424388,"REPETH":-29.795161205,"XLMPAX":-8.1744903848,"NEOUSDT":-2.7285612354,"XRPUSDT":-3.232386017,"XRPTUSD":-3.5954514436,"XRPUSDC":-4.1624997617,"USDCTUSD":-0.0027644122,"GVTETH":-0.8127724324,"NULSBTC":10.1973421039,"ETHPAX":-4.2288684299,"WTCBTC":-5.4790609693,"ETCUSDT":-0.919859627,"BRDBTC":3.3528419208,"BCHSVBTC":-4.0247507882,"XLMUSDC":-9.4810903158,"LINKETH":-10.2963236427,"NEOTUSD":-3.4087902117,"ADAUSDT":-4.4913574265,"NEBLBTC":-1.424619223,"ONTUSDT":0.9726629602,"DGDBTC":5.5924004688,"ZECBTC":-1.8633991257,"LINKTUSD":-7.7916389145,"HOTETH":72.4867784736,"MODBTC":-2.776017313,"PAXUSDT":0.5463284385,"TRXBNB":22.9721357064,"ETHUSDC":-6.0333221748,"TUSDETH":-0.8356717365,"LRCETH":3.7620891645,"NULSUSDT":9.9880988619,"PIVXBTC":-1.3247410671,"TUSDUSDT":0.5948302211,"EOSPAX":0.6459095744,"NEOETH":-4.2813629529,"BNBPAX":7.8406551137,"BTGBTC":-2.4515255772,"GVTBTC":0.5325409481,"OAXBTC":-16.8631422424,"ONTETH":-1.7034169754,"VETUSDT":4.8407932011,"XRPETH":-4.7652348234,"SKYBTC":-3.532906814,"EVXBTC":53.7875298298,"ONTBTC":0.0843679977,"POWRBTC":-21.7193445131,"GRSBTC":-1.649535061,"TRXXRP":22.891249452,"IOTABTC":-10.3402060397,"WAVESBTC":10.0728065064,"TRXUSDT":23.8795863062,"VETETH":2.6933615058,"WAVESTUSD":8.872728597,"XLMUSDT":-8.0308250674,"IOTAETH":-11.4893436135,"PPTBTC":0.3779572562,"QTUMUSDT":-1.680323271,"BATBTC":-0.3083893509,"NAVBTC":-0.6398577292,"OMGBTC":-8.8451836848,"TRXETH":21.0259109195,"ETCBTC":-1.5298074255,"XRPBNB":-3.8788698827,"IOTAUSDT":-9.1493209716,"ICXETH":-6.3031599767,"RDNBTC":-1.9074020531,"AGIBTC":9.7103679947,"ZENBTC":-11.2607856144,"HCBTC":-7.3691965697,"NANOETH":5.6765706554,"XLMTUSD":-9.7409129122,"GASBTC":-4.162405224,"ADXBTC":-7.6978774143,"QTUMBTC":-2.5182824016,"NASBTC":3.5342373242,"NEOBTC":-2.8809607937,"DLTBTC":14.5021739167,"OAXETH":-18.4911531489,"CMTETH":-1.8886682754,"ELFBTC":-4.2072872167,"KNCBTC":-4.3218228391,"XRPPAX":-3.2998138866,"AEBTC":-7.3697113483,"FUNETH":-11.3022547557,"CLOAKBTC":-6.2912551107,"SALTBTC":-2.955237396,"DNTETH":-1.5454189396,"XZCBTC":-5.6334032214,"TUSDBTC":0.4372391967,"BCHABCUSDT":-1.080228881,"PAXTUSD":-0.0503823911,"BNBUSDC":7.6614821317,"ETHBTC":-4.550680209,"OMGETH":-9.4192006479,"ARKBTC":1.6907356398,"AIONBTC":-4.0121485433,"ICXBTC":-4.8477760274,"BQXETH":-24.7420843274,"GXSBTC":-9.5087969933,"EOSBTC":1.3959203236,"ENGBTC":2.305665599,"WAVESETH":8.1349611099,"LTCUSDT":3.4311030727,"LUNBTC":17.8631060417,"LINKBTC":-8.9795697036,"XRPBTC":-3.5057039082,"MCOBTC":-4.4664812642,"TUSDBNB":-0.4394134469,"THETAETH":27.4506421323,"USDCUSDT":0.636819317,"BNBETH":6.1188969493,"REPBTC":-29.1536949527,"ARNBTC":-5.7313522009,"RLCBTC":31.782326715,"KMDBTC":1.7163777721,"ZILETH":5.6054317865,"LRCBTC":5.7592598381,"WABIBTC":-8.386372633,"WAVESBNB":8.371079988},"startDate":"2019-01-21","endDate":"2019-01-28","numDays":7,"excludedPairs":["NPXSETH","TNBBTC","WANETH","DATABTC","NASETH","ZECETH","AMBBNB","MDAETH","STORMBNB","PAXBNB","ICXBNB","BRDETH","BATBNB","PHXBNB","HSRBTC","CVCBNB","ADABTC","VIABNB","MFTETH","KMDETH","BLZBNB","BLZETH","QLCETH","VENBTC","XEMETH","BCHSVTUSD","BCHABCTUSD","AIONBNB","XZCBNB","STEEMETH","NASBNB","STORMETH","NEOBNB","DNTBTC","LTCPAX","ARKETH","SNTBTC","CDTETH","CNDBTC","USDCBTC","SKYBNB","AMBETH","CNDBNB","THETABNB","GTOBNB","NULSETH","GNTBTC","DCRBNB","NPXSBTC","WAVESUSDC","SCBTC","BCHABCUSDC","WANBNB","BCPTETH","DENTBTC","ICNBTC","SALTETH","XZCETH","LOOMETH","REQETH","TRXPAX","BRDBNB","STORMBTC","VIAETH","PPTETH","BCCETH","CDTBTC","TRXBTC","ICNETH","GNTETH","PAXETH","BTSBTC","NEBLBNB","GNTBNB","IOSTETH","ONTBNB","ARDRBNB","REPBNB","IOTABNB","AEBNB","OSTBNB","MITHBNB","PIVXBNB","SUBBTC","SNTETH","FUELBTC","QSPETH","XVGETH","RLCBNB","VENETH","AGIETH","QLCBNB","WPRBTC","BTGETH","EOSTUSD","BCHSVUSDC","CHATBTC","NCASHBNB","DLTBNB","IOSTBTC","RDNBNB","SCETH","SNMETH","OSTETH","SYSBNB","NAVETH","MANAETH","VIBBTC","SUBETH","IOTXBTC","LENDETH","EDOETH","POEETH","BCHABCPAX","POLYBNB","RENBNB","ELFETH","ENJBNB","SYSBTC","RLCETH","WINGSETH","TNTBTC","LTCUSDC","RVNBTC","HCETH","GOBNB","NXSETH","FUELETH","LINKPAX","RPXETH","NCASHETH","STRATETH","ARDRETH","APPCBNB","NXSBNB","TRIGBTC","SYSETH","ENJBTC","VENUSDT","CMTBTC","CVCBTC","NEBLETH","ADXETH","ZENBNB","QKCBTC","QSPBNB","ZILBNB","ARDRBTC","BCHSVPAX","LSKETH","VETBTC","LENDBTC","NANOBNB","AGIBNB","WAVESPAX","SCBNB","SNGLSETH","QTUMETH","POAETH","DOCKETH","BLZBTC","ADABNB","VETBNB","KNCETH","MFTBNB","MTHETH","BCCBNB","CMTBNB","KEYBTC","GTOBTC","XLMBNB","DGDETH","PAXBTC","QKCETH","AIONETH","RDNETH","ADXBNB","APPCETH","PHXETH","VIBEETH","RCNETH","REQBTC","GRSETH","BCPTBNB","SNGLSBTC","QLCBTC","RPXBTC","XZCXRP","POABNB","POEBTC","ZENETH","ETCETH","CHATETH","FUNBTC","CLOAKETH","GOBTC","MTHBTC","BCCUSDT","LSKBNB","HSRETH","XVGBTC","DENTETH","LTCTUSD","AEETH","PHXBTC","ZILBTC","XEMBTC","WPRETH","YOYOBTC","EOSBNB","MTLETH","MANABTC","PIVXETH","MODETH","TRXUSDC","ASTBTC","POWRETH","XEMBNB","USDCBNB","RVNBNB","KEYETH","MCOBNB","RENBTC","MCOETH","ENGETH","LOOMBTC","WTCETH","CVCETH","BCNBTC","TRIGETH","QSPBTC","STEEMBNB","BTSETH","BCCBTC","HOTBTC","DOCKBTC","BTSBNB","CNDETH","ASTETH","IOTXETH","VIBETH","NCASHBTC","MFTBTC","RCNBTC","BATETH","STORJETH","LOOMBNB","VENBNB","DATAETH","GXSETH","WTCBNB","BCDETH","POWRBNB","ENJETH","BCNETH","VIBEBTC","INSETH","TNBETH","OSTBTC","WABIBNB","NULSBNB","WABIETH","SKYETH","MITHBTC","RPXBNB","APPCBTC","BCPTBTC","DASHETH","TRIGBNB","YOYOETH","YOYOBNB","RCNBNB","AMBBTC","QTUMBNB","ETCBNB","TNTETH","POABTC","SNMBTC","BCNBNB","NAVBNB"]}