{"data":{"ONEBNB":19.712209758,"WAVESETH":-4.0974878412,"WINBNB":-19.2697739103,"ADAUSDT":-5.0509581315,"WABIBTC":-15.3117987863,"ICXBTC":-15.8042136692,"IOSTUSDT":-8.2844773975,"WANBTC":-9.9336562375,"DASHUSDT":-0.449283567,"IOTAUSDT":-5.7921618934,"OMGUSDT":-8.2354861785,"ONEUSDT":18.8333503211,"RVNBNB":-5.03180993,"LTCUSDC":-5.1302308143,"XLMETH":-6.2958709441,"BRDBNB":-9.858653558,"BTCPAX":3.7066144548,"XMRBNB":3.4438462535,"ETHBTC":-5.3530274388,"SKYBTC":-13.9117962411,"LINKUSDT":-3.7262986561,"THETAUSDT":-5.2338157718,"ERDBNB":-12.0397194919,"DOGEUSDT":-2.4597266064,"DASHETH":-1.5611744427,"ELFBTC":-23.7783825743,"VETUSDT":-4.7571393295,"ZILUSDT":-9.1107896376,"ATOMBTC":-6.0842841103,"EOSBTC":-2.5470151316,"QTUMBTC":-9.8340897984,"MDABTC":-16.195350571,"BTCTUSD":3.080529748,"ZECBTC":-10.3094498097,"EOSPAX":-2.2030946479,"ARKBTC":-18.5512161995,"NANOETH":-6.5504094059,"STEEMBTC":-14.5299211488,"GVTBTC":-23.9264363663,"BATBNB":-13.2470374507,"ADAETH":-6.6556145685,"ICXUSDT":-14.8018667525,"GRSBTC":-14.4459677662,"XRPPAX":-4.6804807464,"COSBTC":20.7311382321,"BNBUSDC":9.0842567163,"ENJBTC":-11.6796684096,"ONTETH":-8.4778998648,"ATOMBNB":-5.1838250159,"BRDBTC":-10.8790857314,"TRXBNB":-7.5800053395,"ALGOUSDT":18.4413197039,"NEOBTC":-10.5232218621,"LINKETH":-5.4629992517,"COSBNB":24.5420472147,"TUSDUSDT":0.3865674128,"FETUSDT":-1.7565833605,"EOSTUSD":-2.8853627064,"RDNBTC":-14.8460687868,"IOSTETH":-8.6382654631,"ANKRUSDT":-12.2235444765,"TRXUSDT":-7.4090516354,"VIABTC":-2.3550279018,"ETCUSDT":-4.2618780918,"STRATBTC":-18.8661683238,"TFUELUSDT":8.6242318798,"WINUSDC":-18.9737627817,"BNBETH":8.4698444878,"XRPBNB":-5.6037842323,"RENBNB":-7.2100521519,"VETBNB":-5.8075640659,"USDCUSDT":0.4016882892,"XRPBTC":-6.559284843,"XZCBTC":-11.8281584667,"NANOUSDT":-4.0796388604,"BCHABCPAX":-0.6142485298,"WTCBTC":-11.8377402775,"BCHABCUSDT":-1.9782663214,"FETBNB":-1.0245701942,"ARNBTC":-18.0193767134,"DUSKBNB":18.2885565782,"BATBTC":-14.5336369161,"ICXETH":-15.8175068596,"THETABTC":-5.4221049602,"MITHUSDT":-7.8386021054,"ZECUSDT":-9.6521395546,"ALGOUSDC":18.0017000693,"MATICBNB":62.1240132869,"XLMBNB":-5.3110725905,"BCHABCUSDC":-1.3908481112,"QKCETH":0.5937999157,"ENJETH":-11.9592381751,"BNBUSDT":9.4834099426,"DASHBTC":-1.8000802812,"BQXBTC":-13.1044599281,"REPBTC":-0.1271505124,"EVXBTC":-11.4062589747,"CELRUSDT":1.0602551368,"VETETH":-5.8261649201,"PAXUSDT":0.475137257,"RENBTC":-7.4101817212,"MTLBTC":-19.6945875608,"XRPUSDC":-5.5451074837,"LTCPAX":-4.8659494057,"HCBTC":-18.5323006091,"BCDBTC":-7.8580662658,"NAVBTC":-12.6555959766,"ETHTUSD":-4.9037156345,"ZECBNB":-9.8587503788,"EDOBTC":4.0892836086,"TRXETH":-8.7010193363,"NEOETH":-10.6722814806,"AEBTC":-9.4455000929,"HOTBNB":-8.6830362866,"NXSBTC":-7.3130436167,"NEOUSDT":-9.3409679321,"ARDRBTC":-21.7151416141,"TRXUSDC":-7.041613821,"OAXBTC":-18.1816948791,"KMDBTC":-15.1239710601,"EOSBNB":-3.9203136967,"ONTUSDT":-7.0273115094,"LTCBTC":-5.9099735524,"PAXTUSD":0.0690866603,"NEBLBTC":-27.0399770946,"BATETH":-14.6630347182,"ZENBTC":-28.8258958193,"LINKUSDC":-5.1572345624,"WINUSDT":-18.9479235333,"BTTBNB":-8.396178317,"DGDBTC":6.6049312617,"STORJBTC":-14.3391238653,"USDCPAX":0.3757846507,"ETHUSDT":-4.7572971828,"ETCBTC":-6.2369236265,"LTCUSDT":-4.8295907685,"USDSUSDT":0.5139898564,"ZILBNB":-8.5836482061,"KNCBTC":-10.7434982959,"BTGBTC":-14.4541996506,"BNBBTC":8.2474931397,"NULSBTC":-21.8520481748,"AIONBTC":-11.5557306153,"BTTUSDT":-8.3792081304,"ATOMUSDT":-5.5020497561,"ENGBTC":-11.6518711136,"BTCUSDT":3.7144668128,"TRXXRP":-7.7219137008,"ZRXBTC":-10.2034090337,"HOTUSDT":-7.8667584148,"DCRBTC":-5.1729979154,"LSKBTC":-5.3467374031,"XRPETH":-6.6919884317,"PPTBTC":-12.7775513577,"LINKBTC":-5.4791682548,"ONTBTC":-8.2035217561,"ADATUSD":-5.4106425311,"THETAETH":-4.563785127,"ANKRBNB":-12.833161779,"GASBTC":-10.7302691554,"DUSKBTC":14.6643556325,"COSUSDT":24.0880953914,"ALGOBTC":16.2057812385,"NEOBNB":-9.6250415081,"EOSUSDC":-2.248403115,"WAVESUSDT":-2.0346158233,"ALGOBNB":17.6237578167,"NANOBTC":-6.2063775801,"BATUSDT":-13.5261271295,"IOTAETH":-6.7937780974,"RLCBTC":-17.6757365949,"ZRXUSDT":-9.1396367259,"ADAUSDC":-4.1572526381,"BCHABCBTC":-2.1403725895,"IOTABTC":-7.0906195442,"DUSKUSDT":16.1544607849,"BNBPAX":9.3447122196,"PIVXBTC":-20.632677764,"INSBTC":-14.5317364449,"NULSUSDT":-20.6740400663,"XLMBTC":-6.2894451364,"ETCETH":-5.1136573297,"LUNBTC":10.234639361,"LTCTUSD":-4.8724792973,"LTCBNB":-5.006151934,"FTMBNB":-15.6014896734,"LTCETH":-5.9516874382,"XRPTUSD":-5.9916019387,"BNBTUSD":8.9890471246,"ZECETH":-10.3696663628,"ERDUSDT":-11.0628949089,"EOSETH":-4.2973159798,"ENJUSDT":-10.6038973962,"XRPUSDT":-5.4722525988,"XLMUSDT":-5.3950944613,"GXSBTC":-25.9602114258,"BCHABCTUSD":-1.7499229057,"ZILETH":-10.431549647,"XMRBTC":2.5893509021,"FTMUSDT":-15.3393403015,"XMRETH":2.7589864253,"ZRXETH":-10.3114424008,"OMGETH":-8.948172181,"CELRBNB":2.0546817434,"BTCUSDS":3.5939144652,"QTUMUSDT":-8.8757961286,"ETHUSDC":-5.4740400693,"BTCUSDC":2.805991071,"WAVESBTC":-2.8535097654,"USDCTUSD":-0.0033173898,"MCOBTC":-7.7142797649,"ETHPAX":-5.5749032544,"ADABNB":-4.5861203934,"XMRUSDT":4.0661329893,"NASBTC":-18.4019159744,"LINKTUSD":-4.6077773162,"EOSUSDT":-2.2316789029,"MATICUSDT":60.694424906,"OMGBTC":-9.2949602452},"startDate":"2019-08-05","endDate":"2019-08-12","numDays":7,