{"data":{"BCPTBTC":65.4978363432,"LSKBTC":84.2736300311,"RLCBTC":-44.5516175332,"USDCUSDT":98.9300709694,"BATETH":37.5458383943,"NULSUSDT":190.5317442341,"ONTUSDT":241.027518057,"BCHABCPAX":-39.2908288938,"ASTBTC":189.7067222967,"ETCUSDT":96.3415244838,"XRPBTC":1059.4988736069,"BNBPAX":-3.552639213,"WTCBTC":32.1173426868,"ADAPAX":333.2606319528,"ENJBNB":37.995228232,"QTUMBTC":142.8773304419,"NULSBTC":76.1508017783,"BNBBTC":142.4436846559,"LINKETH":276.4155171518,"GVTBTC":63.538415658,"LUNBTC":88.7306353684,"ENJBTC":179.7928063561,"TRXETH":136.5129406315,"PAXTUSD":253.9425608476,"TUSDUSDT":146.3924978137,"ADAETH":188.0462138865,"XRPPAX":290.464637716,"DLTBTC":-39.3555425029,"SKYBTC":121.9728410857,"EOSBNB":130.4189008861,"BCHABCBTC":124.2406001235,"ELFBTC":27.0207837445,"VETBNB":245.8493873016,"LTCUSDT":140.716172063,"LOOMBTC":-22.4167907384,"XEMBTC":163.5258640649,"SYSBTC":99.2265316467,"BTCUSDC":97.4028892107,"ENJUSDT":605.8475467272,"QKCBTC":129.4989000115,"MDABTC":20.894709742,"LTCTUSD":52.905735027,"XRPBNB":369.8578610694,"ZENBTC":12.7181968002,"ATOMBTC":-10.3777460475,"BRDBTC":-10.059669504,"XRPTUSD":1596.2861915526,"ETHUSDT":87.8759629337,"OMGUSDT":59.9877619595,"MCOBTC":133.5074062551,"FETUSDT":65.1008521404,"TRXXRP":153.1717275299,"BTCUSDT":175.5607355961,"ETHTUSD":87.4459994462,"IOTABTC":390.1523011753,"ONTBNB":149.0965166095,"EVXBTC":-44.8618799491,"MTLBTC":2.682441358,"FETBTC":198.8063953147,"DGDBTC":82.4457142751,"KNCBTC":2319.1169302321,"OMGBTC":94.1808953504,"ADXBTC":55.3913082799,"XMRBTC":38.7635244075,"ADABNB":199.3101512981,"ADABTC":246.1727035989,"XMRUSDT":43.4884623451,"OAXBTC":23.2395919905,"NEOBTC":238.8094413608,"GNTBTC":-14.4218930591,"ZRXBTC":151.7346565078,"BTTBNB":29.2709468836,"MATICBNB":1895.4479100386,"POWRBTC":119.2951431427,"EOSUSDT":164.2976184765,"ZRXUSDT":433.9765738737,"ONGUSDT":903.1264806632,"NEOUSDT":300.1033381914,"TRXUSDC":-17.4013613809,"ETHBTC":85.6226959072,"AIONBTC":195.5317815726,"DASHBTC":85.2156099065,"IOTAETH":752.5345558852,"ENJETH":55.7708490289,"XLMETH":176.015917205,"BLZBTC":128.1445824665,"ZECBTC":58.2395358949,"NEBLBTC":53.8921874466,"BNBUSDC":0.2414678295,"STEEMBTC":8.9250633326,"EOSBTC":266.6051044544,"ENGBTC":21.9853998183,"ADAUSDC":187.1114178545,"WAVESUSDT":-13.615363003,"GASBTC":131.0437018824,"BTCPAX":88.9589739662,"TRXUSDT":10.8897950302,"WAVESETH":-49.1228988632,"REPBTC":83.291142946,"BTGBTC":-2.1063244646,"NXSBTC":-41.1996811096,"GRSBTC":-48.1860783242,"VIABTC":-23.5442269399,"MANABTC":43.9215523643,"VIBEBTC":156.3355518076,"DASHUSDT":291.5117769099,"FUELETH":-43.1201610541,"IOTABNB":206.4629792183,"ETHUSDC":23.3041928304,"BATBTC":36.4286436836,"MITHUSDT":313.4360853172,"NANOBNB":5.1798128081,"NEOBNB":56.6539778414,"BCHABCUSDC":87.7748182356,"HOTUSDT":128.4978118002,"IOSTETH":-28.4141482144,"USDSUSDT":583.8246768546,"BATBNB":-7.1584287608,"BQXBTC":4.3817548529,"INSBTC":-58.3125870428,"NANOBTC":-15.6954525213,"LRCBTC":-20.921374929,"NASBTC":81.0042445408,"BCHABCTUSD":104.0762130231,"NEOETH":178.9078286016,"AEBTC":42.2931726085,"ADAUSDT":364.8557325528,"XRPUSDC":1040.3319572496,"ONGBTC":389.8359348485,"ARNBTC":-44.8744614211,"STRATBTC":337.3284686942,"ADATUSD":141.1700317807,"LTCUSDC":76.8127281376,"LTCPAX":63.0913944697,"TRXBNB":34.5275594629,"ICXUSDT":255.5851397074,"XRPETH":589.7031183597,"MATICUSDT":4882.8641500407,"NANOUSDT":15.2840913734,"POABTC":5.6269492868,"BTCUSDS":453.5229401112,"ARKBTC":290.5293637588,"TRXTUSD":154.4151573851,"ETCBTC":103.9258098775,"VETETH":277.2084649949,"AMBBTC":78.4262245137,"LTCETH":153.8277999841,"KMDBTC":-41.2435541313,"EOSETH":156.4217152846,"EOSTUSD":117.1371882643,"ATOMBNB":-69.9108713448,"BATUSDT":67.0321167419,"ATOMUSDT":-2.6936489391,"ZECUSDT":159.2249389453,"BNBUSDT":69.2822647284,"VETUSDT":313.1589644404,"WAVESBTC":-83.8714333024,"BTTUSDT":63.6174577365,"XLMUSDT":277.4062722438,"GTOBTC":118.1643953821,"RVNBTC":97.8543209304,"XLMUSDC":165.2663232244,"ETHPAX":80.2961070319,"NEOTUSD":79.5228677972,"POLYBTC":306.2184082503,"PPTBTC":144.168806504,"ICXBTC":175.8691456434,"BCDBTC":-29.5386118572,"DGDETH":52.2312614373,"XLMBTC":442.0919316082,"USDCTUSD":92.6438803531,"LTCBTC":171.0510974614,"EOSUSDC":69.3397238237,"STORJBTC":37.12317654,"ONTBTC":385.3223683588,"IOTAUSDT":580.0879078812,"ZILUSDT":256.7622804654,"CELRBNB":559.5744918635,"LTCBNB":97.0471720173,"PAXUSDT":108.0290350912,"QTUMUSDT":274.7838948106,"BNBTUSD":24.76978486,"RCNBTC":492.0374375999,"CELRUSDT":410.516532656,"HCBTC":-77.1388855724,"APPCBTC":-18.0270535742,"BCHABCUSDT":128.9573218377,"EOSPAX":-1.7333706445,"THETABTC":325.339165556,"BTCTUSD":130.1953632459,"WABIBTC":67.3417086086,"LINKUSDT":469.9765323531,"EVXETH":6.8668093932,"RVNBNB":71.728454241,"LINKBTC":269.9224139997,"CMTBTC":-8.3761679206,"XRPUSDT":1524.6361870023,"USDSPAX":221.8165953854,"CVCBTC":-52.6072188222,"MITHBTC":69.6347250427,"USDCPAX":122.2525186886,"NANOETH":43.0486157815,"BNBETH":73.2557980837,"ZILETH":135.9867220044,"IOSTUSDT":28.1414863186,"XLMBNB":198.593401544,"WANBTC":-9.6499352998,"RDNBTC":184.3745856309,"THETAUSDT":488.5273707214},"startDate":"2019-05-08","endDate":"2019-05-15","numDays":7,