{"data":{"DASHUSDT":-28.0132947401,"VETBNB":215.319571507,"ONTBTC":70.4880691673,"BATETH":436.0283133343,"NEOBNB":44.4414781363,"HCBTC":-4.0019571888,"ADATUSD":38.0810995456,"EOSETH":-23.7193035387,"XMRUSDT":86.2826017671,"NANOBNB":190.2778107438,"PIVXBTC":21.7486372309,"FUELETH":-15.6592300479,"RVNBTC":-19.2122920472,"HOTUSDT":-46.7107667194,"OAXBTC":-44.2601600653,"ETHBTC":10.0709617454,"XRPUSDT":19.7013318094,"VETUSDT":-14.0253561178,"KNCETH":182.5688730924,"BNBTUSD":122.9004251822,"QTUMUSDT":-26.4108139045,"NEBLBTC":80.9625769444,"BNBUSDT":71.0696361807,"NEOBTC":-11.588912773,"GRSBTC":-80.2854641877,"MDABTC":7.3416333372,"LTCBTC":3.8297804082,"BNBBTC":63.2150202097,"BTTUSDC":-98.3459354801,"GTOBNB":110.4477865889,"LTCTUSD":35.5904175951,"RLCBTC":-59.6062467986,"OMGUSDT":-45.1230995404,"USDCUSDT":-43.1007137949,"IOTABTC":-12.9888710752,"PHXBNB":238.7198930012,"EOSUSDC":-34.8265542141,"ZECBTC":5.3468880522,"RVNBNB":20.8656465309,"USDCPAX":110.3244080883,"BATBNB":2816.6539310994,"FETBTC":85.4649846161,"VIABTC":36.7418507558,"THETABTC":-13.2615922035,"MITHBNB":1554.4535539415,"QKCETH":55.5880234422,"WABIETH":-58.5404484839,"VETETH":10.2853135142,"ENJETH":-15.8142691277,"EOSUSDT":-8.4886602945,"NANOETH":83.4382815827,"BTCPAX":109.2041016875,"WTCBTC":7.6154076681,"DGDBTC":13792.4191647572,"HOTBNB":33.8649867475,"REPBTC":317.1534192637,"GASBTC":-6.2963752267,"MCOBTC":92.7181734916,"DCRBTC":42.6560773853,"ZRXBTC":-42.4285355397,"BTGBTC":-54.8467109244,"BCHSVUSDT":-92.0595829531,"EDOBTC":38.0104554479,"TRXXRP":-35.9198500075,"KMDBTC":18.5958111458,"BTTBNB":-29.6715147811,"OMGBTC":-35.8427299278,"ETHUSDC":-24.2618942558,"BCHABCPAX":-57.0278072442,"NAVBTC":-39.6325520419,"XRPUSDC":-46.1517805208,"NEOUSDT":-3.8404567158,"GVTBTC":101.2366366373,"XLMETH":-12.4549146164,"IOTAETH":-49.98173726,"TRXBNB":10.8026149025,"ELFBTC":107.1945763895,"KNCBTC":193.0269408127,"WAVESETH":33.9458484737,"BTCTUSD":37.5187249208,"LTCBNB":19.6220482231,"BCHABCBTC":-71.5852541561,"ENJBTC":20.3096876505,"BNBUSDC":163.3448047628,"LINKUSDT":-46.7384083867,"BATBTC":620.1043154885,"MITHBTC":929.4527511793,"FETBNB":72.9022238341,"THETAUSDT":-47.8844051701,"NULSUSDT":-85.7672675405,"XMRETH":26.0202301328,"STORJBTC":-68.6543958813,"ZENBTC":53.7606071613,"LRCBTC":-27.617899236,"DGDETH":12818.0161388764,"BCHABCUSDT":-74.2396236019,"FETUSDT":31.8318484954,"BRDBTC":29.0941496556,"AIONBTC":33.5492380287,"WANBTC":5.3147630445,"GXSBTC":179.5786036992,"XZCBTC":12.9631447385,"QTUMBTC":1.312099823,"AMBBTC":72.6907614925,"BNBETH":73.9680190517,"NULSBTC":-96.1762199837,"ADABNB":178.2233968687,"MTLBTC":-88.9217961234,"EVXBTC":-38.9988419015,"IOSTUSDT":-27.8699630969,"EOSTUSD":-12.5945786408,"NASBTC":581.1214550473,"WABIBNB":-79.7919353893,"ADABTC":202.3257910751,"WAVESBTC":-10.120362388,"ETHUSDT":-1.419211928,"ONTETH":0.2350507523,"TUSDUSDT":-20.998275202,"NANOBTC":174.6206567796,"PAXTUSD":414.898710777,"LTCETH":-38.7457519766,"ICXBTC":544.8830668174,"LTCUSDT":-9.6940725721,"TRXETH":-8.4034023698,"IOSTETH":-8.5148495953,"XLMBNB":214.1810290896,"NEOETH":-26.0999367316,"LTCUSDC":22.4041445947,"WABIBTC":-82.0996657213,"ZILUSDT":-54.3184307814,"ADAUSDT":125.4402905289,"BTTUSDT":-30.0850308,"BCPTBTC":-26.2422080914,"RDNBTC":-22.8395815794,"BCHSVTUSD":-46.1572256373,"WAVESUSDT":2.5715646346,"ARNBTC":17.4204202948,"LTCPAX":37.7703925622,"ONGBTC":65.8458900738,"PHXETH":187.6178744682,"POLYBTC":60.5657764699,"XRPBTC":53.5611124112,"VIBBTC":90.4270138581,"ETCUSDT":5.0434091804,"LSKBTC":-19.0309282877,"INSBTC":275.0756424899,"ADXBTC":89.5480011449,"ONTUSDT":42.762748307,"XRPTUSD":1.9961644581,"XLMBTC":61.9619818877,"XLMUSDT":-8.5843008954,"PPTBTC":-17.1370609529,"BCHABCUSDC":-79.2864801395,"ZILBNB":219.6680690615,"PAXUSDT":-55.3719846943,"BCHSVBTC":-91.5245035318,"DLTBTC":127.3940756646,"XMRBTC":84.9543970606,"ONGUSDT":18.8343165398,"BTCUSDC":48.6672117683,"ENGBTC":1.4890094293,"ADAETH":109.2371991217,"ICXUSDT":303.0756861425,"ETHPAX":-59.5023100724,"ARKBTC":-36.6415958776,"TRXUSDT":-38.17013324,"BTCUSDT":49.4647173063,"NANOUSDT":49.4458784537,"EOSBNB":229.3049159432,"XRPPAX":-30.5429462807,"ZRXUSDT":-60.2198457021,"XRPETH":15.1520628218,"ENJBNB":19.6678704791,"WTCETH":9.5044198778,"NASETH":112.9811981781,"STEEMBTC":-24.9864678597,"BQXBTC":1.0669621542,"DASHBTC":8.812282159,"STRATBTC":-32.4587969746,"EOSBTC":-24.485274313,"ETHTUSD":-11.9556497056,"BATUSDT":524.58971292,"ETCBTC":-5.1829115754,"XRPBNB":99.6880770879,"SKYBTC":-4.3806586572,"MFTETH":-85.8633540402,"BNBPAX":230.6402123541,"BCHABCTUSD":-57.084552591,"LINKBTC":20.6281064942,"ZILETH":-3.04133847,"CELRUSDT":27.3715019171,"ICXETH":750.3615822994,"ZECUSDT":-1.64496295,"USDCTUSD":34.3427755102,"AEBTC":35.1055469641,"BCDBTC":-23.7722114291,"IOTAUSDT":-34.4732220994,"LUNBTC":179.9192086481},"startDate":"2019-04-16","endDate":"2019-04-23","numDays":7,"excludedPairs":["QSPBTC","USDSTUSD","OSTBTC","ICNETH","ARNETH","HCETH","YOYOBNB","LUNETH","SCBNB","POEBTC","DNTETH","IOTXETH","EDOETH","WPRBTC","MTHETH","TRXUSDC","BTSETH","SNGLSBTC","REQBTC","BTTTUSD","XLMUSDC","WANBNB","ASTBTC","NXSETH","CVCBTC","CELRBNB","TRIGBNB","BQXETH","BLZETH","BNTBTC","AGIBNB","INSETH","NAVBNB","DCRBNB","XLMPAX","DASHETH","RDNETH","GOBNB","VIBEETH","STEEMETH","WINGSBTC","OAXETH","DOCKBTC","USDSPAX","MANABTC","HOTETH","APPCETH","DENTETH","LINKPAX","QKCBTC","TRXBTC","USDCBNB","LINKETH","VETBTC","NPXSBTC","BLZBTC","BTSBTC","NASBNB","MTLETH","SCBTC","BCHSVUSDC","MDAETH","BCNBTC","POEETH","STORMBNB","ZENETH","RPXBTC","ZRXBNB","NEBLETH","CNDETH","BRDBNB","WPRETH","DATAETH","ELFETH","APPCBNB","BTSBNB","WTCBNB","LOOMETH","VENBNB","HSRBTC","VIAETH","SNMBTC","VIBEBTC","NCASHBTC","VENBTC","ONTBNB","KEYBTC","STRATETH","BTGETH","HSRETH","ETCBNB","NEOUSDC","RENBTC","ASTETH","ZECUSDC","CVCETH","RENBNB","BCPTBNB","OSTBNB","POABTC","ENGETH","DLTBNB","BCCBNB","BTTBTC","MODETH","ETCETH","NAVETH","SKYBNB","REQETH","GXSETH","POWRETH","LENDBTC","ZILBTC","BCDETH","SUBBTC","AGIBTC","IOSTBNB","NCASHBNB","BNBUSDS","WAVESTUSD","TNTETH","XVGETH","IOTABNB","LENDETH","TUSDBNB","ADAUSDC","NEOTUSD","ENJUSDT","BLZBNB","XZCETH","MFTBNB","OMGBNB","QLCBNB","GTOETH","CDTETH","LSKETH","AIONETH","NCASHETH","AMBETH","XZCBNB","CMTBNB","LSKBNB","THETAETH","PHXBTC","CLOAKETH","TRIGBTC","SUBETH","TNBBTC","PIVXETH","FUNBTC","BCNBNB","POABNB","OMGETH","SYSBTC","SNTETH","XEMETH","CMTBTC","MCOBNB","VENUSDT","ICXBNB","REPBNB","AGIETH","LINKTUSD","LOOMBTC","WAVESPAX","NULSETH","TUSDBTC","CLOAKBTC","CVCBNB","USDCBTC","SCETH","ARKETH","YOYOETH","DENTBTC","QLCBTC","LOOMBNB","THETABNB","EVXETH","TUSDETH","FUELBTC","XZCXRP","STORJETH","ADXBNB","MANAETH","GOBTC","NXSBNB","BCCUSDT","BRDETH","GNTBNB","KEYETH","ZRXETH","USDSUSDT","ADAPAX","CNDBNB","MFTBTC","DATABTC","POAETH","WAVESBNB","STORMBTC","BCCBTC","XEMBNB","APPCBTC","AIONBNB","NEOPAX","ARDRETH","YOYOBTC","SKYETH","PPTETH","BNTETH","GNTETH","WANETH","SYSETH","HOTBTC","RLCBNB","ADXETH","CNDBTC","PAXETH","BCPTETH","BCNETH","PAXBNB","DOCKETH","CHATBTC","EOSPAX","XLMTUSD","AEBNB","REPETH","VIBETH","RLCETH","CELRBTC","NEBLBNB","ARDRBNB","BCHSVPAX","PAXBTC","BTCUSDS","IOTXBTC","PIVXBNB","CMTETH","ZECBNB","ICNBTC","SNMETH","RPXETH","VENETH","STORMETH","DNTBTC","AMBBNB","XMRBNB","STEEMBNB","SNTBTC","QTUMBNB","LRCETH","DASHBNB","TNBETH","SALTETH","GRSETH","TRXPAX","NULSBNB","TRXTUSD","GTOBTC","LINKUSDC","RPXBNB","OSTETH","QTUMETH","CHATETH","ZECETH","XVGBTC","RCNETH","KMDETH","MITHUSDT","GVTETH","USDSUSDC","NXSBTC","VIABNB","SYSBNB","MCOETH","MTHBTC","FUNETH","ARDRBTC","SNGLSETH","QSPETH","RDNBNB","WAVESUSDC","XEMBTC","ZECPAX","NPXSETH","TRIGETH","QSPBNB","CDTBTC","RCNBNB","SALTBTC","RCNBTC","BCCETH","ZENBNB","POLYBNB","QLCETH","TNTBTC","WINGSETH","AEETH","MODBTC","ZECTUSD","DLTETH","ONGBNB","IOSTBTC","POWRBNB","GNTBTC","BTTPAX","POWRBTC"]}