{"data":{"NULSBTC":-55.3659971892,"XMRBNB":60.1088695393,"RLCBTC":-52.0358411709,"ICXUSDT":205.0495663362,"STEEMBTC":115.5182486661,"BTTBNB":-31.8079015506,"ETCBTC":-44.428028702,"EOSUSDC":-75.734912781,"PPTBTC":437.9501735398,"FTMUSDT":-42.2521690752,"USDSUSDT":-51.3227190262,"NEOUSDT":-45.3779872785,"WTCBTC":626.3748539558,"ONEBNB":-24.4162159069,"XZCBTC":-8.7581494965,"XRPBTC":-42.2302184881,"IOSTUSDT":-41.2574551659,"FETBNB":4.4755982086,"ZECBTC":-23.4936005426,"LTCPAX":247.5094750335,"PPTETH":299.2963824393,"BTGBTC":-34.3132550604,"KMDETH":157.4709734336,"BNBUSDT":-4.1932593612,"TRXETH":69.3399663581,"ZILUSDT":-21.7412700189,"GASBTC":-20.033614697,"TNTBTC":-67.486734284,"ENJETH":-40.740264073,"TRXUSDC":110.1348937241,"LINKBTC":-61.1833834882,"CELRUSDT":17.3399891638,"LINKUSDC":-75.921210324,"GVTBTC":-27.5607614238,"BATUSDT":-71.333508912,"HCETH":-71.4742405499,"KMDBTC":99.6898465532,"EOSTUSD":-94.6710288011,"ALGOBTC":-53.2293531441,"LTCBTC":-45.8672379265,"BCDBTC":-56.0725100366,"ZECETH":-21.9878986595,"VETBNB":-40.5211151931,"VIABTC":-39.6919314889,"BCHABCTUSD":-90.7880610972,"XRPETH":-10.3181642309,"ZILBNB":-17.9049787419,"IOTAETH":-19.9853920194,"XMRBTC":-9.2694595682,"ATOMBNB":-23.9816065559,"STORJBTC":132.1955242739,"ETHBTC":-26.5094748564,"USDCTUSD":-25.9284755716,"IOTABTC":-25.3354769669,"BCHABCUSDT":-69.8732790563,"MITHUSDT":-7.932760813,"XRPTUSD":-23.5180074059,"LUNBTC":-4.0251110306,"EOSUSDT":-54.1235880617,"ADABNB":-9.3426237994,"BNBPAX":9.2854683708,"BTCPAX":35.5246205116,"TNTETH":-57.2730650456,"LTCBNB":-23.9503258945,"REPBTC":-35.836969817,"PAXTUSD":-1.1104910264,"WAVESBTC":232.9810814319,"OAXBTC":73.1737542349,"AIONBTC":78.1487448116,"USDCPAX":17.2175687185,"LINKTUSD":-79.8221554845,"WAVESETH":82.8195146413,"ETHTUSD":35.8862001232,"CMTETH":267.9247484966,"NCASHETH":-80.8860407444,"LINKPAX":-80.8178792105,"BATBNB":-63.9307289408,"BTCUSDS":18.6512347828,"DASHUSDT":-9.2830741176,"EOSETH":-46.6627081522,"MANAETH":250.1740260784,"MTLBTC":111.3907785492,"ZENBTC":39.7560020027,"NEOETH":-2.2678526807,"NEBLBTC":19.9519995834,"RENBNB":-59.7396611014,"QTUMUSDT":-71.0342990533,"WTCETH":572.7376893164,"XMRUSDT":-1.8553506024,"XRPUSDC":2.5951881027,"BTCTUSD":-19.9693593908,"BATBTC":-67.0536460561,"LINKETH":-59.8058173068,"XRPUSDT":-23.3768402096,"WANBTC":28.0218043604,"BRDBTC":458.7505214626,"BTCUSDC":-20.7249725568,"WAVESBNB":215.3047037594,"OMGBTC":61.3325157615,"IOSTETH":-9.1299750084,"NEOTUSD":-86.3963539507,"WAVESUSDT":402.0556663046,"PAXUSDT":60.1917270188,"BNBUSDC":6.2511687894,"NEOBNB":-18.6023027067,"FETBTC":-36.4463284747,"XLMETH":-30.8639115061,"ARKBTC":-18.8838758684,"RDNBTC":-32.5477373927,"XRPBNB":-28.0336092017,"ETHUSDT":-26.0232668869,"CMTBNB":425.2488863978,"ONEUSDT":-48.0294235315,"ASTBTC":2.5313039361,"TRXBNB":37.1561604599,"ADXBTC":-36.9347944823,"NULSUSDT":-64.5538839101,"ADAETH":-9.2232497068,"GRSBTC":-45.6892797818,"ENGBTC":10.6141867576,"EOSBNB":-8.6522562349,"IOTAUSDT":-28.3611687091,"FETUSDT":-72.2256818481,"BQXBTC":2597.2116698202,"VETETH":-28.2618064699,"ENJBTC":-52.9849692126,"CMTBTC":324.0376359829,"XLMUSDT":-61.1666098968,"FTMBNB":4.1727870006,"ICXBNB":233.0991825344,"NANOUSDT":27.4270987823,"BTCUSDT":-13.0742553358,"LSKBTC":23.1909532527,"TRXUSDT":-8.7239046302,"HOTBNB":-78.3598960307,"MDABTC":115.604316929,"ALGOUSDT":-51.6005756743,"ZECUSDT":-40.5146072617,"MATICUSDT":-63.4174988261,"LINKUSDT":-77.0269658876,"TUSDUSDT":-14.182872875,"QKCETH":-65.3828437734,"OMGUSDT":24.8609362672,"EOSBTC":-44.196224495,"BNBTUSD":6.3750265677,"MCOBTC":-45.0139227076,"OMGETH":94.8964004948,"ENJUSDT":-66.9465885182,"VETUSDT":-39.8814655296,"EVXBTC":-26.1080041698,"AEBTC":-33.2888975798,"XRPPAX":46.9466509414,"ARNBTC":-2.7229694029,"RENBTC":-52.7609868102,"WTCBNB":704.3320354845,"SKYBTC":-16.9954593036,"ONTBTC":-35.5561682063,"ZRXUSDT":-21.5384105346,"THETAUSDT":-38.7155552805,"ADATUSD":-71.021581337,"DGDBTC":12.5337039958,"ICXETH":156.1305600516,"LTCETH":-33.2071019974,"TFUELUSDT":-3.4276265171,"ETHUSDC":-21.7960625942,"ATOMBTC":-37.0593279329,"RVNBNB":45.3888075705,"BATETH":-61.4032287824,"LTCTUSD":-33.3755453322,"XMRETH":27.4748025564,"ALGOBNB":-18.0388810134,"INSBTC":-2.6371673229,"GXSBTC":-44.1361462525,"DASHETH":70.8277112826,"NASBTC":-62.5974692341,"LTCUSDC":-53.7465832886,"ETHPAX":25.5216283006,"ADAUSDT":-28.9783865188,"TRXXRP":79.7490173649,"PIVXBTC":-17.4892762776,"STRATBTC":6.373852974,"ONTUSDT":-55.8861608277,"HCBTC":-70.1674118618,"BCHABCPAX":-57.1720485986,"ELFBTC":-10.1154258779,"GTOUSDT":13.3184665388,"BNBETH":35.7355025744,"LTCUSDT":-56.445554546,"BCHABCUSDC":-65.8873629174,"DASHBTC":28.2718727449,"KNCBTC":-9.1025153797,"ICXBTC":282.7119470216,"USDCUSDT":12.4103059405,"WABIBTC":158.1719599445,"DCRBTC":61.7228253135,"EOSPAX":109.7888621118,"CELRBNB":126.4354087466,"TFUELBNB":10.3722696279,"ZRXBTC":28.4946259476,"ETCUSDT":-64.5900524953,"BTTUSDT":-55.1221007691,"HOTUSDT":-85.2805534151,"ADAUSDC":-0.8044216458,"BCHABCBTC":-66.437132665,"MATICBNB":-52.3136140781,"NXSBTC":44.1832541912,"NAVBTC":53.1512430402,"BNBBTC":-5.6064085707,"ATOMUSDT":-45.5951161002,"NANOBTC":18.2163499137,"ZILETH":-8.1219380764,"NEOBTC":-56.7078198876,"QTUMBTC":-74.6236144182},"startDate":"2019-07-02","endDate":"2019-07-09","numDays":7,