{"data":{"NPXSUSDT":-0.6504484632,"RDNBTC":38.8955004559,"MCOBTC":-7.9089046763,"ZECETH":92.3627711482,"ETHUSDC":150.2608499648,"WINUSDT":48.1769634927,"BTCTUSD":149.1541471377,"PERLBNB":-80.7329550822,"NANOUSDT":93.3047817171,"NEOBTC":-38.8786412876,"ICXBTC":-40.4890371952,"ATOMBNB":28.4135855144,"TRXUSDC":92.4104732662,"BNBTUSD":-2.1501855426,"NULSBTC":-55.1474945263,"LTCETH":174.544489785,"HOTUSDT":-34.4928715809,"MTHETH":-73.2083154054,"LTCTUSD":17.8210192307,"BTCUSDS":65.6647392012,"ICXUSDT":-36.2280871912,"XMRBTC":45.3867732093,"HCBTC":-60.4578382351,"ENJETH":13.916667128,"PAXUSDT":91.5380528372,"ARKBTC":121.4217258176,"WANUSDT":132.1316555547,"DASHUSDT":77.4151232418,"ETCETH":108.5132246562,"VIABTC":-76.473546469,"XZCBTC":44.7309833357,"ETHUSDT":93.6133349007,"BNBUSDC":-33.6599728232,"EOSPAX":-74.5260669701,"TRXETH":9.2852509469,"ALGOBTC":-48.9649713375,"GNTBTC":11.6506071274,"NEOETH":-44.679112483,"TOMOBTC":-81.9713769277,"NASBTC":-38.1924000331,"BNBPAX":-61.9689043782,"PAXTUSD":12.7236796418,"BCHABCBTC":52.4673928383,"QKCETH":117.7316220707,"ONTUSDT":9.6486549255,"TFUELUSDT":-0.3604705612,"RENBNB":-64.5428753822,"IOTAUSDT":19.6871804658,"NANOBTC":-10.6532207497,"XMRBNB":98.3933006723,"IOTAETH":41.8264246347,"INSETH":195.3258475308,"TUSDUSDT":165.564367884,"NEOUSDT":-14.4486265646,"RLCBTC":212.3684401424,"ETCBTC":-24.2738730843,"LTCBNB":59.5507543195,"XMRUSDT":145.4367942253,"LTCBTC":112.08595896,"BTGBTC":-9.8869985989,"BNBBTC":-10.9679757313,"XLMUSDT":11.4831944368,"BCHABCPAX":-92.9748466009,"MITHUSDT":171.458409558,"KMDBTC":-44.2657694439,"MATICBNB":-3.8098470463,"BATBTC":-29.0976812136,"ALGOBNB":-12.5278145748,"ENJBNB":-37.6650420279,"ZILETH":-77.7918812891,"FETUSDT":1.9295987056,"VETUSDT":84.0822713734,"EOSBTC":133.4029358832,"DOGEUSDT":12.3325498482,"USDCTUSD":49.9843766503,"WINUSDC":19138.1569704776,"STRATBTC":155.4073484733,"WAVESBTC":9.4438887846,"MTLETH":15.5149793546,"DCRBTC":41.5218611352,"INSBTC":407.9131547133,"NEOBNB":-21.6315292417,"BCHABCUSDT":137.363925513,"HOTBNB":-14.364952384,"IOTABTC":16.4846053065,"OMGBTC":-7.1892011162,"IOSTUSDT":5.2038097478,"ZECUSDT":116.3337610919,"ATOMUSDT":51.1297813129,"GRSBTC":-69.4015855034,"EOSETH":243.8414089947,"BCDBTC":4.812828644,"GVTBTC":62.4913032611,"DASHBTC":110.869533327,"BATUSDC":228.6254126267,"XLMETH":29.5285489519,"TOMOUSDT":-76.8055843084,"LSKBTC":-38.8845566962,"XRPTUSD":264.7642236441,"BNBUSDT":-3.4464477187,"BTTUSDT":1.0317715497,"DUSKBTC":-80.9473758954,"ZENBTC":4.1401015474,"MTLUSDT":356.5467258835,"WANBTC":-42.0251608024,"ONTBTC":-31.2885651818,"ATOMBTC":69.1429381828,"ARNBTC":-47.0048497989,"RENBTC":-59.2015733672,"THETAUSDT":-77.481445262,"LINKETH":-46.8353192427,"BCHABCTUSD":196.413744264,"XRPBNB":20.4762157617,"QTUMBTC":5.9667818938,"BRDBTC":-8.315048573,"NULSUSDT":-52.7084896801,"WANETH":-36.385493387,"WANBNB":46.2762311539,"EVXETH":6.9575763714,"ERDBNB":-45.0517808343,"XRPUSDT":65.7550466905,"DENTUSDT":-62.2881524792,"LINKTUSD":10.0838514582,"XRPPAX":-88.5336314683,"CELRBNB":-34.4171489645,"QTUMUSDT":59.0527521327,"ETHTUSD":-25.3280189362,"ONEBNB":3.7787903885,"ADAUSDC":401.2940232144,"ETCUSDT":68.8116770174,"COSUSDT":-47.8445887032,"ZECBTC":84.1221288876,"LINKBTC":-28.0276579793,"LUNBTC":-30.1422445912,"ETHBTC":8.4597770833,"ICXETH":-44.6450803027,"GXSBTC":-69.0572457305,"ANKRUSDT":-22.2515136367,"USDCUSDT":152.4132958483,"WABIBTC":525.4658382595,"BATBNB":28.5722701804,"GASBTC":254.6646992634,"STEEMBTC":-38.7049011686,"PIVXBTC":117.3718569581,"OMGUSDT":21.8848049863,"WTCBTC":-27.4319718695,"SKYBTC":69.6051499968,"XLMBNB":164.3748623394,"MATICUSDT":37.8649356752,"AEBTC":-56.4580069046,"PPTBTC":20.3032750405,"EOSUSDT":244.0189292,"LINKUSDC":-26.0728604249,"WAVESUSDT":15.6571066767,"WAVESETH":-27.1022398155,"ADAETH":53.6713999235,"ETHPAX":251.5641741502,"COSBNB":-48.9085030647,"ETCUSDC":-53.7916565934,"DUSKBNB":-80.8805641173,"ZRXUSDT":-59.2167650836,"ONEUSDT":-24.5266965219,"COCOSUSDT":13.9322985015,"BATUSDT":0.591112896,"EOSBNB":-6.7981580098,"XRPETH":6.9399574185,"BTCUSDT":81.9927114367,"MDABTC":48.102838593,"TRXXRP":-21.2109441883,"FTMBNB":-80.4390088065,"TRXUSDT":10.8473126589,"ZILUSDT":-44.2820574093,"EVXBTC":-20.737523412,"EDOBTC":-82.3113801898,"ALGOUSDT":-36.3711474637,"ICXBNB":-38.2504686474,"TRXBNB":0.3581617972,"ADAUSDT":138.8219946795,"ADABNB":63.9120392461,"ERDUSDT":-52.8210781347,"USDCPAX":220.2711353204,"BATETH":-69.5631805782,"QTUMETH":-26.8504366793,"BCHABCUSDC":124.6568256593,"CELRUSDT":11.8948445055,"COCOSBNB":-20.9314347414,"LINKUSDT":-15.5406742336,"LTCUSDC":199.8190017004,"DOCKUSDT":-59.8298299226,"BNBETH":-13.049425476,"PERLBTC":-88.171262789,"EOSUSDC":577.0037310111,"REPBTC":687.7295652815,"OMGETH":-63.1943701657,"LTCUSDT":239.2086301261,"MTLBTC":401.1594907689,"DASHETH":179.9713744041,"FTMUSDT":-77.4153093361,"RVNBNB":-74.0069283634,"XMRETH":83.5336955798,"EOSTUSD":286.1617695495,"THETAETH":-81.218035773,"BTCUSDC":34.9617525859,"KNCBTC":-38.1524912655,"XRPBTC":10.131055488,"BTCPAX":92.202575156,"DUSKUSDT":-65.1777593275,"ENGBTC":-76.0189432043,"PERLUSDT":-83.2381256234,"NEBLBTC":34.9438594431,"XRPUSDC":68.6062754271,"OAXBTC":-92.1429647287,"ETCBNB":6.0528256134,"LTCPAX":-54.7789036282,"THETABTC":-75.6581121764,"WABIETH":849.5101071256,"ENJUSDT":142.1078025426},"startDate":"2019-08-28","endDate":"2019-09-04","numDays":7,