{"data":{"TRXUSDT":5.0813623326,"BCHABCBTC":17.0166801332,"XMRBTC":7.0464101682,"BTCUSDS":9.9981486955,"BATBTC":9.5022187021,"DGDBTC":-1.0715244197,"BCDBTC":7.5847075668,"MDABTC":6.2667058279,"BNBBTC":18.9517150461,"ZRXBTC":10.5948747981,"KMDBTC":15.027397933,"ZECBTC":2.9094114655,"XRPUSDC":6.6904358028,"EDOBTC":10.8339384188,"STRATBTC":7.9465834915,"ONTBTC":28.5952918123,"INSBTC":5.0341030277,"POWRBTC":13.0829733916,"BCHABCUSDT":17.0293835969,"KNCBTC":13.4174536288,"BTTUSDT":2.079567882,"ARNETH":8.8755152746,"AIONBTC":-7.1228428307,"USDCUSDT":-0.2198609129,"REPBTC":1.9459574645,"CLOAKBTC":-41.3931857079,"SALTBTC":-16.9912709195,"NEBLBTC":10.948171699,"OAXBTC":-2.2138567768,"WAVESUSDT":4.2182117599,"EOSBNB":37.055782392,"POLYBTC":5.4466673719,"NEOBNB":11.2109344321,"SUBBTC":-53.5001484765,"BNBUSDT":18.6829505461,"VIABTC":13.9799405976,"TRXBNB":4.7030812657,"LRCBTC":-4.9936257199,"USDCTUSD":0.0414498101,"WTCBTC":10.4155055965,"BCHSVUSDT":4.0173057677,"SKYBTC":9.9499165124,"MCOBTC":58.0977670169,"HOTETH":14.407499928,"ETHUSDT":19.3861899977,"RDNBTC":21.3820385095,"CVCBTC":17.5143349661,"ADXBTC":10.6506578357,"XLMBNB":19.2813091401,"ELFBTC":28.9269868908,"EOSETH":35.6723871528,"THETAETH":-0.3904671527,"TUSDBTC":-0.1577930808,"GASBTC":24.1415532318,"NASBTC":8.0089316571,"MODBTC":-40.3984524356,"GVTBTC":11.5899484253,"BNBPAX":19.0769276957,"PAXTUSD":0.037570346,"IOTABTC":14.9049528513,"ETHBTC":19.5237157376,"STORJETH":78.6702504827,"XRPBNB":6.4837830298,"DASHBTC":8.3425190202,"WAVESBTC":4.849527751,"XLMBTC":19.153844608,"BTCPAX":9.571258268,"LTCUSDC":17.8130791948,"XRPETH":6.8161144453,"LTCBTC":19.4525876474,"EOSUSDT":35.5127157866,"BTTBNB":2.2697120383,"USDSTUSD":-0.1155430384,"RLCBTC":12.5431588908,"GRSBTC":13.6419201413,"BCHSVTUSD":4.401253811,"STORJBTC":79.6402385036,"XLMPAX":18.736968494,"WAVESETH":5.1911039942,"BCHSVBTC":3.8862893841,"WABIBTC":13.516138745,"FUELETH":10.6387980009,"ONTETH":28.455226125,"DCRBTC":2.0423622349,"BCHABCUSDC":17.9900678964,"XLMUSDC":19.2485063523,"USDCPAX":-0.1962114666,"NEOETH":10.3405619755,"OMGETH":13.5936704585,"PIVXBTC":13.4490196595,"ADATUSD":12.7844694798,"ADABNB":12.4672927825,"EOSTUSD":36.7379159359,"ETHPAX":19.4929549055,"ENGBTC":9.8855630791,"XLMTUSD":19.3613538814,"NEOBTC":9.8261202314,"XLMUSDT":18.9843163858,"ZILETH":9.4242521261,"LINKETH":5.346427236,"ZENBTC":10.0484826943,"APPCBTC":-11.9347306901,"QTUMUSDT":10.3536419852,"ARNBTC":8.8351376086,"LTCETH":19.5377964257,"TUSDUSDT":-0.2643504532,"MODETH":-41.8786054854,"XRPUSDT":6.6082989172,"EOSUSDC":36.0725095997,"XRPPAX":6.2495240782,"TUSDBNB":0.0163976619,"VETUSDT":16.8982534192,"NEOUSDT":10.2106547941,"ELFETH":29.0737745695,"TUSDETH":-0.6072861128,"TRXTUSD":5.3256558913,"MTLBTC":19.6052925164,"XRPTUSD":6.6881911034,"XRPBTC":6.6452674053,"ARKBTC":25.090667006,"LINKUSDT":5.0153202479,"IOTAUSDT":14.2625030272,"EVXBTC":4.9917509637,"BNBETH":19.4938208559,"NAVBTC":4.3041957641,"LUNBTC":14.3955096064,"ONTBNB":28.121278997,"GXSBTC":12.2204073691,"THETABTC":-0.0538046233,"BATETH":9.9157828511,"ADAUSDT":12.509989101,"BTGBTC":25.8334728573,"ICXETH":13.5096899828,"NEOTUSD":10.0549377192,"MITHBTC":-15.5979265403,"ENJETH":19.4122683949,"XLMETH":18.8315194275,"EOSBTC":35.8445032917,"QTUMBTC":10.6795513902,"ARKETH":24.8007010701,"ETCBTC":10.3938974418,"XMRETH":7.0214627296,"TRXXRP":5.6916501886,"ETCUSDT":9.9245792939,"NANOBTC":6.1024359838,"WINGSBTC":-41.6396737024,"NXSBTC":4.4480534076,"HCBTC":5.2956886435,"AEBTC":10.5053292467,"OMGBTC":13.9283745571,"LSKBTC":9.1044191307,"ICXBTC":12.8088619242,"SYSBTC":45.8201419333,"ZRXETH":10.7753984771,"RDNETH":21.7173442744,"TRXETH":5.2799854577,"LTCUSDT":19.1966895429,"ICXUSDT":12.730992292,"LINKBTC":4.9714093239,"BCHABCTUSD":17.5356300671,"WANBTC":5.2699301442,"ONTUSDT":28.1260700877,"XZCBTC":9.6400121718,"STEEMBTC":13.9797254745,"PAXUSDT":-0.1507949124,"ETHUSDC":19.703003154,"EOSPAX":36.3403527587,"LTCBNB":19.6731742329,"THETABNB":-1.8463814375,"PPTBTC":9.0266516825,"IOSTETH":19.460644782,"BQXBTC":3.9927398536,"BTCUSDT":9.5138485443,"VETETH":17.8089682939,"MCOETH":57.6571401142,"USDSPAX":-0.1702790476,"NULSBTC":10.3015754148,"ADAETH":13.1638624709,"NULSUSDT":10.3515490143,"ZECETH":3.938823479,"LTCTUSD":20.3861894539,"DLTBTC":5.6263736851,"IOTAETH":14.2036167038,"BTCUSDC":9.6590986716,"BNBUSDC":18.880844905},"startDate":"2019-02-15","endDate":"2019-02-22","numDays":7,"excludedPairs":["IOTXETH","NCASHBNB","YOYOETH","ENJBTC","CNDETH","BLZBTC","LENDETH","SNGLSETH","QLCBNB","BTSETH","ADABTC","FUNETH","SNTBTC","RENBTC","BCCETH","SALTETH","DNTBTC","ETCETH","USDSUSDC","OAXETH","BQXETH","TRIGBNB","NULSETH","LSKBNB","SYSETH","ARDRBNB","SCBNB","CMTBTC","BCHSVPAX","WAVESTUSD","BTTPAX","ETCBNB","XVGBTC","KEYBTC","DATABTC","BCCBNB","QLCBTC","HOTUSDT","BCPTETH","LRCETH","ADXBNB","NXSBNB","VENBNB","GXSETH","VIBEETH","IOTXBTC","DLTETH","CMTBNB","TNBETH","DATAETH","GTOBNB","BCNBNB","POWRETH","QSPBNB","ONGBTC","ZILUSDT","CNDBNB","CLOAKETH","AEBNB","XEMBNB","RVNBTC","INSETH","PIVXBNB","APPCBNB","POAETH","KEYETH","TRIGBTC","MFTBTC","DENTETH","SKYETH","BCHSVUSDC","QKCETH","STORMBTC","NASBNB","REQETH","RVNBNB","NPXSBTC","RCNETH","LENDBTC","RDNBNB","SKYBNB","BATBNB","EVXETH","NCASHBTC","SNGLSBTC","XZCXRP","VENUSDT","CHATBTC","RLCBNB","VETBTC","USDCBNB","DNTETH","SCBTC","AMBBTC","NASETH","TRXBTC","VIABNB","PAXBTC","BTTTUSD","MANABTC","TNBBTC","NEBLBNB","POEETH","SCETH","TRIGETH","STRATETH","DENTBTC","TNTETH","ZILBNB","NAVBNB","POEBTC","APPCETH","CVCETH","WABIBNB","VIAETH","QTUMBNB","QSPBTC","MTHBTC","WAVESPAX","WPRBTC","IOSTBTC","LINKTUSD","LSKETH","ONGBNB","ARDRBTC","PPTETH","RENBNB","BTSBNB","VIBEBTC","NPXSETH","KNCETH","BLZBNB","PHXETH","AMBETH","BNTBTC","STEEMBNB","ICNBTC","LOOMBTC","BRDBNB","GOBNB","QLCETH","XVGETH","MDAETH","WPRETH","STORMETH","GTOBTC","BRDETH","USDCBTC","HSRBTC","NANOETH","XEMBTC","BCCUSDT","PHXBTC","KMDETH","RPXBNB","ENJBNB","BCDETH","QKCBTC","BCNETH","RPXBTC","LUNETH","OSTBTC","NCASHETH","ICNETH","VENBTC","GVTETH","VIBBTC","BCPTBTC","PIVXETH","BCCBTC","AIONBNB","STEEMETH","DLTBNB","MTHETH","OSTBNB","OSTETH","ENGETH","GOBTC","RPXETH","WINGSETH","POABTC","GTOETH","GNTBTC","HOTBNB","BCNBTC","DASHETH","DOCKBTC","WAVESUSDC","ZENBNB","MITHBNB","BTGETH","WTCBNB","AGIBTC","WTCETH","PAXETH","LINKPAX","USDSUSDT","BRDBTC","POLYBNB","ONGUSDT","GNTETH","ASTETH","TRXPAX","SNTETH","TNTBTC","NEBLETH","TRXUSDC","MFTBNB","SNMETH","PHXBNB","LINKUSDC","IOTABNB","HCETH","XEMETH","WAVESBNB","CDTETH","WANETH","HSRETH","ARDRETH","REPBNB","AMBBNB","LOOMBNB","CVCBNB","SNMBTC","BTTUSDC","MCOBNB","ZILBTC","YOYOBNB","NULSBNB","CDTBTC","POWRBNB","GRSETH","BTTBTC","YOYOBTC","BNBUSDS","AGIETH","CHATETH","MFTETH","EDOETH","REPETH","VETBNB","PAXBNB","RCNBNB","CNDBTC","WANBNB","XZCBNB","FUELBTC","MTLETH","AEETH","QSPETH","DGDETH","VIBETH","NXSETH","REQBTC","BTSBTC","NAVETH","ZENETH","SUBETH","LTCPAX","ICXBNB","DOCKETH","SYSBNB","BNTETH","POABNB","MANAETH","DCRBNB","CMTETH","HOTBTC","GNTBNB","AGIBNB","VENETH","NANOBNB","WABIETH","ADXETH","XZCETH","RCNBTC","RLCETH","BCHABCPAX","AIONETH","QTUMETH","BLZETH","LOOMETH","ASTBTC","BCPTBNB","FUNBTC","STORMBNB"]}