{"data":{"DGDBTC":-1.154918371,"QTUMBTC":2.3960191525,"BNBUSDC":4.3872598345,"KNCBTC":5.1488171425,"GASBTC":3.5179937217,"LUNBTC":7.5436348468,"BRDBTC":2.2981033383,"EOSETH":-4.3121693732,"MFTBNB":-6.240267069,"DCRBTC":6.1991015604,"HCETH":21.0121316641,"OMGBTC":-3.4839691631,"LTCBTC":27.2511991338,"BCHABCBTC":-0.7661289408,"TRXUSDC":-10.0934855545,"PPTBTC":30.4986383891,"EOSTUSD":-4.2624218095,"ENJUSDT":6.8160819831,"BTCUSDT":-1.0251137047,"KMDBTC":9.573028463,"EOSPAX":-4.2696579447,"DLTBTC":16.1423856015,"HOTBNB":-5.4505444331,"USDCTUSD":0.0466876283,"TRXUSDT":-10.2193286806,"ENGBTC":21.7397123831,"MATICBNB":25.0029954359,"BTCUSDS":-0.8054747962,"TRXTUSD":-9.8831305287,"ZRXBTC":4.2608116269,"NEOTUSD":0.8994806117,"TFUELUSDT":2.8664750517,"POWRBTC":8.0531599648,"WABIBTC":12.7199909291,"NEOETH":0.5382395952,"HOTUSDT":-6.0078876562,"TUSDUSDT":-0.7529472227,"XRPPAX":-4.9292119797,"EOSUSDT":-4.684523401,"NEOBTC":0.7785931609,"ATOMUSDT":-8.0058878091,"IOTABNB":-3.9540631654,"DASHUSDT":-3.2092988374,"VETBNB":4.6023555339,"XLMUSDT":-2.8776309148,"PAXTUSD":-0.0001660643,"ADAUSDC":1.4132976856,"MITHBNB":34.1701437582,"REPBTC":5.1127473949,"ADAETH":0.1690032426,"WAVESUSDT":-0.7758847716,"LTCUSDC":26.6648883481,"BCDBTC":-4.0242308066,"LTCUSDT":26.0694975006,"RDNBTC":3.1310685766,"MCOBTC":6.5214855882,"INSBTC":10.8258158028,"WAVESBTC":0.0533130512,"XMRUSDT":0.0686438075,"XRPETH":-4.0973318762,"ONGBTC":11.0662439548,"ICXUSDT":-1.8973514783,"ETHUSDC":-1.2159004777,"EVXBTC":17.1894390084,"WAVESETH":-0.1038020753,"BQXBTC":16.6741035211,"LINKUSDC":29.6734021439,"ZECTUSD":-4.2926675661,"NANOUSDT":-0.6614110411,"MATICUSDT":25.778010901,"ETCBTC":-4.863048124,"WTCBTC":7.5128030284,"NXSBTC":9.5482208512,"ONTETH":7.0841807146,"SKYBTC":-2.6156272557,"ONGUSDT":10.1612312457,"GXSBTC":98.120169721,"MITHUSDT":34.9662298302,"ZRXUSDT":3.2985819132,"IOSTUSDT":-3.4045163089,"QTUMETH":2.245352932,"LTCBNB":27.496402133,"TRXXRP":-8.8268276894,"ZILETH":5.4186911988,"XLMBNB":-1.8951387576,"FETBNB":40.7692500478,"NEOUSDT":-0.1551529859,"STEEMBTC":16.5069208868,"BTTBNB":-12.4344257356,"LSKBTC":1.744104384,"XLMETH":-2.3146985313,"PAXUSDT":-0.7140264592,"LTCPAX":25.5604326794,"STRATBTC":5.8625902986,"XRPUSDC":-3.5835923753,"ZECBTC":-3.3629309464,"ETCETH":-5.5337669193,"BTTUSDT":-13.1197442186,"BTGBTC":-3.3037796227,"MFTETH":-6.5395944639,"PIVXBTC":15.4358461402,"ETHTUSD":-0.2998773677,"ONEUSDT":2.1062126479,"IOTAETH":-4.1175262042,"ATOMBNB":-8.232199841,"BTCTUSD":-0.2680110881,"STORJBTC":41.5962584634,"IOTABTC":-3.7103684692,"ADABNB":1.7295405371,"EOSBNB":-4.1995535933,"NASBTC":67.9442828378,"NASETH":70.0758101347,"POLYBTC":14.1878193247,"MTLBTC":34.5333996956,"USDCPAX":-0.6809914419,"BATBTC":-4.4805234546,"ONTBTC":7.8515391063,"XMRBTC":0.1936980627,"ONTUSDT":7.4592222651,"NASBNB":68.7732969391,"ZECUSDT":-4.1217092474,"ETHPAX":-1.3377224768,"BNBBTC":4.4327604997,"LTCETH":27.5604393839,"ENJETH":6.5406533215,"ARKBTC":8.7422787095,"ZILBNB":4.8361320436,"LOOMBTC":9.5468996401,"WANBTC":1.4130490573,"HCBTC":23.6902505404,"NULSUSDT":25.9941403282,"TRXETH":-9.8322479206,"APPCBTC":9.827932691,"BCHABCUSDT":-1.2210845135,"CELRBNB":20.7856192533,"XRPTUSD":-3.3630132481,"THETAETH":12.8040477044,"NEOBNB":0.8196630095,"RLCBTC":6.2504513135,"BNBTUSD":4.8437787612,"USDCUSDT":-0.734946143,"VETUSDT":3.8846977315,"ZILUSDT":4.1672467114,"ADATUSD":1.1436423087,"GXSETH":98.1142910169,"IOSTETH":-2.8119020856,"ADAUSDT":0.5214221848,"ARNBTC":-3.6712890244,"LTCTUSD":27.2804912566,"FETUSDT":38.9589143751,"NANOBTC":-0.3832338003,"LINKUSDT":28.9802714512,"EOSUSDC":-3.519522029,"BCHABCPAX":-1.0128305247,"BNBUSDT":3.6017639166,"ONEUSDC":1.0260692637,"TFUELBNB":4.6073279602,"MDABTC":10.1291595223,"VIABTC":7.5549838242,"ZENBTC":3.3183160283,"LOOMETH":9.1244151318,"ETHBTC":-0.9382714551,"BCHABCTUSD":-1.4829463929,"IOTAUSDT":-4.0009132711,"ETHUSDT":-1.4225835833,"NEBLBTC":13.5134080602,"ELFBTC":8.3578195944,"LINKBTC":29.5184306,"AEBTC":3.8425610923,"CELRUSDT":20.6707583458,"FETBTC":39.7740129393,"ETCUSDT":-6.4420180268,"BTCPAX":-1.1338723964,"XRPBTC":-3.9467947829,"RVNBNB":-7.4364250548,"GRSBTC":15.972804966,"XRPUSDT":-4.5777318208,"TRXBNB":-9.6544592631,"BNBPAX":4.2840710341,"BATUSDT":-4.9067722531,"ELFETH":7.9699376697,"BATETH":-4.4346809016,"ONETUSD":0.9357049618,"BCHABCUSDC":-0.8426300294,"EVXETH":16.2513406304,"ICXBTC":-0.9710281646,"XRPBNB":-4.2529871791,"THETABTC":12.4703513769,"WAVESTUSD":1.060101621,"GVTBTC":9.0905432786,"XZCBTC":42.5903540755,"DASHBTC":-3.1681702824,"QKCETH":11.2265868779,"OMGUSDT":-4.7054369198,"NULSBTC":27.4029940481,"QTUMUSDT":1.6817739544,"BTCUSDC":-0.4493837702,"EOSBTC":-3.7454592834,"THETAUSDT":12.3926696759,"LINKETH":28.4351807158,"OAXBTC":16.0279596058,"ATOMBTC":-7.9319784659,"BNBETH":4.1455758907,"VETETH":3.9000051875,"ONEBNB":2.6687098684},"startDate":"2019-06-04","endDate":"2019-06-12","numDays":7,