{"data":{"XRPETH":-2.6594452793,"NULSUSDT":-5.5674357298,"GASBTC":-8.9436847242,"WINUSDC":-16.9461364725,"NXSBTC":-18.4462046143,"BATUSDT":-10.0377770546,"ERDBNB":-5.108132213,"SKYBTC":-11.6852437748,"ATOMBNB":-2.3199470965,"DCRBTC":8.1666074148,"FUELETH":-10.6541758958,"POWRBTC":-10.1863694116,"BTTUSDT":-5.484833604,"STRATBTC":-15.4867709719,"USDSUSDC":-0.1927818051,"KNCETH":-10.6811161118,"EOSUSDT":-2.8302715548,"RLCBTC":7.7162012247,"WAVESBTC":-2.7488132124,"USDCTUSD":-0.033257826,"LRCBTC":-19.9814419843,"XRPUSDC":-2.5921653813,"TRXXRP":-1.2576252503,"NEOBTC":-5.3321719751,"BATBNB":-10.6343863407,"BTGBTC":-10.1177037153,"ADAUSDT":-12.9855928463,"BQXBTC":-15.9619358137,"IOTABTC":-5.3047618976,"TRXBNB":-0.9470145641,"ADABNB":-12.339779736,"LTCPAX":-7.5179972422,"NEOETH":-5.1623569254,"LINKBTC":8.550021248,"XRPPAX":-2.300645072,"USDCPAX":0.27996682,"QKCETH":19.9926205662,"GRSBTC":-12.0660946931,"DGDBTC":22.9705858498,"WINUSDT":-19.9617935093,"ALGOUSDT":26.7779355978,"FETBNB":-10.0187265387,"ERDUSDT":-6.7002791092,"FETBTC":-10.2758056946,"XRPBTC":-3.0060154524,"XLMBNB":-6.8461264672,"PPTBTC":-9.8128029103,"XMRETH":17.2242573579,"VETBNB":-9.6006259369,"KNCBTC":-10.8241832006,"PAXTUSD":-0.0644969689,"THETABTC":-11.862196549,"HOTBNB":-17.4836970704,"BCHABCTUSD":3.2388839676,"MCOBTC":-9.5423150903,"EOSTUSD":-2.730795543,"ZECUSDT":-5.5458170117,"BNBBTC":7.4636638824,"ATOMUSDT":-2.7444034064,"BCDBTC":-4.7489975083,"INSBTC":-11.5975184606,"THETAETH":-11.6771564604,"LTCTUSD":-6.6801476683,"WINBNB":-18.897779015,"ADXBTC":-4.6791132578,"TRXETH":-1.7346039854,"BCHABCUSDT":3.4125556591,"ZILETH":-18.4128320595,"MATICBNB":52.8962094612,"MDABTC":-1.4045607441,"VETETH":-10.8321677523,"FTMUSDT":-8.0478539158,"ZRXUSDT":-12.4238173633,"IOTAETH":-4.5627763672,"XLMBTC":-7.5836562533,"WAVESETH":-2.3875386239,"BNBPAX":7.764766378,"ETCETH":0.185103813,"TFUELUSDT":-12.2263225662,"AIONBTC":-23.5222315663,"NASBTC":-9.072038973,"BTCUSDT":18.6177545714,"XLMUSDT":-7.0869990283,"GVTBTC":-23.8848109222,"GXSBTC":-6.0090201095,"ATOMBTC":-3.7516078317,"ONTBTC":-6.8112563613,"BATBTC":-10.8100194567,"STORJBTC":-10.2902375494,"NANOETH":-12.2643183416,"LTCUSDT":-7.2876441222,"OMGETH":-8.700273386,"BNBUSDT":8.3849996141,"BCHABCBTC":3.1637620962,"EOSBNB":-2.2080187185,"BNBETH":6.7846183051,"OMGBTC":-8.3645468667,"ETHUSDC":4.4815262912,"EOSUSDC":-2.6107997693,"LTCBTC":-7.4119433778,"REPBTC":-4.1768702489,"USDSUSDT":0.1035523597,"FTMBNB":-7.367999499,"LOOMBTC":-14.9788478783,"XRPUSDT":-2.4153629749,"ZRXBTC":-12.7889850864,"DOGEUSDT":3.0033759555,"RVNBNB":-7.3346401144,"RENBNB":23.1324621824,"BNBUSDC":7.86929145,"ELFBTC":-24.199978537,"CELRUSDT":11.2348849736,"DUSKBTC":4.9799213189,"NEOUSDT":-4.3839406168,"ZILUSDT":-17.943540151,"XMRBTC":17.1507162746,"BCHABCUSDC":3.0033032442,"ICXETH":-16.2232116054,"BCHABCPAX":3.5796485808,"NANOUSDT":-11.1229882717,"LINKETH":8.3536089211,"HCBTC":-24.9987959523,"TRXUSDC":-2.423931851,"DASHUSDT":0.3327595398,"ZRXETH":-12.5942512139,"BNBTUSD":6.4703506635,"POLYBTC":-16.7787478313,"LTCETH":-7.3566477118,"ALGOBNB":24.8612333967,"WANBTC":-17.561917963,"XEMBTC":-4.5904859726,"ADABTC":-13.6326483003,"LTCUSDC":-7.9928694518,"MITHUSDT":-16.0927868396,"BRDBTC":-12.9112757896,"LUNBTC":-7.3905271538,"USDCUSDT":0.264714134,"BTCPAX":18.573749752,"NEBLBTC":-20.4478041403,"DASHETH":-0.0414057091,"RDNBTC":-0.4271163126,"QTUMUSDT":-3.8203903966,"ETHPAX":5.3548533876,"ADAUSDC":-13.5511962663,"RENBTC":18.6062488974,"LSKBTC":-9.404435336,"AEBTC":-7.1166768219,"STEEMBTC":-14.9904415868,"EVXBTC":-1.514759654,"ONEBNB":19.5420369311,"ARNBTC":-1.9892307137,"MTLBTC":-21.7062584099,"ZECBTC":-5.9921090867,"XRPTUSD":-2.5348925362,"BTCTUSD":18.2964515681,"XMRUSDT":17.5207697174,"THETAUSDT":-11.2486284115,"CMTBTC":-15.0626795273,"CELRBNB":13.4606291098,"EOSBTC":-2.9833677494,"XLMETH":-7.1484709667,"LTCBNB":-6.7507149614,"ETHTUSD":4.2205979387,"ALGOBTC":25.1909898928,"BRDBNB":-11.7122060027,"ANKRBNB":7.3821799302,"ENGBTC":-5.2377505174,"PIVXBTC":-18.1198706192,"LINKUSDT":8.5670849719,"WAVESUSDT":-1.9991216292,"QTUMBTC":-4.1991832749,"LINKUSDC":7.7930727539,"DUSKUSDT":3.0389964953,"DASHBTC":-0.3215283803,"KMDBTC":-17.7733660157,"ANKRUSDT":8.7713038332,"ENJUSDT":-18.4279938635,"IOTAUSDT":-4.8375803046,"ARKBTC":-16.5697989045,"LINKTUSD":9.3801400629,"ZENBTC":-1.3431678494,"ASTBTC":-23.0818595315,"BATETH":-10.1725995424,"ETHUSDT":4.8095429221,"NULSBTC":-5.5883588519,"ENJETH":-18.5457992501,"PAXUSDT":0.2099321033,"NEOBNB":-3.5309299914,"ICXUSDT":-15.5153877175,"TRXUSDT":-1.4365313354,"WABIBTC":-14.8272145102,"ETCUSDT":0.4566655311,"ETHBTC":4.4604247803,"WTCBTC":-14.4544420593,"BTCUSDS":19.0054271619,"EOSETH":-2.9356197455,"NAVBTC":-12.0405651285,"ZECETH":-5.741181054,"XMRBNB":16.937135744,"IOSTUSDT":9.1116650935,"OMGUSDT":-8.0885890515,"ONTUSDT":-6.1925595764,"ICXBTC":-15.9339727186,"EDOBTC":-5.8605099198,"ADAETH":-13.1866423546,"VIABTC":0.1793708247,"HOTUSDT":-17.5003939558,"BTCUSDC":18.1346534743,"NANOBTC":-13.2433972618,"EOSPAX":-2.5519710157,"OAXBTC":-9.9869222256,"XZCBTC":-8.4985914229,"FETUSDT":-9.6321111692,"XRPBNB":-2.1892834622,"ARDRBTC":-8.4629147056,"ENJBTC":-18.7565190141,"VETUSDT":-10.8731946898,"ALGOUSDC":24.589039128,"ONEUSDT":19.309257667,"MATICUSDT":52.8167436588,"NANOBNB":-11.390825283,"TUSDUSDT":0.2691891801,"ETCBTC":0.138327103},"startDate":"2019-08-01","endDate":"2019-08-08","numDays":7,