{"data":{"XRPUSDT":-71.8424680544,"NEOBNB":-51.6751923115,"ONTUSDT":-63.7368302348,"BTSBTC":-68.0546595478,"XVGETH":67.1694031855,"XLMUSDT":-73.1663483383,"QKCETH":-75.5696735453,"ZILUSDT":-48.9279573893,"IOSTBNB":-38.4592535993,"ETHPAX":-35.4889752828,"EOSUSDC":-36.4490580159,"AMBBTC":-71.9399450227,"GRSBTC":-78.5547973956,"XLMBNB":-36.8315312797,"ELFBTC":-67.7300535083,"BTGBTC":-11.9664752115,"BATUSDT":-84.0815655962,"QLCBTC":-75.1911701077,"POWRBTC":-56.356320383,"BCHABCBTC":-59.7108197714,"DLTBTC":-77.0273634442,"WANBTC":-57.0108866405,"LTCBNB":-57.4829970298,"STEEMBTC":-62.7197797985,"HOTUSDT":-71.7122445523,"NASBTC":-43.0275569821,"FETUSDT":-52.1907240964,"DASHBTC":-73.3407528253,"ASTBTC":-74.3958885324,"XMRUSDT":-50.584655899,"ZRXBTC":-54.9422611333,"ZILETH":-56.274608407,"ETCUSDT":14.1059801222,"LTCETH":-70.2433424632,"GXSBTC":-28.7921809849,"ADXBTC":-4.0753039644,"APPCBTC":-65.3372504613,"XRPBNB":-63.3343729818,"IOTABTC":-69.6676090354,"ARKBTC":-74.6929958329,"BTTUSDT":-51.8026619002,"ETCBTC":-7.071363226,"ADAUSDC":-60.6277288676,"CVCBTC":-75.4998786627,"WAVESBTC":168.9846211793,"ONTBTC":-57.9249651131,"PAXTUSD":-79.3700885902,"NANOBTC":40.9920636322,"USDCUSDT":-67.1880054635,"BRDBTC":-75.6169193311,"BCHABCPAX":-73.5609528775,"IOTAUSDT":-74.234574158,"ENJBTC":1.7731314199,"ENJBNB":-7.5538182141,"ADAUSDT":-53.3292455015,"RDNBTC":-22.0397148038,"NEOBTC":-61.0670146212,"VETUSDT":-75.8620660629,"INSBTC":157.991341612,"NEOETH":-54.2950903979,"WAVESUSDT":105.0842123725,"TRXUSDT":-11.8733777515,"ICXBTC":-39.5119779651,"ETHUSDT":-45.5441738871,"BATETH":-87.607251221,"PIVXBTC":-87.7824103683,"KNCBTC":-66.5566936923,"NULSUSDT":-75.1477288172,"MTLBTC":-88.2237575881,"BNTBTC":-77.4240963443,"VETBNB":-61.4481279866,"XLMETH":-70.4502002901,"EOSPAX":133.981435537,"BNBUSDC":-61.4330308084,"ENJETH":-0.087181954,"TRXTUSD":-62.3815266254,"ONGUSDT":-63.2121415362,"LOOMBTC":-50.370863082,"LINKBTC":-69.9539696929,"ETHBTC":-49.5718560135,"ADABTC":-54.8741736139,"TRXETH":-33.6915451145,"BNBETH":-40.1220911036,"OMGETH":-63.5894638686,"XRPPAX":-31.5601751033,"USDCTUSD":-72.0339549309,"LINKETH":-72.8521143225,"WAVESETH":530.7696322466,"WABIBTC":-76.9875441637,"EOSETH":-61.7134019976,"BQXBTC":-87.5758964753,"BTTBNB":-51.379096954,"STORJBTC":-68.529298115,"THETABTC":89.9590023089,"MCOBTC":-69.2351827439,"TNBETH":289.2163811583,"PPTBTC":-83.1625511333,"ONTBNB":-70.1459671634,"ICXUSDT":-47.9724546938,"AEBTC":-65.9041148519,"EOSBNB":-27.5422189641,"ZECETH":-60.5920825662,"ZECBTC":-56.6281936512,"TRXXRP":-38.457805507,"BCHSVBTC":-75.5814814066,"BNBUSDT":-20.4396355335,"ONTETH":-59.2652823204,"RLCBTC":-77.9999480292,"GNTBTC":-81.6491692008,"NEOTUSD":-85.0540766339,"RVNBNB":-6.4867714389,"EDOBTC":-79.8166640314,"ETHUSDC":-75.1230512343,"USDSPAX":-54.1398439194,"EOSUSDT":-38.7432456867,"AGIBTC":-14.2723042742,"ADAETH":-66.3038490224,"XRPUSDC":-69.1696280393,"BNBBTC":-25.6093705176,"ZECUSDT":-45.742440477,"RVNBTC":-41.1218765043,"ADATUSD":-71.8049557333,"LTCBTC":-63.103390735,"GASBTC":-77.5544373706,"NEBLBTC":-41.3961684861,"LTCUSDC":-84.5305844419,"XLMBTC":-69.6136916725,"STRATBTC":-38.0692768461,"AIONBTC":-68.8492291289,"XRPBTC":-74.0435671306,"LTCTUSD":-71.6364402157,"BCHSVTUSD":-56.8022264656,"PAXUSDT":-72.7934593811,"LUNBTC":-61.6662306112,"IOTAETH":-74.0668798825,"NEOUSDT":-57.380300785,"XZCBTC":-71.6362165263,"SYSBTC":-60.0993884364,"IOSTETH":-49.2365719455,"BTCUSDT":-64.321067088,"BCDBTC":-36.0077448039,"QTUMBTC":-72.0924772967,"XMRBTC":-60.0828639669,"OMGBTC":-67.7652700377,"LSKBTC":-57.4001135557,"BTCTUSD":-76.1850746898,"VIABTC":-56.648348952,"LTCPAX":-43.9535862889,"TUSDUSDT":-66.4224435177,"XRPTUSD":-80.496364326,"BTCUSDS":-91.7657463676,"BCHABCUSDT":-33.6762311988,"NANOETH":27.6381660589,"LTCUSDT":-50.5859665818,"QTUMUSDT":-63.2854151657,"FUELETH":-76.4344751983,"CMTBTC":-33.0336814795,"BTCUSDC":-69.0471101496,"DASHETH":-70.8477227648,"IOSTUSDT":-47.4212618254,"ETHTUSD":-33.4095664595,"THETAETH":105.8027527224,"TRXBNB":-26.7509275432,"GVTBTC":-54.2945228425,"ETCETH":-51.7550866908,"VIBEBTC":-71.5597278709,"BATBTC":-69.2963966707,"OAXBTC":495.9842386068,"ONGBTC":-40.4908599122,"VETETH":-74.5189629473,"BTCPAX":-48.713773397,"NULSBTC":10.8670579314,"FETBTC":-66.9162936533,"ZRXUSDT":-64.6484691539,"DENTETH":-19.4090141696,"FETBNB":-47.4940704448,"EVXBTC":-73.7667845467,"BCHSVUSDT":-59.9257077935,"CELRUSDT":-23.5131723556,"ICXETH":-54.430570479,"XRPETH":-72.7575585515,"BCHABCUSDC":-35.3851012269,"ENGBTC":-87.3536606272,"ADABNB":-54.5784255238,"DASHUSDT":-74.8173317602,"USDCPAX":-74.0236274122,"LRCBTC":15.4797054135,"DCRBTC":-75.7180465175,"NXSBTC":-81.7575992055,"ARNBTC":-51.2806011301,"EOSBTC":-41.5424142682,"MDABTC":-35.2597416541,"BLZBTC":-31.7656776063,"BCHABCTUSD":-56.0456258929,"REPBTC":-3.9856943131,"EVXETH":-58.271697437,"EOSTUSD":-35.8409003788,"WTCBTC":-73.1090059206,"SKYBTC":-69.4842987451,"HCBTC":-26.6404488319,"BNBTUSD":-48.6996870754,"LINKUSDT":-70.795701923,"KMDBTC":-52.6265128861},"startDate":"2019-04-03","endDate":"2019-04-10","numDays":7,"excludedPairs":["ADAPAX","SCBNB","REQETH","STORJETH","NEBLETH","STEEMETH","POEBTC","SNGLSBTC","NEOPAX","BNBUSDS","OMGUSDT","ZECBNB","RDNBNB","BTGETH","LINKTUSD","LUNETH","PHXETH","NAVETH","APPCETH","ONGBNB","RCNBNB","ZECPAX","NULSBNB","DGDBTC","KMDETH","YOYOBNB","MODBTC","BRDETH","RPXBNB","QSPBNB","LRCETH","AEETH","ICXBNB","YOYOETH","SUBBTC","CMTBNB","TRXPAX","VENBTC","ZRXETH","SCETH","THETABNB","USDSUSDT","WAVESUSDC","LSKETH","MTHBTC","BCCETH","NASBNB","LINKUSDC","CELRBTC","FUELBTC","NCASHBTC","ZENETH","BCPTBNB","MANAETH","NEOUSDC","FUNBTC","ADXETH","CLOAKETH","ICNETH","GVTETH","DNTBTC","WAVESPAX","AMBBNB","POEETH","HSRBTC","TNBBTC","PAXETH","XLMTUSD","BCCUSDT","MFTBTC","AGIETH","IOTXETH","BTTPAX","VIBETH","VENBNB","GNTBNB","QLCBNB","WANBNB","CNDETH","PIVXBNB","VENUSDT","WINGSETH","BCCBNB","BLZBNB","CVCETH","BNBPAX","LINKPAX","MFTBNB","WAVESBNB","BCNBNB","CDTBTC","ARNETH","XEMBNB","ARDRETH","CELRBNB","RLCETH","RPXETH","BTTTUSD","MDAETH","GXSETH","QSPETH","BCCBTC","MCOBNB","BQXETH","ZILBTC","MITHBNB","VIBBTC","POLYBNB","HOTBNB","SNGLSETH","TUSDBTC","AGIBNB","DOCKETH","NPXSETH","BLZETH","INSETH","ZECTUSD","HOTBTC","TUSDBNB","LENDETH","XLMUSDC","POWRBNB","CMTETH","DLTETH","BTSBNB","WANETH","USDSTUSD","BTTUSDC","RENBNB","QKCBTC","TNTBTC","NANOUSDT","AMBETH","NEBLBNB","XZCETH","DATAETH","WTCBNB","SCBTC","CDTETH","TRIGBTC","ZILBNB","ARDRBNB","CLOAKBTC","POLYBTC","RPXBTC","ASTETH","REQBTC","SYSETH","NCASHETH","DLTBNB","XEMBTC","BCNETH","NANOBNB","ZECUSDC","TUSDETH","VETBTC","WABIBNB","EDOETH","AIONBNB","OMGBNB","GTOBNB","QTUMETH","STEEMBNB","ETCBNB","CHATETH","SNTETH","HOTETH","DGDETH","VIBEETH","USDSUSDC","YOYOBTC","ARDRBTC","WPRBTC","RCNBTC","AEBNB","TRXUSDC","PIVXETH","BTTBTC","LSKBNB","MFTETH","XVGBTC","SALTETH","TNTETH","DOCKBTC","CNDBTC","SYSBNB","NASETH","TRIGETH","NAVBNB","FUNETH","DATABTC","BCHSVPAX","QSPBTC","NCASHBNB","KEYBTC","CVCBNB","XLMPAX","SNMBTC","CNDBNB","USDCBNB","KNCETH","SNTBTC","TRIGBNB","ELFETH","VIAETH","PPTETH","SALTBTC","MTHETH","BCNBTC","ZRXBNB","QLCETH","ZENBTC","GOBTC","BCHSVUSDC","SUBETH","MANABTC","ARKETH","NULSETH","MITHBTC","RLCBNB","OSTBNB","PAXBTC","DNTETH","ADXBNB","IOSTBTC","GRSETH","PHXBTC","RENBTC","LOOMETH","XMRBNB","VENETH","USDCBTC","WTCETH","OSTETH","STORMBNB","XZCXRP","ZENBNB","REPBNB","MCOETH","GTOETH","BNTETH","LENDBTC","QTUMBNB","HSRETH","LOOMBNB","WAVESTUSD","OSTBTC","MTLETH","GOBNB","BRDBNB","POABTC","REPETH","ENGETH","STRATETH","SKYBNB","WABIETH","NXSETH","BCDETH","BATBNB","PAXBNB","MODETH","XMRETH","DCRBNB","XZCBNB","POAETH","POABNB","ICNBTC","OAXETH","CHATBTC","NAVBTC","VIABNB","XEMETH","GNTETH","TRXBTC","POWRETH","DENTBTC","BCPTBTC","BCPTETH","IOTABNB","GTOBTC","RCNETH","BTSETH","APPCBNB","AIONETH","WPRETH","KEYETH","PHXBNB","STORMETH","HCETH","NPXSBTC","NXSBNB","STORMBTC","SNMETH","IOTXBTC","SKYETH","RDNETH","DASHBNB","WINGSBTC"]}