{"data":{"STEEMBTC":-38.5208654553,"HCBTC":118.6907251525,"ETHUSDC":46.1937953205,"XZCBTC":86.8774546857,"LTCBTC":143.0116237485,"ARNETH":21.4457998709,"TUSDETH":54.6078614947,"TRXBNB":-20.4208137518,"PPTBTC":340.3250461427,"IOTABTC":76.6871168942,"THETABTC":70.0334006215,"BCHSVBTC":44.607223135,"TRXXRP":-56.8148263584,"BNBBTC":109.5603967241,"OMGETH":43.6611270737,"MODBTC":-73.9434199365,"XRPETH":35.2339103259,"TRXUSDT":-41.4574281208,"POWRBTC":35.986130957,"IOTAUSDT":168.4408111521,"BTTBNB":-55.3074088107,"WTCBTC":-63.5695555078,"SALTBTC":63.8518282403,"GASBTC":703.8530702356,"BTCUSDT":10.1239916437,"ADABNB":74.2957780656,"BNBPAX":254.3122858574,"ZILETH":-34.4118323591,"ZECBTC":414.5323461057,"XMRETH":49.6747436754,"TRXTUSD":-63.4018094998,"BCHABCBTC":47.0297742279,"NEBLBTC":-10.711494197,"VETUSDT":52.4618133118,"VETETH":29.6853800112,"HOTETH":-15.3814749729,"ADXETH":1747.4992834408,"XLMBTC":-15.523164669,"ZECETH":696.8074319043,"RLCBTC":48.3350823239,"NEOUSDT":215.2566227224,"NEOBNB":152.1313366043,"XRPBTC":5.23519526,"BTGBTC":5.0050887847,"KMDBTC":263.9587296545,"MTLBTC":88.0779191758,"ZENBTC":-36.8207118355,"BQXBTC":-88.5474703282,"EOSETH":110.3117224074,"TRXETH":-27.3229348075,"POLYBTC":-6.6353334705,"ELFBTC":45.8186883649,"LINKTUSD":-69.2966887352,"XRPUSDT":-7.0189341201,"BCHABCTUSD":-34.4903303755,"WANBTC":60.2534811737,"XRPTUSD":-35.7571130555,"BATETH":377.677485982,"DCRBTC":35.6645718611,"LTCBNB":199.6238243633,"MCOBTC":-10.1368275278,"RDNBTC":-36.4820099384,"ARNBTC":49.1606409778,"THETABNB":133.5246035436,"ETHPAX":98.6536092058,"GNTBTC":-65.313588893,"NULSBTC":-73.0913398013,"LUNBTC":44.3823278036,"LTCUSDC":130.3555590704,"BTCPAX":44.9279437021,"NAVBTC":-82.7975717443,"PAXUSDT":6.9248715912,"QTUMUSDT":0.8360041691,"LINKETH":81.0517599268,"DGDBTC":6.3087342223,"IOTAETH":93.3377323242,"USDCPAX":-52.0980018417,"ICXBTC":97.7211643057,"NASBTC":99.5213099739,"LINKBTC":18.6260531822,"BATBNB":112.0442015315,"MDABTC":-86.4508767277,"PIVXBTC":308.4194448611,"XLMUSDC":49.2683194857,"EOSUSDT":127.3193493808,"ADATUSD":-16.1003573979,"GTOETH":-12.3325555678,"ETHBTC":62.702015507,"EOSPAX":-68.5391834968,"QTUMBTC":15.9870452988,"BTCUSDC":-20.4327439224,"NEOTUSD":-1.5738870883,"WINGSBTC":-11.0967008641,"NULSUSDT":-45.8243589446,"XMRBTC":31.9430897109,"NANOBTC":-29.3278272357,"MFTETH":168.2827616243,"INSBTC":-89.2706230204,"WABIBTC":442.7836614068,"CLOAKBTC":645.6962495768,"ADAUSDT":91.5498162217,"LINKUSDC":-74.6890799922,"FUELETH":2686.5700040017,"TUSDBNB":12.2250077371,"ADAETH":28.7431767031,"NXSBTC":56.0183685495,"EVXBTC":-61.5277373714,"EOSUSDC":23.6021301229,"STRATBTC":15.9229455684,"LTCUSDT":213.7187214242,"DASHBTC":776.8300264917,"ZRXBTC":-25.5928301859,"ETCBTC":210.1242518801,"TUSDUSDT":-7.9516877216,"BCHSVUSDT":19.8472490425,"ICXETH":11.9767388424,"BTTUSDT":-66.399324333,"NEOBTC":208.2741655769,"ONTUSDT":179.6866294945,"XRPPAX":35.7047269474,"BCHABCUSDT":29.8256848874,"WAVESUSDT":42.3505918918,"KNCETH":691.1145160046,"TUSDBTC":17.2854888984,"LINKUSDT":12.0150674694,"EOSBTC":119.3202358057,"USDCTUSD":-29.6266642347,"DLTBTC":-34.7460445095,"BCHSVTUSD":31.0452681425,"WAVESTUSD":11.3994023709,"BNBUSDT":163.7150347365,"ETCETH":311.1772276181,"PAXTUSD":6.2308094788,"GRSETH":659.2593568432,"AIONBTC":21.405771049,"ONTBTC":109.3376696165,"EDOBTC":-72.3001842136,"ETCUSDT":161.0193882281,"XLMUSDT":31.0034024894,"CVCBTC":605.729187313,"KNCBTC":266.8722195915,"ENGBTC":6.3669953366,"AEBTC":122.8244225504,"NPXSETH":-52.2642386609,"QKCETH":-19.9713491027,"LTCETH":154.1495160156,"NEOETH":172.8368195552,"OMGBTC":34.4149176331,"STORJBTC":-94.5996442879,"THETAETH":60.5633408688,"OAXBTC":85.6991595481,"ARKBTC":361.0194487587,"XRPBNB":129.5625329775,"ADXBTC":598.6603442928,"GVTBTC":96.5153602248,"AMBBTC":-54.9160124673,"BNBETH":137.925795809,"EOSBNB":48.8591153343,"ETHUSDT":141.8840784418,"EOSTUSD":48.685384938,"VIABTC":-81.4582999281,"ARKETH":387.0536051299,"XLMETH":54.9963114058,"LTCTUSD":58.8115695695,"GRSBTC":478.2727216157,"BNBUSDC":210.4648461956,"LSKBTC":332.8542757666,"BNTBTC":-4.5597343247,"XRPUSDC":-37.9745937031,"ZRXETH":64.0337335953,"XLMBNB":1.1524422412,"XLMTUSD":9.1494168021,"GXSBTC":-28.9031140505,"REPBTC":-21.3361204015,"ICXUSDT":132.5395648855,"USDCUSDT":-15.0863148168,"WAVESBTC":101.3018199547,"WAVESETH":91.2578844197,"BCDBTC":216.5715512056,"XLMPAX":-38.5799817178,"BATBTC":255.2991497748},"startDate":"2019-02-05","endDate":"2019-02-12","numDays":7,"excludedPairs":["VIBBTC","ZENBNB","OAXETH","ARDRETH","IOSTBTC","ENGETH","DCRBNB","MODETH","BCCETH","STORMBNB","BCCBNB","POAETH","QTUMBNB","XZCETH","STEEMETH","OSTETH","STORMETH","RDNETH","BTSETH","ELFETH","BCCUSDT","YOYOBTC","TRIGBNB","STORJETH","SNMETH","CMTETH","WAVESBNB","BTSBNB","SNTETH","VIAETH","ASTETH","GVTETH","BTTBTC","CMTBTC","CVCETH","CLOAKETH","SCETH","POEBTC","PIVXETH","WANBNB","GOBTC","VETBNB","DATAETH","BLZBNB","QLCBTC","RENBTC","LSKETH","ADXBNB","CNDBTC","IOTXBTC","WTCBNB","HSRBTC","SKYBNB","PHXBNB","SCBTC","ENJBTC","LSKBNB","MFTBNB","IOTXETH","BCHABCPAX","NEBLETH","RVNBNB","SUBBTC","BCCBTC","WAVESPAX","BTCUSDS","CVCBNB","PIVXBNB","BTGETH","DENTETH","BNBUSDS","ENJETH","ONTBNB","OSTBTC","YOYOETH","SNGLSETH","BRDBTC","USDCBNB","BCHABCUSDC","AGIETH","YOYOBNB","BCDETH","GTOBNB","NANOETH","MCOBNB","DGDETH","VENETH","GTOBTC","NCASHETH","MTHETH","BQXETH","NAVETH","LOOMETH","SCBNB","CDTETH","LENDETH","WABIBNB","NULSBNB","DENTBTC","RPXETH","TNBBTC","DOCKETH","ONTETH","FUELBTC","DOCKBTC","TNTBTC","AMBETH","XEMETH","WINGSETH","QKCBTC","QTUMETH","QSPBNB","VETBTC","MFTBTC","QSPBTC","VIBEBTC","NULSETH","TRXPAX","NAVBNB","SNTBTC","MANAETH","APPCBNB","DLTBNB","AIONBNB","ICNETH","GNTETH","BCPTETH","ETCBNB","KEYETH","VIBEETH","SYSBTC","MTLETH","REPBNB","SKYBTC","PPTETH","EVXETH","SNMBTC","RENBNB","RPXBNB","ENJBNB","ASTBTC","FUNBTC","CNDBNB","REQBTC","RVNBTC","LTCPAX","BCPTBNB","CNDETH","XEMBNB","NXSETH","SNGLSBTC","ICXBNB","RLCETH","AGIBNB","MCOETH","BCNBNB","NPXSBTC","BCPTBTC","LRCBTC","HSRETH","XZCBNB","WPRETH","APPCETH","NANOBNB","REQETH","PHXBTC","RDNBNB","BCNBTC","BLZETH","APPCBTC","NEBLBNB","HCETH","IOSTETH","ADABTC","XVGETH","XZCXRP","AEBNB","SYSETH","POWRBNB","MDAETH","INSETH","TRIGETH","ARDRBTC","USDCBTC","XVGBTC","AEETH","DLTETH","ICNBTC","VENUSDT","SUBETH","NCASHBTC","POWRETH","POABTC","QLCETH","ZENETH","BTSBTC","RCNBTC","POLYBNB","LENDBTC","NCASHBNB","DNTBTC","REPETH","VIABNB","BNTETH","SALTETH","WABIETH","STRATETH","ZILBTC","AMBBNB","NASBNB","AIONETH","CDTBTC","RLCBNB","BCHSVUSDC","XEMBTC","STEEMBNB","EDOETH","LOOMBTC","WANETH","PHXETH","BLZBTC","POABNB","DASHETH","VENBTC","BCNETH","KEYBTC","QLCBNB","BRDETH","NASETH","LRCETH","GOBNB","TNTETH","LUNETH","VENBNB","NXSBNB","RCNBNB","GNTBNB","FUNETH","IOTABNB","BRDBNB","PAXBTC","MTHBTC","POEETH","CMTBNB","GXSETH","TRXUSDC","ARDRBNB","OSTBNB","RPXBTC","QSPETH","WAVESUSDC","HOTBTC","KMDETH","CHATETH","SKYETH","TRIGBTC","PAXBNB","AGIBTC","LINKPAX","CHATBTC","DNTETH","MANABTC","DATABTC","BCHSVPAX","STORMBTC","TNBETH","VIBETH","LOOMBNB","WPRBTC","SYSBNB","MITHBNB","PAXETH","TRXBTC","MITHBTC","RCNETH","ZILBNB","WTCETH"]}