{"data":{"EDOBTC":-0.8863000239,"VIAETH":-9.5227988597,"FUELETH":14.3906749592,"QTUMBTC":20.3357211571,"THETABNB":-18.9720065486,"BATBTC":0.4982814022,"WANBTC":-6.3270285145,"ETHUSDC":3.2249746098,"XLMUSDC":9.9839474955,"USDSPAX":-0.0700563382,"ETHPAX":3.8190530304,"STORJBTC":-14.8377249851,"TUSDUSDT":0.0110077658,"FETBTC":-6.6365191877,"RLCBTC":26.0491602752,"GASBTC":4.886406489,"WTCBTC":7.5361520015,"ENJBNB":6.7801216271,"NASBTC":8.2856859477,"XRPPAX":1.1876473359,"NULSBTC":14.9297842872,"ETHBTC":3.8088948568,"DASHBTC":13.3554334515,"GNTBTC":4.0674247663,"MITHBTC":6.1309223465,"PAXUSDT":-0.0713774447,"BATUSDT":0.5286504003,"WAVESETH":2.2381928312,"EOSPAX":3.4900669474,"KNCBTC":-7.3696868881,"BTCPAX":2.8179391019,"XZCBTC":14.9604866917,"MDABTC":-11.4293269736,"MDAETH":-13.3788675773,"TRXXRP":2.7139688268,"USDCPAX":-0.0611308582,"BCDBTC":18.6618749089,"WAVESBTC":2.1035622592,"ICXETH":-0.6949239989,"HCBTC":7.914517997,"VETETH":13.6617654576,"ENJBTC":7.7220157076,"LTCUSDC":7.9605069054,"MCOBTC":9.7270779912,"GRSBTC":-19.3308962676,"POLYBTC":0.672646035,"AEBTC":6.1939713792,"LTCETH":7.6652177796,"AGIETH":28.8954217604,"ZECBTC":8.6151349689,"XRPUSDC":1.8411602969,"ICXUSDT":-1.0751624765,"AIONBTC":4.7668382294,"ONTBTC":18.3983334708,"QTUMETH":19.3555504927,"NEOETH":5.2135824632,"BNBUSDT":7.4961831012,"LINKUSDC":-2.7702353833,"EOSTUSD":4.6019276279,"PPTBTC":17.172714253,"FETUSDT":-7.1226392738,"XZCXRP":15.8139108692,"EOSBTC":3.8132292622,"EOSUSDT":3.8130747178,"VIABTC":-13.1993902803,"STEEMBTC":-8.783552806,"XMRBTC":6.3825264344,"ZILUSDT":3.1313169007,"USDCUSDT":-0.0368228804,"ENGBTC":1.3263275846,"ONGBNB":21.6912923633,"DLTBTC":7.9536448212,"NEOBNB":5.0686258364,"REPBTC":5.3132189678,"EVXBTC":7.6556422279,"NAVBTC":12.8961869668,"EOSUSDC":4.6001286326,"LINKTUSD":-2.3114845779,"RLCETH":25.8747505256,"LTCPAX":8.2018915054,"INSBTC":4.9168158378,"ICXBTC":-0.9124777349,"WABIBTC":4.796900483,"BTCUSDT":2.687228972,"POWRBTC":0.1173026123,"ONGUSDT":23.7771888255,"SKYBTC":7.0457332585,"XRPETH":0.9294909683,"ETHUSDT":3.7409622877,"ARNETH":20.0161169385,"STRATBTC":7.1440831179,"ETCUSDT":3.5170100435,"LOOMETH":0.2898137035,"ADXBTC":2.2732898031,"TRXBNB":1.6856080824,"BQXBTC":0.8037068878,"NULSUSDT":14.1002521649,"MTLBTC":13.178909441,"BNBBTC":7.8865939012,"GXSBTC":15.8844256859,"WAVESUSDT":1.7646144928,"BTTUSDT":5.2406700193,"ETCBTC":3.4487867009,"BCHSVBTC":2.4937950282,"RDNBTC":11.4969895141,"XRPUSDT":1.4427944325,"KMDETH":17.5456824771,"LSKBTC":20.8649425657,"NEOUSDT":5.7131730073,"BNTBTC":2.9643109826,"BNBUSDC":7.3460505682,"NEBLBTC":20.3210643557,"TRXUSDT":1.9678067654,"XRPTUSD":1.3838307957,"XLMTUSD":10.3836552513,"HOTBNB":9.3241718931,"LTCBTC":8.299394701,"BCHABCBTC":24.663142603,"ARKBTC":-1.8894052146,"BCHABCTUSD":25.001276143,"GRSETH":-19.4895402699,"CVCBTC":11.3718848031,"LINKETH":-1.9985336269,"XLMBTC":10.1888489247,"BNBETH":7.4807995624,"LINKBTC":-1.9524311194,"OAXBTC":19.7914633343,"BTGBTC":8.3738879009,"XRPBTC":1.360280252,"NANOBTC":6.7520758859,"ENJETH":7.2762248498,"QTUMUSDT":19.9488480105,"AGIBTC":30.170346382,"EOSBNB":3.000829026,"TRXETH":1.6758285035,"THETAETH":-18.6165794435,"AMBBTC":7.5719655162,"DCRBTC":17.2978312423,"ZRXBTC":1.2130603819,"ADABNB":6.0543398133,"ADATUSD":7.2247463727,"LUNBTC":1.6271872021,"VETUSDT":13.7031358034,"NEOTUSD":5.2207857784,"THETABTC":-18.8252282594,"LTCTUSD":8.6493877718,"LTCUSDT":8.734521136,"LINKUSDT":-1.6953770671,"ARNBTC":17.2148861164,"BCHSVTUSD":2.6071313303,"BCDETH":17.7353434222,"WANETH":-6.3982230276,"ZENBTC":21.2839232013,"GVTBTC":4.5753554779,"BCHABCUSDT":24.5168965591,"BTTBNB":5.2462283724,"XLMETH":10.139080089,"OMGETH":9.5445020822,"APPCBTC":3.7252428296,"BTCUSDC":2.7860806712,"NXSBTC":5.8502996231,"ADAUSDT":7.199863183,"XRPBNB":0.7939374448,"ONTBNB":18.0523624627,"PIVXBTC":5.988516916,"NEOBTC":5.7188940413,"FETBNB":-9.3243164333,"OMGBTC":9.6341530728,"XLMUSDT":10.237539599,"ADAETH":6.4921668011,"DGDBTC":4.3193982197,"LTCBNB":7.1894379253,"KMDBTC":18.1364511418,"BRDBTC":14.1234371462,"EOSETH":3.402775311,"ONTETH":17.884699646,"XLMBNB":11.2820317193,"ELFBTC":1.3693187047,"BCHSVUSDT":2.6978785764,"ONTUSDT":18.6534170994,"HOTUSDT":8.5541730064,"ZRXUSDT":1.0290807901,"ZILETH":2.6106808721,"IOTABTC":5.5536188366,"BNBPAX":7.5198904894,"IOTAUSDT":5.2813172652,"ONGBTC":23.475710436},"startDate":"2019-03-11","endDate":"2019-03-19","numDays":7,"excludedPairs":["SALTETH","NULSBNB","BTTBTC","CNDETH","DATABTC","CLOAKETH","BCPTBNB","BATETH","GNTETH","BLZBNB","BCNBNB","BNBUSDS","QTUMBNB","CMTBTC","LOOMBTC","TRXBTC","BTSBTC","QLCBTC","RPXETH","ARDRETH","POWRETH","ETCETH","NASBNB","XVGETH","TRIGBNB","TRIGBTC","AMBBNB","GOBTC","GTOBTC","NCASHBNB","RCNETH","ARKETH","STORMETH","REQETH","CDTBTC","BTSETH","POABNB","XZCBNB","ZRXBNB","MFTBTC","STRATETH","FUELBTC","NULSETH","MCOETH","YOYOBTC","ZRXETH","GXSETH","AEETH","REQBTC","RDNETH","PAXETH","QSPBNB","AEBNB","NANOETH","USDCTUSD","GTOBNB","BTCUSDS","RPXBTC","ADABTC","EVXETH","BTTTUSD","ZILBTC","VENUSDT","HSRBTC","RENBTC","WAVESUSDC","BTGETH","YOYOBNB","OAXETH","CMTETH","SYSETH","NPXSBTC","YOYOETH","OSTBNB","MITHBNB","EDOETH","TRXPAX","TNBBTC","SKYBNB","HCETH","FUNETH","BQXETH","TUSDBNB","SYSBNB","USDCBNB","NEBLBNB","MTHETH","ELFETH","WANBNB","LSKETH","BCHSVUSDC","BCCETH","LINKPAX","BCNETH","AIONETH","VIBEBTC","WINGSBTC","NAVBNB","MTHBTC","LSKBNB","ASTBTC","ARDRBNB","BCNBTC","RCNBNB","CNDBNB","DCRBNB","MCOBNB","IOTABNB","REPBNB","DATAETH","PPTETH","QLCETH","VETBNB","QLCBNB","PIVXETH","SNGLSETH","ICXBNB","WINGSETH","DLTBNB","WABIETH","PAXBNB","SKYETH","DENTBTC","NEBLETH","RVNBTC","VIBBTC","NASETH","ADXETH","LRCETH","STORMBTC","RLCBNB","ADXBNB","POEBTC","DENTETH","POABTC","MFTBNB","POAETH","RPXBNB","DOCKBTC","TUSDBTC","PAXTUSD","TRIGETH","XEMETH","XMRETH","IOTXETH","DASHETH","AIONBNB","ETCBNB","TNTBTC","PAXBTC","HSRETH","WAVESBNB","TRXTUSD","MANABTC","BLZETH","LRCBTC","VIBETH","XMRUSDT","SNTBTC","CMTBNB","NCASHBTC","XEMBTC","GOBNB","BCHABCPAX","NANOBNB","STEEMBNB","MANAETH","RCNBTC","GTOETH","KNCETH","BTSBNB","RVNBNB","ICNBTC","TNTETH","CLOAKBTC","BNTETH","SALTBTC","PHXBNB","XZCETH","BNBTUSD","USDSTUSD","BTCTUSD","SUBETH","OSTETH","ETHTUSD","DOCKETH","SNMBTC","CNDBTC","GNTBNB","POWRBNB","LENDBTC","BCHABCUSDC","MFTETH","SCETH","STORJETH","SCBNB","OSTBTC","ARDRBTC","BRDBNB","CVCETH","TRXUSDC","USDSUSDC","MODETH","APPCBNB","BCHSVPAX","KEYETH","WTCBNB","PIVXBNB","LENDETH","TNBETH","AMBETH","BCCBTC","USDSUSDT","ASTETH","NXSETH","QKCETH","IOTAETH","NPXSETH","MTLETH","USDCBTC","APPCETH","POLYBNB","XLMPAX","SNGLSBTC","WAVESTUSD","BCPTETH","WPRBTC","DNTBTC","WAVESPAX","NXSBNB","FUNBTC","VETBTC","DLTETH","QKCBTC","VENBNB","RDNBNB","QSPBTC","STEEMETH","POEETH","LOOMBNB","VENBTC","BATBNB","CHATETH","RENBNB","VIBEETH","ICNETH","ZECETH","REPETH","SNTETH","IOSTBTC","BTTUSDC","BCPTBTC","ENGETH","BRDETH","XVGBTC","PHXETH","QSPETH","NCASHETH","SYSBTC","SCBTC","GVTETH","VENETH","IOSTETH","MODBTC","SUBBTC","CDTETH","XMRBNB","DGDETH","DNTETH","ZENBNB","CVCBNB","BCCBNB","CHATBTC","KEYBTC","VIABNB","STORMBNB","XEMBNB","AGIBNB","WABIBNB","BLZBTC","BTTPAX","WTCETH","INSETH","BCCUSDT","PHXBTC","HOTETH","LUNETH","SNMETH","HOTBTC","IOTXBTC","ZENETH","WPRETH","NAVETH","ZILBNB","TUSDETH"]}