{"data":{"DASHUSDT":2.4236822256,"VETBNB":1.6514937703,"ONTBTC":-5.2093455715,"BATETH":36.5593450481,"NEOBNB":-0.3008770392,"HCBTC":-8.6733088614,"ADATUSD":-5.9143789066,"EOSETH":-2.6126570889,"XMRUSDT":4.8033177872,"NANOBNB":15.1030441201,"PIVXBTC":-2.2769374559,"FUELETH":3.2123733253,"RVNBTC":7.6981480367,"HOTUSDT":8.3069917376,"OAXBTC":-4.9813382091,"ETHBTC":6.4878663741,"XRPUSDT":0.6852156724,"VETUSDT":0.5724122651,"KNCETH":3.2918387367,"BNBTUSD":25.5264983995,"QTUMUSDT":-4.1753940915,"NEBLBTC":9.3761849141,"BNBUSDT":24.6477070854,"NEOBTC":0.7573543853,"GRSBTC":-3.2621879099,"MDABTC":-3.5140077961,"LTCBTC":-2.0152151819,"BNBBTC":26.7397119244,"BTTUSDC":-4.8143144734,"GTOBNB":7.1942089917,"LTCTUSD":-3.2422412907,"RLCBTC":10.7287814301,"OMGUSDT":-0.6181284345,"USDCUSDT":-0.3411643293,"IOTABTC":0.7626281075,"PHXBNB":8.1545896378,"EOSUSDC":-2.1408009764,"ZECBTC":2.6433201192,"RVNBNB":6.5617850719,"USDCPAX":-0.3416588127,"BATBNB":36.0210837647,"FETBTC":25.6161069685,"VIABTC":-3.2719803345,"THETABTC":-4.777699929,"MITHBNB":31.9100950692,"QKCETH":-10.0770413759,"WABIETH":-20.3059465073,"VETETH":0.793520452,"ENJETH":20.5566137909,"EOSUSDT":-3.0235792715,"NANOETH":15.2362820277,"BTCPAX":6.0002542729,"WTCBTC":21.1871837343,"DGDBTC":82.906318725,"HOTBNB":8.7359973165,"REPBTC":19.1198219157,"GASBTC":0.0352297169,"MCOBTC":26.0959663741,"DCRBTC":8.0562282462,"ZRXBTC":-0.6233744152,"BTGBTC":3.6909845962,"BCHSVUSDT":-8.6291220078,"EDOBTC":0.7698713715,"TRXXRP":-5.1896484793,"KMDBTC":5.150306925,"BTTBNB":-3.99172382,"OMGBTC":0.0648056215,"ETHUSDC":5.5754220895,"BCHABCPAX":-4.5752766244,"NAVBTC":-0.1635625035,"XRPUSDC":1.6406076445,"NEOUSDT":-0.5392734463,"GVTBTC":8.2563282834,"XLMETH":-1.1218734087,"IOTAETH":-0.197205056,"TRXBNB":-4.9433008599,"ELFBTC":4.7463769874,"KNCBTC":4.3208181724,"WAVESETH":-2.8760016553,"BTCTUSD":5.8687830402,"LTCBNB":-2.2867366685,"BCHABCBTC":-5.1195495752,"ENJBTC":20.96968896,"BNBUSDC":25.9947753086,"LINKUSDT":0.0291378728,"BATBTC":37.7627591554,"MITHBTC":34.0453885281,"FETBNB":24.3454011979,"THETAUSDT":-5.5772984353,"NULSUSDT":-1.3080593557,"XMRETH":4.940703609,"STORJBTC":-6.3329908775,"ZENBTC":-0.7603707177,"LRCBTC":-7.5244826954,"DGDETH":79.8430906263,"BCHABCUSDT":-5.9549171327,"FETUSDT":23.4476040293,"BRDBTC":7.9969276014,"AIONBTC":8.2937414301,"WANBTC":5.2881591322,"GXSBTC":1.7829323949,"XZCBTC":0.6744380904,"QTUMBTC":-2.5544726887,"AMBBTC":-7.9615577547,"BNBETH":25.6916603146,"NULSBTC":1.044781445,"ADABNB":-5.1260696562,"MTLBTC":-6.4591582364,"EVXBTC":-9.879856771,"IOSTUSDT":3.1778300631,"EOSTUSD":-1.9790894475,"NASBTC":-6.1751241469,"WABIBNB":-21.6469211348,"ADABTC":-5.5811219339,"WAVESBTC":-1.6750657729,"ETHUSDT":5.3253520549,"ONTETH":-6.5666877273,"TUSDUSDT":-0.3647151265,"NANOBTC":16.3065663157,"PAXTUSD":0.0096035242,"LTCETH":-2.568522023,"ICXBTC":12.5249218142,"LTCUSDT":-3.0172811788,"TRXETH":-5.4836906322,"IOSTETH":4.963081979,"XLMBNB":-0.8912827582,"NEOETH":-0.0874385711,"LTCUSDC":-1.9194512665,"WABIBTC":-19.9973861551,"ZILUSDT":-0.5047752468,"ADAUSDT":-6.9502707599,"BTTUSDT":-5.3222850769,"BCPTBTC":11.2697226271,"RDNBTC":4.4243557444,"BCHSVTUSD":-8.4749853337,"WAVESUSDT":-3.3084486227,"ARNBTC":10.245631145,"LTCPAX":-1.7866122493,"ONGBTC":0.429830836,"PHXETH":8.3420595339,"POLYBTC":0.7728842942,"XRPBTC":1.8384161071,"VIBBTC":20.3273248694,"ETCUSDT":-5.0906334551,"LSKBTC":1.6974703387,"INSBTC":6.9078297884,"ADXBTC":9.5775901576,"ONTUSDT":-7.0608005652,"XRPTUSD":0.8597063473,"XLMBTC":-0.4247701098,"XLMUSDT":-1.6723737167,"PPTBTC":-6.1219114519,"BCHABCUSDC":-6.4676032873,"ZILBNB":0.4994025017,"PAXUSDT":-0.296053841,"BCHSVBTC":-4.7947378745,"DLTBTC":2.8431072151,"XMRBTC":6.6307383507,"ONGUSDT":-0.7308538025,"BTCUSDC":6.6742244166,"ENGBTC":-0.3654063502,"ADAETH":-6.45157637,"ICXUSDT":10.2261323769,"ETHPAX":5.3717437361,"ARKBTC":-5.2800562593,"TRXUSDT":-6.2488363967,"BTCUSDT":5.7370013648,"NANOUSDT":14.7236631409,"EOSBNB":-2.419933465,"XRPPAX":1.6032015154,"ZRXUSDT":-1.6880593786,"XRPETH":1.049154328,"ENJBNB":21.2338693554,"WTCETH":21.3539796052,"NASETH":-6.1107083101,"STEEMBTC":-0.7317297485,"BQXBTC":1.2835934904,"DASHBTC":3.625347237,"STRATBTC":-1.8116801148,"EOSBTC":-1.790083236,"ETHTUSD":6.0752329162,"BATUSDT":35.8727418536,"ETCBTC":-4.0882846089,"XRPBNB":1.7206112841,"SKYBTC":1.8679312041,"MFTETH":-11.5055513004,"BNBPAX":24.2668541292,"BCHABCTUSD":-6.581498458,"LINKBTC":1.2891495297,"ZILETH":0.4210252752,"CELRUSDT":1.7189760247,"ICXETH":10.7009225257,"ZECUSDT":1.6210199196,"USDCTUSD":0.0123407116,"AEBTC":4.0391963919,"BCDBTC":0.8697875207,"IOTAUSDT":-0.2989524272,"LUNBTC":8.2879848915},"startDate":"2019-04-16","endDate":"2019-04-23","numDays":7,"excludedPairs":["QSPBTC","USDSTUSD","OSTBTC","ICNETH","ARNETH","HCETH","YOYOBNB","LUNETH","SCBNB","POEBTC","DNTETH","IOTXETH","EDOETH","WPRBTC","MTHETH","TRXUSDC","BTSETH","SNGLSBTC","REQBTC","BTTTUSD","XLMUSDC","WANBNB","ASTBTC","NXSETH","CVCBTC","CELRBNB","TRIGBNB","BQXETH","BLZETH","BNTBTC","AGIBNB","INSETH","NAVBNB","DCRBNB","XLMPAX","DASHETH","RDNETH","GOBNB","VIBEETH","STEEMETH","WINGSBTC","OAXETH","DOCKBTC","USDSPAX","MANABTC","HOTETH","APPCETH","DENTETH","LINKPAX","QKCBTC","TRXBTC","USDCBNB","LINKETH","VETBTC","NPXSBTC","BLZBTC","BTSBTC","NASBNB","MTLETH","SCBTC","BCHSVUSDC","MDAETH","BCNBTC","POEETH","STORMBNB","ZENETH","RPXBTC","ZRXBNB","NEBLETH","CNDETH","BRDBNB","WPRETH","DATAETH","ELFETH","APPCBNB","BTSBNB","WTCBNB","LOOMETH","VENBNB","HSRBTC","VIAETH","SNMBTC","VIBEBTC","NCASHBTC","VENBTC","ONTBNB","KEYBTC","STRATETH","BTGETH","HSRETH","ETCBNB","NEOUSDC","RENBTC","ASTETH","ZECUSDC","CVCETH","RENBNB","BCPTBNB","OSTBNB","POABTC","ENGETH","DLTBNB","BCCBNB","BTTBTC","MODETH","ETCETH","NAVETH","SKYBNB","REQETH","GXSETH","POWRETH","LENDBTC","ZILBTC","BCDETH","SUBBTC","AGIBTC","IOSTBNB","NCASHBNB","BNBUSDS","WAVESTUSD","TNTETH","XVGETH","IOTABNB","LENDETH","TUSDBNB","ADAUSDC","NEOTUSD","ENJUSDT","BLZBNB","XZCETH","MFTBNB","OMGBNB","QLCBNB","GTOETH","CDTETH","LSKETH","AIONETH","NCASHETH","AMBETH","XZCBNB","CMTBNB","LSKBNB","THETAETH","PHXBTC","CLOAKETH","TRIGBTC","SUBETH","TNBBTC","PIVXETH","FUNBTC","BCNBNB","POABNB","OMGETH","SYSBTC","SNTETH","XEMETH","CMTBTC","MCOBNB","VENUSDT","ICXBNB","REPBNB","AGIETH","LINKTUSD","LOOMBTC","WAVESPAX","NULSETH","TUSDBTC","CLOAKBTC","CVCBNB","USDCBTC","SCETH","ARKETH","YOYOETH","DENTBTC","QLCBTC","LOOMBNB","THETABNB","EVXETH","TUSDETH","FUELBTC","XZCXRP","STORJETH","ADXBNB","MANAETH","GOBTC","NXSBNB","BCCUSDT","BRDETH","GNTBNB","KEYETH","ZRXETH","USDSUSDT","ADAPAX","CNDBNB","MFTBTC","DATABTC","POAETH","WAVESBNB","STORMBTC","BCCBTC","XEMBNB","APPCBTC","AIONBNB","NEOPAX","ARDRETH","YOYOBTC","SKYETH","PPTETH","BNTETH","GNTETH","WANETH","SYSETH","HOTBTC","RLCBNB","ADXETH","CNDBTC","PAXETH","BCPTETH","BCNETH","PAXBNB","DOCKETH","CHATBTC","EOSPAX","XLMTUSD","AEBNB","REPETH","VIBETH","RLCETH","CELRBTC","NEBLBNB","ARDRBNB","BCHSVPAX","PAXBTC","BTCUSDS","IOTXBTC","PIVXBNB","CMTETH","ZECBNB","ICNBTC","SNMETH","RPXETH","VENETH","STORMETH","DNTBTC","AMBBNB","XMRBNB","STEEMBNB","SNTBTC","QTUMBNB","LRCETH","DASHBNB","TNBETH","SALTETH","GRSETH","TRXPAX","NULSBNB","TRXTUSD","GTOBTC","LINKUSDC","RPXBNB","OSTETH","QTUMETH","CHATETH","ZECETH","XVGBTC","RCNETH","KMDETH","MITHUSDT","GVTETH","USDSUSDC","NXSBTC","VIABNB","SYSBNB","MCOETH","MTHBTC","FUNETH","ARDRBTC","SNGLSETH","QSPETH","RDNBNB","WAVESUSDC","XEMBTC","ZECPAX","NPXSETH","TRIGETH","QSPBNB","CDTBTC","RCNBNB","SALTBTC","RCNBTC","BCCETH","ZENBNB","POLYBNB","QLCETH","TNTBTC","WINGSETH","AEETH","MODBTC","ZECTUSD","DLTETH","ONGBNB","IOSTBTC","POWRBNB","GNTBTC","BTTPAX","POWRBTC"]}