{"data":{"ONEBNB":-40.7031430818,"LINKETH":-11.1338112573,"RLCBTC":-83.9626857452,"IOTAETH":-2.1717453126,"ONTUSDT":-40.1699626528,"STORJBTC":-61.1885088585,"ZECUSDT":-39.3191180322,"WTCBNB":-84.7967756859,"OMGBTC":-60.1692854071,"SKYBNB":146.3862920981,"DASHUSDT":69.4634276489,"WTCETH":-83.7334184216,"ENGBTC":-78.1530493516,"GASBTC":-48.8842338247,"ENJBTC":-8.3824452041,"FTMUSDT":-28.5490311881,"EOSPAX":26.2108076107,"ETHPAX":-15.3605065125,"ZRXETH":-35.7292688391,"ZILUSDT":-52.4621995474,"XRPBNB":-29.3526649818,"BTTUSDT":-6.8266223979,"TRXETH":-17.2374500451,"LTCPAX":-48.0598265567,"WTCBTC":-83.622795327,"EOSETH":-53.9219800334,"RENBNB":-69.5624214264,"BATUSDT":-67.5872440026,"FETUSDT":-28.4145335849,"ATOMUSDT":-56.4320505399,"XLMETH":-29.2748759175,"BNBETH":167.4587429918,"ONTBNB":-67.3867057658,"ETHUSDT":5.3718987116,"SKYBTC":-54.8353774599,"REPBTC":-76.2174661226,"XMRBTC":-31.0482542832,"ICXBNB":-64.0621599737,"ARKBTC":-44.2951353051,"BNBTUSD":132.1324571092,"STRATBTC":-31.9381600708,"IOTAUSDT":-26.3499778034,"NEOUSDT":-4.1352413633,"HOTUSDT":-54.6025726248,"ADAUSDT":-18.3170490609,"OMGETH":-33.5157512438,"NEOBTC":-31.5727042314,"XRPTUSD":27.7396297221,"NXSBTC":51.9223135064,"LTCBNB":-32.7976833711,"CELRBNB":-41.8175891649,"WABIBTC":-39.6197306859,"ONEUSDT":-27.7342858416,"TUSDUSDT":11.1147164386,"BTCUSDT":-40.9786197141,"DCRBTC":-38.4065261508,"VETBNB":-48.7855039846,"NEOBNB":-37.5993622796,"PPTBTC":-64.6988384237,"KNCBTC":-17.1525616889,"ICXETH":-37.289841932,"ZRXBTC":-31.2008770072,"ARNBTC":-44.3029351745,"EOSBNB":-23.2698637287,"ERDBNB":34.5743189,"ZECBTC":-52.8031955637,"TRXXRP":-18.0598613752,"BNBBTC":105.9942860485,"ETHTUSD":152.1788370202,"KMDETH":-65.753180299,"BATBNB":-60.2270949349,"EOSBTC":-33.6380404625,"THETAUSDT":43.7877816473,"LINKUSDT":4.5777874801,"GRSBTC":46.0748371864,"ALGOUSDT":-16.24052669,"STEEMBTC":-25.8265024508,"XRPBTC":-45.0454562694,"WANBTC":-72.1145813319,"EOSUSDT":-30.2037797191,"ETCBTC":-45.1668863171,"XMRETH":81.1741287064,"VETETH":-3.0273754843,"EOSTUSD":752.5627354396,"ALGOBNB":30.7531937043,"ICXUSDT":-37.8567197901,"BCHABCUSDC":97.9959005653,"BTCUSDS":33.4395417947,"LUNBTC":-77.035884276,"INSBTC":-24.0579709072,"RENBTC":-71.1115285755,"ETCUSDT":30.5929124246,"DOGEBNB":35.1382603437,"ZECETH":-56.4023680558,"KMDBTC":-59.3971359334,"PAXUSDT":14.79808234,"TRXBNB":-18.8078713784,"MITHUSDT":-49.3367063786,"MTLBTC":74.130421272,"CMTETH":-77.9804264077,"TFUELUSDT":-44.1315000655,"BTTBNB":13.0386050606,"ETHBTC":-36.8398416093,"NEBLBTC":-85.4351054024,"MDABTC":-55.9112955288,"XRPETH":-35.6034900943,"PAXTUSD":-22.7721088803,"THETAETH":93.4513373751,"BTGBTC":44.0025487568,"NEOETH":-12.4902159925,"IOSTETH":-52.0592576097,"RVNBNB":47.4126219062,"DOGEUSDT":11.3184576012,"WAVESBTC":13.7455470692,"ADATUSD":23.5191420067,"EDOBTC":69.4833022731,"BATETH":-67.955375292,"BRDBTC":59.6638697696,"ATOMBTC":-47.5207041734,"WAVESTUSD":561.6866137763,"NULSBTC":-47.1921776188,"FETBNB":-36.6144290382,"DASHBTC":-1.4635439528,"NAVBTC":-82.2196351529,"ENJUSDT":100.7412267682,"USDCUSDT":-27.3059853681,"LSKBTC":110.7253927725,"ETCETH":-30.2848805757,"ZILETH":-50.4576521955,"ZRXUSDT":-10.9115048986,"BCHABCPAX":57.5348917851,"ENJETH":47.6520244482,"GVTBTC":-27.9073758719,"BCDBTC":0.8361325321,"XLMUSDT":-25.7112668524,"DASHETH":17.4209909551,"LINKUSDC":30.2617966831,"ICXBTC":-61.3140973919,"BCHABCUSDT":33.08789151,"LINKBTC":-51.1175301437,"BTCTUSD":-31.444246854,"EVXBTC":-51.6917555856,"OAXBTC":-70.3496699458,"XZCBTC":-19.8633995565,"VETUSDT":-19.482529633,"CELRUSDT":-45.5083788857,"WAVESBNB":4.1651239357,"BATBTC":-66.8721447759,"ALGOBTC":21.0801605344,"NEOTUSD":59.4526249578,"MCOETH":179.2198019448,"TRXUSDC":-2.3413601968,"LTCBTC":-24.245577338,"LTCETH":-32.3763443275,"LTCUSDT":-5.0399221961,"BCHABCBTC":19.3971231913,"ADAUSDC":6.0422333712,"BNBPAX":38.9833005971,"HOTBNB":-33.9081991891,"XRPPAX":-19.3562311254,"BNBUSDC":5.5063597265,"ELFBTC":-46.1987936706,"DGDBTC":28.9615850373,"RDNBTC":-17.3372670785,"LTCUSDC":-36.4020140651,"IOSTUSDT":-62.4394135665,"WAVESETH":117.9638459646,"WAVESUSDT":23.1744354875,"EOSUSDC":-10.1943615227,"XMRUSDT":17.8091064138,"XRPUSDT":-5.5681490199,"AEBTC":-40.8740313503,"USDCPAX":49.2831095614,"MATICUSDT":-53.7785311862,"MCOBTC":146.5785277302,"BTCUSDC":-21.9738766555,"NASBTC":-66.1717986075,"ONTBTC":-51.540438717,"NANOUSDT":133.3215150126,"GXSBTC":9.4817743166,"TRXPAX":267.4998445668,"OMGUSDT":-47.7270406511,"FETBTC":-35.6058831179,"ETHUSDC":-8.3317622129,"VIABTC":-96.5458577699,"BNBUSDT":193.783281542,"ONGBTC":-17.75186161,"LINKPAX":6.7750565906,"BCHABCTUSD":1535.5787510633,"MATICBNB":-76.9338364339,"QTUMBTC":-51.6375913907,"FTMBNB":-44.5916324219,"ONTETH":-53.6433375121,"IOTABTC":-25.6909792238,"ADAETH":3.8784650173,"LTCTUSD":270.3632630378,"BQXBTC":-89.5990819846,"QTUMUSDT":-37.1054603414,"ATOMBNB":-71.9055434587,"BTCPAX":-20.5978357364,"QTUMETH":-60.8195250154,"PIVXBTC":-24.3733113572,"LINKTUSD":3.2946073427,"USDSUSDT":-42.210237058,"HCBTC":-17.2820653867,"NANOBTC":222.987098103,"XRPUSDC":-57.6169332941,"NULSUSDT":-35.3237980591,"TRXUSDT":-18.5961694001,"ONGUSDT":-66.5009819444,"ADABNB":14.0444824201,"ERDUSDT":213.5626054485,"TRXTUSD":-30.8102939789,"USDCTUSD":-27.0784263766},"startDate":"2019-07-11","endDate":"2019-07-18","numDays":7,