{"data":{"XRPBTC":32.8668420274,"EOSUSDT":36.6109398643,"ETHPAX":41.6272628054,"RVNBTC":-27.1463890183,"TRXBNB":-14.9259111566,"NASBTC":-9.1560300113,"GXSETH":-89.0166618705,"WANBTC":95.4966296879,"BTCUSDC":143.3445788323,"KMDBTC":-13.8258171771,"XRPUSDT":66.416524071,"LINKTUSD":82.6241523871,"GNTBTC":7.3505836464,"VETETH":122.4597464285,"NASETH":-60.5816560908,"XRPBNB":63.193223849,"CELRUSDT":-35.5380591108,"ZECBTC":66.8167083601,"HOTUSDT":66.0347564134,"STRATBTC":437.6339529147,"KNCBTC":15.4219470946,"STORJBTC":5.5627846027,"USDSUSDC":1163.1525973688,"BCHABCTUSD":-75.0257788541,"REPBTC":-64.4994238491,"ETHUSDC":95.9237455393,"GVTBTC":44.1675563294,"ONEUSDT":-77.3202041951,"CELRBNB":-4.0857052787,"ARNBTC":19.2529909405,"BTCUSDT":135.4716378972,"NEOUSDT":146.9838155457,"ONTUSDT":20.4719354015,"MITHUSDT":518.3900445726,"IOSTUSDT":31.2242144726,"ZRXUSDT":36.6535898983,"ZECETH":21.8063606112,"EOSBTC":46.375740239,"ELFBTC":0.6822019083,"BNTBTC":85.752769186,"MDABTC":-84.9771604866,"USDCUSDT":160.7304113608,"ADATUSD":-27.3094433444,"INSBTC":-50.8393727522,"XZCBTC":306.0145129793,"XRPETH":38.1294701751,"XMRUSDT":23.4777571481,"LTCPAX":595.6975815497,"BCHABCUSDC":59.2715631438,"ZILETH":34.1025520058,"LSKBTC":790.3514725027,"NANOUSDT":35.8444436901,"ZILBNB":73.8847293149,"NANOBTC":55.4926882888,"BCDBTC":-6.8603860209,"IOTABTC":34.9045820074,"DASHBTC":67.8102106814,"BTTBNB":62.2956568425,"POWRBTC":-74.2515409586,"WAVESETH":292.8114324461,"NEOBNB":178.4157199179,"IOTAUSDT":74.5350436582,"DCRBTC":-6.8709833398,"EOSUSDC":-4.5473119432,"ETHTUSD":-29.5818662427,"AIONBTC":132.1955458603,"PAXUSDT":90.9560304897,"USDCTUSD":7.3364215325,"NULSBTC":40.9884121247,"ZRXBTC":21.2028297593,"TRXETH":-5.5491028205,"VETBNB":94.1080560043,"PIVXBTC":-27.8599259943,"MFTETH":1.369008628,"TRXUSDC":3.8260131829,"ENGBTC":31.1915111333,"RENBTC":236.4353531043,"MTHETH":1564.6474530047,"WAVESBTC":159.8709913126,"BCPTBTC":342.8694352711,"LUNBTC":144.3868000394,"NEBLBTC":138.9254509364,"RDNBTC":-35.0953443226,"XRPPAX":10.9683957476,"BNBBTC":26.3752504312,"QTUMBTC":106.4268302389,"BNBETH":131.1414845996,"CMTETH":1854.4725159675,"XMRBTC":106.0980477805,"USDCPAX":249.5065603776,"FETBNB":-46.9147360677,"ICXETH":378.9052766402,"BNBUSDC":16.0858116519,"EVXBTC":-33.6423807618,"DLTBTC":-26.4406817347,"OMGETH":209.4033051045,"LINKUSDT":266.3195458069,"ADAETH":142.5098185604,"TRXUSDT":-0.4090041722,"VIBEBTC":95.7075999694,"HOTETH":26.607139943,"ZECTUSD":-37.8643752669,"BQXBTC":-26.3249296921,"MCOBTC":32.7931072468,"BNBPAX":84.6048172877,"MATICUSDT":-47.7201485078,"VIABTC":70.4383688023,"BRDBTC":-59.1127589865,"MATICBNB":-50.7283557069,"ADXBTC":40.4788007802,"LTCETH":38.3318388243,"LINKETH":284.6807899203,"LTCTUSD":-63.9285082426,"TRXXRP":-1.4932763056,"DASHUSDT":93.8772304214,"RLCBTC":63.6617360643,"BNBUSDT":17.6088929177,"MTLBTC":3.9068293045,"THETABTC":-47.6542576141,"LTCBTC":68.3195213044,"WABIBTC":7.0405144554,"ATOMBTC":31.070526603,"NULSUSDT":-7.2857443829,"EOSTUSD":71.3220778204,"QTUMETH":136.8830737624,"GASBTC":-34.341327456,"XRPUSDC":-7.2313229696,"NEOTUSD":-4.8334885919,"LTCUSDC":-15.2154689773,"NULSBNB":-1.517130345,"DGDBTC":207.7504156697,"BATUSDT":38.1339611279,"THETAETH":-55.4878920179,"GXSBTC":-92.0346486555,"ATOMUSDT":1.6780916659,"GRSBTC":-31.7895135284,"WAVESTUSD":-40.0503862353,"PPTBTC":-51.9146844305,"AEBTC":49.9809097215,"ADABTC":89.7217805749,"VETUSDT":97.1527151787,"WTCBTC":-28.4270419051,"BTTUSDT":49.3786358974,"ENJUSDT":-54.1453757936,"BTGBTC":7.1454524883,"ADAUSDT":138.9133266746,"ZENBTC":50.4243676338,"BATETH":105.5911500388,"MITHBNB":2701.6272232342,"BTCPAX":236.2587870267,"POLYBTC":10.3028615091,"TUSDUSDT":31.4354733614,"ARKBTC":-60.2547823294,"SKYBTC":19.7284618125,"RVNBNB":-41.2487290129,"THETAUSDT":-64.1052027379,"HCBTC":-84.0439771563,"OMGBTC":10.3652336021,"ADABNB":207.3019837524,"EOSPAX":-37.1905370989,"STEEMBTC":-44.4803838823,"ZECUSDT":17.6235134431,"LINKUSDC":339.1249314713,"ETCBTC":10.5411430865,"ETCUSDT":48.222008928,"ETHUSDT":65.9150479848,"WAVESUSDT":232.8682320425,"ARDRBTC":-46.329386748,"PAXTUSD":136.893681587,"EDOBTC":62.7371784102,"FETBTC":-58.5966789588,"SYSBTC":84.5602483423,"XLMUSDT":201.1832925221,"ONTBTC":1.0758735222,"LOOMBTC":-62.4325700339,"BCHABCBTC":195.9767379484,"BNBTUSD":23.2221662696,"BCHABCPAX":-1.2598342379,"NEOETH":56.8891759599,"LINKBTC":474.4967411291,"NXSBTC":-6.8729222599,"TRXTUSD":-47.84341415,"APPCBTC":37.54798219,"QTUMUSDT":141.8327923327,"BTCTUSD":65.9933527259,"EOSBNB":67.7479381808,"ICXUSDT":28.3856730535,"BCHABCUSDT":120.6474654143,"ONEBNB":-67.4663840419,"ETHBTC":77.0186326626,"FETUSDT":-57.8024619872,"ZILUSDT":-30.2354712522,"LTCBNB":80.1463298888,"BTCUSDS":559.1816662926,"ONGBTC":-26.5188067225,"NEOBTC":153.344255847,"TFUELUSDT":-75.988336186,"EOSETH":19.3775657085,"ENJBTC":-37.2082833975,"NAVBTC":4715.8836140061,"ICXBTC":74.4835998084,"ENGETH":273.0356224863,"IOTABNB":61.0919100616,"OMGUSDT":168.2381934436,"MTHBTC":1095.0250290445,"ATOMBNB":30.3810618104,"OAXBTC":-0.4650991515,"FUELETH":867.9091791316,"HOTBNB":137.8158433454,"ADAUSDC":-29.35303704,"XRPTUSD":-54.7617097788,"BATBTC":52.813294522,"LTCUSDT":8.9884939017},"startDate":"2019-06-10","endDate":"2019-06-17","numDays":7,