{"data":{"ETHUSDC":-77.0076608949,"WAVESBTC":-64.5941870442,"AEBTC":543.8066368521,"LTCTUSD":31.9016838906,"NULSBTC":-31.3312924599,"ADATUSD":183.0980691415,"SKYBTC":64.8476060292,"NEOUSDT":44.9490773134,"LINKBTC":-69.3463948506,"WAVESETH":-50.4478967374,"NANOBTC":-19.8100900442,"NEOBNB":94.1715909788,"BTTUSDT":-27.3935615832,"NEBLBTC":-80.7054701732,"ZECBTC":-46.4898727613,"POLYBTC":-22.404398495,"ELFBTC":1153.5269124293,"ARNETH":-28.9433455854,"XRPUSDT":-53.6940707278,"TRXBNB":-54.8945747464,"RDNBTC":1965.6694683161,"BTCUSDT":-21.6417907181,"BTGBTC":-46.0694080057,"IOTAUSDT":-47.4523993427,"USDCPAX":19.5177645283,"XLMUSDT":-48.9855293775,"SALTBTC":255.9895639549,"MITHBNB":41.1916237357,"XMRETH":36.5760881378,"OMGBTC":233.8445392742,"XRPPAX":-55.6645420425,"BATBTC":-12.4074576557,"LINKUSDC":-77.1251481659,"XLMUSDC":-87.3113657324,"GASBTC":1576.1555754551,"INSBTC":-4.9663240081,"NEOBTC":80.4192104314,"BTCPAX":-31.1405684728,"BQXBTC":11.7044322551,"ARNBTC":-28.3765102374,"XRPBTC":-25.6419399686,"BTCUSDC":-39.9549531141,"EDOBTC":809.4382294246,"DGDBTC":-2.5552703025,"EOSETH":-16.615120498,"LSKBTC":-14.7712166059,"XLMBNB":-17.3575234276,"TRXXRP":-78.7826808838,"BCHABCUSDT":-56.9700579434,"WAVESTUSD":-3.5625236479,"STORJBTC":8216.148294451,"KNCETH":228.5808394287,"LTCETH":-69.1002142405,"EVXBTC":-21.0981775289,"WANBTC":-1.6425851176,"ETHUSDT":-32.9426052933,"LINKUSDT":-68.0405883091,"TRXETH":-51.7687037481,"XZCBTC":65.0963201809,"XLMETH":-1.7589129289,"BTTBNB":-35.1012341366,"EVXETH":12.1141907279,"QTUMBTC":129.2015162991,"ZILETH":111.2439580518,"BTCUSDS":5.7134848985,"ADAETH":-33.4575912062,"NULSUSDT":4.3200368462,"PAXUSDT":-20.4206891874,"WINGSBTC":42.8287571721,"MODBTC":1104.1545152334,"GRSBTC":112.8683723422,"IOTAETH":-32.3631279476,"ZECETH":-67.2114911139,"MCOETH":714.6933415169,"ADXBTC":-21.0035361785,"VETUSDT":104.9677017931,"RLCBTC":-87.9129170917,"EOSPAX":-47.8036782631,"NAVBTC":106.5153690824,"BCHABCBTC":-64.8404471317,"TRXTUSD":1.0363994427,"DLTBTC":19.7889136058,"ETCUSDT":-59.8747997932,"IOTABTC":-17.5728676291,"KNCBTC":852.0160804925,"MITHBTC":145.5646071403,"ARKBTC":-65.305562753,"THETAETH":-44.6313727062,"PAXTUSD":8.1615707207,"REPBTC":-74.1081124324,"ETHPAX":-45.3224049875,"XLMTUSD":-86.2697406034,"USDCTUSD":-25.3365327068,"TUSDETH":-30.7897110147,"APPCBTC":2413.2507858214,"NEOTUSD":838.2211165712,"OMGETH":163.4753124266,"BATETH":-49.0890786466,"ICXUSDT":-53.64614155,"XLMPAX":-12.4275843691,"ADAUSDT":-66.8440171602,"WTCBTC":-74.6364031281,"MDABTC":24.9396915298,"THETABNB":60.1239251935,"DASHBTC":-48.4960793128,"EOSBNB":-48.0662375081,"ELFETH":1341.9313964765,"BCHABCTUSD":148.5291576802,"ICXETH":-15.278464324,"ETHBTC":-10.712991413,"LTCUSDC":-67.0037980538,"DASHETH":-27.7248735074,"LINKETH":-66.8637050575,"BNBETH":-21.1370087704,"PIVXBTC":-34.415183217,"XEMBTC":1.2401978066,"EOSUSDC":248.9391204345,"TUSDUSDT":-3.4174000102,"XRPUSDC":-22.3098296049,"STEEMBTC":491.4066904105,"KMDBTC":63.7163441178,"VIABTC":78.4081349497,"ZRXBTC":25.2301882759,"ENGBTC":-90.4674238823,"OAXBTC":-41.110085049,"BNBUSDC":-44.5887124382,"MTLBTC":-22.0732611344,"TRXUSDT":-70.1526411875,"NASBTC":-15.1736087309,"LUNBTC":-5.363357202,"EOSTUSD":992.3500975881,"GXSBTC":120.076940108,"FUELETH":403.2692762608,"USDCUSDT":-31.7359273626,"EOSUSDT":-46.0100594328,"DCRBTC":1.1783823843,"EOSBTC":-52.15795864,"WABIBTC":-80.3413267868,"BCHSVUSDT":-49.7278633872,"AIONBTC":-32.9410704179,"ONTBNB":25.0627977901,"LTCBNB":-40.1604697394,"STRATBTC":35.7296674113,"BCHSVBTC":-31.5766541006,"NEOETH":85.4240490108,"MCOBTC":378.816656954,"HCBTC":-55.7029855049,"WAVESUSDT":-60.564923494,"LINKTUSD":-47.0711703795,"ETCBTC":-49.6410767516,"QTUMUSDT":60.6767340345,"NXSBTC":170.2735822436,"CLOAKBTC":715.9211450756,"ARKETH":-71.6525651193,"ONTBTC":667.6890299171,"NANOETH":27.839464945,"TUSDBNB":395.2526460525,"BNBPAX":76.4526440937,"XMRBTC":22.0089681754,"LTCUSDT":-67.3284866182,"XRPBNB":-22.3561265133,"BCDBTC":-62.4525561438,"ZENBTC":5.5815197215,"BNBBTC":-44.7230999724,"VETETH":115.9983566476,"XEMETH":16.5159680137,"THETABTC":-49.695100876,"BNBUSDT":-51.9570368716,"XRPETH":-72.7896467233,"TUSDBTC":-31.5774933986,"ADABNB":-50.6946856719,"ICXBTC":-4.5844216354,"ONTETH":848.3502907784,"LTCBTC":-67.2984098387,"GVTBTC":28.6143956698,"XRPTUSD":6.0599637777,"ONTUSDT":520.8384609245,"PPTBTC":45.7688015938,"ENJETH":441.8018186026},"startDate":"2019-02-10","endDate":"2019-02-17","numDays":7,"excludedPairs":["LENDBTC","AMBBNB","MFTBTC","STORJETH","ENGETH","ICXBNB","DATABTC","ONGBNB","AEETH","RENBNB","EDOETH","BTSETH","SCBTC","LOOMBNB","STEEMETH","GOBTC","BNTBTC","WPRETH","ZRXETH","WANETH","TRIGETH","BCHABCUSDC","LSKETH","CMTETH","WANBNB","AIONETH","BRDBTC","BCPTBNB","QLCBNB","LRCETH","ICNBTC","CMTBTC","FUNETH","MTHETH","ETCETH","NASBNB","DLTBNB","BCNBNB","BLZETH","AMBETH","DATAETH","ARDRBNB","CNDBNB","ENJBTC","USDCBNB","GRSETH","SNTBTC","MANAETH","CLOAKETH","INSETH","QSPBNB","POABTC","POWRETH","MODETH","POEBTC","MDAETH","BRDETH","XVGETH","USDSTUSD","SCBNB","NANOBNB","HSRETH","WAVESUSDC","LUNETH","BQXETH","NXSETH","NCASHETH","BNTETH","QKCBTC","RPXBNB","WABIBNB","ADXETH","SCETH","VETBNB","RCNBTC","YOYOETH","BCHSVTUSD","RLCBNB","XZCBNB","BLZBNB","AIONBNB","TNTETH","TRIGBTC","APPCBNB","REPBNB","BCCBNB","PIVXETH","BLZBTC","SKYETH","KEYBTC","IOSTBTC","NXSBNB","IOTABNB","FUELBTC","TNBETH","BCNBTC","SNGLSBTC","POWRBTC","RPXETH","GVTETH","VIAETH","STEEMBNB","HOTBTC","CDTBTC","ONGBTC","NAVBNB","HOTETH","CDTETH","DOCKETH","XEMBNB","NEBLBNB","CVCBTC","BCHSVUSDC","CHATBTC","REQETH","BCPTETH","QTUMBNB","GXSETH","GNTETH","LRCBTC","VENETH","WAVESBNB","WTCETH","STORMBTC","GNTBNB","HSRBTC","BTSBTC","VIBETH","CVCBNB","PHXETH","AMBBTC","BCCUSDT","MFTETH","DOCKBTC","NCASHBNB","VIABNB","BNBUSDS","DENTBTC","ASTETH","OSTETH","PPTETH","ARDRBTC","CHATETH","REQBTC","POAETH","XZCXRP","TNTBTC","LOOMETH","TRXBTC","ZILBTC","DNTBTC","PAXETH","WAVESPAX","IOTXBTC","SNMBTC","CMTBNB","OSTBTC","RCNETH","CVCETH","RVNBNB","DCRBNB","DENTETH","KMDETH","GOBNB","GTOBNB","ADABTC","SUBBTC","WPRBTC","STRATETH","ENJBNB","ETCBNB","GTOETH","WABIETH","STORMETH","BTGETH","USDSUSDT","SNGLSETH","VIBEBTC","DLTETH","NEBLETH","AEBNB","XLMBTC","USDSPAX","ADXBNB","AGIETH","YOYOBTC","SYSETH","PIVXBNB","ASTBTC","VETBTC","AGIBNB","PAXBTC","STORMBNB","XVGBTC","ZENETH","RVNBTC","MCOBNB","RLCETH","RDNETH","DGDETH","QLCETH","POWRBNB","BCCBTC","BATBNB","TRXPAX","ARDRETH","REPETH","HCETH","RDNBNB","SNMETH","IOTXETH","VIBEETH","QSPBTC","CNDBTC","POLYBNB","FUNBTC","ICNETH","RPXBTC","MFTBNB","GNTBTC","BTSBNB","LINKPAX","QSPETH","ONGUSDT","MTHBTC","LSKBNB","SKYBNB","POABNB","NPXSBTC","DNTETH","SUBETH","RENBTC","BTTUSDC","PHXBNB","TRIGBNB","VENBNB","OSTBNB","YOYOBNB","MANABTC","BTTTUSD","IOSTETH","SNTETH","TNBBTC","POEETH","BTTBTC","NULSETH","NPXSETH","BTTPAX","BCCETH","SYSBNB","SYSBTC","VENBTC","WINGSETH","PHXBTC","AGIBTC","BCHABCPAX","BCDETH","GTOBTC","TRXUSDC","LTCPAX","NASETH","BCHSVPAX","RCNBNB","MTLETH","BCPTBTC","APPCETH","BRDBNB","NAVETH","OAXETH","QTUMETH","ZENBNB","USDCBTC","USDSUSDC","XZCETH","VENUSDT","SALTETH","PAXBNB","NCASHBTC","VIBBTC","LOOMBTC","KEYETH","BCNETH","QKCETH","CNDETH","ZILBNB","QLCBTC","WTCBNB","LENDETH","NULSBNB"]}