{"data":{"ETHUSDC":-46.7045807853,"VIBEETH":-85.598588774,"BCPTETH":55.4099401351,"XMRBTC":-18.7386628717,"GVTBTC":789.7089263498,"TRXTUSD":34.0035017094,"REPETH":-87.583033747,"DCRBTC":-25.8643770279,"TUSDBNB":-35.7497611785,"ZRXBTC":151.2366067403,"TUSDETH":-53.427462606,"AEETH":-96.3813181027,"BNBPAX":-63.2592084075,"ARKBTC":-26.6743425824,"EOSPAX":-69.8119732948,"DLTETH":-63.2836510371,"WTCBTC":-78.0114417714,"WINGSETH":41.9029354224,"NXSBTC":52.3521530556,"IOTAUSDT":56.8987582974,"GTOETH":-94.5206821135,"KNCBTC":-50.5114972069,"CMTETH":-68.865947874,"EOSETH":-61.8457548236,"ADAUSDT":-59.0776866953,"ETHPAX":-59.300168348,"REPBTC":-87.3359877795,"ZILETH":-61.7616565228,"DASHBTC":16.9886377139,"ADAETH":-56.807714147,"LTCBNB":-27.5905429999,"HCBTC":-54.1509194463,"NANOBTC":366.4477874652,"RLCBTC":-92.0540253816,"EDOBTC":157.5336219548,"XLMUSDT":1.1397442285,"ETCBTC":-11.2314242638,"WAVESETH":131.8835222081,"LTCBTC":9.847957376,"BCHSVUSDT":-56.88712255,"BATBTC":-49.6894840878,"SALTBTC":99.2358751048,"TNTETH":-95.8944096631,"VIABTC":-48.1763124048,"STRATETH":-45.6244354661,"SKYBTC":-14.7854578377,"WINGSBTC":109.6042000121,"LINKUSDC":7.3699759978,"NEOUSDT":-32.8568021431,"BCHSVBTC":-28.871290284,"XRPETH":-5.6751809651,"TUSDUSDT":-13.8836800712,"BCHABCUSDT":204.8973431725,"MCOBTC":13.6981779112,"VETETH":52.7492236567,"NAVBTC":57.8817999539,"ELFBTC":13.0049734941,"LUNETH":3429.5534809703,"PAXTUSD":-23.9462817351,"BNBUSDC":-49.0607717831,"ONTBTC":-39.4441972192,"OAXBTC":-31.4497794131,"USDCTUSD":80.9789405907,"BQXETH":-46.5304471573,"VETUSDT":132.7958048975,"BNTBTC":-62.6326446909,"ZECBTC":-47.8289209357,"BCHABCBTC":111.4689971297,"MDABTC":44.4762259948,"BNBBTC":13.2381519606,"EOSUSDC":-14.6012918762,"EOSBTC":1.5034508931,"RDNBTC":677.3368625328,"BNBETH":-69.3924088522,"BNBUSDT":-2.8496774828,"ICXBTC":-12.2860422667,"TRXBNB":-23.8496127103,"NEOBTC":-42.1903503063,"LINKTUSD":742.4220461357,"XRPBNB":-34.4805821368,"LINKBTC":-44.9790601675,"BTCUSDT":-9.3829069003,"ENGBTC":107.1990514397,"ZENBTC":36.1131203468,"BTCPAX":-42.3187073424,"DOCKETH":-68.7642069275,"WANBTC":-44.3469373061,"LRCBTC":26.5135325689,"USDCUSDT":2.7013068111,"STORJBTC":148.0130368737,"BRDBTC":36.8073685995,"LINKETH":-53.36316614,"ONTUSDT":-59.1549226857,"ADABNB":-78.2323099239,"LUNBTC":4971.3097441638,"PAXUSDT":-34.0926764792,"POWRETH":-89.8416332932,"QTUMUSDT":-17.6326101593,"LTCETH":-12.8983570049,"GASBTC":-78.8324027398,"KMDBTC":-17.6997359984,"ICXUSDT":35.1897644992,"XMRETH":-44.1604280789,"LSKBTC":-27.917753422,"OAXETH":8.1373152063,"TRXETH":-7.0134456349,"CMTBTC":-46.9264706928,"NASBTC":27.6640043005,"LTCUSDT":-25.6979172938,"AEBTC":-96.8508800037,"INSBTC":17.4393428865,"LINKUSDT":22.507898645,"XLMUSDC":118.3808266454,"BTGBTC":-5.9009854783,"ONTETH":-62.9921834473,"USDCPAX":-77.2412938784,"DGDBTC":152.0278066725,"GXSBTC":91.6612182963,"DLTBTC":-70.8207137932,"NEOTUSD":-11.4612684103,"MODBTC":71.1888610073,"BCDBTC":-44.9603690741,"AIONBTC":-63.5745860766,"FUNETH":447.2770284172,"QTUMBTC":0.3109000817,"ETCUSDT":-49.1658481697,"XRPPAX":-65.1697489732,"XRPBTC":-33.2006885686,"CLOAKBTC":20.5099016638,"LRCETH":137.3612149294,"ETHUSDT":-53.9640518325,"OMGBTC":-3.9302323204,"EVXETH":214.7557811988,"NEBLBTC":120.8844277189,"XLMPAX":-64.4104829511,"TRXUSDT":-6.328901502,"BQXBTC":-20.1560243573,"XLMETH":39.8246931122,"BTCUSDC":-37.0049507272,"WABIBTC":681.7196941597,"WAVESBTC":262.1862168004,"ARNBTC":-67.173279815,"XZCBTC":21.7952941272,"ADATUSD":-66.8565049378,"EVXBTC":585.6425011472,"PPTBTC":-44.7043189333,"XRPUSDC":-49.3306601529,"NULSBTC":2.3916219854,"ADXBTC":489.3815688233,"TUSDBTC":3.7105398177,"GRSBTC":467.2936439731,"EOSUSDT":-27.3655708443,"NEOETH":-27.6178663509,"ETHBTC":-16.344044057,"STRATBTC":-55.2067470673,"XRPTUSD":-41.5461341454,"XLMTUSD":145.6314547355,"TRXXRP":-0.6139387778,"IOTAETH":21.4479374022,"MTLBTC":189.7872137073,"IOTABTC":12.9997250814,"XRPUSDT":-31.8557158748,"BCPTBTC":53.87090429,"STEEMBTC":-51.6334990531,"NULSUSDT":7.798569481,"POWRBTC":-82.5148869048,"ARNETH":-60.8726689811,"PIVXBTC":73.5359104995,"WANETH":-58.5413415847,"POLYBTC":-2.6933382899,"SNTETH":-94.8107136037},"startDate":"2019-01-17","endDate":"2019-01-24","numDays":7,"excludedPairs":["LINKPAX","YOYOETH","LOOMETH","BATBNB","ELFETH","NEOBNB","XVGBTC","RENBNB","BCCBNB","DNTBTC","PHXBNB","VIBEBTC","QSPBNB","NPXSBTC","XLMBNB","ADXBNB","MFTETH","VIAETH","BTGETH","ARDRBTC","IOSTBTC","HOTETH","SNGLSETH","SNGLSBTC","CDTETH","VENETH","NULSETH","POEBTC","POABTC","BCPTBNB","TRXBTC","MCOETH","MODETH","WTCBNB","MITHBTC","MANAETH","QSPETH","IOTXETH","CNDBTC","NAVETH","APPCETH","BCCUSDT","NXSBNB","CVCBTC","XZCETH","SUBBTC","IOTXBTC","THETAETH","GRSETH","NCASHETH","RPXBNB","TRIGBNB","INSETH","ZENETH","LOOMBTC","STEEMETH","BCHSVPAX","PHXETH","BTSBNB","WAVESPAX","PPTETH","GOBNB","ARDRBNB","NXSETH","GNTBNB","RDNETH","OSTETH","STORJETH","THETABTC","DENTETH","BCHABCTUSD","POWRBNB","AMBBNB","POEETH","XEMETH","RCNETH","QLCBNB","MTHETH","NEBLETH","PHXBTC","IOTABNB","MTHBTC","BCHABCPAX","BCNBTC","SNMETH","NEBLBNB","ARDRETH","MITHBNB","LENDBTC","LSKETH","NASBNB","REPBNB","HSRBTC","SKYBNB","CHATETH","ONTBNB","BCHSVUSDC","MDAETH","BCCBTC","WANBNB","GNTETH","SALTETH","RVNBNB","DATABTC","XZCBNB","ENJBTC","KMDETH","APPCBNB","WAVESBNB","PAXBTC","POABNB","WTCETH","NULSBNB","CDTBTC","VETBTC","BCHABCUSDC","AIONBNB","BLZETH","CVCBNB","BRDBNB","WPRBTC","MANABTC","NAVBNB","AGIBTC","RPXETH","VENBTC","QSPBTC","VETBNB","DOCKBTC","XZCXRP","CHATBTC","PAXETH","SYSBTC","DGDETH","FUELETH","USDCBTC","QTUMETH","VIBETH","QKCBTC","VENBNB","GNTBTC","NCASHBNB","POAETH","ZILBTC","DCRBNB","REQBTC","ZILBNB","STORMBNB","QLCBTC","GTOBTC","DLTBNB","GOBTC","BCNETH","CVCETH","LOOMBNB","ETCBNB","KEYBTC","IOSTETH","ADABTC","BCDETH","RDNBNB","BRDETH","MTLETH","AMBBTC","SCETH","NPXSETH","ICNETH","CNDETH","NANOETH","ICXETH","SNMBTC","SYSBNB","ASTETH","WAVESTUSD","QKCETH","MCOBNB","AGIETH","SCBNB","HCETH","ICNBTC","GXSETH","ADXETH","EOSTUSD","XVGETH","STEEMBNB","RVNBTC","BCCETH","ZECETH","GVTETH","ZRXETH","REQETH","NASETH","TNTBTC","DASHETH","SUBETH","BTSBTC","FUELBTC","RCNBNB","RCNBTC","WABIETH","HOTBTC","ETCETH","XEMBTC","YOYOBTC","KNCETH","WAVESUSDT","EDOETH","QLCETH","DNTETH","VIBBTC","KEYETH","APPCBTC","XLMBTC","TNBBTC","BLZBTC","ASTBTC","BNTETH","OSTBTC","DATAETH","WABIBNB","TRIGBTC","ZENBNB","TNBETH","AIONETH","BCNBNB","STORMETH","OMGETH","SNTBTC","MFTBNB","LENDETH","WAVESUSDC","RLCBNB","BATETH","WPRETH","PAXBNB","ICXBNB","AMBETH","YOYOBNB","HSRETH","CMTBNB","SCBTC","CLOAKETH","PIVXETH","VIABNB","NCASHBTC","TRIGETH","OSTBNB","SYSETH","FUNBTC","RLCETH","EOSBNB","THETABNB","GTOBNB","ARKETH","AGIBNB","XEMBNB","DENTBTC","RENBTC","USDCBNB","LSKBNB","AEBNB","RPXBTC","BLZBNB","CNDBNB","SKYETH","STORMBTC","ENJETH","PIVXBNB","NANOBNB","BTSETH","ENJBNB","MFTBTC","ENGETH","BCHSVTUSD","VENUSDT","POLYBNB","QTUMBNB"]}