{"data":{"DASHBTC":36.189447795,"LTCPAX":49.1600988911,"MCOBTC":10.0079239957,"QLCBTC":-4.4568636437,"ETHBTC":16.8237116733,"FUELETH":-8.8289350889,"BNBUSDT":15.7114797994,"EDOBTC":6.0882782295,"TRXUSDT":15.6100225755,"BATUSDT":12.0340143302,"NAVBTC":15.4054279654,"BTTBNB":4.8603181158,"STORJBTC":5.3337330689,"USDCPAX":-0.6276942952,"CMTBTC":33.9307925085,"BATBTC":13.3602256773,"ICXETH":31.6265459916,"RLCBTC":29.1711056813,"EOSBTC":29.803619584,"TRXBNB":16.6693660806,"XRPBTC":15.1013480517,"ZECBTC":26.9536013703,"NXSBTC":1.9323242971,"ONTETH":23.4801068042,"OMGBTC":26.302001313,"CVCBTC":9.9019583796,"ONGUSDT":11.6375766074,"LTCETH":52.1566969567,"LTCBNB":53.2641233386,"BTCUSDS":24.7099484799,"ENJBNB":3.6537732841,"AMBBTC":7.4376712935,"TRXETH":16.0333626315,"POWRBTC":9.2902390151,"AIONBTC":36.092753664,"XRPUSDT":13.6296087972,"GOBTC":33.0177497207,"OMGETH":25.7785158386,"GASBTC":24.9938613816,"IOTABTC":14.9765980897,"IOSTETH":74.6990847867,"NEOUSDT":32.3120447124,"RVNBTC":8.6699638659,"EVXETH":11.5739648892,"TUSDUSDT":-0.5855962152,"LOOMBTC":13.5683083321,"XRPTUSD":14.0097991806,"VETETH":29.4938174426,"LTCTUSD":52.1625907344,"WAVESBTC":5.2251650939,"ZILETH":34.7964793572,"LSKBTC":25.0322663756,"NEOBNB":32.7949853204,"DLTBTC":3.1836274391,"BNBPAX":16.9291601062,"GXSBTC":9.2796453968,"XRPPAX":14.1362927661,"FETBNB":0.6213152874,"STRATBTC":19.5500405191,"ZILUSDT":33.5739963193,"BNBETH":17.5021296334,"IOSTBNB":72.5656955553,"ADABTC":28.798783665,"BNBBTC":17.2413438929,"LINKBTC":17.0902870306,"ZECETH":26.3626833854,"BNBTUSD":16.551279641,"EOSUSDC":30.4276432997,"FETUSDT":0.0999096545,"XMRUSDT":27.187814102,"ADAUSDT":27.7887915925,"LTCUSDC":50.013195153,"BNTBTC":10.2774716306,"BCHABCUSDC":83.4479326731,"XMRBTC":29.3610622794,"ZRXUSDT":14.2494563162,"ONGBTC":12.70264061,"IOTAETH":14.3327114067,"BTGBTC":46.8927904635,"AGIBTC":8.4254382401,"ONTBNB":22.6432456656,"BCHSVBTC":31.3161920542,"NULSBTC":24.0222217755,"XLMBTC":19.2007607675,"LINKUSDT":15.9609397958,"XRPBNB":13.926128319,"LINKETH":16.6883557526,"KMDBTC":11.0551194771,"LTCBTC":52.3395596785,"ENJBTC":4.1027289763,"ELFBTC":23.7699537364,"BLZBTC":34.2362213112,"BTCUSDC":24.3251004229,"USDSPAX":-0.5901095674,"ADABNB":27.3685735816,"BNBUSDC":16.9769529602,"BCHSVUSDT":30.4470892887,"NEOTUSD":33.3638468393,"INSBTC":20.2916840549,"XEMBTC":30.3393154093,"MTLETH":38.328576833,"DASHUSDT":34.4010430376,"NASBTC":31.8315420326,"DCRBTC":29.7603557481,"NANOETH":39.2394823567,"XLMUSDT":17.7329071986,"USDCTUSD":-0.1059217983,"HCBTC":18.0856819744,"ADAETH":28.3490689888,"BTCTUSD":24.1747025656,"GRSBTC":13.1881387502,"ASTBTC":9.1662619728,"BCDBTC":48.5859771076,"BCHSVTUSD":30.5920679623,"CELRUSDT":-7.6383918958,"MDABTC":5.5092962676,"ENGBTC":2.5096125301,"BCHABCUSDT":82.7362453202,"ADATUSD":27.6938128739,"LRCBTC":36.0937385697,"RCNBTC":-10.0690291552,"NULSUSDT":22.9982214351,"ONTBTC":24.1594703328,"ZRXBTC":16.0334959835,"ONTUSDT":22.8635469832,"SYSBTC":5.0387707419,"USDSUSDT":-0.6411454094,"ICXUSDT":30.3744269618,"STEEMBTC":18.7383689857,"QTUMBTC":21.0009493927,"FETBTC":1.4290870049,"KNCBTC":4.3868613907,"WABIBTC":-9.1771835047,"GVTBTC":5.0627427972,"DGDBTC":8.8578443541,"PPTBTC":8.0708664443,"EVXBTC":12.4081196603,"POLYBTC":11.0865710769,"THETABTC":10.547648661,"NEOETH":33.5355304016,"XRPUSDC":14.4550427997,"ETCUSDT":21.0891588294,"BCHABCTUSD":83.6633952291,"ENJETH":3.4535771311,"BTTUSDT":4.6143921641,"ARNBTC":9.5914999733,"EOSTUSD":28.8911054355,"WANBTC":11.4034303858,"NANOBTC":40.0090983557,"IOTAUSDT":13.4254221917,"TRXXRP":16.4327178434,"RVNBNB":7.6522198728,"EOSBNB":30.5657181031,"ADXBTC":13.2739803853,"LUNBTC":7.8806575444,"BCPTBTC":18.4398885685,"ICXBTC":32.1020129963,"ETHUSDC":16.555809771,"WTCBTC":47.9428180949,"BQXBTC":24.4774222808,"ZECUSDT":25.1250744877,"VETBNB":30.231215061,"BCHABCPAX":84.4317949829,"BTCUSDT":23.3913867595,"APPCBTC":10.3117449024,"REPBTC":34.2061135706,"XRPETH":14.8272594851,"LTCUSDT":52.4352110384,"DASHETH":35.2607656316,"XZCBTC":21.7400329353,"ETCBTC":21.7094674057,"EOSUSDT":29.025158538,"ETHUSDT":16.2326393679,"GNTBTC":13.1060766278,"VIABTC":1.5855681569,"ETHTUSD":16.8075986071,"PIVXBTC":17.1771736061,"QTUMUSDT":20.4039878805,"ETHPAX":16.0710329009,"VIBEBTC":10.4751327517,"USDCUSDT":-0.6937136449,"BATETH":12.6271346011,"XLMETH":18.664964075,"RDNBTC":3.9639637666,"VETUSDT":29.3168896722,"WAVESUSDT":4.3701302788,"NEOBTC":33.6759031371,"AEBTC":33.6033953542,"BTCPAX":23.7934335136,"EOSETH":29.1879646014,"POABTC":6.4500323363,"TRXTUSD":16.4707427255,"HOTUSDT":14.9807171149,"ARDRBTC":15.1471741613,"MTLBTC":38.1559969633,"BRDBTC":20.1183405625,"NEBLBTC":12.9421761036,"ARKBTC":2.7293615996,"XLMBNB":18.6521615637,"PAXUSDT":-0.5752103719,"IOSTUSDT":71.9904097593,"SKYBTC":17.4484380016,"BCHABCBTC":83.8018027641,"OAXBTC":-7.1697540552},"startDate":"2019-03-31","endDate":"2019-04-07","numDays":7,"excludedPairs":["ZECTUSD","USDCBNB","LUNETH","MCOETH","SKYBNB","OSTETH","TRXPAX","WPRETH","BTTPAX","REQBTC","ETCETH","BCCBNB","ARDRETH","NCASHBTC","USDSTUSD","CVCBNB","REPBNB","SUBETH","CELRBTC","XZCETH","MTHETH","QLCBNB","STRATETH","THETABNB","SCBTC","IOTXBTC","TNBBTC","BTTTUSD","POWRETH","AGIETH","AIONBNB","NEOPAX","XMRBNB","MFTBNB","ZILBNB","NCASHETH","ONGBNB","XVGETH","SNMBTC","NAVETH","WABIETH","YOYOBNB","DENTETH","RPXETH","TRXBTC","FUELBTC","WTCBNB","MTHBTC","GTOBNB","NPXSBTC","PPTETH","FUNETH","SNTETH","WANETH","XMRETH","GRSETH","STEEMETH","HOTBNB","TNTBTC","INSETH","BCNBNB","NASETH","LSKBNB","IOTABNB","PAXETH","DOCKETH","MFTBTC","DENTBTC","SNMETH","ARDRBNB","REQETH","GTOETH","BLZETH","WAVESUSDC","CMTETH","AIONETH","ZECPAX","MODETH","IOSTBTC","AGIBNB","LINKUSDC","BCCBTC","ZENBTC","ARNETH","DGDETH","STORMBTC","POAETH","DOCKBTC","VIBBTC","TRIGBTC","CNDBTC","BCPTETH","SCBNB","ZENETH","STORJETH","RLCBNB","CELRBNB","BTSBTC","TNBETH","VENETH","VENBTC","CDTETH","NPXSETH","PIVXETH","OMGBNB","DLTBNB","ZRXETH","YOYOETH","CNDETH","QSPBNB","BTSBNB","ADAPAX","RENBNB","BNTETH","WAVESBNB","OSTBNB","LOOMBNB","PHXBTC","KEYBTC","ADXBNB","HSRETH","FUNBTC","NEBLBNB","QSPBTC","BCNETH","BCCETH","ZENBNB","BTGETH","MDAETH","QTUMETH","QKCETH","HSRBTC","CVCETH","MCOBNB","PAXTUSD","STORMETH","SCETH","NANOUSDT","DLTETH","DATABTC","AMBBNB","LINKTUSD","BTSETH","RDNBNB","RENBTC","TRIGBNB","HOTETH","VIAETH","ADAUSDC","BCHSVUSDC","AEBNB","BCDETH","WINGSETH","POLYBNB","ENGETH","SUBBTC","CLOAKBTC","PHXBNB","BLZBNB","XLMPAX","KEYETH","VIBETH","SALTETH","NEOUSDC","BCNBTC","MITHBNB","GXSETH","ASTETH","CDTBTC","SNGLSBTC","NULSETH","RLCETH","KNCETH","CHATETH","XEMBNB","BNBUSDS","LENDBTC","MANABTC","BCPTBNB","POEBTC","ELFETH","LOOMETH","WAVESETH","HCETH","ICXBNB","LSKETH","AEETH","AMBETH","XLMUSDC","VENUSDT","NEBLETH","ZILBTC","RCNBNB","HOTBTC","DASHBNB","USDCBTC","ICNETH","WTCETH","VIBEETH","CNDBNB","RCNETH","OSTBTC","BCCUSDT","MODBTC","SKYETH","TUSDBNB","LRCETH","QTUMBNB","NAVBNB","CMTBNB","PHXETH","DATAETH","ZRXBNB","WINGSBTC","TRXUSDC","ADXETH","APPCBNB","XZCXRP","IOTXETH","XVGBTC","BTTUSDC","STEEMBNB","ICNBTC","BRDETH","DCRBNB","ETCBNB","WAVESTUSD","TUSDETH","QSPETH","SALTBTC","POWRBNB","NXSETH","THETAETH","APPCETH","PIVXBNB","LENDETH","ZECBNB","NCASHBNB","BCHSVPAX","MFTETH","ARKETH","SNTBTC","RPXBTC","ZECUSDC","PAXBTC","SNGLSETH","XEMETH","BRDBNB","USDSUSDC","WANBNB","RPXBNB","NASBNB","SYSETH","POABNB","NXSBNB","SYSBNB","CLOAKETH","QKCBTC","BQXETH","GNTETH","TRIGETH","EDOETH","QLCETH","OAXETH","GVTETH","VENBNB","EOSPAX","NANOBNB","TNTETH","GTOBTC","WAVESPAX","REPETH","LINKPAX","TUSDBTC","YOYOBTC","DNTBTC","RDNETH","VIABNB","OMGUSDT","WPRBTC","VETBTC","XZCBNB","XLMTUSD","NULSBNB","PAXBNB","STORMBNB","WABIBNB","POEETH","BTTBTC","KMDETH","GNTBNB","CHATBTC","MANAETH","DNTETH","GOBNB","BATBNB","MITHBTC"]}