{"data":{"NEOBTC":14.847449083,"ASTBTC":-7.4759076555,"NASBTC":4.5904463455,"BCHABCBTC":10.7170798547,"ENJUSDT":-3.129860974,"NULSBTC":4.4355396046,"DASHBTC":5.2508164844,"BTTUSDC":50.6558037513,"TRXBNB":19.9265617627,"LINKUSDC":-9.8692502273,"NEOETH":15.2519700028,"BLZBTC":0.1892401672,"ENJBTC":-2.326542244,"XRPBTC":14.0471468659,"ZILUSDT":-6.4092382794,"MCOBTC":33.6365650823,"VIABTC":-6.7718601857,"SKYBTC":30.5837133011,"BATUSDT":1.0766969754,"NEOUSDT":14.2926181252,"ETHBTC":7.239145808,"LTCPAX":27.3101501536,"DENTETH":48.6019927453,"XRPBNB":12.2202439449,"ADXBTC":12.7697698203,"BCHABCUSDT":10.1901877264,"ONTBTC":12.3102413896,"RVNBNB":1.3972491973,"EVXBTC":-6.3965973479,"IOTABNB":26.1462387902,"USDCTUSD":-0.0255447417,"CELRUSDT":-10.8003265202,"XRPUSDC":15.1092715425,"TNTETH":-17.2624631743,"LINKBTC":-9.1660146997,"BCPTETH":37.2809848013,"BATETH":1.0160947819,"BCHABCPAX":9.258840332,"STRATBTC":10.9209558298,"QKCETH":0.0041689026,"APPCBTC":17.3942338042,"FETUSDT":-9.6680971167,"XRPUSDT":13.4842706464,"EOSUSDT":30.0725193205,"LTCBNB":26.4705827638,"ETHUSDC":7.5924505613,"NEOBNB":13.0113728357,"EOSTUSD":30.2657247158,"XLMETH":5.7109154305,"DGDBTC":-0.0185846548,"BNBUSDC":4.1371869182,"VETETH":3.7886770566,"BQXBTC":-2.3073236311,"LSKBTC":6.3435383013,"LUNBTC":-12.0451049552,"PAXUSDT":0.1240864325,"WABIBTC":-5.5447240662,"ZECBTC":15.4674371991,"GVTBTC":-9.8899692823,"EOSETH":30.721202992,"IOTAUSDT":27.3023929194,"ONGBTC":10.701317095,"OAXBTC":-3.0809796835,"STORJBTC":6.696250906,"USDCPAX":0.134557695,"HOTBNB":33.4573657592,"IOTABTC":27.7086691196,"XMRBTC":6.767561064,"BCHABCUSDC":11.3437772912,"REPBTC":1.4111890111,"DCRBTC":-2.2992652621,"MDABTC":-1.9934661609,"TRXXRP":23.5240244713,"ZILETH":-5.4232557248,"BTCUSDC":10.5068312955,"ENJETH":-1.5574662747,"OMGBTC":10.9778134132,"MITHUSDT":4.9935539642,"BTCPAX":10.0212015643,"BTCUSDS":9.4468152963,"STEEMBTC":8.325923333,"GRSBTC":5.1773092893,"BTTBNB":50.3456888878,"LTCUSDT":27.5054201751,"ADABNB":9.9725037999,"TRXUSDC":22.6166699959,"XMRUSDT":6.7856890436,"POWRBTC":4.4933353543,"ETHTUSD":7.2550696963,"POLYBTC":7.042667305,"EDOBTC":29.3753103939,"QTUMUSDT":8.4808508676,"WAVESBTC":11.1209542161,"QTUMBTC":8.3197377726,"ADAETH":11.5562082278,"EOSBTC":30.3738321885,"ZRXBTC":7.5135411102,"BNBUSDT":4.623808905,"ATOMUSDT":3.4506597441,"AIONBTC":-5.0790554978,"TRXTUSD":21.5907776283,"DASHUSDT":5.5627824341,"ADATUSD":12.4978820956,"GASBTC":22.5956388433,"ADAUSDT":11.093894184,"HOTETH":35.3773141678,"CELRBNB":-10.9351066929,"RLCBTC":-13.4090702112,"PAXTUSD":-0.0154147452,"BTTUSDT":49.5566797694,"FETBTC":-9.6534968091,"NAVBTC":-7.4689465952,"NEBLBTC":1.2881145817,"AMBBTC":-0.9557897789,"ARKBTC":-0.2927311321,"KMDBTC":23.2646615107,"FETBNB":-11.151638302,"ETCUSDT":13.3146795498,"TNTBTC":-19.1623179628,"MTLBTC":-5.4342519476,"WAVESUSDT":11.0747880724,"ONTUSDT":11.9442874322,"ELFBTC":8.6231921257,"ATOMBNB":2.0240816584,"WAVESTUSD":10.6436427462,"WANBTC":2.7639079862,"NULSUSDT":4.46351,"THETABNB":31.0462666049,"XLMUSDT":4.934268271,"XZCBTC":-1.3557911817,"HOTUSDT":33.910828998,"BNBPAX":4.2552290844,"ATOMBTC":3.3470613497,"WTCBTC":4.2325915371,"LTCTUSD":28.6554068787,"BRDBTC":1.9713069415,"ASTETH":-5.1134232698,"MATICBNB":-5.5045230778,"PIVXBTC":7.440013271,"KNCBTC":3.0541178219,"EOSBNB":28.0185685567,"VETBNB":2.4433998732,"IOTAETH":26.5145131004,"TRXUSDT":21.4150372121,"BTCTUSD":10.3923789096,"VIBEBTC":6.0219761293,"VETUSDT":2.7851427015,"WAVESBNB":11.1818886115,"BCPTBTC":36.4166250738,"THETAUSDT":33.4385491887,"BCHABCTUSD":11.7094053478,"PPTBTC":-4.7600853495,"LINKETH":-9.3931833385,"ETCBTC":13.5455879182,"ARNBTC":23.0163123721,"LTCETH":28.4700289874,"BNBETH":5.7527142652,"BTGBTC":9.0562629958,"BTTTUSD":50.2245951551,"THETABTC":33.9895329458,"ZRXUSDT":6.9028627656,"XLMBNB":4.5086360013,"XRPETH":14.4911050863,"LINKUSDT":-9.4233869134,"WAVESETH":11.4432970047,"MATICUSDT":-5.4398615706,"FUELETH":-3.8222685393,"TUSDUSDT":0.1205001113,"EOSPAX":29.9007715792,"NANOBTC":3.6372546198,"BTCUSDT":10.136973483,"ELFETH":8.744120955,"XRPTUSD":13.3425898298,"XRPPAX":13.1330922335,"RDNBTC":3.8519856564,"ADAUSDC":11.7968673683,"AEBTC":1.5331366387,"NANOUSDT":3.7494719136,"BATBTC":0.5442898308,"BCDBTC":11.8631349068,"ONGUSDT":9.6848626851,"ICXUSDT":2.0595134,"ICXBTC":2.5223608018,"INSBTC":15.6966682491,"TRXETH":22.4809933747,"BATBNB":-0.4289918821,"ENGBTC":-1.9446426533,"BNBBTC":5.1709073439,"ETHPAX":7.0740948742,"OMGUSDT":11.1876858964,"ZECUSDT":15.1708104432,"LTCBTC":28.4137062602,"USDCUSDT":0.0615779036,"ETHUSDT":6.7699086831,"BNBTUSD":3.1147099794,"ZILBNB":-6.6590584918,"EOSUSDC":27.3984883198,"LINKTUSD":-8.5335621324,"LTCUSDC":28.1551781454,"IOSTUSDT":10.9865371666,"THETAETH":33.5011132513,"DLTBTC":-10.9367562059,"BCPTBNB":32.1835332032},"startDate":"2019-05-23","endDate":"2019-05-30","numDays":7,"excludedPairs":["GOBNB","YOYOETH","POAETH","NASETH","POEBTC","ZILBTC","STORJETH","QLCBNB","XVGBTC","DCRBNB","ADABTC","SALTETH","ETCUSDC","YOYOBTC","ZRXETH","APPCETH","ICXBNB","BQXETH","CHATETH","BCHSVTUSD","GNTBTC","TFUELUSDC","TFUELPAX","XLMBTC","POABNB","WINGSETH","WABIETH","BRDBNB","POEETH","BNTETH","VENBTC","ONTBNB","VETBTC","TFUELTUSD","PHXETH","MATICBTC","SNMETH","NEOTUSD","PHBPAX","SCBTC","BCHSVUSDC","NULSBNB","LSKBNB","RPXBTC","GVTETH","CHATBTC","XMRETH","BCHSVPAX","MFTETH","WPRETH","BTGETH","MTHETH","REPBNB","SNTBTC","GTOETH","TUSDBNB","TNBBTC","GNTETH","MFTBTC","ARNETH","LUNETH","BCCBTC","BATPAX","BCDETH","NPXSBTC","MCOETH","AMBETH","AGIBTC","AGIETH","FUELBTC","USDSPAX","ZECUSDC","SUBBTC","PAXBTC","DOCKBTC","RCNETH","DLTBNB","LINKPAX","DLTETH","CNDETH","ETCBNB","ZENBTC","IOTXETH","WABIBNB","MTLETH","PPTETH","WAVESPAX","BCNETH","NXSETH","SKYETH","ADAPAX","BNBUSDS","OMGBNB","NPXSETH","USDCBNB","QSPBTC","ENGETH","REPETH","DNTETH","ZECETH","PIVXBNB","BTSETH","PHBUSDC","TFUELBNB","TRIGETH","AIONETH","POABTC","XZCETH","ETCPAX","BNTBTC","EDOETH","GTOBNB","DATAETH","XEMBTC","POWRETH","TNBETH","QLCETH","STORMETH","TRXBTC","PHBTUSD","BLZBNB","POWRBNB","ICXETH","ETCTUSD","ARDRETH","SNGLSETH","WTCETH","LRCETH","DGDETH","BATUSDC","TFUELBTC","ARDRBTC","RCNBNB","VENETH","CDTETH","MODBTC","APPCBNB","BCCETH","CELRBTC","OAXETH","ADXETH","AIONBNB","SNTETH","ETCETH","CVCBTC","STORMBTC","SYSBTC","ATOMPAX","ZECBNB","RDNETH","ZENETH","VENBNB","HCBTC","SKYBNB","WAVESUSDC","PAXBNB","CDTBTC","XLMPAX","KEYBTC","TUSDBTC","IOSTETH","BCCBNB","LRCBTC","RPXETH","VIAETH","MODETH","CNDBTC","STORMBNB","LENDBTC","QSPBNB","ZRXBNB","BCCUSDT","NXSBNB","SYSETH","HOTBTC","XEMBNB","ARKETH","NULSETH","CLOAKBTC","XZCBNB","CLOAKETH","RLCETH","DATABTC","XZCXRP","IOSTBNB","SYSBNB","USDSUSDC","RENBTC","OSTETH","INSETH","KMDETH","FUNBTC","HSRETH","DNTBTC","BTSBTC","USDSTUSD","STEEMETH","USDCBTC","REQBTC","DOCKETH","ZENBNB","DASHETH","MDAETH","STRATETH","CMTETH","NXSBTC","XVGETH","USDSUSDT","ICNBTC","OSTBTC","LOOMETH","VIBEETH","SCBNB","HCETH","SNMBTC","CNDBNB","AMBBNB","WINGSBTC","TUSDETH","PIVXETH","MCOBNB","PHBBNB","IOSTBTC","XLMUSDC","PHBBTC","NEBLBNB","NCASHBTC","RDNBNB","RPXBNB","SCETH","QSPETH","RENBNB","VENUSDT","NAVBNB","BTSBNB","ONGBNB","LSKETH","BTTPAX","HSRBTC","GNTBNB","POLYBNB","NEBLETH","STEEMBNB","PHXBNB","BLZETH","NCASHBNB","ENJBNB","NANOBNB","NASBNB","LOOMBNB","RCNBTC","NEOUSDC","NAVETH","NCASHETH","VIBBTC","XLMTUSD","AEETH","CVCETH","BTTBTC","LENDETH","OMGETH","XMRBNB","OSTBNB","GTOBTC","REQETH","MITHBTC","XEMETH","BCHSVUSDT","LOOMBTC","MITHBNB","KNCETH","ICNETH","FUNETH","GRSETH","ARDRBNB","BRDETH","MTHBTC","VIABNB","KEYETH","MANABTC","TRXPAX","BCNBNB","QKCBTC","ADXBNB","PAXETH","ATOMTUSD","WPRBTC","MANAETH","QTUMBNB","AGIBNB","GOBTC","RLCBNB","DENTBTC","NANOETH","CVCBNB","TRIGBTC","GXSBTC","ZECTUSD","TFUELUSDT","QTUMETH","VIBETH","MFTBNB","GXSETH","CMTBTC","BATTUSD","AEBNB","ONTETH","ATOMUSDC","DASHBNB","CMTBNB","RVNBTC","WANBNB","WTCBNB","NEOPAX","SALTBTC","ZECPAX","IOTXBTC","PHXBTC","QLCBTC","BCNBTC","BCHSVBTC","SUBETH","SNGLSBTC","EVXETH","WANETH","TRIGBNB","YOYOBNB"]}