{"data":{"NANOBTC":72.1110050786,"HOTUSDT":-39.1522905954,"VIABTC":26.2877214505,"NEOUSDT":-26.5670952145,"XLMETH":9.0272043238,"IOTAETH":32.2218570377,"MTLBTC":-2.9401227742,"BNBUSDT":-33.2191474447,"EVXETH":-43.9342979183,"CELRUSDT":-25.2244605245,"XMRBTC":16.4651638664,"LTCPAX":-0.0878814325,"BTCUSDS":-74.6278106966,"MATICUSDT":-17.7135319459,"FTMBNB":0.5639205483,"WANETH":12.2403477536,"LTCTUSD":9.7439458445,"ENJUSDT":21.0372667553,"WTCBTC":-50.7479688141,"QTUMUSDT":60.9397508599,"IOTAUSDT":-29.63151861,"MDABTC":-13.0371603886,"IOSTETH":97.1243713221,"TRXPAX":-81.4713920701,"LINKPAX":-11.9096924101,"ZILUSDT":117.4552177904,"BCHABCUSDT":-18.7235388687,"LTCBNB":19.0411193032,"ENGBTC":42.5226518899,"LINKTUSD":-20.371171822,"KMDBTC":-41.9360982274,"TUSDUSDT":-18.7818371697,"EOSBNB":-80.3804304126,"ZECETH":-7.0201505579,"ICXBTC":30.2355980848,"VETUSDT":-23.1684486738,"LINKETH":-6.372672071,"FETUSDT":14.0884949678,"OMGETH":-55.6892850121,"ADAUSDT":-20.6186682339,"SKYBNB":17.8869708927,"QTUMBTC":123.3318189503,"NANOUSDT":44.5601173328,"XMRUSDT":25.282562138,"ZECBTC":-38.8263025976,"BTCPAX":5.8781892243,"NULSBTC":-19.30309668,"BCDBTC":-24.3357529979,"DCRBTC":-22.9234222993,"EVXBTC":82.0433100019,"USDCTUSD":-7.1597637369,"IOTABTC":-39.9352717937,"RVNBNB":-2.3418119543,"ALGOBNB":35.8345233197,"IOTABNB":-24.9621621911,"EOSTUSD":-91.9652288708,"KNCBTC":124.2978500581,"BATETH":41.3832038714,"MDAETH":37.6383280177,"RENBNB":-75.5444786638,"DASHUSDT":30.7818322364,"ETCBTC":14.4131516039,"BATBNB":79.5373249374,"DASHETH":11.7958400451,"ETCUSDT":-30.2215359936,"MATICBNB":-11.3375379272,"XLMUSDT":11.5810971709,"FETBTC":24.3176819142,"NEOETH":8.3759840217,"NEOBNB":-51.140864104,"NXSBTC":13.313031193,"ZRXBTC":5.557348211,"EOSUSDT":-72.4746357695,"AIONBTC":190.8787959608,"XRPUSDC":-70.0176450295,"THETAETH":141.7017468847,"XRPPAX":7.6880957587,"ALGOBTC":-38.8938913126,"LTCUSDT":-4.5822348138,"WABIBTC":-75.5206172978,"ALGOUSDT":-31.4588341055,"ANKRUSDT":-75.0417163878,"ARNBTC":-56.4004383614,"ONEUSDT":-24.6830275225,"XLMBNB":18.4012871442,"ADABNB":-48.7111201684,"ADAUSDC":-67.6264577891,"ONGUSDT":-30.4180884664,"ETHUSDC":-28.1156580705,"GVTBTC":-17.4278859247,"TRXXRP":-86.098375527,"DOGEUSDT":5.1568222508,"KNCETH":66.4695507667,"WAVESUSDT":-17.3215335043,"REPBTC":82.4554825577,"BNBUSDC":-49.4335996543,"BNBPAX":-34.3452693459,"MCOBTC":-83.534464984,"EOSETH":-53.1846873016,"XZCBTC":-53.167530784,"BCHABCPAX":-3.1391608347,"NEBLBTC":-2.895098819,"BATUSDT":-9.0514225919,"LTCETH":30.4898294669,"TFUELUSDT":30.6735349574,"ICXETH":-16.3410038449,"ETHTUSD":-23.2570839788,"ADAETH":40.6100904449,"LINKUSDT":-19.6419079198,"BNBETH":-35.5047387698,"TRXETH":-74.4548076372,"NANOETH":67.1030742803,"PAXUSDT":8.9680218338,"STRATBTC":59.4258289955,"LTCBTC":35.1479940001,"ATOMUSDT":-24.7052557363,"ERDBNB":-48.7115414415,"BCHABCTUSD":-3.3776800858,"AEBTC":-0.4724304537,"DGDBTC":-52.6573808904,"ZENBTC":-31.0682561385,"DASHBTC":7.1016152473,"PPTBTC":-2.6672290922,"BTTUSDT":-48.1900670055,"FETBNB":470.2905162285,"XRPUSDT":-23.5984400059,"SKYBTC":-76.5383496699,"LRCETH":-41.5913036742,"BTGBTC":-63.7182157974,"MCOETH":-81.2689799253,"GXSBTC":1958.1417640699,"XRPTUSD":18.8764437091,"ERDUSDT":-60.5071761204,"BNBBTC":-54.031716467,"PAXTUSD":189.6425663934,"RDNBTC":-24.5608008857,"TRXUSDC":-68.3605026103,"ATOMBTC":-28.8026222094,"BATBTC":5.9327221111,"BNBTUSD":-66.9846629287,"EDOBTC":88.5445305867,"ICXUSDT":-4.1310184413,"ENJETH":95.0985235443,"BTCTUSD":-4.5866823009,"BRDBNB":224.5783934886,"NEOBTC":-32.7740020761,"AIONETH":178.3953421566,"LTCUSDC":-29.4255656883,"XRPETH":26.5169537764,"RENBTC":-75.4740996278,"HCBTC":-44.0488664645,"ETHPAX":-24.8973747413,"OAXBTC":78.0463292892,"WANBTC":8.5360452745,"TRXUSDT":-77.4779376545,"GASBTC":4.5279180977,"VETBNB":-29.1826745763,"ANKRBNB":-96.6982069651,"BTTUSDC":-94.0311766153,"IOSTUSDT":22.5778788494,"GRSETH":55.9782990827,"EOSBTC":-67.8233022109,"PIVXBTC":24.2693676197,"MITHUSDT":-72.8636821036,"ETHUSDT":-29.4613699365,"NULSUSDT":-4.0489797885,"XMRETH":-17.4080452144,"ZRXUSDT":-21.2559037736,"OMGUSDT":-73.8893588135,"ONTBTC":-58.384202173,"USDCUSDT":-6.2286040224,"OMGBTC":-72.2702768772,"LSKBTC":-68.3485305786,"GRSBTC":94.8892198196,"BCHABCBTC":42.1015186506,"ZILETH":316.3060922278,"VETETH":-53.2607065167,"BCHABCUSDC":-5.8062356019,"WAVESETH":-57.322895478,"ETHBTC":-17.2873517167,"LINKUSDC":-0.3478097687,"WAVESBTC":-36.6004851568,"ONEBNB":-47.5572391887,"ARKBTC":-83.7864701828,"THETAUSDT":171.62098897,"WTCETH":-42.5068530705,"BTCUSDT":-13.2451885561,"DUSKUSDT":-74.8766238503,"NASBTC":-14.5695043793,"DUSKBNB":-68.167659106,"BRDBTC":201.4324438014,"DUSKBTC":-76.9452023978,"XRPBNB":-35.7229475932,"FTMUSDT":-12.8647373779,"EOSUSDC":-58.5766175726,"ADATUSD":-20.3723981209,"ZECUSDT":6.3648516688,"RLCBTC":76.8916060979,"EOSPAX":-89.2685796673,"USDCPAX":-2.1055923375,"TRXBNB":-59.7630299985,"BTCUSDC":-2.6816104385,"ONTUSDT":-30.4466339321,"NANOBNB":-4.164209934,"LINKBTC":-32.639546878,"LUNBTC":-61.2002651694},"startDate":"2019-07-25","endDate":"2019-08-01","numDays":7,