{"data":{"BCPTBTC":-5.1934282459,"LSKBTC":15.2280948669,"RLCBTC":13.7390849404,"USDCUSDT":-1.364473119,"BATETH":9.6184927773,"NULSUSDT":4.0970569825,"ONTUSDT":31.1122265353,"BCHABCPAX":34.0401226503,"ASTBTC":-16.3114100142,"ETCUSDT":12.4863397388,"XRPBTC":34.863859238,"BNBPAX":14.2190947143,"WTCBTC":11.6164417767,"ADAPAX":23.8419420718,"ENJBNB":6.7534471461,"QTUMBTC":13.4573371048,"NULSBTC":6.3831831365,"BNBBTC":14.2643647378,"LINKETH":46.2268630076,"GVTBTC":-7.8090568511,"LUNBTC":0.4717899702,"ENJBTC":3.0416250435,"TRXETH":10.0985076682,"PAXTUSD":0.0625240138,"TUSDUSDT":-1.4433628532,"ADAETH":25.1361631146,"XRPPAX":33.3699331112,"DLTBTC":9.8161662864,"SKYBTC":-2.7162700556,"EOSBNB":25.4213540195,"BCHABCBTC":35.9468674329,"ELFBTC":8.8152620808,"VETBNB":15.0508136448,"LTCUSDT":20.3318883054,"LOOMBTC":-1.7675494635,"XEMBTC":25.5240824822,"SYSBTC":-10.235883957,"BTCUSDC":36.499710384,"ENJUSDT":2.3251115905,"QKCBTC":-8.191819158,"MDABTC":-4.7703173668,"LTCTUSD":21.7978599469,"XRPBNB":38.9559811619,"ZENBTC":26.8451626848,"ATOMBTC":-15.6074903792,"BRDBTC":30.273709124,"XRPTUSD":34.4835263948,"ETHUSDT":21.2254889751,"OMGUSDT":14.8617008187,"MCOBTC":-5.1434684027,"FETUSDT":10.5339107893,"TRXXRP":10.3977866678,"BTCUSDT":35.1499994303,"ETHTUSD":22.5778038108,"IOTABTC":34.909422496,"ONTBNB":39.8230228727,"EVXBTC":-8.3383498524,"MTLBTC":-11.2556527727,"FETBTC":14.8889823364,"DGDBTC":18.9895528656,"KNCBTC":25.0239087858,"OMGBTC":14.5307555765,"ADXBTC":-2.6708101811,"XMRBTC":24.0229727776,"ADABNB":29.1724382657,"ADABTC":24.6623371258,"XMRUSDT":21.7970459676,"OAXBTC":-4.3893041988,"NEOBTC":18.5405762217,"GNTBTC":5.6417710293,"ZRXBTC":14.8254656298,"BTTBNB":33.2953652919,"MATICBNB":173.8164373928,"POWRBTC":0.223428657,"EOSUSDT":21.2009507359,"ZRXUSDT":14.2713016189,"ONGUSDT":-3.6143287368,"NEOUSDT":17.4979535149,"TRXUSDC":11.6009373173,"ETHBTC":22.4675026741,"AIONBTC":15.1212868438,"DASHBTC":17.5000502513,"IOTAETH":36.4352733333,"ENJETH":3.8595165149,"XLMETH":20.3031901464,"BLZBTC":2.0852379478,"ZECBTC":13.7522336831,"NEBLBTC":-5.1385398569,"BNBUSDC":16.4613681409,"STEEMBTC":5.9906282225,"EOSBTC":22.4814015502,"ENGBTC":1.2123647596,"ADAUSDC":25.0531789984,"WAVESUSDT":4.7248870914,"GASBTC":11.4678385783,"BTCPAX":35.037134919,"TRXUSDT":9.6832495346,"WAVESETH":6.47337367,"REPBTC":5.4297683507,"BTGBTC":21.7390242121,"NXSBTC":-1.876640724,"GRSBTC":3.2624578885,"VIABTC":16.0098873933,"MANABTC":1.353078369,"VIBEBTC":-8.3210900406,"DASHUSDT":16.8422470487,"FUELETH":-3.1439774474,"IOTABNB":39.8441583855,"ETHUSDC":23.2785147782,"BATBTC":9.4707835095,"MITHUSDT":7.610104778,"NANOBNB":15.0118451197,"NEOBNB":22.8372311335,"BCHABCUSDC":35.362609869,"HOTUSDT":2.2401656647,"IOSTETH":18.7389361918,"USDSUSDT":-1.5462584218,"BATBNB":14.1313959726,"BQXBTC":-0.7890057397,"INSBTC":-6.9165607862,"NANOBTC":9.9071219075,"LRCBTC":-1.0063387409,"NASBTC":17.5288876457,"BCHABCTUSD":37.7068442935,"NEOETH":19.5939250286,"AEBTC":4.0500369655,"ADAUSDT":23.0995884291,"XRPUSDC":34.6530801701,"ONGBTC":-2.6341978123,"ARNBTC":-7.6560601267,"STRATBTC":3.8485832761,"ADATUSD":26.8948719686,"LTCUSDC":22.3053070123,"LTCPAX":20.4242320382,"TRXBNB":14.3044305078,"ICXUSDT":7.8272726444,"XRPETH":35.1405040365,"MATICUSDT":156.1129451429,"NANOUSDT":8.3554066174,"POABTC":-4.5075555507,"BTCUSDS":35.032420111,"ARKBTC":25.7359272517,"TRXTUSD":10.6965453237,"ETCBTC":13.3276244477,"VETETH":12.3143333638,"AMBBTC":-6.1700555415,"LTCETH":22.2136421517,"KMDBTC":5.3580470952,"EOSETH":23.13896039,"EOSTUSD":22.7515044132,"ATOMBNB":-12.3170099619,"BATUSDT":8.2481512243,"ATOMUSDT":-16.3895381328,"ZECUSDT":12.0959895463,"BNBUSDT":12.783783712,"VETUSDT":9.6660127937,"WAVESBTC":4.3652357231,"BTTUSDT":27.2456795594,"XLMUSDT":18.7206459959,"GTOBTC":-4.9103141145,"RVNBTC":7.9097327301,"XLMUSDC":20.4284359089,"ETHPAX":20.4466959836,"NEOTUSD":17.9815098315,"POLYBTC":9.4554594074,"PPTBTC":2.248742427,"ICXBTC":9.5261215362,"BCDBTC":7.8437092755,"DGDETH":20.6217745167,"XLMBTC":20.0621288728,"USDCTUSD":0.1140880821,"LTCBTC":21.956043646,"EOSUSDC":23.5487380831,"STORJBTC":-1.3664324818,"ONTBTC":33.8189393729,"IOTAUSDT":33.763596905,"ZILUSDT":7.5787360486,"CELRBNB":34.737877522,"LTCBNB":24.4715535187,"PAXUSDT":-1.4001998388,"QTUMUSDT":11.7495994926,"BNBTUSD":15.9509298252,"RCNBTC":27.5543410142,"CELRUSDT":26.4209762335,"HCBTC":7.3825805059,"APPCBTC":-2.8429126441,"BCHABCUSDT":34.777542299,"EOSPAX":20.3024092571,"THETABTC":21.1181640722,"BTCTUSD":36.942504221,"WABIBTC":-6.7597313371,"LINKUSDT":40.4711678623,"EVXETH":-5.6450256315,"RVNBNB":12.2325739938,"LINKBTC":42.9113160634,"CMTBTC":1.4491518406,"XRPUSDT":32.9890483762,"USDSPAX":-1.5259527995,"CVCBTC":1.3872446904,"MITHBTC":9.3776180927,"USDCPAX":-1.3307184161,"NANOETH":10.8229383381,"BNBETH":13.2642757584,"ZILETH":9.9100005133,"IOSTUSDT":15.594663924,"XLMBNB":24.5660899417,"WANBTC":7.0398569089,"RDNBTC":1.24168782,"THETAUSDT":18.0658853661},"startDate":"2019-05-08","endDate":"2019-05-15","numDays":7,"excludedPairs":["TNTETH","DCRBTC","BCHSVTUSD","TRIGBTC","USDCBNB","MTHETH","ZENBNB","OSTETH","GNTBNB","STORMBNB","VENETH","PPTETH","SALTETH","OMGBNB","DOCKBTC","GOBTC","AEBNB","IOTXBTC","RCNETH","BCCETH","HOTETH","BNBUSDS","ZECUSDC","YOYOBNB","PHXBNB","POWRBNB","QLCBNB","ICNBTC","LSKBNB","SNGLSETH","POWRETH","SYSETH","VIBEETH","CLOAKETH","CNDETH","DLTETH","TNBETH","KEYBTC","NCASHBNB","WAVESPAX","XVGBTC","SALTBTC","MDAETH","AIONBNB","WINGSETH","LINKPAX","KNCETH","BATPAX","HSRETH","ZECBNB","RLCETH","ZENETH","VIAETH","WAVESBNB","ICXBNB","DATAETH","ARKETH","CNDBTC","ZECETH","LSKETH","XEMETH","GTOBNB","PAXBNB","BCCUSDT","MATICBTC","ETCBNB","BTTPAX","NEOPAX","QTUMETH","ZRXBNB","NXSETH","TRIGBNB","GXSETH","BLZBNB","STEEMBNB","BQXETH","SKYETH","USDSUSDC","WINGSBTC","VIABNB","AGIBTC","XLMPAX","OAXETH","BTSBTC","CHATETH","BCPTETH","APPCBNB","BCCBTC","TUSDETH","SKYBNB","DASHBNB","RCNBNB","OSTBNB","PHXBTC","MCOETH","XLMTUSD","MTLETH","TNBBTC","LINKUSDC","XMRBNB","ICNETH","SNMETH","QLCETH","APPCETH","HCETH","KEYETH","USDSTUSD","WPRETH","QKCETH","XEMBNB","PAXBTC","STRATETH","PIVXBTC","RDNBNB","ETCUSDC","GNTETH","BTTUSDC","VIBETH","NEBLETH","FUNBTC","BCPTBNB","THETABNB","ZILBTC","REPBNB","EDOBTC","AGIBNB","DENTETH","POEETH","ATOMPAX","IOSTBNB","ARDRBTC","BLZETH","FUNETH","XZCBNB","NAVBTC","ETCPAX","VIBBTC","RENBNB","ZRXETH","SUBBTC","WABIBNB","LUNETH","SCBNB","ETCETH","CLOAKBTC","BRDETH","ADXETH","ARDRETH","MANAETH","REPETH","MODBTC","AGIETH","STORMBTC","YOYOETH","CDTETH","QSPETH","ADXBNB","VENBTC","NEBLBNB","RPXBTC","BTTBTC","NPXSBTC","LENDETH","NULSBNB","ATOMTUSD","PHXETH","PIVXBNB","LRCETH","POLYBNB","ZILBNB","VENUSDT","DENTBTC","CDTBTC","NASETH","XMRETH","GRSETH","NAVBNB","LINKTUSD","BCNBNB","RLCBNB","CELRBTC","MTHBTC","STORJETH","BCHSVUSDT","HOTBTC","CMTBNB","BCHSVBTC","TRIGETH","WANETH","ZECTUSD","DATABTC","NPXSETH","USDCBTC","DASHETH","MITHBNB","TRXBTC","ARDRBNB","ATOMUSDC","BATUSDC","CHATBTC","INSETH","NAVETH","ENGETH","FUELBTC","EDOETH","NCASHBTC","WAVESUSDC","SNTBTC","XVGETH","RENBTC","ZECPAX","BNTBTC","TRXPAX","SNGLSBTC","WABIETH","STORMETH","POEBTC","MCOBNB","MFTBTC","SCETH","DCRBNB","AIONETH","THETAETH","MFTBNB","BTSBNB","BATTUSD","AEETH","ARNETH","REQBTC","ICXETH","LENDBTC","ONTETH","ETCTUSD","ASTETH","GOBNB","YOYOBTC","DNTETH","STEEMETH","WPRBTC","CVCBNB","POABNB","QLCBTC","XZCETH","OSTBTC","GXSBTC","BCHSVPAX","ONGBNB","SNMBTC","BRDBNB","IOTXETH","KMDETH","QSPBNB","GVTETH","XZCXRP","BNTETH","DNTBTC","GTOETH","IOSTBTC","NULSETH","NXSBNB","XZCBTC","HOTBNB","BCCBNB","FETBNB","PIVXETH","RPXETH","WTCETH","RPXBNB","AMBETH","WTCBNB","QSPBTC","SYSBNB","VETBTC","BTTTUSD","ELFETH","BCNETH","MFTETH","CVCETH","TUSDBNB","POAETH","WAVESTUSD","CMTETH","NASBNB","SNTETH","TUSDBTC","CNDBNB","PAXETH","DOCKETH","BTGETH","VENBNB","QTUMBNB","NEOUSDC","WANBNB","BCNBTC","HSRBTC","BTSETH","TNTBTC","LOOMETH","REQETH","DLTBNB","RDNETH","NCASHETH","BCDETH","AMBBNB","SUBETH","OMGETH","MODETH","LOOMBNB","BCHSVUSDC","SCBTC"]}