{"data":{"OAXBTC":-23.8022067404,"GRSBTC":5.2146526833,"LTCBNB":19.0512689493,"BNBUSDT":15.4999975299,"NEBLBTC":9.7427368723,"ZENBTC":14.2678054537,"RVNBTC":21.978238248,"NEOETH":26.6492590897,"TRXETH":20.9568466538,"XRPUSDC":12.3013480769,"QTUMBTC":29.7176513894,"POLYBTC":4.7994541735,"HCBTC":15.4332106121,"XMRBTC":28.4668814011,"EVXBTC":5.60709008,"POWRBTC":18.3386657804,"WABIBTC":52.1363309414,"QTUMUSDT":26.6704258968,"MTLETH":85.962629632,"ARNBTC":19.6944989914,"DASHBTC":36.9980989043,"LINKBTC":25.9446300787,"RVNBNB":23.106259823,"TRXTUSD":16.5790761477,"BATETH":45.1213098603,"BTTBNB":7.9207193693,"XLMBTC":16.6901685222,"NASBTC":30.3765262264,"BCHABCBTC":29.155900604,"XRPETH":13.3464042092,"TRXBNB":19.9553240451,"ZECBTC":23.523157121,"KMDBTC":21.6874994235,"ADATUSD":30.0284011387,"VIBETH":30.3797552364,"REPBTC":25.7819884875,"ARDRBTC":15.8779090902,"XMRUSDT":24.8805980212,"MANABTC":17.8700381438,"FETBTC":10.4112874622,"WABIBNB":51.4434825416,"CVCBTC":20.3517064206,"CELRUSDT":-5.9792984395,"ARKBTC":17.3018930015,"NEOUSDT":23.3532002069,"ZRXUSDT":21.6210011021,"BCPTBTC":26.8139664418,"LRCBTC":19.3717477644,"EOSUSDC":26.23914297,"NXSBTC":6.0202654303,"ETHBTC":14.8435462956,"RLCBTC":16.7840443551,"AMBBTC":24.5566614257,"EOSBNB":29.0275107768,"APPCBTC":17.8881719959,"LSKBTC":23.6989959522,"USDCPAX":-1.5076993959,"PIVXBTC":22.8966655282,"NAVBTC":21.3901805065,"BNTBTC":13.7305207496,"GXSBTC":17.7651022404,"EOSUSDT":25.9499007358,"LTCPAX":13.926608779,"ICXUSDT":19.8534083622,"SYSBTC":9.5394275434,"GVTBTC":13.8006102527,"VETUSDT":25.1236817226,"IOTAUSDT":15.5846346716,"USDSTUSD":-0.2264931787,"ETHPAX":13.1343393187,"NEOBNB":25.5810449481,"XRPUSDT":11.1142651463,"PAXUSDT":-1.5076334505,"ONTUSDT":19.8181369475,"INSBTC":19.7164850652,"WAVESBTC":14.4110026076,"SKYBTC":17.5423286349,"BTGBTC":16.3674554445,"XZCBTC":7.9336666046,"BQXBTC":40.3701726796,"EVXETH":7.8176238792,"EOSETH":28.887542456,"ICXBTC":21.6756124767,"STORJBTC":24.206645688,"ONGBTC":7.7512143354,"VETETH":28.5772083833,"XLMETH":17.5372830616,"BATBNB":44.7196198949,"WAVESUSDT":10.6545830151,"MCOBTC":15.9342795494,"VETBNB":27.6307080659,"USDCUSDT":-1.2143579769,"ENJETH":-5.1023039101,"FETBNB":11.1223591926,"BRDBTC":20.1339029582,"AEBTC":26.7892647357,"LOOMBTC":18.6366295559,"BCHABCUSDT":27.8100078107,"XLMUSDT":15.470333664,"IOSTETH":58.1333886717,"FETUSDT":8.2739344108,"BATBTC":44.7034971934,"ASTBTC":15.9679454811,"BNBUSDC":18.3060742079,"ENGETH":30.8422629742,"EOSTUSD":27.1079345655,"CELRBNB":1.7944978357,"ONTETH":23.8179087692,"BTCUSDT":18.1072051013,"BLZBTC":25.0624536088,"MDABTC":14.8452189897,"ADABNB":30.9476991525,"ETHUSDC":16.1461818206,"ZILUSDT":17.2276569254,"DLTBTC":17.6220485037,"PPTBTC":18.5204070784,"NEOBTC":25.5862217868,"SNMBTC":22.2852368971,"ADAUSDT":29.3926326312,"BNBTUSD":17.8420967161,"LTCETH":18.8252544025,"STRATBTC":17.4380922614,"ADAETH":31.7809971711,"ETHTUSD":14.8480955922,"OMGBTC":22.580945151,"MTLBTC":86.2709279713,"LINKUSDT":22.481243632,"RCNBTC":40.1583652589,"THETABTC":6.6165803086,"EDOBTC":3.6069656219,"LTCUSDT":17.855393257,"LUNBTC":14.6315098468,"QKCETH":40.1100912124,"ETCBTC":10.840060737,"KNCBTC":12.8630014885,"ETCUSDT":9.5281762394,"VIABTC":21.5567608879,"DCRBTC":17.1502106179,"HOTUSDT":12.3002738311,"IOTABTC":16.4509094932,"LTCTUSD":20.4286921312,"ADXBTC":-8.0260295138,"NULSUSDT":52.2015649202,"LINKETH":27.0562015514,"XRPBTC":12.316114572,"AIONBTC":38.7080424552,"BCDBTC":21.2060231105,"BNBETH":18.9405368535,"WTCBTC":74.4970012188,"DGDBTC":14.8312885116,"RDNBTC":5.9318360566,"GASBTC":16.8222831951,"ONGUSDT":6.4431084297,"STEEMBTC":9.3566351481,"MANAETH":18.6252959557,"TRXXRP":19.8342204187,"GNTBTC":19.1579839265,"FUELETH":20.653795604,"ENJBNB":-5.6951178331,"LTCBTC":18.3343062971,"NULSBTC":57.1186493698,"ENGBTC":28.2422613579,"AGIBTC":7.1947183012,"BTCTUSD":18.9172759572,"TRXUSDT":16.3658548963,"OAXETH":-18.8729632769,"CELRBTC":-0.113834651,"BCHSVBTC":14.157407252,"OMGETH":23.8156953577,"ZRXBTC":24.223139404,"VIBBTC":29.419241795,"BATUSDT":42.4474922249,"XLMBNB":17.4049922879,"ELFBTC":13.5133228099,"ETCETH":12.6950979275,"BTCUSDS":20.2499807294,"BNBBTC":17.7048555514,"ETHUSDT":13.8936064434,"XRPBNB":12.7721958859,"EOSBTC":27.3094614362,"BNBPAX":15.469152045,"QKCBTC":37.6900922431,"ZILETH":20.5065037646,"ENJBTC":-5.9074458885,"ONTBTC":21.8445452369,"NANOBTC":45.0792963082,"QLCBTC":6.6767316765,"IOSTUSDT":50.4442300176,"WANBTC":21.7486363755,"TUSDUSDT":-1.0406659809,"WABIETH":54.9155528911,"BCHSVUSDT":12.5764998411,"DASHETH":38.2891218266,"ZECUSDT":22.1469366595,"BTCPAX":17.4195262702,"BTTUSDT":5.2053217689,"XRPTUSD":12.4152384959,"ADABTC":30.0533877141,"ICXETH":22.7666089984,"BTCUSDC":19.683423346,"XRPPAX":8.4451211227},"startDate":"2019-03-27","endDate":"2019-04-03","numDays":7,"excludedPairs":["ARKETH","EOSPAX","REQBTC","ZECETH","NANOBNB","MODBTC","XVGBTC","BCHSVPAX","QLCETH","MTHETH","LRCETH","DENTETH","NEOUSDC","VENBTC","PHXBNB","BTSBTC","BCCUSDT","NXSETH","RPXBNB","SYSETH","MODETH","USDSUSDT","KMDETH","RLCETH","BCNETH","POLYBNB","SNGLSBTC","LOOMBNB","NAVBNB","YOYOBNB","BCCBNB","ELFETH","HOTBTC","RDNBNB","MCOBNB","CDTETH","XMRETH","TRXBTC","CVCETH","NULSETH","MFTETH","KEYETH","BTSBNB","GOBNB","XZCXRP","VIBEBTC","NEOPAX","ONTBNB","QTUMETH","ZECTUSD","LSKETH","IOSTBTC","SCETH","HOTETH","REQETH","FUNETH","BNBUSDS","TRIGETH","LUNETH","ADAUSDC","NCASHBTC","BCPTETH","SUBBTC","WANBNB","REPETH","LENDBTC","NCASHETH","XMRBNB","NEOTUSD","WTCETH","MTHBTC","ZRXETH","APPCBNB","MITHBTC","DATABTC","QSPBNB","RPXBTC","SALTBTC","CVCBNB","KNCETH","QSPETH","CLOAKBTC","WPRBTC","FUNBTC","DGDETH","STEEMETH","POAETH","BTTPAX","ZENETH","BTGETH","BCNBTC","MITHBNB","IOSTBNB","AIONETH","GNTETH","BCHABCTUSD","ZRXBNB","ARNETH","SCBNB","WAVESUSDC","PAXETH","CMTETH","BTSETH","THETABNB","THETAETH","IOTXBTC","SNTETH","CLOAKETH","DOCKETH","IOTXETH","NEBLBNB","RCNBNB","ASTETH","WANETH","TRXUSDC","GVTETH","RDNETH","TNBETH","XLMPAX","TNTBTC","NPXSETH","CNDBNB","ETCBNB","NAVETH","DNTBTC","CHATBTC","POEBTC","BQXETH","BLZBNB","LINKTUSD","AMBBNB","VENBNB","DENTBTC","WINGSBTC","ADAPAX","NXSBNB","IOTABNB","DLTETH","DASHUSDT","POABNB","POABTC","ZECBNB","RENBNB","NASETH","BLZETH","WAVESBNB","ICXBNB","GTOETH","HSRBTC","OSTBTC","IOTAETH","NULSBNB","AEETH","DNTETH","USDCBNB","XEMBNB","SNTBTC","ZECPAX","HCETH","VENETH","DOCKBTC","SKYETH","TRIGBTC","NPXSBTC","ADXETH","PPTETH","BCHSVTUSD","CMTBTC","SNGLSETH","TRXPAX","SALTETH","FUELBTC","POWRBNB","XLMTUSD","PHXETH","PAXTUSD","NEBLETH","TRIGBNB","STEEMBNB","BNTETH","USDSPAX","TUSDBNB","TUSDBTC","MDAETH","ARDRETH","GTOBTC","MFTBNB","SCBTC","NCASHBNB","LOOMETH","AEBNB","ZECUSDC","ZILBNB","ICNBTC","RLCBNB","BTTTUSD","GRSETH","SKYBNB","BCNBNB","TNTETH","AGIBNB","QTUMBNB","OSTETH","CMTBNB","REPBNB","MFTBTC","BCHSVUSDC","LINKUSDC","ARDRBNB","AGIETH","KEYBTC","ZENBNB","PAXBNB","BTTBTC","VIBEETH","ADXBNB","DCRBNB","STORJETH","ONGBNB","BRDETH","GOBTC","PHXBTC","PAXBTC","BCHABCPAX","BCCETH","GTOBNB","EDOETH","XEMBTC","DASHBNB","RENBTC","GNTBNB","RCNETH","VETBTC","AIONBNB","STRATETH","TUSDETH","USDCTUSD","QLCBNB","ZILBTC","SUBETH","XZCETH","STORMBTC","LINKPAX","YOYOBTC","VIAETH","LSKBNB","PIVXBNB","LTCUSDC","HSRETH","BCDETH","SYSBNB","GXSETH","XEMETH","CNDETH","MCOETH","PIVXETH","POWRETH","XVGETH","USDCBTC","WTCBNB","RPXETH","APPCETH","OSTBNB","POEETH","USDSUSDC","BCHABCUSDC","CDTBTC","HOTBNB","LENDETH","BTTUSDC","CHATETH","NANOETH","STORMBNB","BCCBTC","SNMETH","WAVESETH","WINGSETH","NASBNB","STORMETH","YOYOETH","VENUSDT","INSETH","WAVESPAX","VIABNB","XLMUSDC","XZCBNB","CNDBTC","ICNETH","AMBETH","WPRETH","DATAETH","QSPBTC","BRDBNB","WAVESTUSD","DLTBNB","TNBBTC","BCPTBNB"]}