{"data":{"DCRBTC":20.7621985154,"XLMETH":13.9560148357,"XLMBTC":13.6716133429,"LTCUSDT":40.6954725864,"BRDBTC":10.0223013158,"GRSBTC":14.1205805552,"BCHABCUSDT":75.8404338122,"WAVESBTC":3.8958310632,"BNTBTC":6.7359018752,"ARNBTC":4.1235440006,"NAVBTC":15.660174258,"VETBNB":27.4765760398,"ONTBTC":28.0982367929,"INSBTC":10.8456710036,"FETUSDT":-6.291285605,"AIONBTC":40.8025804543,"BTCUSDS":23.561324871,"ASTBTC":-4.6863563617,"EDOBTC":-1.5831902482,"XEMBTC":35.0215863356,"ADAETH":35.7178059286,"BTTBNB":0.3616606759,"MANABTC":-16.6386441961,"GOBTC":22.4756224404,"MCOBTC":3.493641105,"XZCBTC":18.8495032545,"TRXTUSD":13.0254170856,"NASBTC":31.306203391,"ENJBNB":0.7242633647,"GVTBTC":3.329924409,"ZECUSDT":21.8225874185,"NULSUSDT":23.8732642372,"XLMUSDT":13.3038476606,"LTCUSDC":42.4648266238,"USDCUSDT":-0.7857490829,"GASBTC":20.5705227932,"TRXETH":12.5035289452,"DGDBTC":7.817153879,"ADXBTC":4.0106372502,"BTCPAX":22.7375935427,"ONTETH":27.2117948804,"ZECBTC":22.2436322075,"WABIBTC":-6.1813487934,"CELRBNB":-16.6571777431,"EOSETH":21.2269228517,"QTUMUSDT":16.9875605488,"NEOBNB":38.9158070411,"RCNBTC":20.7060815188,"LINKETH":12.4512737765,"OMGETH":21.842087118,"ETCUSDT":14.4884790221,"BCHABCBTC":76.3364543951,"ZILUSDT":18.4146579677,"CELRBTC":-16.1570026524,"LSKBTC":33.7170884538,"ZRXUSDT":14.3403599292,"EOSTUSD":20.9859622849,"LINKUSDT":11.0679439904,"RDNBTC":4.9835274885,"ONTBNB":28.4260724995,"ETHBTC":15.8194908237,"TRXBNB":13.5934590152,"BNBBTC":15.0266800867,"STEEMBTC":4.681352898,"BNBUSDC":15.3038434069,"LTCTUSD":41.5671910033,"NEOBTC":39.5732439661,"ZRXBTC":15.5318665122,"FETBNB":-5.8441592751,"IOTAETH":11.6801011385,"ADABTC":35.5184990498,"IOTAUSDT":11.3492160428,"USDSPAX":-0.8524440435,"EVXETH":26.4665974048,"RLCBTC":19.81925923,"BTTUSDT":-0.6992733807,"BTGBTC":24.9760829397,"BCHABCPAX":75.6075912939,"STRATBTC":19.109925507,"ELFBTC":19.9804602235,"EOSBNB":21.5711139489,"BLZBTC":18.1140244249,"BATBTC":20.263947004,"XRPUSDC":11.5884331401,"USDCPAX":-0.8904321816,"SYSBTC":7.612083414,"LRCBTC":30.4904978292,"DLTBTC":4.9837301962,"BATBNB":20.0439262565,"XRPBNB":10.6404496735,"BATUSDT":19.4154351349,"WAVESUSDT":3.2001242065,"RVNBNB":-8.7221238969,"PIVXBTC":10.3739157672,"GNTBTC":9.9840927089,"BNBPAX":14.078581337,"HOTUSDT":7.9522032925,"LTCETH":41.0474086337,"EOSBTC":21.0988022185,"STORJBTC":7.4774800645,"OMGBTC":21.0724088044,"CELRUSDT":-16.9582698546,"PPTBTC":9.4010073451,"SNMBTC":7.78712845,"NEOUSDT":38.3483544145,"WTCBTC":41.3642496472,"MTLETH":51.2101995341,"BATETH":19.5786070893,"THETABTC":4.1751252511,"XMRUSDT":21.8750137279,"BTCTUSD":23.6781066451,"ICXUSDT":25.970433488,"IOSTETH":78.4053575149,"BTCUSDT":22.7115053585,"IOSTUSDT":79.0412161549,"EOSUSDT":20.6778200594,"ADATUSD":36.9658999506,"TRXUSDT":12.2297511263,"XRPPAX":9.1269107814,"REPBTC":35.5861588026,"AGIBTC":-2.2696041156,"XRPETH":10.0025649472,"WANBTC":9.2829017254,"AEBTC":33.0761101091,"BNBTUSD":14.9054399014,"DASHETH":32.9949279897,"ZECETH":21.7314205167,"VETETH":29.2806557855,"GXSBTC":6.5765500546,"ETHUSDC":15.8063339149,"NEOTUSD":38.3758625453,"ONGUSDT":6.1753775284,"ADAUSDT":34.5457063302,"EOSUSDC":21.9282821502,"BCDBTC":43.2093159052,"DASHUSDT":31.7797214268,"XMRBTC":23.0713994208,"USDCTUSD":-0.1200809661,"XRPTUSD":10.5432484332,"FUELETH":-1.6109788033,"TRXXRP":14.0094396876,"MDABTC":14.5327987439,"POLYBTC":-0.225599851,"XRPUSDT":9.5633585729,"KNCBTC":9.5885524919,"BCHSVTUSD":35.2226965843,"BCHABCUSDC":74.3095531055,"QLCBTC":-12.683899563,"HCBTC":18.22381143,"NANOBTC":35.2567405844,"NULSBTC":23.5815291052,"KMDBTC":10.2172630985,"LINKBTC":11.8383114767,"ETCBTC":14.7217367413,"XLMBNB":14.1411764674,"VIBEBTC":6.8721043103,"SKYBTC":12.4885096052,"POABTC":8.7212466324,"LOOMBTC":7.9879127544,"QKCETH":29.8224236292,"ICXBTC":26.9232197177,"DASHBTC":33.6814867083,"ZILETH":18.8514605916,"NXSBTC":-0.4020762273,"BTCUSDC":23.4538622363,"ONTUSDT":27.4840412156,"BCPTBTC":18.1540752211,"VIBBTC":-12.3954753606,"OAXBTC":-15.7624928065,"RVNBTC":-8.6779649211,"ICXETH":26.8313209999,"BNBUSDT":14.2136830988,"BCHABCTUSD":76.5040729271,"LTCBNB":42.6032636249,"FETBTC":-6.0894319636,"EVXBTC":26.3198311459,"ENJETH":-1.4344557838,"ENGBTC":15.6898147005,"BCHSVUSDT":35.0913748684,"NEOETH":39.0765084576,"BCHSVBTC":35.2859671529,"ETHUSDT":15.0991123084,"VIABTC":14.7478241306,"TUSDUSDT":-0.7113535815,"ETHTUSD":16.2631110108,"BQXBTC":20.0563182222,"XRPBTC":10.1762899222,"ENJBTC":-0.3313806591,"APPCBTC":4.2223560588,"AMBBTC":10.3767822516,"CVCBTC":12.0888632848,"LUNBTC":7.3097705054,"PAXUSDT":-0.8276619559,"ETHPAX":15.4413350448,"ONGBTC":6.51789415,"QTUMBTC":20.995059474,"BNBETH":15.0035545597,"POWRBTC":5.563794516,"VETUSDT":27.4971154064,"ADABNB":35.8723031449,"ARDRBTC":10.791927648,"ARKBTC":1.9685739991,"IOTABTC":11.9031027304,"LTCBTC":41.2054295965,"NEBLBTC":10.6268394213,"MTLBTC":49.6915834094},"startDate":"2019-03-29","endDate":"2019-04-05","numDays":7,"excludedPairs":["IOTXETH","QSPBNB","WTCBNB","WINGSETH","ZECTUSD","MDAETH","DASHBNB","GTOBNB","USDSTUSD","BCPTBNB","WAVESTUSD","LINKTUSD","LINKUSDC","WAVESETH","TNBBTC","SNGLSETH","BCCBNB","USDSUSDC","XMRETH","APPCBNB","VIABNB","NCASHBTC","SALTBTC","HOTBTC","TUSDBNB","USDCBTC","OSTBNB","VENBNB","TRXPAX","KEYBTC","BCCUSDT","BRDBNB","RDNBNB","AMBETH","ZENBNB","BCCBTC","WANBNB","BTSETH","POWRBNB","POWRETH","SALTETH","IOSTBNB","PHXETH","POAETH","SKYETH","NASETH","YOYOBTC","LSKETH","MFTBNB","YOYOBNB","ETCBNB","STEEMBNB","BTTTUSD","GTOETH","TUSDETH","GXSETH","AMBBNB","USDCBNB","AEETH","DGDETH","TNTBTC","POABNB","ZENETH","DLTBNB","LOOMETH","EOSPAX","DENTETH","QKCBTC","VENUSDT","XLMUSDC","WAVESPAX","TUSDBTC","GVTETH","MODETH","ZILBNB","BNBUSDS","DLTETH","ASTETH","MTHBTC","CNDBNB","LENDETH","NANOBNB","RLCETH","MODBTC","CHATETH","CVCETH","BCHSVPAX","TRXBTC","KMDETH","LUNETH","LSKBNB","MANAETH","POLYBNB","RPXBNB","CHATBTC","CNDETH","ADXBNB","MFTETH","ADAUSDC","LINKPAX","BTTUSDC","SYSETH","XMRBNB","QTUMETH","PAXTUSD","IOSTBTC","WAVESBNB","BCNBTC","STORJETH","PIVXETH","MITHBNB","DATABTC","NULSBNB","WINGSBTC","RPXETH","ZENBTC","BRDETH","KNCETH","ONGBNB","ETCETH","BCCETH","TNTETH","QSPETH","ADAPAX","SUBBTC","HSRBTC","BTSBTC","WABIETH","NAVBNB","AGIBNB","CDTETH","YOYOETH","STEEMETH","VENBTC","SNGLSBTC","CDTBTC","PPTETH","XZCXRP","SUBETH","BCDETH","HSRETH","BTSBNB","STORMETH","DATAETH","HOTBNB","DOCKBTC","WPRETH","CLOAKETH","SNTBTC","RENBTC","GOBNB","OMGBNB","TNBETH","SKYBNB","CMTBTC","QSPBTC","BTTBTC","APPCETH","FUELBTC","IOTABNB","AEBNB","GTOBTC","QLCBNB","MFTBTC","SNMETH","MCOBNB","VETBTC","ZILBTC","STORMBTC","NXSBNB","RENBNB","NCASHETH","XEMBNB","KEYETH","XEMETH","OAXETH","POEETH","WANETH","BTGETH","TRIGBNB","AIONBNB","THETAETH","IOTXBTC","VIBEETH","EDOETH","QTUMBNB","DENTBTC","OSTETH","NANOETH","ELFETH","DOCKETH","ADXETH","RCNETH","PAXETH","ARNETH","TRIGBTC","BQXETH","XZCBNB","BCNBNB","BCPTETH","WAVESUSDC","LOOMBNB","STRATETH","DCRBNB","RCNBNB","TRIGETH","CVCBNB","QLCETH","SNTETH","RDNETH","MTHETH","VIAETH","PHXBNB","REPETH","AIONETH","ARKETH","BNTETH","WTCETH","VIBETH","ZRXBNB","ARDRBNB","REQETH","PIVXBNB","MITHBTC","NEBLETH","ICXBNB","FUNBTC","WABIBNB","XVGBTC","ARDRETH","NULSETH","MCOETH","PAXBTC","SYSBNB","DNTETH","ZECBNB","NEOUSDC","VENETH","NCASHBNB","CMTBNB","BTTPAX","SCBNB","GNTBNB","REQBTC","LTCPAX","NPXSBTC","ZECPAX","NANOUSDT","DNTBTC","INSETH","XVGETH","SCETH","ICNBTC","RLCBNB","XLMTUSD","USDSUSDT","WPRBTC","NXSETH","NEOPAX","ZRXETH","BLZETH","OSTBTC","NPXSETH","CMTETH","BCNETH","STORMBNB","OMGUSDT","BCHSVUSDC","FUNETH","RPXBTC","TRXUSDC","NEBLBNB","REPBNB","GRSETH","LRCETH","ENGETH","PAXBNB","THETABNB","CLOAKBTC","ZECUSDC","NAVETH","PHXBTC","HCETH","POEBTC","SCBTC","XLMPAX","NASBNB","HOTETH","AGIETH","GNTETH","BLZBNB","CNDBTC","XZCETH","ICNETH","LENDBTC"]}