{"data":{"BNBBTC":4.1960640118,"LRCBTC":39.8726685252,"XRPTUSD":-3.0598902436,"QTUMUSDT":-2.256445944,"SALTBTC":3.8179761947,"AEBTC":-11.6782558731,"BTCUSDC":-1.5664761536,"LTCETH":3.5709999721,"NULSBTC":6.2324943996,"OMGBTC":-1.4938067339,"XLMETH":-6.0263825356,"AMBBTC":-4.0233936367,"ICXUSDT":-2.1850838583,"ARNETH":-18.0202469938,"EOSUSDT":-0.3174413135,"TUSDETH":0.1626292764,"LTCBTC":3.3620866214,"MDABTC":-5.3694271112,"BCHSVUSDT":-2.6298521933,"STRATETH":-7.6782733328,"IOTAUSDT":-3.3030193294,"GASBTC":-0.7287022584,"NEOBTC":-0.8301312066,"XRPPAX":-2.7492932238,"TRXXRP":6.8235298906,"XRPUSDT":-2.678928231,"POWRETH":-8.9184551773,"ZILETH":-1.8704266986,"ZRXETH":3.2514558425,"BNBUSDT":4.7362674533,"NASBTC":-0.2385365401,"ARNBTC":-17.3488056703,"EOSPAX":0.0952371567,"WINGSETH":32.6085650032,"PIVXBTC":5.8320168566,"TRXETH":7.621255783,"BTCUSDT":-0.8657943703,"TRXUSDT":8.0726421809,"POLYBTC":0.8869720384,"WTCBTC":-9.6604168706,"ADABNB":-4.2938372797,"INSBTC":5.8069126537,"ENGBTC":-1.0515462939,"LSKBTC":2.4323316953,"MCOBTC":-1.8654341904,"ADAETH":-4.2883090577,"WANBTC":-4.9848212995,"DOCKETH":-1.5026723337,"OAXETH":33.1547916406,"DLTETH":10.5910404221,"BCHSVBTC":-3.4144648946,"ADAUSDT":-3.3457105301,"ZENBTC":0.3128754562,"BNBPAX":4.9297154793,"ARKBTC":-1.4181146051,"USDCUSDT":0.4587440329,"VETUSDT":4.9698318472,"LUNETH":54.3179493802,"GXSBTC":4.4623248969,"AIONBTC":0.5971915348,"POWRBTC":-9.0720753835,"EOSETH":-0.5935867156,"GVTBTC":11.0487082813,"LUNBTC":55.3990341374,"TUSDBTC":-0.2481700306,"STEEMBTC":13.6895382387,"DASHBTC":1.9951752096,"LINKUSDT":2.5338048906,"NANOETH":10.1141826745,"KMDBTC":-4.4338243777,"XZCBTC":-1.0385396235,"ZECBTC":-1.0705522026,"PPTBTC":1.0382694218,"BTGBTC":-3.4933725057,"BQXBTC":24.6789711307,"PAXTUSD":0.0022141357,"XMRETH":0.0430234862,"STRATBTC":-7.9193915149,"SKYBTC":3.3295625995,"XLMUSDC":-5.6074953694,"DLTBTC":11.7140052213,"BATBTC":-2.752422224,"BCDBTC":-1.4455064156,"BNBETH":4.7065762567,"TUSDUSDT":0.4671550966,"ADATUSD":-5.2284861135,"OAXBTC":30.7928080331,"EOSUSDC":-1.7513241718,"EOSBTC":-1.1476781617,"USDCPAX":0.4321258438,"MTLBTC":22.3494849775,"GTOETH":-7.6067613015,"XLMUSDT":-5.0808939831,"EVXBTC":16.2026328583,"WAVESBTC":10.0029969818,"ELFBTC":5.2209541309,"XRPBNB":-2.5326871824,"ETHBTC":-4.4932927116,"BCHABCUSDT":0.4533450954,"WABIETH":14.9561114534,"NEOETH":-0.8743865637,"CMTETH":4.3356738762,"XRPBTC":-3.3773998994,"BCHABCBTC":-0.3031354197,"ONTUSDT":-3.1095809522,"MODBTC":6.3546640545,"BTCPAX":-0.8667474406,"ETHPAX":-3.8089245372,"ONTETH":-3.4993765359,"NXSBTC":8.8133744623,"LTCBNB":3.3604760539,"XRPETH":-3.2007816973,"EVXETH":15.8493764553,"IOTABTC":-3.2777435004,"ETCUSDT":-2.3099409248,"AEETH":-11.7172955849,"ADXBTC":7.87970716,"TRXBNB":7.9054614699,"BCPTETH":3.6252430833,"XMRBTC":0.5425657705,"IOTAETH":-3.0533363038,"DGDBTC":10.5660362952,"FUNETH":1.9311286682,"NEOUSDT":-0.0678535268,"LINKUSDC":1.3983404552,"DCRBTC":1.0770991089,"THETABTC":7.9156522904,"VIABTC":0.5674881315,"TUSDBNB":0.4574728455,"ETHUSDT":-3.7604240182,"CMTBTC":4.3203688053,"QTUMBTC":-2.7861026101,"EDOBTC":-5.8074351516,"RLCBTC":5.7013507948,"USDCTUSD":0.0144383718,"ETHUSDC":-4.3116939317,"NEOTUSD":-1.0134180861,"ZRXBTC":2.6743969542,"ICXBTC":-2.6714503563,"XLMPAX":-4.6878962321,"NULSUSDT":6.2649473073,"HOTETH":67.0591293961,"BQXETH":24.5353712906,"REPBTC":-6.8251678456,"LTCUSDT":4.609485828,"XLMBTC":-5.9346304977,"PAXUSDT":0.4809669147,"BNBUSDC":4.6106561599,"VETETH":4.5888908757,"CLOAKBTC":1.9926671391,"LINKBTC":1.9202497943,"GRSBTC":9.7197128999,"ETCBTC":-3.3731247595,"WINGSBTC":32.3404915073,"ONTBTC":-3.9630682566,"TRXTUSD":6.5748031971,"REPETH":-7.0748854379,"HCBTC":-6.8357387937,"RDNBTC":3.2877373275,"XLMTUSD":-5.4746078878,"STORJBTC":7.2729846634,"BRDBTC":6.4718429648,"LINKETH":2.0489994787,"WAVESETH":9.8397869581,"NEBLBTC":-0.4580756291,"XRPUSDC":-3.2395923752,"LRCETH":41.2905954118,"NAVBTC":-1.6734226158,"NANOBTC":9.6593626885,"LINKTUSD":-0.2376460547,"WABIBTC":13.3775224668,"KNCBTC":-0.5335955256},"startDate":"2019-01-18","endDate":"2019-01-25","numDays":7,"excludedPairs":["SYSBTC","MTHETH","PHXETH","ASTBTC","PIVXETH","TRIGBTC","KNCETH","WAVESPAX","MITHBTC","BATBNB","ENJBTC","RPXBNB","TRXPAX","XZCXRP","KEYETH","QKCETH","BCHABCTUSD","ICXBNB","SCBNB","NEOBNB","ETCBNB","POAETH","QLCBNB","ONTBNB","CMTBNB","ETCETH","NCASHBTC","PHXBTC","BCCUSDT","BNTBTC","AGIETH","POLYBNB","NAVETH","BCNETH","NCASHBNB","ENJETH","RPXETH","MTLETH","TRXBTC","CVCBNB","MANAETH","QTUMETH","ADXBNB","QSPBNB","ZENETH","STORMBTC","THETAETH","NAVBNB","BCHSVTUSD","GNTBTC","SNGLSBTC","DASHETH","BATETH","BLZBTC","REPBNB","GRSETH","AIONETH","VENBNB","BTSETH","BCHABCPAX","HSRETH","WAVESTUSD","XEMBNB","CNDBNB","POEBTC","AEBNB","MANABTC","GNTBNB","FUELETH","STORJETH","RCNETH","LOOMBNB","STEEMETH","TRXUSDC","SNMBTC","RPXBTC","QLCBTC","WAVESUSDC","DCRBNB","NXSBNB","BCHSVUSDC","XEMETH","VIBBTC","WANETH","NCASHETH","POABNB","VETBTC","FUNBTC","WTCBNB","BCCBNB","LINKPAX","CNDBTC","YOYOBNB","IOTXBTC","NULSBNB","IOSTBTC","ARDRETH","QLCETH","AIONBNB","PAXBNB","STORMBNB","DENTETH","QTUMBNB","QSPBTC","IOTABNB","SNTETH","CDTBTC","CHATETH","ENJBNB","ZILBNB","ARDRBNB","GOBNB","ENGETH","NEBLETH","POEETH","APPCETH","RCNBNB","VIBEBTC","BCHABCUSDC","MODETH","RLCBNB","PAXBTC","DNTETH","YOYOETH","CLOAKETH","AGIBNB","NPXSBTC","EOSBNB","SYSBNB","BTSBNB","TNTETH","NEBLBNB","VETBNB","LTCPAX","BCNBTC","MCOETH","BLZBNB","INSETH","DATAETH","GXSETH","BLZETH","MCOBNB","BCPTBTC","PPTETH","BTSBTC","MITHBNB","OSTBNB","EDOETH","THETABNB","DNTBTC","LENDETH","BCNBNB","BCCBTC","CDTETH","BRDETH","VENBTC","LSKETH","BNTETH","AGIBTC","MFTETH","LENDBTC","ARDRBTC","ZECETH","ARKETH","FUELBTC","SUBBTC","REQETH","LTCUSDC","XZCETH","REQBTC","TRIGBNB","WAVESBNB","TNBETH","PIVXBNB","VIAETH","CVCBTC","VENETH","RCNBTC","BCDETH","LTCTUSD","GTOBNB","MTHBTC","RLCETH","RDNETH","GTOBTC","ICNETH","SKYBNB","SCETH","WANBNB","XLMBNB","EOSTUSD","BCPTBNB","ADXETH","YOYOBTC","SNGLSETH","OSTETH","POWRBNB","SUBETH","WABIBNB","SNMETH","TNTBTC","GVTETH","ASTETH","RVNBNB","WPRBTC","VIABNB","XEMBTC","VIBEETH","RENBTC","DENTBTC","NXSETH","STEEMBNB","WAVESUSDT","OSTBTC","WTCETH","KMDETH","SALTETH","QKCBTC","DOCKBTC","MFTBTC","ZENBNB","NASBNB","OMGETH","USDCBNB","DLTBNB","CNDETH","GNTETH","XVGETH","HCETH","APPCBNB","RVNBTC","TNBBTC","PHXBNB","TRIGETH","LOOMBTC","NULSETH","DGDETH","XZCBNB","SNTBTC","LSKBNB","PAXETH","NPXSETH","SYSETH","MFTBNB","HOTBTC","VENUSDT","LOOMETH","ZILBTC","SKYETH","QSPETH","BTGETH","XVGBTC","CVCETH","ICNBTC","VIBETH","WPRETH","AMBETH","GOBTC","CHATBTC","MDAETH","SCBTC","AMBBNB","IOTXETH","RENBNB","RDNBNB","APPCBTC","BCHSVPAX","KEYBTC","ELFETH","NANOBNB","DATABTC","BRDBNB","ADABTC","BCCETH","HSRBTC","IOSTETH","STORMETH","POABTC","NASETH","USDCBTC","ICXETH"]}