{"data":{"SKYBTC":-7.915929919,"ONGBTC":-57.3984676987,"ZECBTC":176.1599364144,"VETBNB":-24.6497505217,"XZCBTC":2254.3713869882,"ICXBTC":62.4619138462,"VIABTC":-51.6827587754,"NEOTUSD":21.3740824615,"HCBTC":-65.3705096282,"MDABTC":-23.8029805897,"KNCBTC":47.7405239497,"THETAETH":-19.3852904489,"NANOBTC":272.1798657697,"ICXUSDT":15.4695233048,"DGDBTC":80.9198441527,"XZCETH":685.0342170294,"GRSBTC":87.6081999737,"HOTUSDT":40.5422659792,"LINKUSDT":460.7566915594,"TRXUSDC":-46.940353035,"IOSTETH":25.6043681545,"WAVESTUSD":-41.2726130623,"ZECTUSD":17.0635312071,"NASBTC":222.5909723344,"TRXUSDT":-33.5491200459,"GXSETH":7.2333562427,"USDCTUSD":32.6282626617,"BATETH":-1.7939432313,"GVTBTC":26.444399616,"ZRXUSDT":-33.9057429268,"WAVESETH":20.7516424763,"XRPBNB":-46.9850898657,"XRPTUSD":-79.8354669891,"LTCPAX":381.2121863916,"THETABTC":6.0460582061,"DASHUSDT":88.5883518668,"ZILETH":-26.3726948058,"ZILUSDT":-65.9353500124,"MCOBTC":-35.1958216065,"BATUSDT":-44.1249368593,"ADAUSDC":0.2216404477,"VETETH":-36.6574823252,"ADABNB":185.4832541994,"BCHABCUSDT":38.846746165,"CELRBNB":-6.7516712039,"PAXUSDT":-0.0074016531,"FETBNB":16.8306558033,"ETHTUSD":-58.5963507501,"INSBTC":142.257232558,"ONEBNB":-71.101983912,"GASBTC":73.4958807777,"BNBTUSD":6.216731476,"NASBNB":119.4722285732,"IOTAETH":-57.8109950969,"LTCETH":25.1092336515,"NEBLBTC":71.7493603236,"VETUSDT":-36.7847705241,"NEOBTC":106.319546029,"FETBTC":-20.4882017079,"TFUELUSDT":-80.6927539396,"OAXBTC":395.2917951356,"ADATUSD":43.6531889136,"OMGUSDT":115.1484370455,"ZRXBTC":-35.5546215666,"BRDBTC":2308.7524437327,"ARNBTC":104.4960883174,"ZILBNB":-51.4552856654,"XRPUSDT":-63.5969225896,"EVXBTC":189.4233147424,"EOSPAX":-50.5047376208,"XRPPAX":-68.5490773956,"ETHUSDT":-6.1783778506,"XMRUSDT":7.3533233452,"LTCBNB":217.0055870192,"BTCUSDS":125.0377567995,"RDNBTC":118.8972237148,"BCHABCTUSD":-20.9412553316,"ONGUSDT":-36.5065009182,"ONETUSD":-57.5621247081,"LOOMETH":-12.7433121263,"ETHUSDC":-14.8485412282,"ONEUSDT":-70.679167237,"EOSBNB":18.6917346939,"EOSUSDC":-75.9791848758,"BTTUSDT":26.9690563226,"BNBPAX":-6.0575276177,"LTCUSDT":19.3572412551,"ZECUSDT":120.3158240608,"BNTBTC":133.5526268895,"IOTABTC":-20.2407331768,"CELRUSDT":-37.8970584996,"NXSBTC":-13.4075453919,"PIVXBTC":-19.3130975023,"ONTETH":8.6489409816,"ADXBTC":245.7370501759,"OMGBTC":60.7745167261,"DLTBTC":397.4946749701,"ZENBTC":81.0289495932,"BTCTUSD":-8.7542251951,"USDCPAX":42.5951449201,"EOSETH":-38.1772073412,"ENJETH":22.8215925253,"ARKBTC":18.7897697953,"ETCUSDT":-36.1704185325,"LINKBTC":543.2029299531,"LOOMBTC":-20.0445906566,"WAVESBTC":49.6113152915,"GXSBTC":-0.5779836684,"BQXBTC":148.4721665788,"EOSUSDT":-27.7758466495,"WABIBTC":30.524178063,"NAVBTC":516.6056753919,"EVXETH":99.5849138063,"QKCETH":-71.7726837584,"ONTUSDT":119.8153556025,"ADAUSDT":67.0977610696,"LTCBTC":76.164012929,"NULSBTC":610.2236692982,"LTCTUSD":16.749287172,"QTUMBTC":175.7256713036,"TRXTUSD":-36.4263601253,"BCHABCPAX":-43.7354422577,"BTCUSDT":-8.1761076287,"STRATBTC":-4.7301732808,"BTCUSDC":9.3099460309,"BATBTC":-12.2079455736,"XMRBTC":45.0224285451,"BTGBTC":14.2456872903,"STEEMBTC":169.7257222849,"REPBTC":27.6266398482,"XRPUSDC":-76.1511968295,"LUNBTC":2.4061892434,"ONTBNB":255.5525345132,"POLYBTC":31.5279496802,"NEOBNB":250.3408860071,"NEOETH":157.6214692839,"NULSUSDT":252.0832923017,"NANOUSDT":167.3071673605,"XZCBNB":2281.2231014056,"BNBETH":42.5993143871,"EOSTUSD":27.0408179661,"ETHPAX":-4.1121942841,"BNBUSDC":16.8337390572,"PPTBTC":156.0553788557,"STORJBTC":341.9421708292,"BTTBNB":76.3848461712,"USDCUSDT":24.9075120093,"BTCPAX":-3.3152016484,"MFTETH":-29.5376590452,"ICXETH":484.9168138225,"ONTBTC":131.1939763988,"TRXBNB":-4.6030083002,"KMDBTC":-57.4124887166,"XLMUSDT":-22.7963681917,"DASHBTC":42.2655410627,"WANBTC":99.9458282498,"FETUSDT":-14.9803330123,"LTCUSDC":26.0436098968,"ATOMBTC":-45.6053803455,"TRXXRP":-63.4961373939,"GNTBTC":383.6747043341,"MATICUSDT":-30.5206523406,"HCETH":-29.2101568673,"MITHBNB":3420.4990698252,"IOSTUSDT":11.134307128,"XRPBTC":-59.6165462367,"BNBUSDT":41.652181864,"MITHUSDT":755.017693875,"WAVESUSDT":14.991859168,"USDSUSDC":47240.422383345,"THETAUSDT":-2.2980468863,"ELFBTC":-37.3951881478,"TUSDUSDT":-17.3249841098,"QTUMUSDT":298.5340777508,"BCHABCUSDC":-14.0081146894,"XRPETH":-48.4936728874,"EOSBTC":-28.5426866546,"IOTABNB":15.9443810182,"MATICBNB":-37.1184084246,"LSKBTC":27.4711886906,"NEOUSDT":85.8948544048,"ETHBTC":38.1756613124,"AEBTC":14.5795926549,"ATOMUSDT":-51.1771855112,"MTLBTC":4.1170821366,"DCRBTC":6.7798404974,"LINKETH":556.3286903262,"ATOMBNB":-35.1644129103,"TRXETH":-39.1027049257,"ADAETH":93.8846225699,"AIONBTC":75.2287011263,"LINKUSDC":206.700527734,"PAXTUSD":-29.5185269063,"APPCBTC":38.7484058244,"BCDBTC":23.9617377431,"ENJUSDT":49.6422923996,"RLCBTC":-39.4993180078,"RVNBNB":-1.751263423,"IOTAUSDT":-5.31002305,"ENGBTC":-23.1642445714,"BNBBTC":33.8920659886,"BCHABCBTC":14.6894495421,"ETCBTC":-46.710486793,"EDOBTC":5516.7653776357,"NASETH":58.1363745249,"WTCBTC":5.5364712892},"startDate":"2019-06-07","endDate":"2019-06-14","numDays":7,