{"data":{"BNBETH":-2.0517929695,"XRPBTC":52.142935791,"ZILETH":322.2347376027,"TRXBNB":112.7047683497,"EOSETH":-78.1997746874,"STRATBTC":102.8891378613,"EOSUSDT":2.7786949063,"NEBLBTC":227.4068287856,"ZILUSDT":107.8499328705,"NEOBTC":68.8714623638,"LINKETH":643.8207576075,"FETUSDT":-33.3455816619,"OAXBTC":-74.7395558123,"ENGBTC":54.2088307209,"LTCPAX":1243.5331309549,"BCHABCUSDT":76.1794816651,"NXSBTC":10597.9342791356,"BNBPAX":61.6018878273,"BCHABCTUSD":-55.6670641081,"AIONBTC":23.8704621322,"GRSBTC":286.0762176738,"APPCBTC":-55.0377141056,"ETHBTC":59.1027793892,"TUSDETH":-23.9581520747,"XLMBNB":121.4642765714,"XRPPAX":170.4294151954,"LSKBTC":62.4300243321,"PIVXBTC":-34.4087857933,"RVNBTC":-22.053764629,"ICXBTC":245.5214354671,"BCHABCBTC":63.7470999197,"RLCBTC":-9.3945628102,"ZRXBTC":352.9978022651,"TRXUSDT":64.8421589521,"MCOBTC":201.9936925667,"THETABNB":1008.2501946748,"QTUMBTC":79.0033215303,"XRPTUSD":4.8942424368,"USDCUSDT":24.53834923,"PPTBTC":-22.2677946284,"XLMTUSD":30.6198675643,"LTCBTC":40.8668957114,"MTLBTC":65.9462899643,"EOSBTC":41.6747060489,"BNTBTC":2878.3257508844,"TNBETH":-14.7424364372,"TUSDBTC":-8.2344057417,"THETABTC":1291.0588095431,"XLMUSDT":261.2194741306,"VETUSDT":284.1692210917,"EOSUSDC":-62.9092732271,"EOSPAX":20.7296361993,"KNCETH":1124.8947530222,"ETHUSDT":-4.991015257,"DLTBTC":83.1047142886,"HOTUSDT":-7.9073463999,"XZCBTC":15.4899288832,"ENJBTC":548.2438292411,"ICXUSDT":151.0849062623,"RDNBTC":-3.0779188875,"BTTBNB":-20.5842233783,"STEEMBTC":408.2942400855,"LOOMBTC":-19.1666689201,"PHXETH":-46.3255982621,"NASBTC":185.2283630216,"BATBNB":55.1787958701,"LTCUSDT":7.4288832468,"QTUMUSDT":87.0615256851,"BTCUSDS":-59.8417254739,"BTGBTC":-37.6001268237,"USDSPAX":-7.300611565,"XRPETH":-7.1121373267,"TUSDBNB":-48.0762242307,"ONTETH":127.1209889942,"HOTBNB":1.1225140821,"REPBTC":-10.4202513754,"LTCUSDC":124.7024130095,"MFTETH":446.2319646867,"ICXETH":246.4632661878,"APPCETH":-29.6517970518,"BATETH":19.3229045891,"XLMBTC":114.3089377534,"BNBUSDT":52.8280288659,"BATBTC":6.6226830413,"ONGUSDT":18.4665216703,"ADAUSDT":282.7112799613,"ONTUSDT":183.0089988727,"ADXBTC":330.646202582,"LTCTUSD":80.6116863799,"FUELETH":332.818689222,"DCRBTC":-18.0308695763,"EOSTUSD":-50.5221079453,"PAXTUSD":39.0188838594,"USDCTUSD":263.7398625888,"DASHBTC":-26.1225918902,"ARNBTC":218.035907033,"VETETH":131.1918875365,"WABIBTC":240.9942613418,"MDABTC":696.868801912,"NEOETH":50.721009863,"XRPUSDT":22.9195740337,"ADABNB":124.444193759,"ZRXUSDT":807.461087732,"GVTBTC":53.2163897423,"BCHSVBTC":180.3282154118,"OMGETH":338.6726956747,"KMDBTC":20.5133710371,"BNBBTC":53.2243154625,"GXSBTC":66.20188421,"POLYBTC":-73.4117222922,"TRXTUSD":50.6529125969,"NEOUSDT":31.234197546,"VIABTC":-27.5326983586,"BTCUSDT":42.19382139,"WANBTC":1383.0836465974,"NEOBNB":26.3453076547,"NANOBTC":494.9668280903,"ARNETH":197.054521118,"USDCPAX":50.3399882963,"INSBTC":-46.3201289256,"TUSDUSDT":-2.3214813595,"BTCUSDC":5.7200792069,"SKYBTC":-57.1347506582,"LOOMETH":-52.1601249116,"GASBTC":86.6268818644,"ENJBNB":1894.3883484679,"IOTABTC":22.8185553782,"TRXXRP":100.3053532786,"EOSBNB":-47.6195017307,"WTCBTC":-6.4379981471,"BNBUSDC":25.4409942702,"BTCPAX":47.7435474047,"ADATUSD":634.7789164061,"EDOBTC":43.0344061058,"BCHSVUSDT":71.6399762026,"ARKBTC":412.9025537491,"EVXBTC":-78.0306287429,"PHXBNB":-38.8685666029,"ADAETH":85.8373862673,"MITHBTC":114.6127250276,"LINKUSDT":1423.6039150572,"FETBNB":-22.1701704521,"FETBTC":-13.9598549414,"LINKTUSD":15145.4601005328,"XRPBNB":98.0026671632,"AMBBTC":459.8284581758,"ETHUSDC":-9.7083642996,"ONTBNB":100.1726174141,"ETCBTC":-0.4060111986,"ETHPAX":4.7801838968,"HCBTC":323.4982754339,"BNTETH":5445.2972149298,"WANETH":1059.2008135113,"LTCETH":-8.1189872648,"BQXBTC":627.0070324899,"KNCBTC":2504.5078942273,"ETCUSDT":27.8804461663,"IOTAUSDT":-0.5576951752,"BRDBTC":-14.0674820833,"BTTUSDT":-34.2106957273,"ICXBNB":138.9808422499,"ONTBTC":75.2532460656,"BCPTBTC":-42.2266433111,"LINKBTC":1017.34327963,"NULSUSDT":3836.9341660689,"THETAETH":911.6103304529,"OMGBTC":211.8754286642,"BLZBTC":-84.4698050955,"WAVESBTC":148.2420809975,"AEBTC":-0.0145525914,"DGDBTC":-27.4988364104,"ENJETH":278.7130538562,"ONGBTC":76.8046581682,"WAVESUSDT":164.6771704135,"NULSBTC":4067.402271767,"POWRBTC":65.6415684371,"STORJBTC":289.2140930434,"XLMETH":193.326983328,"ZECBTC":86.5063864147,"NEOTUSD":66.83354317,"ELFBTC":59.8462604148,"BCDBTC":-31.6189806248,"XMRBTC":-21.6403408624,"LTCBNB":49.8783989356,"PAXUSDT":27.1378508206,"TRXETH":58.4973458075,"LUNBTC":176.2819734072,"RVNBNB":-36.0352394201},"startDate":"2019-03-04","endDate":"2019-03-11","numDays":7,"excludedPairs":["GTOETH","VIBEETH","ARDRETH","RDNBNB","BCHSVTUSD","KMDETH","IOSTBTC","YOYOETH","EDOETH","ZILBNB","TNBBTC","SALTETH","MITHBNB","HOTETH","BCCBNB","CHATBTC","ZRXBNB","CNDBTC","PIVXETH","WPRETH","BTSBTC","MODBTC","STEEMETH","ZRXETH","VIBBTC","XZCBNB","WABIETH","BCPTETH","LOOMBNB","PAXBTC","GNTBNB","IOTXETH","USDCBTC","SNTBTC","USDCBNB","WTCBNB","TRIGBNB","PAXBNB","NAVBNB","BRDBNB","BRDETH","WABIBNB","STORMETH","CNDBNB","AGIBTC","USDSTUSD","XZCXRP","RLCETH","VIAETH","AGIBNB","MODETH","SKYETH","CLOAKETH","NULSETH","AIONETH","SKYBNB","POEETH","HSRBTC","MANAETH","EVXETH","BCNBNB","USDSUSDT","WAVESETH","POWRBNB","ICNBTC","CMTETH","XMRETH","VENBNB","NASETH","ARDRBNB","LRCBTC","DENTETH","GTOBTC","RPXBNB","ETCETH","BCHSVUSDC","ADABTC","DLTETH","BTGETH","BCDETH","APPCBNB","YOYOBNB","BTTBTC","SNTETH","GNTETH","BNBUSDS","GOBTC","BCCETH","POAETH","KEYETH","XLMUSDC","DENTBTC","ZENBTC","AMBETH","FUELBTC","NCASHBTC","LUNETH","RLCBNB","AMBBNB","SCBNB","INSETH","NULSBNB","SYSBTC","BTTTUSD","LRCETH","STEEMBNB","HSRETH","TRIGETH","TRIGBTC","POLYBNB","MFTBNB","CMTBTC","QKCBTC","WINGSBTC","DNTETH","QTUMETH","WAVESUSDC","DASHETH","ICNETH","BCNETH","NANOETH","CDTETH","VIABNB","RCNBTC","MCOETH","GOBNB","BCHABCPAX","SYSETH","ZECETH","RENBNB","STRATETH","XEMETH","LINKPAX","PAXETH","BTSETH","ZENBNB","ONGBNB","MDAETH","QTUMBNB","VENUSDT","XZCETH","QKCETH","NASBNB","ARKETH","CVCETH","ASTBTC","QSPBNB","POABTC","GNTBTC","DGDETH","REPBNB","ASTETH","WPRBTC","HCETH","BLZBNB","ELFETH","AEBNB","ARDRBTC","SNMETH","RDNETH","WINGSETH","CLOAKBTC","SCETH","VETBTC","USDSUSDC","PHXBTC","NCASHBNB","REPETH","MTLETH","FUNETH","RPXBTC","XVGBTC","WANBNB","AEETH","WAVESTUSD","RCNETH","DCRBNB","NEBLETH","CMTBNB","RPXETH","ADXETH","BCCBTC","BTTPAX","OSTBTC","IOTXBTC","VETBNB","MTHBTC","BCPTBNB","ZILBTC","MFTBTC","VIBETH","BLZETH","LENDETH","ZENETH","BTSBNB","LSKBNB","SUBBTC","OAXETH","CHATETH","SNGLSETH","IOTAETH","POABNB","NAVETH","XRPUSDC","FUNBTC","PPTETH","BCHABCUSDC","DLTBNB","NPXSETH","NXSBNB","POWRETH","STORMBNB","RCNBNB","NCASHETH","OSTBNB","LINKUSDC","AIONBNB","AGIETH","XEMBNB","OSTETH","STORMBTC","DNTBTC","GRSETH","QSPETH","WAVESPAX","SCBTC","DOCKETH","XVGETH","PIVXBNB","IOSTETH","WAVESBNB","TRXUSDC","REQETH","CDTBTC","SALTBTC","KEYBTC","GXSETH","QLCBNB","TRXBTC","LENDBTC","NPXSBTC","BATUSDT","ENGETH","VENBTC","WTCETH","QSPBTC","REQBTC","SUBETH","TRXPAX","POEBTC","HOTBTC","IOTABNB","VIBEBTC","QLCETH","BCHSVPAX","VENETH","QLCBTC","GTOBNB","BCCUSDT","ETCBNB","LSKETH","SYSBNB","NEBLBNB","NANOBNB","GVTETH","ADXBNB","TNTBTC","MCOBNB","MANABTC","XLMPAX","SNGLSBTC","STORJETH","RENBTC","NAVBTC","XEMBTC","DATAETH","MTHETH","BTTUSDC","NXSETH","TNTETH","BCNBTC","CVCBTC","DOCKBTC","YOYOBTC","CVCBNB","CNDETH","SNMBTC","DATABTC","BQXETH"]}