{"data":{"EOSETH":1.8875094843,"NEOTUSD":-0.635360875,"WAVESBNB":-9.5913682705,"ADATUSD":-5.5560384046,"AIONBTC":-3.6081787538,"NEOBTC":-1.0001967689,"THETAETH":31.2757600899,"XLMETH":-10.8582305157,"BATBTC":3.6907795798,"TRXBNB":-2.227467754,"BQXBTC":-6.9326931761,"DGDBTC":-5.9169983472,"LINKBTC":-2.6170867801,"TUSDETH":0.2132629162,"EOSUSDC":0.8459876515,"BTTUSDT":-193.3272693118,"DASHBTC":-2.747148088,"BATETH":3.8256729074,"NAVBTC":1.1394879542,"NXSBTC":-15.0809293858,"XRPTUSD":-7.2196899725,"ARNETH":-10.0423648398,"NEOETH":-1.0005832432,"USDCPAX":0.582251949,"TRXTUSD":-2.102381621,"WANBTC":-1.6848195221,"XLMTUSD":-11.9631941981,"ADAETH":-5.3604512453,"BRDBTC":-5.2737861125,"STORJBTC":11.8754302889,"QTUMBTC":-5.4591152875,"WTCBTC":-2.7073750644,"DCRBTC":-4.197762141,"DLTETH":-1.1208248633,"XEMBTC":-12.2322477413,"TUSDUSDT":0.5459883598,"ICXUSDT":9.6257080377,"NANOBTC":-11.2375712281,"ETHUSDT":-2.3041102871,"ICXETH":8.0427460937,"BTGBTC":-6.7802397044,"ADXBTC":9.3127546134,"RLCBTC":-13.2238571131,"STEEMBTC":-4.8903456448,"ONTUSDT":-3.2664640126,"ARKBTC":-8.7626856686,"EVXETH":-20.5639694725,"ZECBTC":-5.4716483443,"XLMPAX":-12.1868393067,"MFTETH":14.5478283827,"ETHBTC":-3.0433073607,"POLYBTC":-10.2307530561,"BCHSVUSDT":-1.4024567755,"ETCBTC":-3.9174950202,"XLMBTC":-11.0483743904,"SKYBTC":-4.8391748631,"IOTAUSDT":-5.1081796345,"LINKTUSD":-0.9661338153,"OMGETH":-6.8298559048,"BCDBTC":-5.1623842849,"LTCBTC":4.5371138222,"GASBTC":-3.891036742,"PAXTUSD":0.0316680155,"BTTBNB":83.5258474191,"PPTBTC":-2.9691995043,"MODBTC":-3.8616019706,"IOTABTC":-4.4906101619,"OAXBTC":-7.3836856964,"AGIBTC":-7.7922651789,"BCHSVBTC":-2.1560963538,"THETABTC":29.3981079389,"LTCUSDT":5.2328912705,"NEOUSDT":-0.5594627891,"BTCUSDC":-1.8785201609,"LINKETH":-1.4505459156,"EOSUSDT":1.8581769524,"REPETH":7.7813064696,"GRSBTC":44.9763610063,"NPXSETH":1.5174168033,"BNBBTC":30.7607700145,"LTCBNB":4.4293381474,"WABIBTC":0.7075351999,"XRPBNB":-7.346311726,"ICXBTC":8.8163511378,"ENGBTC":-7.0220361665,"STRATBTC":-4.6327472897,"LRCBTC":-9.0537654873,"NULSBTC":-4.9321824159,"XMRETH":-0.5413538059,"LTCUSDC":4.5246452069,"WAVESUSDT":-9.8815674897,"INSBTC":-5.1722635751,"ZENBTC":-4.9406281743,"WAVESBTC":-10.4648667693,"NULSUSDT":-4.3182550042,"QTUMUSDT":-4.3226113182,"VETUSDT":-4.9684475907,"MTLETH":4.3288594736,"EOSTUSD":0.7733401792,"XEMETH":-11.5407644227,"POWRBTC":-0.8564214126,"BNBPAX":31.4031261104,"LUNBTC":-2.3932666812,"USDCUSDT":0.5950597313,"NEBLBTC":-1.9569545972,"MTLBTC":3.3499548325,"GVTBTC":-4.7786671016,"ETCUSDT":-3.2107249439,"EDOBTC":-0.7689154885,"ETHUSDC":-2.8101462575,"WAVESETH":-10.4411590599,"ARNBTC":-10.5320202356,"BTCPAX":-1.1387645624,"ZILETH":-12.8210012459,"BATBNB":4.4824940392,"OMGBTC":-7.2142091077,"ADAUSDT":-5.0895165423,"XRPETH":-8.1395580842,"THETABNB":29.5797599786,"BCHABCTUSD":0.4881810557,"ADABNB":-6.3898540979,"ZRXETH":-9.3426183665,"BCHABCUSDT":0.3306459147,"ONTBTC":-3.8740836419,"AMBBTC":-11.5794473238,"PAXUSDT":0.5292778749,"IOTAETH":-3.9579540325,"TRXUSDT":-1.1343348899,"EOSBNB":0.6429685798,"XRPBTC":-8.3344432353,"XZCBTC":-1.4777846684,"BCHSVTUSD":-2.2953853472,"MCOBTC":-1.8176045702,"PIVXBTC":-3.3165161886,"SALTBTC":-3.9936944013,"LINKUSDC":-0.2463668964,"XRPUSDC":-7.9545702448,"WINGSBTC":3.2964914419,"TRXETH":-1.9335568912,"BNBUSDC":31.4724534654,"XRPPAX":-7.7469824537,"VIABTC":-4.7327100675,"XRPUSDT":-7.5693851477,"RDNBTC":0.9160269278,"SUBBTC":0.6700897051,"AEBTC":-1.4455364455,"HOTETH":2.3564156766,"EOSBTC":1.0235820454,"EOSPAX":1.7076964215,"TUSDBTC":-0.3351493034,"EVXBTC":-19.3746451864,"HCBTC":0.8219337708,"MDABTC":0.5217069599,"REPBTC":7.8174639466,"TRXXRP":-1.9604879819,"TUSDBNB":-0.7186000245,"QKCETH":4.3074872894,"XLMBNB":-11.8605004667,"NASBTC":-3.5067707153,"ZRXBTC":-9.3385971184,"GXSBTC":-0.1106785231,"BNBETH":31.6067065241,"BTCUSDT":-1.0072550776,"LTCETH":4.9597656047,"BNBUSDT":31.7076337699,"LSKBTC":-5.0206435527,"CLOAKBTC":4.6515824937,"WAVESTUSD":-9.9756583105,"NANOETH":-10.9179959992,"KMDBTC":-4.5263793141,"NEOBNB":-0.7072485659,"LINKUSDT":-1.9711326592,"XLMUSDC":-11.4977196234,"USDCTUSD":-0.0026628565,"LTCTUSD":5.0313344911,"XMRBTC":-1.1928952749,"XLMUSDT":-10.9099889811,"BCHABCBTC":-0.6738591355,"DLTBTC":-1.5676155987,"ETHPAX":-2.2302013572,"VETETH":-5.1478618438},"startDate":"2019-02-01","endDate":"2019-02-08","numDays":7,"excludedPairs":["AGIBNB","OSTBNB","RLCBNB","BTSETH","ENJBNB","WAVESUSDC","MITHBTC","WINGSETH","LENDBTC","BQXETH","ZECETH","DOCKBTC","HSRBTC","SYSETH","WABIETH","RDNBNB","DENTBTC","QTUMBNB","NULSBNB","BCNETH","VIBETH","QLCETH","SCETH","WPRBTC","BCCBNB","ELFBTC","STEEMETH","STORMETH","BCHSVUSDC","GTOBTC","CNDETH","YOYOBNB","VENUSDT","NPXSBTC","REPBNB","ENJBTC","BCCETH","NEBLETH","BCCBTC","VENBTC","OSTBTC","POWRBNB","TRIGBTC","DGDETH","YOYOBTC","LOOMBTC","POLYBNB","QSPBTC","ARDRBTC","MCOETH","ELFETH","RVNBTC","CVCBTC","MANABTC","CVCBNB","EDOETH","ONTETH","CHATETH","RENBNB","LRCETH","BTTBTC","PAXBNB","XZCXRP","ZILBTC","REQBTC","NCASHBTC","CNDBTC","KNCETH","BCPTBNB","ZILBNB","LINKPAX","OAXETH","SYSBNB","XEMBNB","IOTXETH","ZENBNB","POEBTC","RDNETH","PPTETH","KNCBTC","AGIETH","ASTBTC","SNMBTC","BLZBNB","AIONETH","VIBEBTC","CMTETH","DOCKETH","CVCETH","BCPTBTC","QLCBNB","BNTETH","RCNBTC","RLCETH","MCOBNB","BTSBTC","QTUMETH","CMTBTC","ENGETH","LSKBNB","WANBNB","FUNBTC","ADABTC","STORMBTC","HCETH","SNMETH","BLZETH","YOYOETH","WABIBNB","DATABTC","LSKETH","VIABNB","OSTETH","ASTETH","RCNETH","ARDRBNB","NCASHBNB","STORJETH","TRXPAX","SUBETH","NASETH","DCRBNB","QKCBTC","TNTETH","NANOBNB","POAETH","PIVXETH","PHXBTC","BCHABCUSDC","SCBTC","MITHBNB","TNBBTC","SKYBNB","BCCUSDT","AIONBNB","BTSBNB","GOBTC","PAXETH","QLCBTC","SCBNB","BTGETH","SNGLSETH","PIVXBNB","BNTBTC","FUNETH","ADXETH","SNTBTC","QSPBNB","BRDETH","GNTETH","DATAETH","PHXBNB","XVGETH","INSETH","AMBETH","ICNBTC","NCASHETH","RVNBNB","DNTBTC","BRDBNB","MTHBTC","SNGLSBTC","DASHETH","MDAETH","ETCBNB","RENBTC","ONTBNB","IOSTBTC","MFTBNB","CDTETH","CDTBTC","CNDBNB","LENDETH","ETCETH","DENTETH","VIBBTC","CMTBNB","TRIGETH","GRSETH","LUNETH","ARKETH","WTCETH","TRIGBNB","HOTBTC","FUELETH","BCNBTC","CHATBTC","NEBLBNB","RCNBNB","SALTETH","STORMBNB","SYSBTC","FUELBTC","TRXBTC","BCHSVPAX","GNTBNB","NAVETH","GOBNB","RPXBTC","LTCPAX","NAVBNB","GTOETH","GTOBNB","WPRETH","NULSETH","POEETH","APPCBNB","PHXETH","STEEMBNB","BCNBNB","HSRETH","QSPETH","SNTETH","NXSBNB","TRXUSDC","GVTETH","USDCBNB","VIAETH","ADXBNB","TNTBTC","POABNB","BTCUSDS","VENETH","LOOMETH","BCDETH","MFTBTC","USDCBTC","VETBNB","AEBNB","REQETH","VETBTC","ARDRETH","WANETH","XZCBNB","RPXETH","ENJETH","BCHABCPAX","PAXBTC","KMDETH","ICNETH","GNTBTC","AEETH","KEYBTC","APPCBTC","ICXBNB","DNTETH","IOTXBTC","XZCETH","RPXBNB","WAVESPAX","POABTC","NXSETH","BCPTETH","SKYETH","WTCBNB","GXSETH","MTHETH","NASBNB","APPCETH","KEYETH","VENBNB","MODETH","MANAETH","POWRETH","STRATETH","BNBUSDS","DLTBNB","LOOMBNB","TNBETH","IOSTETH","AMBBNB","XVGBTC","CLOAKETH","IOTABNB","ZENETH","VIBEETH","BLZBTC"]}