{"data":{"EOSUSDC":26.3391328792,"TRXPAX":-17.980170647,"BCHABCPAX":-9.5138606944,"BCHABCUSDC":-40.2279388257,"STRATBTC":50.4851206313,"USDCTUSD":8.9497814423,"BCHABCUSDT":-24.1643647562,"LINKUSDT":-21.7132324142,"INSBTC":-77.915168714,"ALGOUSDT":-25.5836186743,"NEBLBTC":44.2103100121,"TRXTUSD":-73.2658212349,"XMRUSDT":-43.9915126727,"IOSTUSDT":-84.2467951881,"EOSBTC":-12.4416153532,"OMGUSDT":-46.8341378762,"XRPUSDC":-57.0155096784,"IOTAETH":-21.2415832082,"ADAUSDT":-28.4395021966,"PIVXBTC":-53.1010098033,"BATBNB":272.3916190495,"XLMUSDT":-56.7729130233,"ZECETH":-32.9198543852,"ENJETH":64.1021848219,"LTCPAX":-15.6197845775,"KNCETH":27.9624544833,"BTCUSDS":-74.3189644316,"VETBNB":-43.8496915846,"DASHUSDT":-48.9410305691,"NULSBTC":2.4400199779,"SKYBTC":159.7987924237,"GRSBTC":17.594513062,"ATOMBTC":27.1772545982,"BTGBTC":-60.8829745634,"RVNBNB":-23.0830223912,"EOSUSDT":25.7541728893,"ENJUSDT":38.7709430999,"CELRBNB":46.8158956508,"BTTUSDC":-76.4142221279,"GASBTC":-48.681169999,"BTCTUSD":-26.926946845,"ONTBTC":-45.6104879918,"CELRUSDT":-27.2028314153,"BTCUSDC":-27.6965557048,"ONGBTC":39.3021442563,"ONEBNB":-32.3338305478,"ONGUSDT":29.743976245,"TUSDUSDT":31.1126203901,"BNBPAX":-38.7960020865,"ETHUSDT":-22.725199925,"BCHABCTUSD":15.1558953141,"BRDBNB":-31.8248135876,"TRXUSDT":-55.3047147823,"LTCUSDT":-42.6428434354,"VETUSDT":-39.310747133,"KNCBTC":51.7055006376,"WAVESUSDT":-75.6295703695,"PAXTUSD":-19.3233771643,"NANOBTC":-26.481166639,"BCHABCBTC":-42.4782705237,"LINKTUSD":10.928850757,"USDCPAX":69.2216575062,"ADAETH":1.2038167974,"EOSTUSD":121.1236222142,"ADAUSDC":-67.593402534,"ICXBTC":-20.2891564071,"LTCTUSD":28.6312060332,"ALGOBNB":136.6943774804,"XRPBNB":-32.6383711174,"BCDBTC":-39.0700051218,"FTMUSDT":108.5258224028,"BATUSDT":263.2170945085,"SKYBNB":-97.3718431478,"DOGEUSDT":-39.4874156843,"AIONBTC":186.8608748476,"RENBNB":44.4057286413,"AGIETH":-25.0826385952,"BNBUSDC":12.6767595552,"BTTUSDT":-48.9048316124,"TFUELUSDT":-41.1296447577,"PPTBTC":-63.7274171878,"FTMBNB":150.6236337851,"XMRBNB":-12.5016457875,"MCOETH":-1.3483827771,"THETAUSDT":-14.9929610274,"ETCUSDT":-12.3896890471,"NEOETH":-8.3314889007,"XLMBNB":-81.9338163901,"XRPETH":-22.0262770782,"FETUSDT":91.6037867128,"AEBTC":95.0517774211,"TRXBNB":-62.8011778317,"XRPUSDT":-29.3799952654,"FETBTC":128.7559702132,"XLMETH":-61.4831813666,"LINKETH":-22.0949187402,"MATICUSDT":-24.5270305441,"NEOBTC":-45.0422814425,"OMGBTC":-72.9397162723,"WABIBTC":-46.1008026857,"ALGOBTC":-0.7858399523,"ADABNB":-41.1848308516,"ATOMUSDT":-0.0642596629,"GXSBTC":5.5939784983,"BNBBTC":-56.9258201895,"XMRETH":38.6169970833,"LINKBTC":-43.5716539733,"RLCBTC":36.0836367984,"KMDBTC":-62.4963668258,"BTTBNB":-49.1774503531,"TRXUSDC":-86.3396568808,"NEOBNB":-80.2769428372,"ARKBTC":176.204632294,"LTCBNB":-68.6372717064,"NULSUSDT":-33.4755642591,"XRPTUSD":-53.3337335141,"TRXETH":-71.6791992008,"ZECBTC":-42.4402184018,"WAVESETH":-95.3466718208,"XZCBTC":1.4743572327,"NASBTC":-8.0509292027,"FETBNB":390.9167356121,"QTUMBTC":-22.3430216418,"EOSBNB":-37.9175899969,"MTLBTC":-36.2042899919,"ONTUSDT":-29.7514821078,"WAVESBTC":-87.1887580986,"RENBTC":44.795396453,"NXSBTC":745.2068756418,"OMGETH":-80.1727784314,"ZECUSDT":-40.8110644529,"MATICBNB":-56.1654287424,"BTCUSDT":-32.3016286739,"ERDBNB":-34.1620382807,"LSKBTC":-81.9819222162,"LUNBTC":-29.10260945,"STEEMBTC":38.8073864909,"ADXBTC":184.9567864616,"LTCUSDC":-21.2280177327,"VETETH":-19.6611328459,"WTCBTC":-16.5467942684,"PAXUSDT":65.3857660878,"ARNBTC":-9.1980633837,"ETHPAX":46.8175161747,"USDCUSDT":2.3183932263,"BNBUSDT":-53.5072523685,"WTCETH":14.3443268486,"ETCETH":-39.6408962144,"ONEUSDT":-30.8655366314,"RDNBTC":-69.8330936273,"MCOBTC":-20.8870827018,"QTUMUSDT":-35.2365901335,"MDABTC":83.5346986846,"LTCBTC":-29.5665617289,"ETHTUSD":-30.5884301985,"EOSPAX":2995.6511596295,"ERDUSDT":-60.9548397779,"ETHUSDC":-24.7991983691,"LTCETH":-4.3889132297,"THETAETH":-19.1788633796,"DGDBTC":-54.9375923815,"NEOUSDT":-33.8607848628,"BNBTUSD":-69.0977233345,"HCBTC":-85.5985526951,"WANBTC":163.0042858192,"BNBETH":-15.7970013874,"IOSTETH":-91.4418976283,"IOTABNB":-26.5481462121,"ETHBTC":-28.7697116078,"DCRBTC":21.0839071493,"EVXBTC":644.5609449367,"REPBTC":-45.4682877929,"ENGBTC":-45.6269024449,"ICXUSDT":-29.0740448683,"LRCETH":-10.2449759282,"IOTAUSDT":-36.4454576279,"NANOUSDT":-35.0390939661,"LINKUSDC":69.9150313071,"DASHETH":-23.4663730792,"ICXETH":-58.2505507916,"XMRBTC":-14.9313052812,"NANOETH":-48.889531646,"ETCBTC":-24.1301057394,"BATBTC":185.4246382669,"HOTUSDT":-26.2904659955,"ZRXUSDT":-33.1657862746,"STORJBTC":-5.3943019917,"BTCPAX":18.5290294104,"THETABTC":-18.151981458,"EOSETH":7.1228333691,"ZILUSDT":-45.4977357586,"NANOBNB":-31.0310397318,"MITHUSDT":23.2574709794,"WANETH":123.7019516018,"DASHBTC":-55.3659015126,"BATETH":8.3445651357,"VIABTC":408.5943127861,"ZILETH":-48.9746072336,"XRPPAX":104.7859879658,"GVTBTC":-53.479287081,"IOTABTC":-51.5960272036,"HOTBNB":-7.9471087272,"ADATUSD":-59.4231087734,"TRXXRP":-66.5901026271,"ZENBTC":36.1754001774},"startDate":"2019-07-21","endDate":"2019-07-28","numDays":7,