{"data":{"ETHTUSD":2.9755795735,"USDSUSDC":-0.1065977135,"LUNBTC":-15.3860056679,"ETCETH":0.9133779966,"XRPUSDC":-2.5415898706,"ARKBTC":-19.2746092634,"TFUELUSDT":-9.5224556255,"STRATBTC":-13.6015867487,"XLMETH":-7.3209750322,"NEBLBTC":-22.4497375703,"ONTUSDT":-5.9540926782,"RDNBTC":-1.6583021251,"PIVXBTC":-21.9574254388,"NANOBTC":-8.9476853046,"ENJUSDT":-18.1651298511,"MDABTC":-1.7994322341,"LTCETH":-8.6342843208,"IOSTUSDT":6.2424898468,"STORJBTC":-9.2896393809,"OMGETH":-7.9759421406,"PAXTUSD":-0.0553121523,"XLMBTC":-7.6932689957,"DUSKBNB":20.307906345,"WAVESETH":-3.3361479125,"BATUSDT":-8.809801295,"BCHABCUSDT":1.9503110503,"FTMUSDT":-6.7969654202,"LTCBTC":-8.9317132027,"FTMBNB":-7.8285839405,"ENJETH":-17.9756721073,"BTTUSDT":-5.9968598818,"VETUSDT":-8.9010280395,"USDCTUSD":-0.033515926,"NULSUSDT":-5.4281984884,"NANOBNB":-10.6393914314,"WINUSDC":-16.0003727518,"XMRUSDT":16.1426704244,"ZILUSDT":-17.3256991869,"KNCBTC":-14.1395140676,"EOSBNB":-3.31624836,"HOTUSDT":-18.5349136085,"EOSETH":-2.9057503251,"ZECBTC":-6.1126557243,"QTUMUSDT":-5.2806035152,"BCHABCTUSD":1.8563336693,"BNBETH":8.970264444,"WANBTC":-18.0246897895,"ZECETH":-6.1663409897,"RLCBTC":-7.1872010787,"EDOBTC":3.2067803182,"ZENBTC":7.596048905,"ELFBTC":-25.5317104812,"IOTAETH":-5.3854653888,"XMRBTC":14.469458753,"BTCUSDC":15.5606540223,"XZCBTC":-5.6136130878,"XRPBTC":-3.2151582367,"WABIBTC":-16.2206674323,"BATBTC":-8.9039939033,"THETAUSDT":-11.7437257744,"ANKRUSDT":13.9105360779,"DASHUSDT":-1.2041431368,"MITHUSDT":-11.2547206935,"EOSBTC":-3.5763784541,"TRXXRP":-0.4713498938,"XMRETH":15.3156213555,"MTLBTC":-20.0309515998,"PAXUSDT":0.2720275365,"NULSBTC":-6.4142797835,"ENGBTC":-6.3237540057,"ETHUSDT":3.6057323899,"INSBTC":-12.8830350379,"NASBTC":-11.2363773122,"FETBNB":-9.3635737912,"BNBUSDC":8.6125249844,"AEBTC":-7.8679755674,"WAVESBTC":-3.6016015449,"USDSUSDT":0.2069003061,"DOGEUSDT":1.5426759441,"LTCTUSD":-8.6567133045,"LTCPAX":-8.6047079088,"GASBTC":-8.3943805694,"TRXUSDT":-0.2230590409,"NANOUSDT":-9.5786266287,"BATETH":-8.8581922926,"BNBBTC":8.1990086882,"LINKUSDC":6.6256221199,"HCBTC":-21.0911676341,"XRPPAX":-2.2165490772,"BNBPAX":9.0097135088,"FETUSDT":-6.5583761441,"USDCPAX":0.3127583674,"POLYBTC":-16.1398366725,"NXSBTC":-8.916716246,"ERDUSDT":-4.8363322858,"OMGUSDT":-6.7720975517,"ADAUSDC":-11.5644632047,"ICXETH":-13.9183705723,"SKYBTC":-11.0555401906,"ERDBNB":-6.5363145771,"IOTAUSDT":-5.220067431,"ETCUSDT":1.7540774597,"ASTBTC":-23.8553830086,"ARNBTC":-4.9647176167,"XLMBNB":-7.296213135,"IOTABTC":-5.9000263321,"USDCUSDT":0.3334978223,"ETHUSDC":3.1374280628,"ALGOUSDC":16.3835626136,"LINKBTC":6.9523475307,"WTCBTC":-15.4299006887,"IOSTETH":4.2066713775,"VETBNB":-9.1905662589,"LTCBNB":-8.3408718218,"ANKRBNB":17.0160173664,"MATICUSDT":44.1704930113,"LTCUSDC":-9.2770471688,"REPBTC":-3.2234367387,"XRPTUSD":-2.3601961868,"ALGOBNB":19.3577927653,"ATOMBNB":-5.7008960995,"NEOBNB":-6.112124295,"ZRXUSDT":-13.0062093547,"KMDBTC":-16.0456787018,"ALGOUSDT":18.4920605921,"TRXBNB":-0.8628372723,"AIONBTC":-22.1391914816,"BCHABCBTC":1.5053545146,"MCOBTC":-12.7145091572,"ZECUSDT":-4.9729586096,"ONEUSDT":21.4817331182,"BTCUSDS":16.0259048121,"BTCPAX":16.2646081164,"DUSKBTC":21.1164546964,"BRDBNB":-17.4387075492,"ICXUSDT":-12.9665970752,"FUELETH":-18.0472434301,"WAVESUSDT":-1.9053098283,"OAXBTC":-13.6249099281,"THETABTC":-12.3362751625,"NEOBTC":-6.9683516598,"OMGBTC":-8.3075454278,"TUSDUSDT":0.3313782275,"ADAETH":-12.1472353528,"BCDBTC":-5.1795038027,"QTUMBTC":-6.1586509118,"DASHBTC":-1.6912985013,"LINKETH":8.1492246725,"KNCETH":-11.9378871047,"NEOUSDT":-5.9718089997,"RVNBNB":-7.6973007982,"GVTBTC":-20.7437149519,"ATOMUSDT":-7.1920853482,"ZRXBTC":-13.2624166744,"CELRBNB":6.1021494678,"TRXETH":-0.7153489292,"EOSUSDT":-2.8251707467,"CELRUSDT":7.1870298794,"ZRXETH":-13.0976540986,"XMRBNB":15.2479605062,"ATOMBTC":-7.4164342581,"BCHABCUSDC":1.4614718366,"STEEMBTC":-15.2788457752,"MATICBNB":42.9208637217,"BTGBTC":-10.7732295508,"VIABTC":-8.9101545096,"ARDRBTC":-4.8846924586,"WINUSDT":-18.8202562319,"NANOETH":-9.3274542712,"BNBUSDT":9.779650723,"VETETH":-8.4320798356,"BATBNB":-9.5957739118,"ETHBTC":2.724933914,"XRPUSDT":-2.099442583,"LRCBTC":-21.5573290684,"PPTBTC":-8.2603031578,"EOSUSDC":-2.9823601062,"XRPETH":-2.3430833735,"ETCBTC":0.8528265618,"EOSPAX":-2.5706839039,"HOTBNB":-19.4787965752,"BNBTUSD":9.2982619627,"BTCTUSD":15.3517432561,"GRSBTC":-13.7120273276,"RENBNB":22.333600511,"DGDBTC":32.1434007027,"ADAUSDT":-11.403150569,"BRDBTC":-17.850781756,"GXSBTC":-10.5091320754,"LINKUSDT":7.7085906901,"QKCETH":17.1364101492,"LSKBTC":-5.0066488514,"ALGOBTC":16.9887392178,"EVXBTC":2.4482322006,"ADABTC":-12.6297477375,"BQXBTC":-13.7392990366,"ZECBNB":-7.5337904402,"NEOETH":-6.6013604242,"LTCUSDT":-8.3114390917,"XLMUSDT":-6.7808864029,"BTCUSDT":16.4418173916,"ONEBNB":20.8936602875,"POWRBTC":-12.005701452,"ICXBTC":-13.5885085041,"ETHPAX":3.7778000317,"WINBNB":-19.8107274452,"TRXUSDC":-0.5378747616,"LINKTUSD":7.3016046432,"DCRBTC":1.1605536607,"DASHETH":-1.0669942237,"ZILETH":-17.4985936497,"ENJBTC":-18.6172848643,"NAVBTC":-30.7065137701,"XRPBNB":-2.9037839792,"LOOMBTC":-15.2351930918,"XEMBTC":-4.8860967684,"RENBTC":22.8579624026,"DUSKUSDT":21.7873188479,"BCHABCPAX":1.7724939917,"FETBTC":-7.5243179916,"ONTBTC":-6.7367187292,"ADABNB":-12.0067560516},"startDate":"2019-08-02","endDate":"2019-08-09","numDays":7,