{"data":{"EDOBTC":132.6022534923,"VIAETH":-93.1829384818,"FUELETH":178.7146367359,"QTUMBTC":13.3448041844,"THETABNB":-80.2652322523,"BATBTC":-53.7910323685,"WANBTC":-75.7089313917,"ETHUSDC":150.565578426,"XLMUSDC":-61.0612897561,"USDSPAX":-21.1545940865,"ETHPAX":46.12131562,"STORJBTC":-97.0380915203,"TUSDUSDT":4.218261216,"FETBTC":-39.2823199163,"RLCBTC":57.5352893967,"GASBTC":-73.717816746,"WTCBTC":-2.8162647099,"ENJBNB":0.7287152516,"NASBTC":-73.7200487109,"XRPPAX":-10.6589432135,"NULSBTC":-28.8468197929,"ETHBTC":-22.6190542436,"DASHBTC":38.6436390234,"GNTBTC":-76.5092310094,"MITHBTC":-63.8400610749,"PAXUSDT":0.9381257824,"BATUSDT":-55.9721748956,"WAVESETH":-65.0251065073,"EOSPAX":-29.5056876657,"KNCBTC":-31.8464434585,"BTCPAX":0.4030386177,"XZCBTC":124.7046165646,"MDABTC":-88.0943929737,"MDAETH":-91.9893823299,"TRXXRP":5.1206847463,"USDCPAX":-58.1823485724,"BCDBTC":86.0636518373,"WAVESBTC":-35.0170687776,"ICXETH":-39.1009171068,"HCBTC":59.065695264,"VETETH":45.8006260416,"ENJBTC":27.3123786609,"LTCUSDC":124.2934962749,"MCOBTC":-66.8203556516,"GRSBTC":-91.5252799512,"POLYBTC":-87.5690580806,"AEBTC":-20.4072897851,"LTCETH":5.3509422899,"AGIETH":7.6814922132,"ZECBTC":50.4479794123,"XRPUSDC":-15.13028296,"ICXUSDT":-52.1697757342,"AIONBTC":-61.8340372427,"ONTBTC":54.894975091,"QTUMETH":30.4160311783,"NEOETH":32.840105654,"BNBUSDT":-29.0948131234,"LINKUSDC":-81.2921371638,"EOSTUSD":-60.8989952689,"PPTBTC":69.3976699894,"FETUSDT":-36.7006939524,"XZCXRP":46.8745651124,"EOSBTC":-32.8899450642,"EOSUSDT":-29.910184593,"VIABTC":-90.1594634395,"STEEMBTC":-75.4620530933,"XMRBTC":39.8888549978,"ZILUSDT":-32.7537397805,"USDCUSDT":28.244359977,"ENGBTC":-68.577036268,"ONGBNB":189.4966337186,"DLTBTC":-59.2051055029,"NEOBNB":0.4541743219,"REPBTC":-65.5385788928,"EVXBTC":-28.6190398822,"NAVBTC":56.1853022484,"EOSUSDC":-66.2173284726,"LINKTUSD":-85.0048624956,"RLCETH":152.1233925248,"LTCPAX":-38.4354652571,"INSBTC":-33.6785650432,"ICXBTC":-45.5449243737,"WABIBTC":-83.5807450207,"BTCUSDT":-38.2278243976,"POWRBTC":-82.8065289294,"ONGUSDT":656.02700645,"SKYBTC":-57.1570102512,"XRPETH":-36.295224598,"ETHUSDT":12.5586454305,"ARNETH":-62.0711288229,"STRATBTC":-62.589442879,"ETCUSDT":-28.2719436794,"LOOMETH":-89.1191332338,"ADXBTC":-87.7769304435,"TRXBNB":-4.4127909058,"BQXBTC":-73.0455079866,"NULSUSDT":-80.1488825041,"MTLBTC":22.3638333778,"BNBBTC":-32.8009376495,"GXSBTC":-41.9322774484,"WAVESUSDT":-13.0304828216,"BTTUSDT":-31.4493035004,"ETCBTC":-32.9120829553,"BCHSVBTC":101.7455546484,"RDNBTC":-58.2272460774,"XRPUSDT":-9.1800919164,"KMDETH":93.7482524224,"LSKBTC":28.5984931823,"NEOUSDT":53.4308493872,"BNTBTC":-21.2575754455,"BNBUSDC":11.4143289246,"NEBLBTC":82.3663029213,"TRXUSDT":-32.7943875752,"XRPTUSD":-66.1446157892,"XLMTUSD":-52.7267850472,"HOTBNB":35.2349684827,"LTCBTC":18.7231264254,"BCHABCBTC":516.0160611742,"ARKBTC":-94.0951438427,"BCHABCTUSD":546.463601844,"GRSETH":-90.8936767801,"CVCBTC":-66.2456232736,"LINKETH":-72.2452184122,"XLMBTC":-33.2112276196,"BNBETH":9.6582242418,"LINKBTC":-74.9150708288,"OAXBTC":266.8476470089,"BTGBTC":45.6169196162,"XRPBTC":-16.0595183632,"NANOBTC":-70.2850106378,"ENJETH":5.888775127,"QTUMUSDT":38.329198711,"AGIBTC":53.7092658698,"EOSBNB":-34.3847885719,"TRXETH":-18.9168281047,"THETAETH":-84.6655534672,"AMBBTC":-24.2654469369,"DCRBTC":-9.7578536415,"ZRXBTC":-76.6670503282,"ADABNB":-41.3700954515,"ADATUSD":-70.6998736647,"LUNBTC":-85.3638902593,"VETUSDT":-30.7375701431,"NEOTUSD":180.2729408562,"THETABTC":-84.8914344734,"LTCTUSD":-20.512406381,"LTCUSDT":2.5365107252,"LINKUSDT":-67.0750118036,"ARNBTC":-73.3920785899,"BCHSVTUSD":381.1401212755,"BCDETH":161.3043938017,"WANETH":-74.7242427897,"ZENBTC":212.4256357552,"GVTBTC":-59.8461075285,"BCHABCUSDT":525.7986209631,"BTTBNB":-40.7395886377,"XLMETH":-16.1184407159,"OMGETH":-51.4756163644,"APPCBTC":-35.4535523163,"BTCUSDC":8.4726386269,"NXSBTC":-83.7709088522,"ADAUSDT":-52.2432701922,"XRPBNB":-21.2526949907,"ONTBNB":51.6865541972,"PIVXBTC":-57.7660078502,"NEOBTC":-7.4399808268,"FETBNB":-64.1658789118,"OMGBTC":-42.4138180982,"XLMUSDT":-46.948082262,"ADAETH":-62.3048875488,"DGDBTC":-80.593968017,"LTCBNB":-30.1620067134,"KMDBTC":134.5945522375,"BRDBTC":-9.4619734158,"EOSETH":-43.4004535192,"ONTETH":156.7267776053,"XLMBNB":-18.5951549364,"ELFBTC":-36.3332021374,"BCHSVUSDT":101.6651697119,"ONTUSDT":40.5264955973,"HOTUSDT":11.1512054415,"ZRXUSDT":-77.8460256417,"ZILETH":-25.489932543,"IOTABTC":2.5728363386,"BNBPAX":-3.0325218441,"IOTAUSDT":10.0138898056,"ONGBTC":262.8362936821},"startDate":"2019-03-11","endDate":"2019-03-19","numDays":7,"excludedPairs":["SALTETH","NULSBNB","BTTBTC","CNDETH","DATABTC","CLOAKETH","BCPTBNB","BATETH","GNTETH","BLZBNB","BCNBNB","BNBUSDS","QTUMBNB","CMTBTC","LOOMBTC","TRXBTC","BTSBTC","QLCBTC","RPXETH","ARDRETH","POWRETH","ETCETH","NASBNB","XVGETH","TRIGBNB","TRIGBTC","AMBBNB","GOBTC","GTOBTC","NCASHBNB","RCNETH","ARKETH","STORMETH","REQETH","CDTBTC","BTSETH","POABNB","XZCBNB","ZRXBNB","MFTBTC","STRATETH","FUELBTC","NULSETH","MCOETH","YOYOBTC","ZRXETH","GXSETH","AEETH","REQBTC","RDNETH","PAXETH","QSPBNB","AEBNB","NANOETH","USDCTUSD","GTOBNB","BTCUSDS","RPXBTC","ADABTC","EVXETH","BTTTUSD","ZILBTC","VENUSDT","HSRBTC","RENBTC","WAVESUSDC","BTGETH","YOYOBNB","OAXETH","CMTETH","SYSETH","NPXSBTC","YOYOETH","OSTBNB","MITHBNB","EDOETH","TRXPAX","TNBBTC","SKYBNB","HCETH","FUNETH","BQXETH","TUSDBNB","SYSBNB","USDCBNB","NEBLBNB","MTHETH","ELFETH","WANBNB","LSKETH","BCHSVUSDC","BCCETH","LINKPAX","BCNETH","AIONETH","VIBEBTC","WINGSBTC","NAVBNB","MTHBTC","LSKBNB","ASTBTC","ARDRBNB","BCNBTC","RCNBNB","CNDBNB","DCRBNB","MCOBNB","IOTABNB","REPBNB","DATAETH","PPTETH","QLCETH","VETBNB","QLCBNB","PIVXETH","SNGLSETH","ICXBNB","WINGSETH","DLTBNB","WABIETH","PAXBNB","SKYETH","DENTBTC","NEBLETH","RVNBTC","VIBBTC","NASETH","ADXETH","LRCETH","STORMBTC","RLCBNB","ADXBNB","POEBTC","DENTETH","POABTC","MFTBNB","POAETH","RPXBNB","DOCKBTC","TUSDBTC","PAXTUSD","TRIGETH","XEMETH","XMRETH","IOTXETH","DASHETH","AIONBNB","ETCBNB","TNTBTC","PAXBTC","HSRETH","WAVESBNB","TRXTUSD","MANABTC","BLZETH","LRCBTC","VIBETH","XMRUSDT","SNTBTC","CMTBNB","NCASHBTC","XEMBTC","GOBNB","BCHABCPAX","NANOBNB","STEEMBNB","MANAETH","RCNBTC","GTOETH","KNCETH","BTSBNB","RVNBNB","ICNBTC","TNTETH","CLOAKBTC","BNTETH","SALTBTC","PHXBNB","XZCETH","BNBTUSD","USDSTUSD","BTCTUSD","SUBETH","OSTETH","ETHTUSD","DOCKETH","SNMBTC","CNDBTC","GNTBNB","POWRBNB","LENDBTC","BCHABCUSDC","MFTETH","SCETH","STORJETH","SCBNB","OSTBTC","ARDRBTC","BRDBNB","CVCETH","TRXUSDC","USDSUSDC","MODETH","APPCBNB","BCHSVPAX","KEYETH","WTCBNB","PIVXBNB","LENDETH","TNBETH","AMBETH","BCCBTC","USDSUSDT","ASTETH","NXSETH","QKCETH","IOTAETH","NPXSETH","MTLETH","USDCBTC","APPCETH","POLYBNB","XLMPAX","SNGLSBTC","WAVESTUSD","BCPTETH","WPRBTC","DNTBTC","WAVESPAX","NXSBNB","FUNBTC","VETBTC","DLTETH","QKCBTC","VENBNB","RDNBNB","QSPBTC","STEEMETH","POEETH","LOOMBNB","VENBTC","BATBNB","CHATETH","RENBNB","VIBEETH","ICNETH","ZECETH","REPETH","SNTETH","IOSTBTC","BTTUSDC","BCPTBTC","ENGETH","BRDETH","XVGBTC","PHXETH","QSPETH","NCASHETH","SYSBTC","SCBTC","GVTETH","VENETH","IOSTETH","MODBTC","SUBBTC","CDTETH","XMRBNB","DGDETH","DNTETH","ZENBNB","CVCBNB","BCCBNB","CHATBTC","KEYBTC","VIABNB","STORMBNB","XEMBNB","AGIBNB","WABIBNB","BLZBTC","BTTPAX","WTCETH","INSETH","BCCUSDT","PHXBTC","HOTETH","LUNETH","SNMETH","HOTBTC","IOTXBTC","ZENETH","WPRETH","NAVETH","ZILBNB","TUSDETH"]}