{"data":{"EOSUSDC":0.6323097137,"TRXPAX":-22.7480918941,"BCHABCPAX":-5.8346920306,"BCHABCUSDC":-5.6387038067,"STRATBTC":-5.1643649923,"USDCTUSD":0.0046060751,"BCHABCUSDT":-5.4310094052,"LINKUSDT":-13.0617837758,"INSBTC":-19.1761835023,"ALGOUSDT":-15.2401529423,"NEBLBTC":-11.2049544489,"TRXTUSD":-23.3824426953,"XMRUSDT":-6.2944701641,"IOSTUSDT":1.6535101317,"EOSBTC":0.7442730709,"OMGUSDT":-6.4623471289,"XRPUSDC":-6.8486173472,"IOTAETH":-10.8774179295,"ADAUSDT":-5.2902813839,"PIVXBTC":-6.9676109884,"BATBNB":2.1098359026,"XLMUSDT":-9.8995141501,"ZECETH":-10.3068131829,"ENJETH":-5.7246528846,"LTCPAX":-9.4857884523,"KNCETH":-2.8858244848,"BTCUSDS":-11.1256253013,"VETBNB":-5.9370529294,"DASHUSDT":-5.4209375936,"NULSBTC":-10.7772936872,"SKYBTC":-4.7591026006,"GRSBTC":-2.5498417057,"ATOMBTC":-10.2853306562,"BTGBTC":-30.2057731228,"RVNBNB":-2.4959450084,"EOSUSDT":1.4444422666,"ENJUSDT":-5.1690276354,"CELRBNB":-18.605437974,"BTTUSDC":-30.3445462426,"GASBTC":-10.3023518799,"BTCTUSD":-11.0135367959,"ONTBTC":-4.7536401638,"CELRUSDT":-17.1147960598,"BTCUSDC":-11.2049544489,"ONGBTC":-5.9217813179,"ONEBNB":-15.7771388598,"ONGUSDT":-1.6721789222,"TUSDUSDT":0.4005535831,"BNBPAX":-9.9291375647,"ETHUSDT":-8.0145681329,"BCHABCTUSD":-5.3967893143,"BRDBNB":-13.7790950929,"TRXUSDT":-23.7291787292,"LTCUSDT":-11.4518352566,"VETUSDT":-4.8282837966,"KNCBTC":-3.4577357095,"WAVESUSDT":-8.5212684084,"PAXTUSD":-0.0037725897,"NANOBTC":14.2923168176,"BCHABCBTC":-7.2598829886,"LINKTUSD":-13.6568388038,"USDCPAX":0.3897689934,"ADAETH":-5.126127188,"EOSTUSD":0.4477508251,"ADAUSDC":-5.1368495764,"ICXBTC":-2.608503758,"LTCTUSD":-11.8000587393,"ALGOBNB":-18.2203908872,"XRPBNB":-7.6965070335,"BCDBTC":-9.1386685457,"FTMUSDT":16.4287668777,"BATUSDT":3.3079184622,"SKYBNB":-5.2583154143,"DOGEUSDT":-8.8150982554,"AIONBTC":7.8828166256,"RENBNB":24.129045741,"AGIETH":9.749507719,"BNBUSDC":-10.8227295251,"BTTUSDT":-20.9300975383,"TFUELUSDT":1.7771504844,"PPTBTC":-7.4119153395,"FTMBNB":15.2287941234,"XMRBNB":-8.2563748238,"MCOETH":-7.6016888233,"THETAUSDT":3.8706249691,"ETCUSDT":-2.9922812265,"NEOETH":-14.5672775898,"XLMBNB":-11.4015485991,"XRPETH":-6.1644917973,"FETUSDT":-9.2405282233,"AEBTC":-6.7681999784,"TRXBNB":-24.4375944724,"XRPUSDT":-6.0428182125,"FETBTC":-9.6786493181,"XLMETH":-10.1405760525,"LINKETH":-13.3720050064,"MATICUSDT":-11.7514928778,"NEOBTC":-15.5587577441,"OMGBTC":-7.1849464544,"WABIBTC":0.704962242,"ALGOBTC":-17.0368603317,"ADABNB":-6.308992343,"ATOMUSDT":-9.1630284901,"GXSBTC":-10.4589766026,"BNBBTC":-10.5752001688,"XMRETH":-7.1202501337,"LINKBTC":-14.4514630325,"RLCBTC":-2.2034515022,"KMDBTC":-9.1206359262,"BTTBNB":-22.6013612545,"TRXUSDC":-25.8261703688,"NEOBNB":-14.9769157076,"ARKBTC":16.2981969149,"LTCBNB":-12.1515232414,"NULSUSDT":-9.3750385443,"XRPTUSD":-6.3969072291,"TRXETH":-23.3703471691,"ZECBTC":-11.2975543996,"WAVESETH":-7.9788123689,"XZCBTC":-7.6722129993,"NASBTC":-4.6428974502,"FETBNB":-10.2764973921,"QTUMBTC":-11.2107664037,"EOSBNB":0.8588416488,"MTLBTC":-6.5603638152,"ONTUSDT":-2.8019923312,"WAVESBTC":-9.1441080227,"RENBTC":24.0279420656,"NXSBTC":1.0426380409,"OMGETH":-5.7491622294,"ZECUSDT":-10.1840841583,"MATICBNB":-13.1750941958,"BTCUSDT":-10.5085331973,"ERDBNB":-25.2204177042,"LSKBTC":-0.3661526191,"LUNBTC":-3.5491920511,"STEEMBTC":-5.3511714802,"ADXBTC":3.1740539789,"LTCUSDC":-10.6616154103,"VETETH":-4.8523804634,"WTCBTC":1.2526010088,"PAXUSDT":0.3547253204,"ARNBTC":-1.4456915203,"ETHPAX":-7.1180368457,"USDCUSDT":0.3997371596,"BNBUSDT":-9.0493693632,"WTCETH":3.3441106917,"ETCETH":-3.4969239855,"ONEUSDT":-13.3892869567,"RDNBTC":-13.1159930926,"MCOBTC":-8.4848622458,"QTUMUSDT":-9.5231603552,"MDABTC":-3.7887922445,"LTCBTC":-12.3775458712,"ETHTUSD":-8.9111265425,"EOSPAX":-0.9474797166,"ERDUSDT":-23.1030245267,"ETHUSDC":-8.0806652561,"LTCETH":-11.2212099465,"THETAETH":2.7606761316,"DGDBTC":-2.7430892736,"NEOUSDT":-14.4053333833,"BNBTUSD":-10.79940259,"HCBTC":-7.7788854488,"WANBTC":11.3583186201,"BNBETH":-9.8813007893,"IOSTETH":1.184917724,"IOTABNB":-12.3387686412,"ETHBTC":-9.2019589239,"DCRBTC":-12.6326556259,"EVXBTC":2.1120220796,"REPBTC":-13.4557652854,"ENGBTC":-8.4547549055,"ICXUSDT":-1.7013130388,"LRCETH":5.2190922161,"IOTAUSDT":-10.79835984,"NANOUSDT":13.3262435668,"LINKUSDC":-14.3355407984,"DASHETH":-5.5749503595,"ICXETH":-1.8686782518,"XMRBTC":-8.0134374589,"NANOETH":13.1759556503,"ETCBTC":-4.3371356511,"BATBTC":2.0072759365,"HOTUSDT":-12.3296259317,"ZRXUSDT":-7.4315468945,"STORJBTC":-2.7842692781,"BTCPAX":-10.17070678,"THETABTC":2.0165104834,"EOSETH":1.9652850606,"ZILUSDT":-8.7571726939,"NANOBNB":11.8813130439,"MITHUSDT":-3.9655260544,"WANETH":11.4708110405,"DASHBTC":-6.2761718756,"BATETH":2.1428815971,"VIABTC":-5.2706997878,"ZILETH":-9.2682535603,"XRPPAX":-5.8354675143,"GVTBTC":-7.5059286356,"IOTABTC":-11.7893246072,"HOTBNB":-13.1503929547,"ADATUSD":-6.0087981426,"TRXXRP":-24.2493421795,"ZENBTC":13.2952407848},"startDate":"2019-07-21","endDate":"2019-07-28","numDays":7,