{"data":{"LTCPAX":-15.8642847162,"DUSKUSDT":37.8946743886,"IOTAETH":-9.2529201118,"EOSBTC":-11.6180612785,"GXSBTC":-34.6561444092,"LINKUSDC":3.8773903508,"WAVESUSDT":-6.7192525893,"ADAUSDT":-5.2463008213,"MDABTC":-1.2624671533,"XRPBTC":-10.0468492871,"LTCUSDT":-16.1147919493,"XRPBNB":-10.423394718,"OMGUSDT":-14.7301379016,"MTLETH":22.1670313103,"ONTUSDT":-13.818129994,"HOTUSDT":-8.8379306525,"PPTBTC":-16.2211046249,"WAVESETH":-5.7758518119,"ETCBTC":-0.5872747813,"ANKRPAX":-29.0393548358,"RLCBTC":-20.0431774353,"QTUMUSDT":-8.2320790676,"DUSKUSDC":47.7452667553,"VIABTC":-7.0105813417,"THETAETH":2.1303652493,"ETHUSDC":-10.6770483392,"EOSETH":-11.8348972599,"ETCETH":0.1643486128,"ALGOBNB":-15.2913868851,"ERDUSDT":18.7973519676,"BNBBTC":-9.4763623452,"BNBUSDC":-9.7749393232,"BNBTUSD":-9.7782631383,"TRXBNB":-20.2262855111,"LRCETH":-2.3185713526,"XMRETH":-8.0629772501,"MTLBTC":20.6673648407,"NANOUSDT":-3.5519558789,"XLMUSDT":-9.6869024617,"ONEUSDT":-1.5835726536,"ENJBNB":-4.6430039382,"LTCETH":-16.109252134,"NEOBNB":-8.7179696255,"COSUSDT":2.936093857,"MCOBTC":-10.4699699907,"ALGOBTC":-14.8332037419,"ETHUSDT":-10.9279029942,"DGDBTC":-19.6801288118,"BCHABCUSDT":-4.4111528445,"CELRUSDT":-5.9147908629,"ONTBTC":-13.5591382597,"GTOUSDT":-15.8922515053,"DUSKBTC":37.3282858558,"BTGBTC":-14.5440957994,"MATICBNB":0.0188331549,"ALGOUSDT":-16.019771133,"IOTAUSDT":-9.3216439996,"ZECETH":-16.8981954528,"ICXBTC":-10.5249435771,"IOSTETH":-12.9728218269,"ANKRUSDT":-29.1998643838,"STEEMBTC":-13.080093908,"PIVXBTC":-9.8782860463,"ONTETH":-13.7839917879,"WINBNB":-8.3639479312,"EVXBTC":-6.4236532614,"XRPTUSD":-10.5234148996,"DUSKBNB":37.1211380127,"BATETH":-14.7981307679,"ENJETH":-4.8165576507,"TRXUSDT":-20.0508304478,"ONEBNB":-1.5178979359,"XMRBNB":-8.1269961731,"NEOUSDT":-8.4908980199,"HCBTC":22.6214996551,"NXSBTC":-15.5726314918,"NEOBTC":-8.1396768407,"BNBETH":-9.2866752617,"FTMUSDT":-24.5712101024,"WINUSDT":-8.5405676966,"ENGBTC":-9.2777102501,"RVNBNB":-11.3680296195,"BTCUSDC":-8.8872969537,"LTCTUSD":-15.8230517699,"BCHABCUSDC":-4.6474113846,"ICXUSDT":-11.0572947202,"XMRBTC":-7.6473158976,"LUNBTC":-7.7277521997,"ADAETH":-4.5043395553,"EOSPAX":-12.3204111026,"WAVESBTC":-5.9463580952,"OMGETH":-13.8160688223,"ANKRUSDC":-29.072442704,"ONGBTC":-14.6160891081,"FTMBNB":-24.4127790758,"AEBTC":-13.1985021676,"XRPUSDT":-10.5567315114,"TFUELUSDT":-10.8225999816,"GVTBTC":-13.7888141303,"ZILUSDT":-12.4294307974,"DCRBTC":-3.5665400217,"DASHUSDT":-10.4478338457,"BCHABCBTC":-4.1668882894,"QTUMBTC":-8.2121054762,"DOGEUSDT":-6.5030611543,"RENBTC":-22.8978576736,"BTCTUSD":-9.1283691129,"NANOETH":-3.4793041304,"LINKETH":3.7849127185,"PAXTUSD":-0.0010841136,"GRSBTC":-11.4905170407,"IOSTUSDT":-12.5186869944,"MATICUSDT":0.426381995,"EOSUSDC":-12.1219937405,"LINKTUSD":3.9412759625,"HOTBNB":-9.341611416,"ATOMBTC":-13.1716035953,"COSBNB":1.2336653375,"BCDBTC":-7.4957268208,"OMGBTC":-14.0234966522,"ADABNB":-5.2401214321,"RDNBTC":-17.6154962876,"NEOETH":-8.237637764,"WTCBTC":-7.6096968135,"BCHABCTUSD":-4.8112356898,"BTTUSDT":-13.269573984,"XRPUSDC":-10.0943406981,"SKYBTC":-20.1450087464,"XRPETH":-10.6533034999,"NASBTC":-18.7231088096,"KMDBTC":-8.150906614,"NULSUSDT":-7.9289313752,"ZRXBTC":-10.4718657023,"THETAUSDT":1.4891209855,"ADATUSD":-5.2703734171,"ZECUSDT":-18.3125455915,"ONGUSDT":-15.2320561825,"LINKPAX":3.9802133996,"ETHBTC":-10.4085038648,"ANKRBNB":-29.0355744569,"VETBNB":-7.3974448333,"ZRXUSDT":-11.1860094156,"BATBNB":-15.3883842462,"XLMETH":-9.3996817142,"RENBNB":-22.3474870006,"ERDBNB":18.1210813859,"ARKBTC":-15.5381570507,"WANBTC":-11.6834847242,"EOSUSDT":-12.1980375663,"ENJUSDT":-5.1822513036,"USDCUSDT":-0.2377533241,"BCHABCPAX":-4.3768814945,"REPBTC":-5.4888640002,"BNBPAX":-9.9848311665,"TRXETH":-19.893479329,"LSKBTC":-4.450209928,"KNCBTC":-0.8108246615,"XRPPAX":-10.6604533699,"NEBLBTC":-15.3989341914,"EOSBNB":-11.9977871275,"TUSDUSDT":-0.1777482189,"FETUSDT":-15.0493378226,"USDSUSDT":-0.1475585681,"ARNBTC":-16.0432221054,"CELRBNB":-5.3682206666,"LINKBTC":4.4970957216,"ETHTUSD":-10.4013705853,"STRATBTC":-16.4819695595,"XMRUSDT":-7.8425986883,"ADAUSDC":-5.3773592366,"NULSBTC":-7.6470433705,"PAXUSDT":-0.174282769,"VETUSDT":-7.4883261951,"BNBUSDT":-9.7343687459,"GASBTC":-14.2864857835,"BRDBNB":47.3465386321,"USDCPAX":-0.1951023366,"LTCUSDC":-15.6723610339,"BTCUSDS":-8.9195181614,"BTCUSDT":-9.2747642654,"THETABTC":1.9530541462,"ATOMBNB":-14.7196616201,"ZENBTC":-25.38851491,"USDCTUSD":-0.0308178132,"ATOMUSDT":-13.1279360598,"IOTABTC":-8.8872969537,"BTCPAX":-9.3476818126,"DASHETH":-10.0460032821,"MITHUSDT":-6.5517123971,"BATUSDT":-15.1420328216,"BCPTETH":-5.3524791032,"ETCUSDT":-0.8418749983,"XZCBTC":-19.5993385438,"ETHPAX":-11.2480334898,"TRXUSDC":-19.8183029712,"ELFETH":-0.9672082032,"ZECBTC":-17.4386535799,"ZRXETH":-10.705065529,"ALGOUSDC":-16.8039787879,"ICXETH":-10.449379595,"NANOBTC":-3.1128295896,"LTCBTC":-15.880470043,"ZILBNB":-12.8783674704,"EDOBTC":-19.8351791976,"AIONETH":-6.9609112204,"ZILETH":-12.5009080397,"WINUSDC":-8.5647823772,"VETETH":-7.7314608068,"DASHBTC":-9.6354294515,"TRXXRP":-19.6256386443,"LTCBNB":-16.0552394428,"BRDBTC":48.3308986794,"LINKUSDT":3.8654074489},"startDate":"2019-08-09","endDate":"2019-08-21","numDays":7,