{"data":{"DCRBTC":-50.0671312135,"XLMETH":86.1256862975,"XLMBTC":20.9401426478,"LTCUSDT":588.6426760056,"BRDBTC":-43.5556745187,"GRSBTC":468.3988315965,"BCHABCUSDT":1685.6885060835,"WAVESBTC":81.9665597183,"BNTBTC":-7.4642417215,"ARNBTC":-26.0954675769,"NAVBTC":-43.5197244136,"VETBNB":245.3997523956,"ONTBTC":327.9882661191,"INSBTC":-53.1414937862,"FETUSDT":-30.6481012043,"AIONBTC":-13.4979494547,"BTCUSDS":851.7095558625,"ASTBTC":-83.0629395025,"EDOBTC":-39.9139555587,"XEMBTC":156.8460034062,"ADAETH":87.6242354584,"BTTBNB":53.1358814521,"MANABTC":-93.9175413069,"GOBTC":165.4867636595,"MCOBTC":-56.1124315953,"XZCBTC":23.9001829118,"TRXTUSD":291.9019315505,"NASBTC":103.321878323,"ENJBNB":527.9200418974,"GVTBTC":-20.549724466,"ZECUSDT":163.9338698031,"NULSUSDT":-54.4172296068,"XLMUSDT":187.9920457156,"LTCUSDC":1618.342856526,"USDCUSDT":228.4034621257,"GASBTC":8.6382179088,"TRXETH":167.3323393052,"DGDBTC":-24.2254746613,"ADXBTC":-71.8936916045,"BTCPAX":192.5821230914,"ONTETH":417.5925471624,"ZECBTC":48.0793453465,"WABIBTC":-93.2013220179,"CELRBNB":-79.31096225,"EOSETH":61.2185568003,"QTUMUSDT":-58.8920416584,"NEOBNB":1426.8287343703,"RCNBTC":-54.3746983584,"LINKETH":13.2177409974,"OMGETH":236.6528617217,"ETCUSDT":254.3666163129,"BCHABCBTC":1353.2939748305,"ZILUSDT":313.3118062777,"CELRBTC":-76.4878612837,"LSKBTC":387.3276166618,"ZRXUSDT":99.0933587505,"EOSTUSD":43.9732781323,"LINKUSDT":61.0167286543,"RDNBTC":-62.3521107704,"ONTBNB":406.824909395,"ETHBTC":137.6382636114,"TRXBNB":121.0969596085,"BNBBTC":1.8254972648,"STEEMBTC":-35.9711541192,"BNBUSDC":607.2796882694,"LTCTUSD":1138.6557219351,"NEOBTC":694.9821452947,"ZRXBTC":20.1373896149,"FETBNB":-44.9552240599,"IOTAETH":74.7418423811,"ADABTC":114.5418594535,"IOTAUSDT":306.5495294815,"USDSPAX":347.6147237499,"EVXETH":66.5266405868,"RLCBTC":2.2956407053,"BTTUSDT":197.7229032635,"BTGBTC":208.8749647053,"BCHABCPAX":3523.0736023052,"STRATBTC":36.9702116087,"ELFBTC":95.8257412431,"EOSBNB":-0.9283804298,"BLZBTC":-52.4137302541,"BATBTC":-58.1818128044,"XRPUSDC":445.3285050336,"USDCPAX":217.910803833,"SYSBTC":65.9646694833,"LRCBTC":6.1886983188,"DLTBTC":-79.2819090284,"BATBNB":-63.5979849082,"XRPBNB":151.7752564401,"BATUSDT":-39.4214217778,"WAVESUSDT":277.9332888683,"RVNBNB":-59.112882551,"PIVXBTC":-83.6201613452,"GNTBTC":-50.7555607417,"BNBPAX":175.4333158466,"HOTUSDT":-17.2875617702,"LTCETH":649.8788693653,"EOSBTC":51.9363670312,"STORJBTC":-77.192033132,"OMGBTC":174.4704564236,"CELRUSDT":-85.9126388964,"PPTBTC":-4.8022423887,"SNMBTC":-66.4081227104,"NEOUSDT":1086.4394114702,"WTCBTC":-63.2261405447,"MTLETH":188.2880487504,"BATETH":-70.6115228729,"THETABTC":33.711678217,"XMRUSDT":98.4111540403,"BTCTUSD":179.4457375486,"ICXUSDT":294.8799256908,"IOSTETH":403.9037457833,"BTCUSDT":276.4278669413,"IOSTUSDT":1186.8891562353,"EOSUSDT":111.983994341,"ADATUSD":183.2367404106,"TRXUSDT":211.7129625627,"XRPPAX":204.8193625971,"REPBTC":300.8331019824,"AGIBTC":-5.8660478457,"XRPETH":254.1007804791,"WANBTC":-16.9740990994,"AEBTC":96.6210296504,"BNBTUSD":299.696544971,"DASHETH":53.9299104586,"ZECETH":243.1317910194,"VETETH":210.23883477,"GXSBTC":-93.6728692859,"ETHUSDC":133.0984774991,"NEOTUSD":1795.0862632846,"ONGUSDT":186.0896291077,"ADAUSDT":239.4627785649,"EOSUSDC":306.6764655303,"BCDBTC":593.9939678005,"DASHUSDT":378.6480330774,"XMRBTC":70.3006234896,"USDCTUSD":228.9158379146,"XRPTUSD":36.7705920081,"FUELETH":535.158210104,"TRXXRP":247.5081518699,"MDABTC":-72.8560800027,"POLYBTC":-63.7601738256,"XRPUSDT":369.3266387453,"KNCBTC":16.1382062511,"BCHSVTUSD":9151.3757126823,"BCHABCUSDC":2923.8526434109,"QLCBTC":-92.938506628,"HCBTC":18.5115403669,"NANOBTC":152.0187884069,"NULSBTC":-89.1774431717,"KMDBTC":-75.9983102861,"LINKBTC":2.6331185754,"ETCBTC":176.5059626022,"XLMBNB":-12.7614909626,"VIBEBTC":-47.2031716902,"SKYBTC":-79.0674793708,"POABTC":-56.4731620748,"LOOMBTC":-56.7642435819,"QKCETH":48.2810998513,"ICXBTC":220.3329782646,"DASHBTC":44.9732297468,"ZILETH":210.5003654155,"NXSBTC":-31.1872959299,"BTCUSDC":315.560173195,"ONTUSDT":463.711461544,"BCPTBTC":-68.760740037,"VIBBTC":-93.7427438178,"OAXBTC":-74.4391976485,"RVNBTC":-63.7750904285,"ICXETH":476.7125224427,"BNBUSDT":13.2960587637,"BCHABCTUSD":1703.8986105214,"LTCBNB":713.0021839396,"FETBTC":-29.7862267058,"EVXBTC":1.4134901998,"ENJETH":881.2185943497,"ENGBTC":-28.9290708033,"BCHSVUSDT":1562.3824520018,"NEOETH":779.0437990451,"BCHSVBTC":681.7474291475,"ETHUSDT":387.292678501,"VIABTC":-63.5213433999,"TUSDUSDT":249.1912518091,"ETHTUSD":259.2052191376,"BQXBTC":-14.6967566162,"XRPBTC":116.162560021,"ENJBTC":514.5889939505,"APPCBTC":-89.1525535941,"AMBBTC":0.3974377742,"CVCBTC":19.5471773356,"LUNBTC":-57.4366114885,"PAXUSDT":118.9956270831,"ETHPAX":415.0369460451,"ONGBTC":88.9333517902,"QTUMBTC":-19.9584708083,"BNBETH":319.7781221148,"POWRBTC":-75.198112477,"VETUSDT":312.1989579098,"ADABNB":209.2330868699,"ARDRBTC":-11.3321917553,"ARKBTC":-21.0918219207,"IOTABTC":68.58013359,"LTCBTC":462.4613729122,"NEBLBTC":-48.6967886522,"MTLBTC":-47.7424947008},"startDate":"2019-03-29","endDate":"2019-04-05","numDays":7,"excludedPairs":["IOTXETH","QSPBNB","WTCBNB","WINGSETH","ZECTUSD","MDAETH","DASHBNB","GTOBNB","USDSTUSD","BCPTBNB","WAVESTUSD","LINKTUSD","LINKUSDC","WAVESETH","TNBBTC","SNGLSETH","BCCBNB","USDSUSDC","XMRETH","APPCBNB","VIABNB","NCASHBTC","SALTBTC","HOTBTC","TUSDBNB","USDCBTC","OSTBNB","VENBNB","TRXPAX","KEYBTC","BCCUSDT","BRDBNB","RDNBNB","AMBETH","ZENBNB","BCCBTC","WANBNB","BTSETH","POWRBNB","POWRETH","SALTETH","IOSTBNB","PHXETH","POAETH","SKYETH","NASETH","YOYOBTC","LSKETH","MFTBNB","YOYOBNB","ETCBNB","STEEMBNB","BTTTUSD","GTOETH","TUSDETH","GXSETH","AMBBNB","USDCBNB","AEETH","DGDETH","TNTBTC","POABNB","ZENETH","DLTBNB","LOOMETH","EOSPAX","DENTETH","QKCBTC","VENUSDT","XLMUSDC","WAVESPAX","TUSDBTC","GVTETH","MODETH","ZILBNB","BNBUSDS","DLTETH","ASTETH","MTHBTC","CNDBNB","LENDETH","NANOBNB","RLCETH","MODBTC","CHATETH","CVCETH","BCHSVPAX","TRXBTC","KMDETH","LUNETH","LSKBNB","MANAETH","POLYBNB","RPXBNB","CHATBTC","CNDETH","ADXBNB","MFTETH","ADAUSDC","LINKPAX","BTTUSDC","SYSETH","XMRBNB","QTUMETH","PAXTUSD","IOSTBTC","WAVESBNB","BCNBTC","STORJETH","PIVXETH","MITHBNB","DATABTC","NULSBNB","WINGSBTC","RPXETH","ZENBTC","BRDETH","KNCETH","ONGBNB","ETCETH","BCCETH","TNTETH","QSPETH","ADAPAX","SUBBTC","HSRBTC","BTSBTC","WABIETH","NAVBNB","AGIBNB","CDTETH","YOYOETH","STEEMETH","VENBTC","SNGLSBTC","CDTBTC","PPTETH","XZCXRP","SUBETH","BCDETH","HSRETH","BTSBNB","STORMETH","DATAETH","HOTBNB","DOCKBTC","WPRETH","CLOAKETH","SNTBTC","RENBTC","GOBNB","OMGBNB","TNBETH","SKYBNB","CMTBTC","QSPBTC","BTTBTC","APPCETH","FUELBTC","IOTABNB","AEBNB","GTOBTC","QLCBNB","MFTBTC","SNMETH","MCOBNB","VETBTC","ZILBTC","STORMBTC","NXSBNB","RENBNB","NCASHETH","XEMBNB","KEYETH","XEMETH","OAXETH","POEETH","WANETH","BTGETH","TRIGBNB","AIONBNB","THETAETH","IOTXBTC","VIBEETH","EDOETH","QTUMBNB","DENTBTC","OSTETH","NANOETH","ELFETH","DOCKETH","ADXETH","RCNETH","PAXETH","ARNETH","TRIGBTC","BQXETH","XZCBNB","BCNBNB","BCPTETH","WAVESUSDC","LOOMBNB","STRATETH","DCRBNB","RCNBNB","TRIGETH","CVCBNB","QLCETH","SNTETH","RDNETH","MTHETH","VIAETH","PHXBNB","REPETH","AIONETH","ARKETH","BNTETH","WTCETH","VIBETH","ZRXBNB","ARDRBNB","REQETH","PIVXBNB","MITHBTC","NEBLETH","ICXBNB","FUNBTC","WABIBNB","XVGBTC","ARDRETH","NULSETH","MCOETH","PAXBTC","SYSBNB","DNTETH","ZECBNB","NEOUSDC","VENETH","NCASHBNB","CMTBNB","BTTPAX","SCBNB","GNTBNB","REQBTC","LTCPAX","NPXSBTC","ZECPAX","NANOUSDT","DNTBTC","INSETH","XVGETH","SCETH","ICNBTC","RLCBNB","XLMTUSD","USDSUSDT","WPRBTC","NXSETH","NEOPAX","ZRXETH","BLZETH","OSTBTC","NPXSETH","CMTETH","BCNETH","STORMBNB","OMGUSDT","BCHSVUSDC","FUNETH","RPXBTC","TRXUSDC","NEBLBNB","REPBNB","GRSETH","LRCETH","ENGETH","PAXBNB","THETABNB","CLOAKBTC","ZECUSDC","NAVETH","PHXBTC","HCETH","POEBTC","SCBTC","XLMPAX","NASBNB","HOTETH","AGIETH","GNTETH","BLZBNB","CNDBTC","XZCETH","ICNETH","LENDBTC"]}