{"data":{"IOTAUSDT":-80.4754489219,"BNBBTC":-26.8124278329,"NULSUSDT":-19.1396596345,"QTUMETH":-75.3860442501,"WAVESTUSD":-43.9227268124,"KNCBTC":-54.8661821342,"ARKBTC":-54.3834359759,"XMRBTC":-53.5902156763,"REPBTC":-81.6346659416,"BCHABCTUSD":51.9991236899,"BATBTC":-65.9718004241,"NEOETH":-83.2929604882,"USDCPAX":-87.1464057049,"ICXBTC":-74.588975192,"NEOTUSD":-74.2945743534,"WAVESBTC":-64.9752406337,"ONGUSDT":-57.7343932676,"BCDETH":-98.541314054,"BTTUSDC":-78.7811734383,"FETUSDT":60.7529580538,"QTUMBTC":-74.0990648878,"ONTUSDT":-81.4429050653,"ETCUSDT":-29.2902432527,"WTCBTC":-76.7686036367,"NULSBTC":107.0151106995,"XRPBTC":-40.9147688774,"XRPUSDT":-50.0589668968,"ENJBTC":-42.7311589568,"VETUSDT":-43.7798165324,"BNBTUSD":-14.7518105997,"HOTUSDT":-71.272029557,"NEOUSDT":-79.7606739795,"EOSBTC":-73.0869061834,"RVNBTC":-58.1271200003,"ZILUSDT":99.1524421991,"LTCETH":-48.9039000547,"BNBUSDT":-27.8115757303,"XRPTUSD":-40.4716181597,"ETHPAX":-85.3313426959,"TRXPAX":-80.7927671281,"NEOBNB":-80.1305542677,"GVTBTC":-73.5579511219,"LTCBNB":-59.0303688671,"NAVBTC":-64.0531181418,"TFUELBNB":-58.4620776745,"DASHBTC":-53.1914780002,"MTLBTC":107.9958889188,"QTUMUSDT":-75.1023091955,"XZCBTC":-67.8423430217,"ADAUSDC":-53.5195156818,"MATICBNB":26.3859329785,"IOTABNB":-82.649212067,"EOSBNB":-64.3084437625,"LINKUSDT":16.2324596789,"XRPUSDC":-52.7248619569,"TRXUSDT":-39.187101113,"IOSTUSDT":-78.9912909344,"IOTAETH":-65.1693452351,"VETBNB":-46.8057238361,"MFTETH":-2.8074236325,"NEBLBTC":-36.7770378114,"ADATUSD":-57.7831653975,"MDABTC":-65.6828645459,"AIONBTC":-53.286196032,"IOTABTC":-85.6604748368,"ENJUSDT":-48.8220034134,"ZRXUSDT":-71.6223531607,"NANOBTC":-59.4188780704,"ZILETH":-20.8739509236,"HOTBNB":-73.1750673605,"ZECTUSD":-76.6549270276,"MFTBNB":50.5497933622,"XMRUSDT":-43.8223430701,"BATUSDT":-65.444161903,"THETAUSDT":-73.2779821766,"XRPBNB":-16.1751049082,"ICXETH":-79.9333492716,"BCHABCPAX":-53.7615311756,"ETHTUSD":-58.3646771417,"STORJBTC":-60.4771507539,"FETBTC":115.8863413133,"BTTTUSD":-81.2623605719,"BTCPAX":-64.3057892773,"BTTUSDT":-66.018446715,"ICXUSDT":-73.6571069061,"LTCTUSD":37.9352803738,"KMDBTC":-80.2451208763,"ETHUSDT":-74.3892108711,"BTCTUSD":-62.6094880473,"EOSUSDT":-64.7414375073,"BNBETH":-55.9667040932,"BTCUSDC":-62.7926530253,"ELFBTC":-34.2910460947,"CELRUSDT":40.9449322791,"ETCBTC":-41.0134462464,"GXSBTC":200.6297469014,"BCPTBTC":-91.767699957,"BTCUSDS":-83.7690508908,"ICXBNB":-76.2746748126,"TRXETH":-53.5179190215,"DGDBTC":-94.5081764655,"LINKBTC":-1.9524206364,"ETHBTC":-73.2354179471,"ENGBTC":155.9560525749,"XLMUSDT":-73.0168566382,"BNBUSDC":-58.1723510295,"THETABTC":-73.4631268249,"BATETH":-53.3520481314,"XRPETH":-59.4056106848,"STEEMBTC":-73.6562709166,"ONGBTC":-41.472288829,"LSKBTC":-75.1944701454,"WAVESETH":-75.139567554,"OMGBTC":-69.0061330648,"ADAUSDT":-63.6872197225,"XLMETH":-75.2429243689,"OAXBTC":-78.9819408153,"WABIBTC":-66.9705508971,"MITHUSDT":-36.3090562375,"RVNBNB":-47.8151100242,"LTCUSDT":-33.1775083853,"MATICUSDT":70.1576479865,"RDNBTC":-93.7197376155,"NEOBTC":-80.5196171497,"QKCETH":60.9268173199,"TRXBNB":-40.9063464499,"NANOUSDT":-73.7539633294,"RLCBTC":-44.9663752029,"ADAETH":-70.6127788795,"TFUELUSDT":-29.2841512948,"OMGUSDT":-81.8548456969,"ARNBTC":-77.5076231894,"BCHABCUSDT":-67.854964034,"PAXTUSD":-78.8523543616,"XLMTUSD":-61.960921416,"LINKUSDC":22.2729465884,"USDCUSDT":-63.560294933,"LTCPAX":-34.4395790792,"ETCETH":-6.9596679596,"ATOMUSDT":-67.5603437008,"USDCTUSD":-77.9992348654,"VETETH":-60.1432401357,"HCBTC":44.8655757534,"XRPPAX":-59.0201409642,"LUNBTC":-46.3432023163,"GRSBTC":-48.7935330872,"TUSDUSDT":-54.3948684521,"WAVESUSDT":-72.0741336788,"BCHABCBTC":-39.4115480901,"BCDBTC":-97.9294010681,"LINKTUSD":-56.0840414703,"VIABTC":-50.5637747097,"FETBNB":54.1794058453,"WANETH":-30.2248423113,"ZRXBTC":-68.3349286048,"THETAETH":-48.0033288724,"BCHABCUSDC":-51.9864063189,"NXSBTC":-26.0223746629,"PAXUSDT":-62.7863670535,"DASHUSDT":-62.2186233688,"CELRBNB":17.3280641535,"STRATBTC":-50.4819390789,"WANBTC":-50.9493834396,"BNBPAX":-45.9714539035,"BTCUSDT":-52.0080213832,"AEBTC":-55.1665967677,"ADABNB":-60.3239087724,"ONTBTC":-82.2623311207,"BTTBNB":-75.4511940973,"LINKETH":-58.5429712092,"NASBTC":-37.6393614134,"ATOMBTC":-72.3554723507,"LTCUSDC":-64.1561601704,"EOSPAX":-92.2565841234,"PHBBNB":-71.0270327691,"TRXTUSD":-56.6960780621,"PPTBTC":-45.7911987553,"PIVXBTC":-39.5880634788,"BTGBTC":-94.9246752531,"ZECUSDT":-86.5369502915,"FUELETH":-24.8156406816,"EOSETH":-82.376817374,"TRXXRP":14.875634412,"SKYBTC":-85.9977777796,"EOSTUSD":-87.0372337385,"TRXUSDC":-61.202875881,"DCRBTC":-72.175691994,"MCOBTC":-57.4102170251,"BATBNB":-79.2560015059,"EOSUSDC":-74.774974898,"ETHUSDC":-80.3252138538,"INSBTC":-10.1843845454,"GASBTC":-55.8858868925,"LTCBTC":-42.0825787677,"ZECBTC":-81.0429418651,"EVXBTC":-44.2666643719,"ZILBNB":140.3805858812,"ATOMBNB":-71.6230031305,"XLMBNB":37.4747970353,"ENJETH":-43.655049634},"startDate":"2019-05-30","endDate":"2019-06-07","numDays":7,