{"data":{"BTCUSDS":25.7556393069,"ONEBNB":-11.8196608088,"ICXBTC":-4.9519646085,"GVTBTC":2.4860480868,"LINKETH":16.4903836059,"BRDBTC":-2.6012846155,"ETCBTC":7.3233335504,"PHBBNB":-8.0418427563,"BNBETH":5.657104705,"LTCUSDT":1.2334352064,"FETUSDT":-18.1456945284,"ZECETH":-1.6511086835,"ADAETH":5.9174727954,"ATOMBTC":-1.2163435999,"EOSBNB":2.669945891,"PPTBTC":-5.3609326985,"TRXXRP":16.3952418355,"DGDBTC":-1.9675517025,"LUNBTC":0.7711544006,"USDCTUSD":-0.0195551136,"OAXBTC":0.1439244589,"APPCBTC":-1.409078097,"ZILUSDT":-12.7499205141,"EVXBTC":-12.1957573824,"USDSUSDT":0.3884891575,"HOTBNB":7.304215637,"ONEUSDT":-11.3064857003,"BTCUSDC":25.2306884968,"TRXUSDC":16.7145590394,"LINKBTC":17.3991600683,"NEOTUSD":39.2538759854,"ZILBNB":-14.1192147142,"RVNBNB":3.5528638595,"NEOETH":39.5969022556,"KMDBTC":-13.6837909505,"TUSDUSDT":0.5132676651,"GNTBTC":-1.0842028946,"MITHBTC":-19.9312448351,"GASBTC":12.7376058349,"NASBTC":12.6785153217,"CELRUSDT":-15.8551301928,"VIBEBTC":-16.0099398435,"MITHBNB":-20.596806966,"ARNBTC":2.8191514821,"IOTAUSDT":4.1126538663,"MDABTC":-6.8907959541,"ONTBTC":16.1056810803,"STORJBTC":-2.6739757878,"XRPUSDT":7.2751598359,"XRPBTC":6.7187818639,"IOTAETH":3.6645746839,"BCHABCPAX":15.4621282169,"ONTUSDT":16.6450193949,"AEBTC":9.5963120072,"TNTETH":54.9438989256,"WABIBTC":-10.5440305379,"THETABTC":8.6667456869,"LTCPAX":-0.0542883764,"IOTABTC":3.8860549504,"BTCUSDT":25.8117731211,"EOSETH":3.2018417002,"XMRBNB":15.8446333189,"LTCBTC":0.6612180385,"DASHUSDT":10.240895375,"BNBTUSD":5.3909749401,"ATOMUSDT":-1.1629568326,"NAVBTC":-6.9943384079,"HCBTC":96.1984968194,"EOSTUSD":3.5687976141,"PAXTUSD":-0.0125784777,"ICXETH":-4.9414756748,"EOSUSDT":3.8512148828,"NEBLBTC":-8.4975828259,"ADABNB":4.8387817609,"MATICUSDT":-11.5374132799,"WAVESUSDT":-2.2788304671,"NANOBTC":-5.3326732432,"THETAUSDT":8.6375670478,"CMTBTC":1.2966379926,"BNBBTC":5.4305376584,"WTCBTC":-12.6990548115,"BATETH":-8.0353369192,"QTUMUSDT":39.9361314697,"PAXUSDT":0.6039249794,"XLMETH":-1.1897547045,"FETBNB":-19.0035952856,"QTUMETH":39.8465629189,"BCHABCBTC":14.8930991052,"BATUSDT":-7.2418682315,"XRPETH":6.7483843079,"GRSBTC":-3.2007772126,"VIABTC":-17.3879441099,"MFTETH":-3.4786950073,"ASTETH":25.3609219889,"ENJBTC":-3.7871668312,"XLMBNB":-1.8620797381,"CELRBNB":-16.4465960035,"ADAUSDC":6.3199211805,"ENGBTC":7.7515287529,"ZECUSDT":-0.8610009425,"BTTUSDT":-0.5260448993,"USDCPAX":0.5828616432,"ASTBTC":26.2128899752,"POWRBTC":-2.5770447835,"USDCUSDT":0.5171594243,"LSKBTC":-0.5708882638,"ETHUSDT":17.703694539,"ETHBTC":17.2343855398,"PIVXBTC":-2.8873486033,"FTMUSDT":-17.9051788648,"DASHBTC":9.7720337898,"ICXUSDT":-4.4384742967,"BNBPAX":5.7201587898,"MITHUSDT":-19.7080652333,"XMRUSDT":18.128076143,"NULSBTC":-3.4984362877,"BATBTC":-7.5019535324,"TFUELUSDT":-8.1373415881,"ENJUSDT":-3.5007477227,"BNTBTC":3.2818139612,"DLTBTC":-13.0047414529,"LTCUSDC":1.0120230062,"FTMBNB":-19.6549149901,"BTCPAX":25.8578030579,"XRPBNB":6.0860220196,"TRXBNB":15.9931625471,"XRPUSDC":6.837205255,"SKYBTC":-0.4433646527,"REPBTC":-2.8460226337,"QTUMBTC":40.7609299888,"MTLBTC":6.9488361615,"OMGBTC":19.3883058536,"BCHABCUSDT":14.6971965532,"LTCETH":0.1517835677,"EDOBTC":0.3612134532,"GXSETH":-4.3249857201,"XZCBTC":3.0861529737,"ZRXUSDT":-1.7678302315,"ADAUSDT":6.4959665995,"ETHPAX":17.4785464221,"OMGETH":22.3818440549,"WAVESETH":-2.5133524891,"MANABTC":-6.7344953198,"LINKUSDT":16.9695105022,"VETBNB":29.2866922834,"ADATUSD":5.7900916791,"BNBUSDC":4.9566691533,"TRXETH":17.4363410791,"BCHABCTUSD":14.0991561193,"OMGUSDT":22.7383088338,"NEOBNB":36.5892452114,"XMRBTC":18.0148159142,"SYSBTC":-21.9067054879,"XLMUSDT":-0.5090637065,"LTCBNB":0.544303317,"AGIBTC":-13.027643283,"DCRBTC":9.1610478832,"BCPTBTC":-8.3943875147,"RLCBTC":-17.6954115262,"HOTUSDT":8.3007213919,"NEOUSDT":38.2707233227,"XEMBTC":5.08316448,"XRPPAX":5.8686738331,"ETCUSDT":7.8694528263,"BQXBTC":-7.6543167268,"ARDRBTC":10.685773276,"CVCBTC":-2.2190044016,"WANBTC":-8.6494671761,"NEOBTC":37.6515418919,"FTMBTC":-18.6211350846,"IOSTUSDT":12.4882119514,"WAVESBTC":-2.5047102403,"BTGBTC":13.8146581381,"FETBTC":-18.7128729172,"VETUSDT":30.2379934641,"MATICBNB":-12.1184907474,"LINKUSDC":15.541442571,"ETHTUSD":17.8584931933,"MCOBTC":19.9866870493,"BCHABCUSDC":14.9210679928,"ZILETH":-13.6869830797,"XLMBTC":-0.7073538154,"STEEMBTC":0.5661634713,"GXSBTC":-4.5627385023,"XMRETH":17.271456522,"ARKBTC":-7.7606360709,"ZRXBTC":-1.7420751794,"ONTETH":15.8357841003,"TRXUSDT":17.561467881,"ADABTC":6.3255490986,"EOSPAX":2.526698997,"IOTABNB":2.7832528205,"BTTBNB":-1.9329064202,"ELFBTC":12.7924259825,"XRPTUSD":7.2962203128,"KNCBTC":17.4010518419,"RVNBTC":3.4514383235,"NANOUSDT":-4.3421870525,"LRCBTC":-7.9971875177,"POLYBTC":-3.9700218067,"ATOMBNB":-2.8975824513,"ZECBNB":-1.4416720653,"EOSBTC":3.5110999822,"NULSUSDT":-4.5822315335,"LTCTUSD":0.6724296676,"BNBUSDT":6.2964026917,"LOOMBTC":-7.7859970883,"VETETH":30.3220321833,"AIONBTC":-10.7032032196,"ZECBTC":-1.6836568742,"BTCTUSD":25.1362430711,"ZENBTC":-4.3176254171,"BCDBTC":1.3249284716,"ETHUSDC":16.9633795765,"FUELETH":-6.4624304406,"INSBTC":-0.7954644312,"RDNBTC":13.4265201268,"TRXTUSD":16.9565181907,"STRATBTC":0.0850108861},"startDate":"2019-06-19","endDate":"2019-06-26","numDays":7,