{"data":{"BATETH":18.3430020408,"FUELETH":21.5938685259,"GRSBTC":2.922677631,"NANOBTC":-0.8937488489,"AEBTC":-6.8776457746,"LTCTUSD":17.4501917204,"LINKETH":18.5084902162,"ENGBTC":11.8562389804,"BNTBTC":15.0244331402,"ENJETH":106.4039679194,"STRATBTC":-2.7835106341,"ETCBTC":0.6673141996,"TRXXRP":-4.4043730523,"ARNBTC":8.1103554389,"XLMTUSD":2.555595582,"XZCBTC":6.9965260602,"BTTBNB":-9.6543986274,"LTCETH":17.5202476617,"TRXETH":-4.7011345564,"ZILUSDT":0.9477309381,"ONTETH":8.6921922896,"PHXETH":48.9213895566,"XRPUSDC":-2.8339170646,"BTCPAX":1.4935186118,"ONTUSDT":8.8017907772,"VETUSDT":-1.3322231474,"BCHABCUSDT":-1.8759617069,"NXSBTC":12.9095310254,"ETHPAX":-0.6721592371,"KMDBTC":-11.9175032973,"POLYBTC":3.5067678199,"PAXUSDT":0.0163082303,"RVNBNB":129.7321985056,"APPCBTC":43.7718875495,"BNBBTC":29.9871726853,"XLMETH":1.5983002621,"XRPBTC":-2.3868272586,"ADXBTC":0.6643527823,"OAXBTC":7.3299371979,"IOTABTC":-5.72769156,"NEOBNB":-1.1007661576,"BTCUSDC":1.332815131,"PHXBTC":50.7110936905,"POWRBTC":-2.3683065289,"DASHBTC":-2.0625948553,"DLTBTC":5.7056835018,"USDSPAX":0.0180535985,"USDSUSDC":-0.0009951889,"BTCUSDS":1.2846108456,"AIONBTC":11.0769945971,"NEOUSDT":0.4384881207,"TUSDUSDT":0.0075715695,"NEBLBTC":2.310194467,"RDNBTC":2.3280715215,"NEOBTC":0.3292266663,"BLZBTC":13.5626376468,"BCHSVBTC":0.136706781,"BTGBTC":2.2525806084,"XRPPAX":-2.2721910803,"PPTBTC":4.4821042436,"FETUSDT":-25.6480079248,"BCHSVUSDT":0.3667651896,"QTUMUSDT":-1.407442882,"XRPTUSD":-3.0919026743,"QTUMBTC":-1.4976901194,"WAVESBTC":-0.5677519561,"TNBETH":13.7637812198,"LTCUSDC":16.5998824705,"DGDBTC":-7.7277196156,"BNBUSDC":26.7942610164,"IOTAETH":-6.4987811356,"OMGBTC":-5.5372062338,"TRXUSDT":-3.8158983829,"MFTETH":0.9457127073,"XRPETH":-3.3356912778,"WTCBTC":1.2107231991,"EOSTUSD":3.0124371897,"STEEMBTC":9.7490996285,"FETBNB":-27.8224214902,"LOOMBTC":7.7725192335,"RVNBTC":137.0605805675,"KNCETH":8.8165917413,"STORJBTC":-1.1606438286,"FETBTC":-26.249165328,"GXSBTC":6.0551554219,"EOSBTC":3.7104296829,"USDCPAX":0.0532239493,"EDOBTC":1.6675649082,"NEOTUSD":-1.7300389282,"BCDBTC":-0.3163340173,"EOSUSDC":1.0178061377,"BTTUSDT":-8.0209849217,"ONTBTC":9.4921137586,"TUSDETH":-0.0760915709,"APPCETH":44.7527376822,"NULSBTC":3.3708550801,"THETAETH":-14.3232856279,"VETETH":-1.8033602112,"BATBNB":17.4649360098,"EOSBNB":2.4555750409,"BCHABCBTC":-2.0799833432,"IOTAUSDT":-5.647699353,"PHXBNB":47.9189432789,"XLMUSDT":3.0149433055,"DCRBTC":-2.4277361431,"HOTBNB":0.2019162566,"ONGBTC":-2.4375508028,"ETCETH":-0.0163853627,"ETHUSDC":-0.8836937963,"BQXBTC":3.4271340446,"BNBUSDT":30.5419891197,"ADAETH":-1.6436490674,"GASBTC":-0.8596503702,"WANBTC":7.678510012,"ARKBTC":-3.6299537194,"SKYBTC":-13.0946778044,"VIABTC":7.9100356872,"EOSUSDT":3.2816300503,"BRDBTC":2.7465969954,"HOTETH":1.3689495266,"NEOETH":-0.5104668517,"MCOBTC":0.2461519815,"USDCUSDT":0.0840159306,"ICXBTC":9.2972734631,"LINKBTC":12.9573001075,"LOOMBNB":5.8260866112,"TRXTUSD":-4.2261307003,"LOOMETH":6.30647469,"ONGUSDT":-2.6315202562,"ADABNB":-2.8773457401,"ZENBTC":-3.8608440887,"ZRXUSDT":-3.9985159206,"EOSETH":3.5160367813,"MDABTC":-1.9883686407,"USDCTUSD":0.0696858485,"LTCUSDT":18.82036926,"ENJBTC":113.1314712069,"BTCUSDT":1.3835100244,"EOSPAX":3.2705029608,"LSKBTC":6.1729052569,"ZRXBTC":-4.1990010797,"NASBTC":1.3950435854,"INSBTC":-2.8750613014,"LTCBNB":17.3198732353,"ENJBNB":113.2071865962,"PAXTUSD":0.0327310744,"BATBTC":19.010739912,"KNCBTC":10.1663593071,"TRXBNB":-5.7898154741,"BCHABCTUSD":-1.9620133616,"ELFBTC":0.1311433155,"BNBPAX":31.1229630425,"RLCBTC":-2.4601414428,"XLMBNB":1.3830576335,"XVGETH":5.3545523266,"WABIBTC":25.9368366321,"MTLBTC":4.3028716714,"ADAUSDT":-0.8832696739,"TUSDBNB":-2.3305516074,"VETBNB":-3.4546840728,"ZECETH":-4.889215121,"GVTBTC":-6.4319808807,"PIVXBTC":2.5568930356,"ETHUSDT":-0.2018821388,"XRPBNB":-4.5130396655,"THETABTC":-13.0490557665,"ICXUSDT":8.8985038139,"HCBTC":2.6548392754,"WAVESUSDT":0.1573922302,"XMRBTC":2.7053261385,"LUNBTC":0.4261749202,"LTCBTC":18.6963678014,"ETCUSDT":0.9029423622,"XRPUSDT":-2.4482847629,"ZECBTC":-4.2027477068,"HOTUSDT":2.2395949254,"ARNETH":7.3401787922,"TUSDBTC":-0.023751409,"EVXBTC":7.4313510099,"ICXETH":7.9632087666,"LINKUSDT":13.0581131723,"REPBTC":0.8791547274,"ICXBNB":7.6987459427,"BCPTBTC":42.704713926,"ETHBTC":-0.151871053,"ONTBNB":7.4560621783,"BNBETH":28.910728576,"THETABNB":-13.8801458225},"startDate":"2019-03-02","endDate":"2019-03-09","numDays":7,"excludedPairs":["XZCBNB","SNGLSBTC","ENGETH","LRCETH","BCCETH","WAVESPAX","SYSBNB","SUBBTC","IOTABNB","WAVESUSDC","HCETH","STORMETH","BCHSVTUSD","QKCBTC","CMTBTC","STEEMBNB","NPXSBTC","CVCBTC","AGIBTC","AMBBNB","SKYETH","PIVXETH","BTTBTC","AMBETH","GOBTC","BRDETH","ZENETH","YOYOETH","DASHETH","AIONETH","OSTBTC","TNTBTC","TRIGBTC","USDCBNB","STORMBTC","XZCXRP","IOTXETH","MODBTC","NCASHBTC","WINGSBTC","BCDETH","DNTBTC","DOCKETH","TNBBTC","BCNBNB","KMDETH","WABIBNB","DLTBNB","MDAETH","GNTETH","CNDBNB","BCHSVUSDC","REPBNB","MANABTC","NULSUSDT","XEMBNB","SALTETH","SYSBTC","MFTBNB","OAXETH","XVGBTC","WTCETH","CDTETH","VIBEBTC","BLZBNB","DGDETH","ADXETH","ELFETH","ETCBNB","SCETH","QLCETH","VENBTC","VENUSDT","PAXBNB","ARDRETH","XLMUSDC","BCCUSDT","LTCPAX","POAETH","QKCETH","VIABNB","MITHBNB","CLOAKETH","POEBTC","TNTETH","VIAETH","ICNETH","NASBNB","TRXUSDC","BTSBNB","NANOBNB","STORMBNB","DLTETH","LUNETH","BTTTUSD","AEETH","WABIETH","WAVESBNB","XMRETH","RPXBTC","GVTETH","LSKBNB","BCPTETH","XZCETH","RENBTC","MITHBTC","BNTETH","RENBNB","SCBNB","LINKPAX","POWRETH","QLCBTC","RLCETH","WAVESETH","CDTBTC","NANOETH","CMTETH","ZENBNB","TRIGBNB","BLZETH","DENTBTC","IOTXBTC","WTCBNB","PAXETH","GTOBTC","MFTBTC","SCBTC","SUBETH","DATABTC","SNTBTC","VENETH","WPRETH","GTOBNB","TRXBTC","ZILBNB","NCASHBNB","FUNETH","POWRBNB","WANBNB","BCNBTC","ONGBNB","ZILETH","SNTETH","DENTETH","BCPTBNB","NULSBNB","USDSUSDT","ASTBTC","HSRETH","XEMBTC","AGIBNB","BNBUSDS","OSTBNB","EDOETH","LSKETH","LRCBTC","REQETH","RLCBNB","NASETH","TRIGETH","GXSETH","BTSBTC","NEBLETH","SYSETH","ASTETH","IOSTBTC","QTUMBNB","QSPBNB","CMTBNB","LINKUSDC","CHATETH","CNDBTC","MTLETH","GOBNB","WPRBTC","WINGSETH","RPXETH","SKYBNB","DOCKBTC","IOSTETH","QLCBNB","MTHBTC","LINKTUSD","GNTBTC","POABTC","NXSBNB","BCNETH","CLOAKBTC","NAVBNB","HSRBTC","MODETH","CVCBNB","CNDETH","NAVBTC","SALTBTC","PAXBTC","RDNETH","FUNBTC","HOTBTC","AGIETH","STRATETH","BQXETH","PIVXBNB","XLMBTC","GNTBNB","BCHSVPAX","RPXBNB","ARDRBTC","VIBEETH","RCNBTC","VIBBTC","RCNBNB","LENDBTC","RDNBNB","NULSETH","DNTETH","REPETH","TRXPAX","CVCETH","MCOBNB","BTGETH","EVXETH","QTUMETH","AEBNB","ZRXBNB","BCHABCPAX","ADXBNB","KEYBTC","POEETH","ARKETH","NPXSETH","ZRXETH","QSPETH","RCNETH","ICNBTC","XLMPAX","ZILBTC","APPCBNB","MCOETH","DCRBNB","SNGLSETH","VENBNB","GTOETH","FUELBTC","QSPBTC","BCCBNB","OMGETH","MANAETH","YOYOBTC","NAVETH","YOYOBNB","XEMETH","WANETH","VETBTC","NCASHETH","BCCBTC","DATAETH","BATUSDT","NXSETH","BCHABCUSDC","STORJETH","ADATUSD","SNMBTC","AIONBNB","ARDRBNB","BRDBNB","WAVESTUSD","NEBLBNB","AMBBTC","PPTETH","ADABTC","OSTETH","BTTUSDC","VIBETH","INSETH","LENDETH","CHATBTC","USDCBTC","GRSETH","POLYBNB","BTTPAX","REQBTC","MTHETH","STEEMETH","KEYETH","USDSTUSD","SNMETH","POABNB","BTSETH"]}