{"data":{"MTHETH":83.4139979635,"EVXBTC":12.5846010185,"GVTBTC":0.4697088918,"NEBLBTC":-2.2080266241,"ENGBTC":7.3528979717,"BATBNB":4.211577175,"LINKETH":-10.2675372294,"WAVESETH":5.011983763,"VETETH":-2.7647882654,"RENBNB":-21.6133692069,"DASHETH":-6.0586020113,"ZILUSDT":1.8870251147,"BTCUSDS":-0.8504641179,"COSBNB":-8.7403608167,"DCRBTC":-1.6264733928,"OMGETH":3.9724001874,"XRPUSDC":2.9687554269,"CVCETH":20.0047134539,"ZILETH":3.5099321853,"NULSUSDT":20.0762658487,"COSUSDT":-9.3607685427,"KNCBTC":22.6950119015,"RENBTC":-21.5914554306,"NANOBTC":0.817465578,"LTCUSDC":-5.3789582316,"LINKTUSD":-11.2807602706,"NCASHETH":10.4782023393,"NEOBTC":0.8544097978,"REPBTC":-4.2592381986,"XRPUSDT":1.1565178116,"WTCBTC":-3.6937500501,"LTCTUSD":-5.8137494061,"ETCETH":27.1458632237,"ICXETH":21.8973333391,"CELRUSDT":-9.6892244351,"RLCBTC":-1.9445898934,"ENJBTC":9.4633196527,"WANETH":128.6347287765,"FTMUSDT":-8.4726640985,"ZRXUSDT":5.0502507626,"BTTUSDT":-5.1284799853,"WANBNB":129.7789937629,"XMRETH":0.5860510436,"STORJBTC":10.2466173565,"BTCUSDC":0.9790805915,"DUSKBNB":-17.0967491822,"USDCUSDT":-0.4326309677,"NAVBTC":-8.8947982831,"BCHABCBTC":-5.2662463125,"BNBBTC":-4.5561083186,"ONEUSDT":-5.6162723767,"TUSDUSDT":-0.330790341,"ADAETH":1.2194496184,"ANKRUSDT":-21.569840218,"DUSKBTC":-15.9658571827,"ADABNB":-0.8032191142,"XMRUSDT":-0.5183220585,"STEEMBTC":-3.628123837,"AEBTC":0.8937942058,"ZECUSDT":-4.5147497112,"ONTBTC":-1.1548169607,"EOSPAX":-2.0833813747,"BCDBTC":-8.9479956676,"EOSUSDC":-2.5918960195,"MTLETH":36.9705787163,"HOTBNB":-5.4182861687,"BCHABCUSDC":-4.3881327344,"THETABTC":10.0746227771,"DUSKUSDT":-17.2144504978,"EVXETH":14.7329963135,"ETCUSDT":25.1243593243,"LTCETH":-5.7929543889,"LINKBTC":-11.6302061929,"GASBTC":2.0949055968,"NEOUSDT":-0.0066514734,"THETAETH":10.0850711398,"FETUSDT":-15.8846048287,"CELRBNB":-9.5267930891,"BTCPAX":0.0112547789,"WINUSDT":-9.8969600364,"XLMETH":-1.3549572524,"BCHABCTUSD":-3.8935277191,"INSETH":1.868560561,"LINKPAX":-11.4016736843,"ICXUSDT":19.5968006338,"ZECBTC":-2.0065953177,"KNCETH":24.0867442068,"LINKUSDC":-11.6675567786,"AIONETH":14.9221540708,"BTCUSDT":-0.0258696034,"BNBPAX":-5.1960384324,"IOTAUSDT":10.7679375107,"ATOMBTC":-13.2559904174,"BNBUSDT":-5.7988419341,"PAXTUSD":-0.0155285862,"LTCBTC":-6.7021333122,"STRATBTC":3.9575812719,"EDOBTC":-7.409463721,"XRPBNB":-0.4725138721,"NANOUSDT":0.0515220574,"USDCPAX":-0.4530423873,"ALGOUSDT":-30.963883343,"ETHUSDC":-1.8693614516,"XRPETH":0.1740487102,"ENJUSDT":7.3071500491,"EOSBNB":-4.4385895498,"VETUSDT":-3.7920903763,"WAVESUSDT":3.817485604,"ENJETH":10.3261537119,"BATBTC":5.8288477554,"TRXUSDT":-6.4400708958,"BNBUSDC":-4.8827495695,"ZRXETH":6.4452425679,"NPXSUSDT":-8.3211206897,"BNBETH":-4.2188350365,"ARNBTC":8.5473279048,"ADAUSDC":0.8684466937,"ONEBNB":-6.4522122713,"BATUSDT":4.6477643753,"ETHUSDT":-2.3961167854,"LTCPAX":-6.2559605798,"ETCBNB":25.2617248276,"TFUELUSDT":-4.7337678802,"LTCUSDT":-7.2169651073,"BTCTUSD":1.5028033653,"ATOMUSDT":-14.0635616656,"XRPTUSD":1.9864547946,"LTCBNB":-6.1179154646,"BRDBTC":16.1972779805,"IOTAETH":11.5845416302,"MCOBTC":3.4444481903,"NXSBTC":13.0927398564,"TRXXRP":-2.7153804445,"EOSBTC":-3.8660422334,"ETHBTC":-2.621814613,"IOTABTC":11.5586605853,"TRXUSDC":-3.4750988125,"NEOBNB":0.4019452307,"ETHPAX":-0.5753513636,"ONTUSDT":-1.477791337,"VIABTC":2.2900370763,"ZENBTC":-2.3893912431,"NASBTC":10.8222067673,"MATICUSDT":-11.5681780979,"XRPBTC":1.6388209335,"WINUSDC":-10.8069204934,"LSKBTC":1.1552786033,"ICXBNB":20.9349113231,"WANBTC":126.0543763287,"BCHABCPAX":-6.2409998982,"ENJBNB":8.6467142661,"DASHBTC":-5.9224801325,"PPTBTC":-0.3134225133,"LINKUSDT":-13.0057836007,"ONGBTC":3.1405427995,"KMDBTC":2.853049736,"EOSETH":-2.3178141962,"BTTBNB":-4.1507655987,"THETAUSDT":10.2560908841,"DASHUSDT":-7.0492878754,"ERDBNB":-2.683190511,"IOSTUSDT":-3.3117662599,"HOTUSDT":-6.1210276227,"ADXBTC":13.0398138705,"ALGOBNB":-30.877561684,"ONTETH":-1.1028069625,"GXSBTC":-22.2453095507,"ALGOBTC":-30.7500070757,"ZRXBTC":4.7032183884,"QTUMUSDT":1.7090265174,"MITHUSDT":19.241837695,"ERDUSDT":-4.2550069694,"DGDBTC":-9.133825641,"WAVESBTC":4.5707563443,"TRXETH":-4.8054577908,"TRXBNB":-6.5843451603,"ETHTUSD":-1.7188617068,"QTUMBTC":3.0931024677,"HCBTC":21.7737316969,"USDCTUSD":-0.0606046381,"EOSUSDT":-4.7429396147,"NEOETH":1.5911264379,"LUNBTC":4.2414536955,"DOGEUSDT":-4.0921133815,"BTGBTC":-16.4269590052,"ONGUSDT":3.2371936036,"XRPPAX":2.1239922342,"XMRBTC":0.3938024757,"RVNBNB":2.0831827793,"WABIBTC":16.3957341169,"XZCBTC":-3.2839119271,"SKYBTC":-6.1111547024,"IOTABNB":11.6534301586,"GRSBTC":5.3100118132,"BATETH":5.7103625597,"RDNBTC":-1.2895194427,"AIONBTC":13.2070161318,"INSBTC":1.8050853407,"MDABTC":13.2267553367,"ETCBTC":26.6274689499,"NULSBTC":22.3725064953,"ICXBTC":22.2464668124,"ARKBTC":3.8561118461,"XLMUSDT":-1.1792420791,"OMGBTC":3.8870142284,"PAXUSDT":-0.3736473888,"BCHABCUSDT":-5.6513943137,"OMGUSDT":3.5085814922,"ADAUSDT":-0.1950867414,"BNBTUSD":-4.0556166375,"MATICBNB":-11.9446578926,"PIVXBTC":2.5349986283,"MTLBTC":32.7192344037,"FUNETH":46.4775164551,"XMRBNB":0.539247304},"startDate":"2019-08-15","endDate":"2019-08-26","numDays":7,