{"data":{"BCHABCTUSD":-5.0175713301,"LSKBTC":-5.7981478139,"USDCUSDT":-0.177667965,"ERDBNB":18.3431598278,"ADAETH":-4.9169791177,"WINUSDC":-8.5740756338,"RENBTC":-24.0579451975,"ETHBTC":-11.2626048722,"ONGBTC":-15.4758344649,"MITHUSDT":-6.5241123112,"ANKRPAX":-29.2298254194,"ICXETH":-10.7069171437,"ONTBTC":-14.6293655073,"ETCBTC":-0.2133881065,"ICXUSDT":-11.0076615195,"NEBLBTC":-15.6545311212,"ATOMUSDT":-13.2459868058,"THETAUSDT":1.5003616979,"TRXBNB":-20.4251777892,"XRPPAX":-10.6611168534,"TRXUSDC":-20.0298439513,"WINBNB":-8.7425285916,"EOSBTC":-12.1123200965,"NASBTC":-19.7436156593,"ETCUSDT":0.2223275668,"PIVXBTC":-10.6128531539,"BCHABCUSDC":-4.9853794551,"BTCUSDC":-9.9494441906,"MATICBNB":0.7201605157,"ONTUSDT":-14.182545144,"WAVESBTC":-6.9451026384,"THETABTC":1.4841401592,"COSBNB":3.3248257098,"ETHPAX":-11.6797703022,"USDCPAX":-0.1087845344,"FTMBNB":-24.6770946193,"ENGBTC":-9.9494441906,"AIONETH":-6.9787883832,"EVXBTC":-7.6031880673,"ALGOBTC":-16.1706519759,"BATBNB":-15.7374284657,"ZRXUSDT":-11.3557986948,"ANKRUSDC":-29.411727535,"BTTUSDT":-13.4729926808,"TRXETH":-20.0513198189,"NXSBTC":-16.7427317341,"MDABTC":-2.4280409388,"TRXUSDT":-20.1394855416,"KNCBTC":-2.0568143853,"ELFETH":-0.8743435234,"ZECBTC":-18.4194357137,"BNBETH":-9.5108046434,"LINKUSDC":3.598084015,"XLMETH":-9.5894225396,"BCDBTC":-8.320766647,"XLMUSDT":-9.8847647136,"ETHTUSD":-10.4662920116,"DUSKUSDC":48.04923039,"NULSUSDT":-7.8345066368,"FETUSDT":-15.1737709011,"DUSKBNB":37.983170256,"NEOUSDT":-8.9190579825,"ZILUSDT":-12.2552216445,"BNBUSDT":-9.8218595293,"IOSTETH":-12.1841435715,"RENBNB":-23.1211623661,"BCHABCUSDT":-4.8785135917,"WAVESETH":-5.9318095971,"BATUSDT":-15.230035101,"BRDBTC":46.67979245,"ZECETH":-17.3166946695,"ADABNB":-5.7086094116,"BNBUSDC":-10.0707623364,"DASHUSDT":-10.5929775011,"ZECUSDT":-18.6347034268,"MATICUSDT":1.0700624893,"XRPUSDT":-10.7311847393,"WINUSDT":-8.6384215527,"VIABTC":-8.0203094057,"LTCETH":-16.2036243208,"ALGOUSDT":-16.6153422167,"ONGUSDT":-15.6187459425,"NANOETH":-3.4813226834,"DOGEUSDT":-6.8730818646,"GXSBTC":-35.3952352139,"REPBTC":-6.5912387356,"OMGUSDT":-15.3583252505,"LTCUSDC":-15.7982295356,"SKYBTC":-20.9644419057,"MTLETH":22.1134178012,"BTCTUSD":-9.5693648604,"CELRBNB":-4.6060767279,"ADAUSDC":-5.7505052042,"IOTAETH":-9.3588392875,"LTCUSDT":-16.2383275725,"DUSKBTC":36.3150615464,"EOSUSDT":-12.3674613281,"BTCUSDT":-9.8775715528,"TFUELUSDT":-10.9896224834,"ATOMBNB":-14.6581551827,"GVTBTC":-14.6053647114,"ENJBNB":-4.7853584349,"ADAUSDT":-5.4244812282,"HCBTC":21.0578544948,"VETUSDT":-7.8086405938,"USDSUSDT":-0.0309582245,"XRPETH":-10.8995864755,"WTCBTC":-9.229147452,"BTGBTC":-14.8827854132,"LINKBTC":3.2357723955,"ANKRUSDT":-29.2505744232,"ERDUSDT":19.723428774,"NEOETH":-8.3983637448,"XMRBTC":-8.7119790359,"ICXBTC":-11.3242618365,"BCHABCPAX":-4.5557228242,"HOTBNB":-9.4215653647,"PPTBTC":-17.0073341205,"VETETH":-7.9231196126,"LINKETH":3.6138516731,"MTLBTC":19.4397215217,"DCRBTC":-4.4175952855,"NEOBNB":-9.0612725632,"QTUMUSDT":-8.4443588017,"ZILETH":-12.5386824731,"ENJETH":-4.4991116453,"XZCBTC":-20.7459801525,"ZRXETH":-10.7854137818,"TRXXRP":-19.9786223137,"TUSDUSDT":-0.1642071161,"NANOBTC":-3.7517129516,"QTUMBTC":-9.1417820387,"LINKTUSD":3.5458304325,"ONEUSDT":-0.3045165232,"IOTAUSDT":-9.3304972695,"EOSUSDC":-12.3328102601,"BNBBTC":-10.4561804403,"IOSTUSDT":-12.2856477513,"NULSBTC":-8.4470840583,"GRSBTC":-12.3603796914,"FTMUSDT":-24.5137187751,"ETHUSDC":-10.7843778724,"ADATUSD":-5.8472939914,"ALGOBNB":-16.4125928823,"LTCTUSD":-15.8293780488,"XMRUSDT":-8.0996669371,"ARKBTC":-16.2310986237,"IOTABTC":-9.5551773088,"PAXUSDT":-0.1629226549,"LTCBTC":-16.5984603558,"WAVESUSDT":-6.7769835935,"DASHBTC":-10.6175755991,"XRPTUSD":-10.5941211572,"USDCTUSD":-0.0004039804,"ALGOUSDC":-17.4635163962,"ETHUSDT":-11.0906847441,"WANBTC":-12.6718039316,"LINKUSDT":3.4907982332,"THETAETH":2.2525188565,"NANOUSDT":-3.5352885861,"STEEMBTC":-14.361602474,"MCOBTC":-11.4079227897,"DASHETH":-10.4932578113,"ZILBNB":-12.9820347544,"EOSBNB":-12.1358037914,"RLCBTC":-20.610341226,"XMRBNB":-8.7469196049,"ZENBTC":-26.2906472993,"GASBTC":-15.2543046037,"CELRUSDT":-5.1866672628,"LUNBTC":-7.784861546,"RDNBTC":-18.4067002324,"STRATBTC":-17.7207725665,"DUSKUSDT":38.2511678132,"XRPBTC":-10.9577322672,"ENJUSDT":-4.5666754408,"XRPUSDC":-10.5556823354,"BNBPAX":-9.9088377161,"COSUSDT":3.4244222862,"ETCETH":0.8799858566,"KMDBTC":-9.6303770809,"LTCBNB":-16.2905647897,"ATOMBTC":-14.0723890023,"ONEBNB":-0.7319021327,"BNBTUSD":-9.8385078441,"ZRXBTC":-11.4605473645,"LINKPAX":3.8330814993,"ANKRBNB":-28.2374261336,"HOTUSDT":-8.9139025798,"AEBTC":-14.0704018293,"ONTETH":-14.0194896364,"GTOUSDT":-16.1262313621,"ARNBTC":-16.1222645485,"BTCUSDS":-10.6280049545,"XRPBNB":-10.7732426214,"BATETH":-14.7920746003,"OMGETH":-14.3802185582,"RVNBNB":-11.5069084106,"LRCETH":-2.4568823947,"NEOBTC":-9.0149610223,"BTCPAX":-10.0550582451,"PAXTUSD":-0.0065044868,"BCHABCBTC":-5.1320503186,"VETBNB":-7.8338860966,"DGDBTC":-20.6852530579,"EDOBTC":-19.6813921833,"XMRETH":-8.437309573,"OMGBTC":-15.0988203175,"ANKRTUSD":-30.0856042635,"LTCPAX":-15.9437156308,"EOSETH":-11.8109707419,"EOSPAX":-12.3778993475,"BCPTETH":-4.8871518213},"startDate":"2019-08-09","endDate":"2019-08-21","numDays":7,