{"data":{"ICXBTC":-85.7878020173,"VIBETH":-38.9798968154,"TRXBTC":23.5246280356,"VIABTC":54.4962147413,"DCRBTC":0.7920594868,"WAVESBNB":-42.4062501531,"OMGBTC":-43.8481445689,"ETCUSDT":30.4942716667,"EDOBTC":-73.3746662004,"ZENBTC":300.2313767864,"ADAUSDT":-6.8011774337,"XEMBTC":7.9388713307,"GASBTC":-22.7761897384,"VIBEBTC":-89.9026040994,"XRPUSDC":-57.3379056142,"ZRXETH":-53.6864268246,"VETETH":-41.4070988605,"LUNBTC":-34.3985204554,"NEOBNB":-80.6455089384,"EOSBTC":-50.6982222496,"REPBTC":-27.7811632534,"ONTUSDT":116.8903642253,"ZECBTC":29.0717879442,"BNBPAX":226.0680949296,"NULSBTC":79.9742513464,"ARNBTC":-49.7212210997,"GNTBTC":-88.0982681649,"TUSDBTC":-24.0897383596,"PPTBTC":-39.7989797642,"DASHETH":-61.5174408677,"WAVESETH":-45.5019677962,"ETHUSDT":-77.9807861673,"QTUMETH":331.8034716735,"ELFBTC":-52.5356716928,"ENGBTC":-24.4415421166,"NEOUSDT":5.3057926524,"IOTAUSDT":-58.8331419619,"TRXBNB":-31.9197207966,"ADAETH":-28.9273868985,"WTCBTC":54.7581437255,"QTUMUSDT":210.4739439755,"SALTBTC":-60.433313063,"USDCUSDT":-31.0205030499,"ADABNB":-68.0317645918,"XRPTUSD":-53.0205201713,"DASHBTC":-60.5521759589,"BCDBTC":-29.9098168084,"NASBTC":17.5022848325,"TUSDETH":-78.4109213824,"NANOETH":-2.4158805455,"ETHBTC":-67.2865501564,"BCHABCBTC":-13.3700602195,"ZECETH":27.7620508852,"NEOTUSD":-29.1359877437,"LTCBNB":16.045266026,"AEETH":-15.6514728622,"MANABTC":6.5094391213,"RDNBTC":-38.2385154487,"ADXBTC":-76.2138021882,"WINGSBTC":60.2649870881,"TUSDUSDT":-58.0302574115,"BCHSVBTC":201.0945533103,"STRATETH":-59.2153523193,"MFTETH":-24.5063651676,"TUSDBNB":-84.0567534669,"MTLBTC":82.4280156048,"BTCPAX":-3.4027503142,"AIONBTC":8.7354491657,"EVXETH":-64.561782878,"QTUMBTC":603.0798625899,"EOSTUSD":-77.7521702281,"EVXBTC":-51.8256662271,"BATBTC":-37.669259309,"ONTBTC":56.9331603765,"ICXETH":-85.486827628,"XRPETH":-70.3051148089,"SNTETH":-55.7733295069,"STRATBTC":-61.2818877696,"BNBUSDC":-72.7999635363,"LINKBTC":-60.5579983052,"XLMETH":7.3677397804,"OAXBTC":-65.2777307873,"TRXTUSD":42.2202346603,"WABIBTC":79.3832874878,"AMBBTC":-54.3332535855,"LINKETH":-57.3210770827,"PAXUSDT":-37.9909474911,"EOSBNB":-36.3729258848,"GVTBTC":-30.5481773926,"XLMUSDT":16.3842683638,"NEOBTC":-9.2145805786,"ETHUSDC":-86.0448345706,"VETUSDT":-32.3438632129,"ADABTC":-3.3148523398,"MDABTC":-72.5224544056,"WAVESBTC":-32.7470658959,"BCHSVUSDT":172.2042427751,"ADATUSD":-0.3415261878,"ONTETH":-20.6808820853,"LSKBTC":-35.4952594585,"DOCKETH":16.999453497,"ETHPAX":-61.3372536576,"EOSETH":-60.1857592301,"ZILETH":-7.7548732669,"MODBTC":72.2621255383,"XEMETH":-34.7482175484,"NEBLBTC":-32.1429049575,"NULSUSDT":42.2914719451,"IOTABTC":-51.9953954657,"KNCBTC":-63.9219496173,"BNBUSDT":-9.9055480818,"BTCUSDC":-44.4021525422,"POLYBTC":525.1135862104,"BTGBTC":-25.6747673149,"ETCETH":77.4177080006,"XLMTUSD":26.920694747,"DGDBTC":-78.2999577622,"AEBTC":3.0142269586,"BCHABCUSDT":-40.9716262666,"ZRXBTC":-18.5004073599,"ETCBTC":14.8645363403,"XVGETH":368.0352485554,"LTCETH":-17.2688307892,"HCBTC":47980.0850146542,"TRXUSDT":16.7785135015,"BLZBTC":-77.0227059519,"NEOETH":-45.3176897151,"HCETH":14156.4993383854,"SKYBTC":-78.1009728539,"TRXETH":-16.597269593,"XLMPAX":311.4011967654,"GTOETH":-33.7313198317,"BNTBTC":-78.2598149443,"AGIBTC":-84.5472814744,"ARNETH":-52.6348756716,"BQXBTC":-43.8728419373,"XMRETH":-48.4065673323,"XRPUSDT":-46.8114362915,"IOSTETH":19.5402259627,"ARKBTC":-89.5384785131,"EOSUSDC":-47.3345155661,"XRPPAX":63.8325082221,"WANBTC":-32.3156050455,"LTCBTC":-12.6436529038,"BATETH":-25.1193161668,"OMGETH":-57.673296335,"DLTBTC":10.9438923312,"XLMUSDC":84.0580788708,"MCOBTC":-85.6159676024,"XMRBTC":-41.0014987428,"XRPBTC":-33.8354301077,"LTCUSDT":35.8998456398,"PIVXBTC":-73.5156023707,"EOSUSDT":-45.1250119792,"XZCBTC":-22.9072193028,"XLMBTC":19.1213496463,"POWRBTC":-30.7395082712,"BTCUSDT":-43.6516111274,"BNBETH":-21.6345137009,"BNBBTC":-7.529661606,"KMDBTC":-54.7414711682,"EOSPAX":153.7698456863,"NXSBTC":-36.3254241971,"GXSBTC":-64.4990284133,"IOTAETH":-44.1554259597,"STEEMBTC":157.9333640222,"NANOBTC":-21.9506295479,"TRXXRP":-9.2235761949,"APPCBTC":35.5213519769,"INSBTC":-87.417367055,"XRPBNB":-46.1084082792,"ICXUSDT":-74.7302712277},"startDate":"2019-01-05","endDate":"2019-01-13","numDays":7,"excludedPairs":["CDTBTC","VETBNB","VENBTC","RCNBNB","CMTBTC","GXSETH","ONTBNB","RDNETH","VIBEETH","LENDETH","LOOMETH","THETABTC","VENUSDT","DNTBTC","WANBNB","OSTBTC","SALTETH","DGDETH","BRDBNB","FUNBTC","HOTBTC","TRIGBNB","INSETH","NULSETH","NASETH","CMTETH","TRIGETH","THETAETH","QLCBTC","VETBTC","REQBTC","PPTETH","DENTBTC","NCASHETH","BTSBNB","QSPETH","ARDRETH","PAXBTC","POWRBNB","NCASHBNB","REQETH","WABIBNB","QSPBTC","POABTC","CVCBTC","POEETH","REPBNB","SYSETH","XZCBNB","FUNETH","PAXBNB","ENJBNB","BCNBTC","VIABNB","EDOETH","OAXETH","PIVXETH","CVCBNB","ADXBNB","LOOMBTC","CNDBTC","NASBNB","XLMBNB","DCRBNB","FUELBTC","MITHBTC","IOTXBTC","NEBLBNB","RLCETH","ASTETH","QKCETH","VENBNB","BCCBNB","USDCPAX","PAXETH","THETABNB","SKYBNB","AGIETH","APPCETH","STORMBNB","XVGBTC","SCBTC","YOYOBTC","NAVETH","ELFETH","ARDRBNB","MCOETH","QTUMBNB","MDAETH","BLZBNB","DNTETH","BCNETH","QKCBTC","ARKETH","RLCBTC","NULSBNB","LUNETH","QSPBNB","NAVBNB","GOBTC","BTSETH","MCOBNB","CLOAKBTC","WTCETH","BLZETH","TNTETH","ICNBTC","RENBTC","NANOBNB","POAETH","APPCBNB","IOTXETH","CLOAKETH","ARDRBTC","NXSETH","SCETH","WPRETH","AMBETH","BQXETH","YOYOBNB","USDCBTC","DATAETH","WTCBNB","MITHBNB","HSRBTC","POLYBNB","MFTBTC","MTHBTC","BCPTBTC","KEYBTC","KMDETH","AGIBNB","NAVBTC","VENETH","KNCETH","USDCBNB","GOBNB","NPXSBTC","STORMBTC","OSTBNB","ICXBNB","BCPTETH","VIBBTC","SNGLSBTC","RCNETH","MODETH","AIONETH","RVNBNB","GVTETH","LSKBNB","SYSBNB","SYSBTC","FUELETH","BRDBTC","CHATBTC","ICNETH","SKYETH","GRSBTC","USDCTUSD","GTOBNB","SNTBTC","SCBNB","NEBLETH","MANAETH","RDNBNB","AMBBNB","DATABTC","SNMETH","ENJETH","KEYETH","ZENBNB","STEEMBNB","TNTBTC","RVNBTC","CVCETH","ZILBNB","IOSTBTC","NPXSETH","WANETH","GNTBNB","BCDETH","GNTETH","MTLETH","AIONBNB","GTOBTC","ASTBTC","CNDETH","LENDBTC","REPETH","CNDBNB","BCCBTC","MTHETH","BTSBTC","RENBNB","NCASHBTC","POWRETH","OSTETH","WABIETH","ENJBTC","XZCETH","BCCETH","LRCETH","CHATETH","HOTETH","ENGETH","ADXETH","QLCETH","BCPTBNB","WPRBTC","BRDETH","VIAETH","DOCKBTC","RLCBNB","AEBNB","POEBTC","BNTETH","PHXBTC","ETCBNB","PHXBNB","MFTBNB","CDTETH","LRCBTC","STORMETH","WINGSETH","SUBBTC","SNGLSETH","BCCUSDT","BTGETH","DENTETH","LOOMBNB","NXSBNB","XZCXRP","STEEMETH","QLCBNB","DLTETH","STORJBTC","PAXTUSD","STORJETH","RCNBTC","RPXBNB","DLTBNB","SNMBTC","HSRETH","BATBNB","PIVXBNB","ZILBTC","CMTBNB","PHXETH","LSKETH","TNBETH","IOTABNB","POABNB","GRSETH","RPXETH","YOYOETH","RPXBTC","ZENETH","TNBBTC","SUBETH","TRIGBTC","XEMBNB","BCNBNB"]}