{"data":{"EOSBNB":-5.260937175,"XRPBTC":-0.2699774785,"ELFBTC":17.4327246392,"VETETH":-4.2359919396,"BATBTC":21.2193253594,"BATETH":21.5204195112,"MDABTC":14.7270389827,"EOSUSDT":-7.2166963578,"XLMETH":-5.4803645865,"XRPTUSD":-0.0779623391,"BNBPAX":1.7854757635,"BCDBTC":-2.6552832249,"ICXUSDT":21.1085906269,"NULSUSDT":-2.9788382348,"NEOETH":3.1735157221,"OMGBTC":1.6417214722,"QTUMUSDT":1.6431896694,"EOSETH":-7.3218937707,"BTCPAX":-3.1035382801,"BCHSVTUSD":2.8362029354,"VETUSDT":-4.6909221872,"TUSDETH":0.120394834,"BTCUSDC":-2.8025367217,"ZRXETH":-0.0443108579,"WAVESBTC":-5.93353432,"USDSUSDT":-0.4514593422,"LOOMETH":11.195541124,"AIONBTC":1.5988578418,"NEOBTC":2.8886328638,"RDNBTC":11.5234239098,"PAXTUSD":-0.0980539579,"ONTETH":15.9592409256,"TRXUSDT":-4.9371753462,"LINKUSDT":-4.5760844377,"ADATUSD":-4.3685282238,"IOTAUSDT":-3.4794361993,"USDSTUSD":-0.0236636651,"RCNETH":24.0603964318,"USDCPAX":-0.3933948718,"TRXXRP":-4.5277055964,"NULSBTC":-2.916876331,"VIABTC":-3.8158047505,"EOSUSDC":-6.9708702294,"EDOBTC":-3.378041654,"BTCUSDS":-2.686404224,"ICXBTC":21.6252736073,"XLMTUSD":-5.4900868875,"ADAETH":-4.7978334525,"WANBTC":4.7569812501,"NEBLBTC":-2.1919227759,"ONTUSDT":16.8550092631,"NASBTC":3.9855129114,"LINKBTC":-4.0324488754,"ZECETH":-3.8692061968,"PAXUSDT":-0.3159803574,"ENGBTC":-4.4937813117,"CVCBTC":3.1041288388,"XLMBNB":-3.3724478062,"USDCTUSD":-0.1557604997,"LTCUSDC":-2.6373767172,"XLMUSDC":-5.5984795426,"XMRBTC":-5.1334969656,"GXSBTC":5.0710691086,"STORJBTC":-2.1803157641,"WTCBTC":5.0756991095,"ETCUSDT":-7.7361303458,"HCBTC":0.7642508326,"WABIBTC":16.9627574868,"ICXETH":21.7843877852,"IOTABTC":-3.1941054497,"EOSPAX":-7.7837324787,"ONTBTC":16.3879561281,"BCHABCUSDT":-8.0142217211,"WAVESUSDT":-6.2835086018,"EOSBTC":-7.2578715016,"BNBUSDT":2.5208623649,"APPCBTC":11.1325834616,"ONGUSDT":-21.7870670677,"MTLBTC":-13.4524074366,"BTGBTC":-0.7025905812,"ZENBTC":7.9510147614,"STRATBTC":-5.0052175497,"XLMPAX":-5.7857799986,"KMDBTC":10.9435562188,"AEBTC":6.6386889982,"POWRBTC":5.0750631699,"BTCUSDT":-3.1054538063,"BTTUSDT":-19.3806627165,"ADXBTC":8.5577829984,"LTCBNB":-1.9831537906,"XRPUSDC":-0.3927917023,"ENJBNB":103.8354899502,"NPXSETH":2.052409088,"AEETH":6.8482032822,"LTCTUSD":-2.617522804,"RCNBTC":23.6074644363,"GRSBTC":-2.1724334857,"BCHSVUSDT":2.560139194,"ZRXBTC":0.1965216976,"KNCETH":29.1378633773,"TUSDBTC":0.1068582195,"BNBBTC":3.30094798,"USDSPAX":-0.3195490886,"OAXBTC":-3.3040107356,"LTCBTC":-3.4074286547,"THETABTC":56.2974283872,"ONGBTC":-21.0587008856,"MANAETH":15.8320059414,"ELFETH":17.6427842296,"KNCBTC":30.2636100755,"HOTBNB":-17.8735900916,"TRXETH":-4.5440288832,"THETAETH":57.5451176429,"LTCUSDT":-3.687604427,"LINKETH":-3.6741061524,"ETHPAX":-7.306155142,"EOSTUSD":-7.1702447095,"ETCBTC":-7.908078192,"GVTBTC":1.2228615374,"NANOBTC":-1.7335903394,"EVXBTC":3.6237418422,"ENJBTC":101.9991413366,"ENJETH":101.4157210228,"ONTBNB":17.0683075424,"BTTPAX":-19.108730562,"INSBTC":4.684026147,"TRXBNB":-3.2333909848,"NEOBNB":4.3133816563,"LRCBTC":3.0209917486,"OMGETH":1.8821976238,"TUSDUSDT":-0.2721314167,"PPTBTC":-6.4650410354,"ETHUSDT":-7.2780496718,"TUSDBNB":2.6881957709,"SKYBTC":13.5970810058,"NEOUSDT":2.5641212534,"THETABNB":56.0199235138,"ETHUSDC":-6.9876665202,"ARKBTC":-8.8941637219,"REPBTC":-7.1195278137,"BNBUSDC":5.3761984874,"ADABNB":-2.3789824817,"QTUMBTC":2.0144194128,"NEOTUSD":4.446656313,"LUNBTC":6.7025480472,"STEEMBTC":23.7225068242,"BQXBTC":-3.5183518116,"WAVESETH":-5.7589783461,"LOOMBTC":10.4259976996,"XRPPAX":-0.5127541379,"XRPETH":-0.0641076966,"BTTBNB":-17.3663861229,"BCHABCBTC":-7.7767486804,"LTCETH":-3.3041785757,"BNBETH":3.0057014366,"PIVXBTC":-4.9331598484,"GASBTC":-4.1359140604,"BRDBTC":0.9839199923,"XLMUSDT":-5.4258983946,"ZILUSDT":-5.7962728762,"XRPUSDT":-0.4141988261,"ARNETH":-2.0784879672,"DGDBTC":6.2203380595,"DLTBTC":-13.7533554857,"USDCUSDT":-0.3814106522,"TRXTUSD":-4.4936887263,"LSKBTC":-2.5727699695,"HOTUSDT":-19.956649866,"RLCBTC":16.804281846,"ETHBTC":-7.0540855765,"DCRBTC":-2.1585930874,"ZILETH":-5.3469334527,"XRPBNB":2.265648891,"BCHSVBTC":2.9159121923,"MCOBTC":-12.7922936508,"ARNBTC":-2.2160882287,"FUELETH":-5.9998685284,"MDAETH":14.818691607,"BATBNB":21.916427038,"DASHBTC":-2.4252448069,"ADAUSDT":-4.9235575149,"NXSBTC":-2.2641176426,"ZECBTC":-4.1365563767,"BCHABCTUSD":-7.6629104003},"startDate":"2019-02-23","endDate":"2019-03-02","numDays":7,"excludedPairs":["GRSETH","RDNETH","PHXBNB","VIBEETH","DLTETH","WPRETH","NXSETH","XLMBTC","SYSETH","ARDRBTC","KEYETH","QTUMETH","ASTBTC","ZILBNB","WTCBNB","OSTETH","POEBTC","WANETH","VETBTC","USDCBTC","DENTBTC","RDNBNB","QSPBNB","TRIGETH","WTCETH","SCETH","IOTXBTC","RPXBTC","SNTBTC","STORMBTC","QSPBTC","FETBTC","CNDETH","BCNETH","CVCETH","BCCBTC","QKCETH","AGIBTC","PPTETH","POWRETH","ETCETH","HOTETH","BCHABCPAX","BLZETH","VIABNB","BTGETH","NASETH","CMTBTC","MITHBNB","NASBNB","BCPTETH","TRIGBTC","SCBNB","DOCKETH","XEMETH","BRDETH","FUELBTC","NCASHBTC","NANOETH","MANABTC","BCHSVPAX","CHATBTC","DASHETH","MTLETH","ICXBNB","CLOAKETH","PHXETH","GOBNB","IOSTBTC","AIONBNB","CLOAKBTC","NULSETH","VENBTC","PIVXETH","ENGETH","XMRETH","MTHETH","WABIETH","NEBLETH","RENBNB","SNMETH","SALTBTC","LUNETH","DNTBTC","SNGLSETH","DATAETH","ETCBNB","WAVESUSDC","RCNBNB","RVNBNB","BRDBNB","KMDETH","XEMBTC","OAXETH","PHXBTC","DCRBNB","TRXBTC","ASTETH","LENDETH","XVGBTC","SCBTC","QSPETH","NULSBNB","SNTETH","CVCBNB","NAVETH","BLZBTC","NAVBTC","AGIETH","PIVXBNB","CDTBTC","WPRBTC","MCOETH","XZCBNB","KEYBTC","STORJETH","SUBETH","STORMETH","LTCPAX","POABNB","PAXBNB","LOOMBNB","BCPTBTC","FUNBTC","STEEMETH","ARDRETH","TRXPAX","IOSTETH","HCETH","QLCBTC","IOTAETH","ZRXUSDT","DATABTC","BTTUSDC","BTTBTC","ZILBTC","CNDBTC","XVGETH","RENBTC","XZCXRP","ARKETH","GVTETH","GTOETH","YOYOBNB","SNMBTC","VENUSDT","ZENETH","YOYOBTC","BCCUSDT","BTSBTC","WANBNB","GNTBNB","MODETH","XZCBTC","BCNBTC","QLCETH","AMBBNB","BCNBNB","SNGLSBTC","SYSBTC","NCASHBNB","DOCKBTC","XEMBNB","VENETH","USDSUSDC","STRATETH","WAVESPAX","LINKUSDC","TRXUSDC","NANOBNB","WINGSBTC","QKCBTC","LRCETH","BQXETH","EDOETH","MFTETH","QLCBNB","MODBTC","AMBBTC","STEEMBNB","MFTBNB","ZRXBNB","RLCBNB","RLCETH","ONGBNB","REPBNB","TRIGBNB","GNTBTC","XZCETH","TNBBTC","MITHBTC","BCPTBNB","LENDBTC","NPXSBTC","BCCETH","RPXBNB","STORMBNB","DGDETH","GNTETH","WAVESTUSD","CDTETH","USDCBNB","YOYOETH","BNBUSDS","VETBNB","SKYETH","MFTBTC","HSRETH","AIONETH","PAXETH","POLYBTC","GTOBTC","POAETH","DNTETH","IOTXETH","SUBBTC","NXSBNB","HOTBTC","VIBETH","LINKTUSD","ICNBTC","SKYBNB","ZENBNB","MCOBNB","VIAETH","BTSBNB","QTUMBNB","TNTETH","POWRBNB","DENTETH","APPCETH","REPETH","APPCBNB","GOBTC","AGIBNB","LINKPAX","AEBNB","INSETH","POLYBNB","IOTABNB","PAXBTC","WINGSETH","WABIBNB","BCCBNB","ADABTC","TNBETH","BNTETH","WAVESBNB","VIBBTC","CMTBNB","FUNETH","CHATETH","BLZBNB","CMTETH","DLTBNB","REQETH","RVNBTC","VENBNB","NEBLBNB","BNTBTC","SALTETH","BCHABCUSDC","BTTTUSD","MTHBTC","ADXBNB","ARDRBNB","OSTBTC","POABTC","AMBETH","RPXETH","SYSBNB","REQBTC","BTSETH","ICNETH","FETBNB","ADXETH","GTOBNB","LSKBNB","CNDBNB","TNTBTC","NAVBNB","BCDETH","NCASHETH","HSRBTC","POEETH","EVXETH","FETUSDT","VIBEBTC","BCHSVUSDC","GXSETH","OSTBNB","LSKETH"]}