{"data":{"NEBLBTC":-2.6821870873,"FETUSDT":102.480381076,"ETHBTC":25.7304647376,"BATETH":1.4577125139,"EVXBTC":-3.8590481856,"APPCBTC":13.3056179194,"ONGBTC":15.5180525914,"RVNBNB":15.06009048,"OMGUSDT":16.5410473467,"BCHABCUSDT":8.0154668188,"WABIBTC":1.0593477872,"XRPTUSD":22.7506232792,"MCOBTC":1.629155383,"VETUSDT":19.3070327283,"ETHTUSD":26.8301515354,"BTCUSDS":3.8477158318,"XVGETH":42.0034929892,"ETHUSDT":27.0023034393,"QTUMUSDT":21.2701856672,"XRPBTC":20.35810236,"GVTBTC":1.5714997414,"BCHABCUSDC":6.7826415319,"USDSPAX":0.327866401,"TRXTUSD":11.2005030259,"BCHABCPAX":7.4799592259,"KNCBTC":16.9255978961,"XLMUSDC":33.5550744897,"CELRBNB":106.2315300304,"XRPPAX":23.6255930761,"ETCBTC":20.3984741165,"BQXBTC":4.8405914109,"EOSUSDT":12.6165236388,"BCHABCBTC":6.291660997,"ADABNB":13.3098579115,"MATICUSDT":247.7638872194,"SKYBTC":54.4060203519,"IOSTUSDT":-7.1724536246,"TRXETH":10.1920907472,"XZCBTC":1.3797222448,"LTCPAX":2.7110033529,"ZECETH":18.2862888614,"RLCBTC":-25.9194989263,"USDCTUSD":0.2120926342,"LINKETH":52.6486534091,"MITHUSDT":35.3998417814,"ETHUSDC":26.2804955137,"XLMETH":33.725592905,"XLMTUSD":33.7615390168,"MTLBTC":3.6171145715,"WAVESETH":-0.7848845854,"BTCPAX":4.1346911964,"OAXBTC":18.5574290711,"GRSBTC":4.6738904122,"FETBNB":100.6148159599,"ZECUSDT":19.4243853909,"OMGETH":15.3811342325,"BTTUSDT":50.2467449187,"POWRBTC":8.7670270139,"THETABTC":15.5734073144,"ATOMBTC":13.4843626324,"EOSBTC":10.9774991475,"USDCUSDT":0.0125218827,"NANOUSDT":0.7559599383,"ENJUSDT":7.0195461806,"ZILETH":2.5188401449,"LINKTUSD":51.5331299553,"NULSUSDT":3.6952720671,"XLMPAX":33.2531457976,"MANABTC":7.022800629,"ADAUSDC":13.8526904694,"LTCUSDT":2.8575492512,"ADAUSDT":13.4625815883,"STRATBTC":4.385201065,"MDABTC":10.3712871107,"BNBBTC":21.3393916612,"XRPUSDC":21.3462649985,"NULSBTC":-2.6210079124,"ADAETH":13.8909911579,"CVCBTC":5.5035096866,"DASHETH":24.8842071159,"TRXBNB":10.6711251707,"BNBUSDC":24.4810882341,"BNBTUSD":25.2228409618,"NEOTUSD":22.4221000917,"STEEMBTC":7.0046630996,"SKYETH":54.4036407663,"BATBNB":0.2674960384,"QTUMBTC":20.6032758995,"ATOMUSDT":17.6508507579,"BNBUSDT":26.0879611394,"ZILUSDT":2.7241022687,"ENGBTC":7.1133525466,"ONTETH":9.1733122704,"ONTBTC":8.5477570303,"EOSETH":12.0010109814,"RDNBTC":3.5370595276,"NEOUSDT":20.6280726028,"GASBTC":0.5615962079,"LINKBTC":51.0404438488,"ATOMBNB":17.4544303162,"BTCUSDC":3.7322020738,"DLTBTC":11.9390976049,"LINKUSDC":49.7831893688,"XLMBTC":31.9244982443,"BATBTC":-0.8423236077,"XRPUSDT":22.9252826356,"WTCBTC":-3.4339234167,"FUELETH":45.2069022855,"XRPETH":21.7666557679,"BRDBTC":-7.463634188,"TRXUSDC":10.3711978244,"ETCUSDT":22.0061349828,"KMDBTC":-5.8787687254,"SKYBNB":57.0940794675,"NEOETH":21.4775726825,"REPBTC":2.3272750241,"BNBPAX":24.4891844673,"XMRBTC":8.9102813178,"INSBTC":6.6078427563,"BTTBNB":50.702160035,"IOTAETH":24.2269161491,"PAXTUSD":0.0884430828,"ENJBTC":5.2211810509,"WAVESBTC":-2.9211107529,"ADATUSD":12.5812737097,"MATICBTC":254.5947723951,"ICXUSDT":10.2422968884,"VIABTC":5.7995633653,"LTCTUSD":2.8970388006,"BATUSDT":1.5137501125,"DGDBTC":-4.2601637342,"NAVBTC":19.3607292074,"CELRUSDT":105.7930461783,"BCDBTC":3.8740152974,"STORJBTC":7.2862672745,"AMBBTC":31.2756561576,"POLYBTC":-10.0520319856,"ARNBTC":4.2297186305,"WAVESUSDT":-0.384095334,"ADXBTC":6.0856377229,"LTCBNB":3.4786534135,"XRPBNB":21.6879621029,"BTCUSDT":4.6415027981,"LINKUSDT":52.4167851124,"ARKBTC":4.1704275118,"TRXUSDT":10.977623136,"ZRXUSDT":13.4357156601,"GXSBTC":0.482955337,"LTCBTC":1.4683154552,"PPTBTC":-9.269452799,"NEOBTC":20.2126534819,"ETHPAX":25.8820811126,"IOTAUSDT":24.3334928704,"PAXUSDT":0.0465854587,"XLMBNB":32.3999004673,"FETBTC":96.5582705962,"IOTABNB":26.7067112958,"LSKBTC":5.5131901709,"ICXBTC":8.29540492,"BTTUSDC":54.7352928925,"OMGBTC":13.8994912166,"NASBTC":6.076734654,"USDCPAX":0.0420142105,"NANOBTC":-0.9199361287,"LOOMBTC":19.094900415,"THETAUSDT":18.1801146513,"ELFBTC":22.3951324469,"XEMBTC":51.0533354941,"AIONBTC":-6.5156842718,"IOTABTC":24.3174766379,"WANBTC":6.7255352972,"ZENBTC":-7.1732298888,"VETETH":19.2349678677,"GNTBTC":18.2015143631,"BTGBTC":-6.6485223539,"TUSDUSDT":-0.1823438777,"ZECBTC":17.6629195585,"NEOBNB":20.040079258,"EOSTUSD":12.3189099973,"ZRXBTC":12.1871250114,"EOSUSDC":10.7025536884,"MATICBNB":252.1224551416,"BTCTUSD":4.5205433597,"ADABTC":12.0687676525,"VETBNB":20.0160153605,"IOSTETH":-8.1406643453,"BNBETH":23.0073612398,"DASHUSDT":26.2243896187,"EOSPAX":12.8270303965,"LTCUSDC":3.3440979121,"LTCETH":2.4631185932,"HOTUSDT":32.2027850093,"PIVXBTC":2.8194512562,"ONTUSDT":9.3378875348,"EOSBNB":13.0645964023,"AEBTC":2.7231032848,"BCHABCTUSD":7.7836734942,"HCBTC":8.7674155559,"ONGUSDT":14.5087815258,"TRXXRP":10.4455664262,"ENJETH":7.6562909361,"ONTBNB":8.3710905807,"DCRBTC":0.2521112788,"DASHBTC":22.6660280432,"SYSBTC":27.1971415774,"XMRUSDT":9.6226160419,"XLMUSDT":33.508810068},"startDate":"2019-05-13","endDate":"2019-05-21","numDays":7,"excludedPairs":["XZCXRP","NEOUSDC","BATTUSD","VENUSDT","OSTBNB","REPBNB","AGIBTC","SCBNB","DASHBNB","KMDETH","KEYBTC","CLOAKBTC","ADAPAX","XMRBNB","AGIBNB","AEBNB","VIABNB","OAXETH","POABNB","WABIETH","GRSETH","MANAETH","ADXETH","BCNETH","ICXETH","VIBEETH","XZCETH","PAXBTC","BCHSVUSDC","CHATETH","GNTETH","NAVETH","MTHBTC","NXSBNB","DATAETH","ZECTUSD","SNMBTC","RVNBTC","REPETH","SYSBNB","BLZBTC","PHXBTC","ZECUSDC","DCRBNB","MODETH","PAXBNB","CVCETH","ETCBNB","TRXBTC","SNTETH","IOSTBTC","DOCKETH","TUSDETH","TNTETH","XVGBTC","APPCBNB","THETABNB","ZENETH","FUNETH","QLCETH","HCETH","WPRBTC","SCBTC","QTUMBNB","MODBTC","RCNBNB","USDSUSDT","CMTBNB","CDTETH","AMBBNB","PPTETH","RENBTC","ZRXBNB","ZRXETH","BRDBNB","NEBLETH","POABTC","NANOETH","MTLETH","TUSDBNB","SNTBTC","REQETH","EVXETH","BCCUSDT","ENGETH","NULSETH","FUNBTC","RLCETH","TNBBTC","RPXETH","BNTETH","WAVESTUSD","HSRETH","MITHBTC","BCHSVBTC","STEEMETH","STORJETH","HOTBTC","ETCPAX","ETCUSDC","SALTETH","PIVXETH","NASBNB","POAETH","BCHSVPAX","LOOMBNB","NANOBNB","ARDRBNB","AGIETH","ZECPAX","GXSETH","POEBTC","CMTETH","LINKPAX","NASETH","YOYOETH","OSTETH","RLCBNB","IOTXBTC","RDNBNB","NAVBNB","USDSUSDC","VIAETH","DGDETH","ADXBNB","AIONETH","WINGSBTC","XEMBNB","LENDETH","WPRETH","RPXBTC","VENETH","IOTXETH","ZENBNB","POWRETH","QLCBTC","QLCBNB","WANBNB","CMTBTC","RPXBNB","NEOPAX","RENBNB","RCNBTC","TRIGETH","LUNETH","RCNETH","VIBETH","LUNBTC","NPXSETH","XZCBNB","VIBBTC","ELFETH","WINGSETH","NCASHETH","APPCETH","OMGBNB","ARNETH","XMRETH","VENBNB","DENTETH","DNTETH","HOTBNB","BTSBNB","KEYETH","BQXETH","LRCBTC","IOSTBNB","QSPETH","POWRBNB","TNBETH","QSPBTC","DLTETH","YOYOBNB","ATOMPAX","GNTBNB","ETCETH","BCCETH","LOOMETH","BCPTBNB","FUELBTC","PAXETH","HOTETH","BCHSVUSDT","BLZBNB","ATOMTUSD","CNDBTC","ICNETH","ZECBNB","SNMETH","NXSETH","QTUMETH","ONGBNB","TUSDBTC","VIBEBTC","RDNETH","LSKBNB","CHATBTC","AMBETH","CNDETH","NXSBTC","CDTBTC","VENBTC","ENJBNB","SUBETH","BCDETH","GOBTC","STRATETH","NCASHBTC","GVTETH","POEETH","PHXBNB","WAVESBNB","MFTETH","XEMETH","BTSBTC","ZILBTC","REQBTC","QSPBNB","STORMETH","ARDRBTC","MCOBNB","MDAETH","EDOBTC","ASTETH","SALTBTC","BTTTUSD","GTOBNB","AIONBNB","LENDBTC","WAVESPAX","QKCBTC","PIVXBNB","THETAETH","OSTBTC","WTCETH","TRXPAX","NULSBNB","STORMBTC","LRCETH","DENTBTC","BATPAX","CNDBNB","BCNBNB","BCCBTC","GOBNB","BCPTBTC","BCPTETH","BTTBTC","STORMBNB","WAVESUSDC","SNGLSETH","SUBBTC","SNGLSBTC","GTOBTC","NEBLBNB","MTHETH","WTCBNB","MFTBTC","POLYBNB","MCOETH","ATOMUSDC","BLZETH","NCASHBNB","TRIGBNB","SYSETH","BCNBTC","AEETH","USDCBTC","USDCBNB","SCETH","DATABTC","DNTBTC","DLTBNB","ICXBNB","TRIGBTC","INSETH","ARKETH","BATUSDC","BTGETH","BTTPAX","DOCKBTC","ASTBTC","BTSETH","KNCETH","BCHSVTUSD","NPXSBTC","MFTBNB","WANETH","CELRBTC","QKCETH","EDOETH","BCCBNB","WABIBNB","BNTBTC","STEEMBNB","ZILBNB","VETBTC","USDSTUSD","MITHBNB","HSRBTC","ICNBTC","ARDRETH","ETCTUSD","PHXETH","TNTBTC","BRDETH","YOYOBTC","LSKETH","BNBUSDS","GTOETH","CVCBNB","CLOAKETH"]}