{"data":{"MDAETH":20.5553508554,"USDCUSDT":-0.0458902557,"POLYBTC":15.9250995422,"EOSTUSD":10.5546402864,"QTUMBTC":1.5544583238,"BNBBTC":9.122974923,"XRPUSDT":-2.9175234914,"FUELETH":-1.6828183736,"ARKBTC":6.1538979169,"EDOBTC":-6.8823139302,"LTCBNB":2.1102342519,"LINKETH":0.1880364566,"XLMETH":-3.7085511688,"TRXXRP":1.8878804835,"LTCPAX":1.1414626461,"XZCBTC":8.4843354553,"NASBTC":10.98871384,"TRXBNB":1.522872414,"VETETH":2.1785511525,"ZRXETH":11.1625564073,"ARNETH":12.5754387326,"XMRUSDT":-1.7088538549,"BNTBTC":2.6572700348,"IOTAUSDT":1.2987149332,"ENJBTC":-10.9541130698,"THETABTC":-13.5390227321,"LINKBTC":-0.4514932378,"LTCUSDT":1.9622088616,"ZILUSDT":1.1769584571,"GNTBTC":-3.5410445184,"IOTAETH":1.903705238,"NEOUSDT":0.0901194622,"EVXBTC":260.5637364124,"BRDBTC":21.2244895159,"BCDBTC":-2.1534953892,"ONTETH":0.5744133489,"EOSBTC":11.7657311851,"GRSBTC":4.8929067021,"LUNBTC":10.6131105928,"BTTUSDT":-4.4178112151,"ETHUSDC":0.0103721403,"XRPETH":-2.4519829059,"ENJBNB":-11.1010262378,"OMGETH":15.5030924487,"ETCUSDT":3.6313483071,"TRXETH":1.7701747187,"ONTBNB":-1.4918181175,"EVXETH":252.530289413,"XLMTUSD":-4.2441865755,"POLYBNB":15.8869013527,"NAVBTC":16.6548214441,"IOTABTC":2.000366299,"NXSBTC":-2.6848012181,"WTCBTC":4.3291129142,"WANBTC":1.6001217508,"GRSETH":5.6689251812,"RVNBTC":45.9889681971,"EOSBNB":11.2073548499,"XRPPAX":-2.8632764626,"PAXUSDT":-0.1226480823,"VIABTC":9.368618433,"BTCPAX":-0.1509349176,"STORJBTC":4.9392818669,"OMGBTC":16.7813840254,"HOTUSDT":-8.3525615302,"RVNBNB":45.1511881002,"IOSTETH":7.5777949677,"XMRBTC":-1.5346989795,"ENJETH":-10.8996351008,"ADXBTC":18.5917728306,"ETHBTC":-0.157496152,"APPCBTC":1.315940685,"OAXETH":118.2750868959,"ICXBTC":-2.5475497937,"ADATUSD":23.398409034,"DCRBTC":3.3488748762,"XRPTUSD":-2.8264273023,"TRXTUSD":1.5066002744,"BNBUSDC":9.1388954454,"BTSBTC":20.2309533597,"ONTUSDT":-1.3847875717,"OAXBTC":122.7637548708,"ZENBTC":1.2378958248,"LTCBTC":2.1623936875,"AIONBTC":1.2664662943,"LSKBTC":6.0447077235,"TRXUSDT":1.4154372838,"NEOBNB":0.4398040194,"ENGETH":46.0039422439,"ONGUSDT":-3.2786697982,"NULSUSDT":25.4699890746,"ETHUSDT":-0.294758654,"BTCUSDC":0.0315093883,"ICXUSDT":-2.7336712916,"AEBTC":1.3426061743,"GVTBTC":4.649345656,"ARDRBTC":17.9562307238,"ENGBTC":50.2873849042,"DASHBTC":1.1476150363,"BTCUSDT":-0.1288179656,"ADAETH":24.611559432,"ONTBTC":-0.7795219722,"ADABTC":24.0848876,"ADABNB":25.1921491207,"RLCBTC":11.3785825221,"ARNBTC":12.5795659513,"TUSDUSDT":-0.086776015,"ETHTUSD":-0.2219807453,"EOSUSDT":10.9841091993,"BNBETH":9.2693837132,"REPBTC":-2.4018661672,"HCBTC":3.9158724234,"NANOBTC":-1.4974872233,"LTCETH":2.3825439215,"WAVESUSDT":-1.2735111548,"LOOMBTC":2.3893528624,"MITHBTC":-5.9532817717,"MCOBTC":3.5523771154,"STRATBTC":2.6047775084,"ADAUSDT":24.3719563629,"BTTBNB":-4.1828347795,"BATBTC":15.0646598204,"RDNBTC":5.0354396484,"ETCBTC":4.0160370231,"FETBTC":-11.7772510788,"BCHABCUSDT":6.1022917111,"PIVXBTC":5.6724749935,"VETUSDT":1.9317645655,"GASBTC":0.2274476912,"PPTBTC":4.873781135,"NEOBTC":0.2696451908,"GXSETH":-9.4073962614,"BCHABCPAX":5.9928362069,"BCPTBTC":5.4765959397,"KNCBTC":1.5428888915,"NEOETH":0.1146629483,"BCHSVBTC":-2.096674399,"THETABNB":-13.4716305267,"BCHABCBTC":6.2630713073,"MTLBTC":0.6289105724,"ZECBTC":-5.6244898906,"BNBUSDT":8.978498061,"ETCETH":4.7260271045,"BQXBTC":6.5683706678,"XLMUSDT":-4.166799922,"LTCTUSD":2.5459268601,"BATUSDT":14.672436965,"XRPBNB":-2.6680663695,"QTUMUSDT":0.0835405765,"MDABTC":20.1037175187,"FETUSDT":-11.8554409371,"WAVESBTC":-0.8592806702,"KMDBTC":-3.6389281658,"USDSTUSD":0.0010790565,"POWRBTC":10.5042568317,"BATETH":15.3033942038,"VIBETH":64.3744291269,"BNBTUSD":8.8372184548,"ZRXUSDT":10.6998826643,"VETBNB":0.8108493843,"XLMBTC":-3.9682965124,"XRPBTC":-2.4769182275,"GXSBTC":-7.6272504724,"BTCTUSD":-0.0252811266,"THETAETH":-12.9591723566,"BCHSVUSDT":-2.0510187238,"NEBLBTC":-4.8843979884,"ETHPAX":-0.2804814044,"ZILETH":1.4807885505,"ONGBTC":-3.0224442644,"ZRXBTC":10.7847109914,"WABIBTC":1.2299015939,"BCHABCTUSD":5.7887814284,"XLMBNB":-3.8778077367,"ELFBTC":5.1973441187,"ICXETH":-2.2930284422,"STEEMBTC":-8.0947444459,"FETBNB":-12.0984165592,"KNCETH":1.6483415065,"BNBPAX":8.9159952426,"USDCPAX":-0.0736872364,"SKYBTC":2.1879030804,"EOSETH":12.1585724385,"NULSBTC":27.447808475,"INSBTC":0.7233465159,"BTGBTC":-3.4972954103,"LOOMETH":2.7717434678,"LINKUSDT":0.066001557,"DGDBTC":10.4157485539},"startDate":"2019-03-21","endDate":"2019-03-28","numDays":7,"excludedPairs":["ASTBTC","CDTETH","WTCETH","AMBBNB","DASHETH","LUNETH","SKYETH","STEEMETH","ZENETH","SNMBTC","SKYBNB","BTSBNB","SNMETH","VENETH","AIONETH","PPTETH","TNBBTC","DENTBTC","TUSDBNB","DENTETH","XZCETH","XEMBTC","ICXBNB","POABNB","WANETH","QSPBTC","RENBTC","POAETH","HOTBNB","CVCETH","BCNBTC","NEOUSDC","BCCBNB","TUSDETH","VIBEBTC","USDCBNB","NEBLBNB","PAXBTC","BCHSVTUSD","CELRUSDT","AGIBNB","ZECBNB","QTUMETH","SALTBTC","BCPTBNB","BLZBTC","CVCBNB","QLCBTC","LRCBTC","ARKETH","BRDETH","ETCBNB","SCETH","XEMETH","TRIGBNB","NCASHBTC","BTCUSDS","MODBTC","EOSPAX","WAVESETH","BCCUSDT","REQBTC","QLCETH","DATAETH","RCNBTC","QSPBNB","ZRXBNB","WINGSETH","DLTETH","CNDBNB","APPCBNB","SYSBNB","ARDRBNB","LTCUSDC","XZCBNB","XZCXRP","BCHSVPAX","MANABTC","SNGLSBTC","VIBEETH","VIABNB","BCHSVUSDC","USDSPAX","USDCTUSD","NANOBNB","DATABTC","LSKETH","POEBTC","MCOBNB","SCBNB","USDSUSDT","CDTBTC","LINKPAX","RPXETH","VENBNB","HOTBTC","STORMBNB","MTLETH","BTTPAX","YOYOETH","KMDETH","BLZETH","NAVBNB","XVGETH","PHXETH","WAVESPAX","AMBBTC","NXSETH","PIVXETH","VETBTC","CNDBTC","AIONBNB","XLMUSDC","STORJETH","TRXBTC","BTTTUSD","SNTBTC","USDSUSDC","SNGLSETH","GTOBTC","PAXTUSD","IOSTBNB","RDNETH","CMTETH","ZECUSDC","NXSBNB","ZILBTC","XVGBTC","GOBTC","BCPTETH","MFTBTC","LINKUSDC","CHATBTC","DNTETH","STRATETH","GTOETH","TRIGBTC","POWRBNB","NEBLETH","VENUSDT","IOTABNB","TNTETH","BCNETH","CMTBTC","ZECETH","QKCBTC","OSTBTC","LENDBTC","WAVESTUSD","LRCETH","WTCBNB","CELRBNB","IOSTBTC","NASBNB","BQXETH","LOOMBNB","BCCETH","AGIBTC","CVCBTC","SYSBTC","LSKBNB","ADAUSDC","VIBBTC","ZECPAX","VIAETH","CELRBTC","BCNBNB","ADAPAX","XLMPAX","KEYETH","BLZBNB","TRXUSDC","POABTC","HCETH","RENBNB","DLTBTC","BTSETH","BCHABCUSDC","BTTBTC","FUELBTC","MCOETH","XMRBNB","ASTETH","WABIETH","TRIGETH","SCBTC","MTHBTC","TRXPAX","RLCBNB","IOSTUSDT","BNBUSDS","CNDETH","DCRBNB","MFTBNB","QSPETH","MITHBNB","GTOBNB","BATBNB","BTTUSDC","WINGSBTC","GNTBNB","MFTETH","WPRETH","PAXETH","ONGBNB","WPRBTC","CLOAKETH","OSTBNB","EDOETH","ZILBNB","NANOETH","YOYOBTC","ZENBNB","WANBNB","TUSDBTC","PHXBTC","BCCBTC","ICNETH","AMBETH","USDCBTC","SYSETH","EOSUSDC","INSETH","KEYBTC","HOTETH","REPETH","RCNBNB","NPXSETH","ADXBNB","LINKTUSD","ELFETH","NAVETH","APPCETH","NASETH","OSTETH","MANAETH","AEBNB","ICNBTC","GVTETH","NEOTUSD","NCASHETH","QTUMBNB","ADXETH","TNBETH","PAXBNB","BRDBNB","POWRETH","STEEMBNB","RLCETH","STORMETH","NPXSBTC","ZECTUSD","FUNBTC","WABIBNB","AGIETH","AEETH","QKCETH","VENBTC","BNTETH","RCNETH","QLCBNB","SUBBTC","ARDRETH","CLOAKBTC","GOBNB","HSRETH","NEOPAX","DOCKETH","DNTBTC","MTHETH","RDNBNB","NCASHBNB","DLTBNB","SNTETH","FUNETH","PHXBNB","ZECUSDT","POEETH","SALTETH","PIVXBNB","NULSETH","BCDETH","WAVESUSDC","HSRBTC","DOCKBTC","YOYOBNB","TNTBTC","REPBNB","WAVESBNB","SUBETH","STORMBTC","NULSBNB","IOTXETH","BTGETH","REQETH","GNTETH","XEMBNB","MODETH","XMRETH","LENDETH","CMTBNB","RPXBTC","RPXBNB","DGDETH","XRPUSDC","CHATETH","IOTXBTC"]}