{"data":{"GASBTC":1.767412396,"TUSDUSDT":0.0715578119,"RDNBTC":1.1266260677,"BNBUSDC":34.3001659363,"XLMBTC":0.7760286316,"XLMETH":0.9986840066,"MTLBTC":9.9424375071,"WABIBTC":-10.6552648295,"TRXXRP":-1.3725874348,"XRPUSDC":0.4828069445,"WABIBNB":-7.9921148861,"DGDBTC":35.0683944336,"IOSTUSDT":-2.4060221214,"LTCETH":4.0689821417,"XRPTUSD":0.7979119507,"LRCBTC":-1.9653753516,"BNBUSDT":34.14938698,"MFTBNB":-0.3438841694,"XRPBNB":0.3001344356,"GTOETH":12.4547187056,"KNCBTC":9.6988503348,"NXSBTC":2.1749976879,"VIABTC":2.8993109347,"VETUSDT":2.3057396495,"ETHBTC":5.8048299116,"IOTABTC":-4.1156975842,"BATBNB":36.0643953524,"EOSBNB":2.5260226806,"IOSTETH":-3.1311139609,"TRXETH":-0.5677218962,"ENJETH":25.7866043816,"IOTAETH":-3.6802108056,"MCOBTC":20.4737183114,"LTCUSDT":3.6074275785,"GXSBTC":-0.7836421412,"ZILUSDT":6.8848535494,"ONTETH":-1.112089413,"XMRETH":6.2212294214,"WAVESBTC":-0.0024751821,"NULSUSDT":8.2150171684,"BCHABCPAX":9.4038947532,"BNBTUSD":33.8353342432,"LINKUSDT":-1.5630472484,"MITHBNB":43.5168117368,"EVXBTC":-3.0846152124,"MDABTC":-1.9058273628,"NANOETH":9.423439938,"FUELETH":7.966538454,"NEBLBTC":4.5112938318,"ARKBTC":1.938166775,"LINKBTC":-1.8304279426,"QKCETH":6.5751426284,"INSBTC":6.9369193439,"BTCPAX":4.7622832236,"BTTBNB":-0.9581883216,"LTCBNB":3.7280945839,"ICXUSDT":2.4338569319,"BCHABCUSDT":8.9422526556,"ENGBTC":5.3408641613,"DCRBTC":5.0500375303,"TRXBNB":-0.6486806028,"NANOBTC":8.6458754138,"ELFBTC":1.6358890336,"NEOBNB":-1.1861327451,"ARNBTC":11.2274973031,"ONGUSDT":10.8702680353,"XZCBTC":2.8364543692,"NULSBTC":9.0801572189,"BCHABCBTC":8.6697126395,"ADATUSD":-7.7644004524,"AEBTC":4.176632781,"YOYOETH":2.0158860727,"THETABTC":6.2127635766,"BTCTUSD":4.7044703036,"WTCBTC":23.1672953479,"VETBNB":2.3150339306,"BCHABCUSDC":8.7062240184,"NAVBTC":5.8251633311,"XRPETH":1.1479822211,"DASHUSDT":2.9478293574,"EOSBTC":2.3778188137,"ZILETH":7.7595382119,"GVTBTC":4.745135035,"GNTBTC":4.4954204059,"THETAUSDT":6.9317224718,"HOTUSDT":17.461679951,"ADABTC":-7.9825437241,"NEOETH":-1.2468873198,"NANOBNB":8.6977569698,"ONTUSDT":-1.1221927253,"WANBTC":5.9652327316,"BNBPAX":35.3188995982,"XMRBTC":5.6927265273,"IOTAUSDT":-3.9332478151,"ADABNB":-7.6426215879,"BTCUSDC":4.3751725113,"BTGBTC":6.8985659346,"WAVESETH":0.5205647756,"PPTBTC":-6.5322121136,"EOSUSDC":3.1920954945,"NASBTC":-8.8571890749,"VIBETH":21.0257071616,"KMDBTC":1.3203828392,"STORJBTC":8.0469634704,"LTCBTC":3.4382004246,"OMGETH":0.1892336322,"ETCBTC":-1.4438865649,"BTTUSDC":-1.0214779173,"MITHBTC":39.6700028154,"USDCPAX":0.1549369762,"BRDBTC":11.4721343564,"PHXBNB":18.5707836484,"ICXETH":2.9290653859,"BQXBTC":0.2335553923,"EVXETH":-3.2502883962,"STRATBTC":0.1076068535,"LTCTUSD":4.2883351581,"TRXUSDT":-0.7758341382,"XMRUSDT":6.9093428807,"WABIETH":-10.6937291343,"ETHTUSD":6.2447416452,"NEOUSDT":-1.3223490242,"EOSUSDT":2.608243551,"HOTBNB":16.5646794278,"FETUSDT":15.0519773052,"ADAETH":-7.4645403692,"BCHSVUSDT":-16.3459147121,"BATETH":36.5223664706,"NEOBTC":-1.9178485936,"USDCUSDT":0.2088689496,"ZENBTC":-6.2049107707,"FETBTC":16.4580812523,"ETHUSDC":6.1515698664,"QTUMUSDT":-0.5668590439,"BNBETH":34.5320893259,"OAXBTC":0.5094253812,"HOTETH":17.332868559,"BCHSVTUSD":-15.9689794394,"ETCUSDT":-0.7880956298,"BCDBTC":5.6165518228,"GRSBTC":7.5836069561,"PAXUSDT":0.1199589972,"THETAETH":6.5767068133,"RVNBTC":6.5375266828,"NANOUSDT":8.8669055362,"BNBBTC":33.785587963,"WAVESUSDT":0.0717721313,"EDOBTC":4.4640368222,"DASHBTC":2.9096654756,"REPBTC":14.6429991184,"PIVXBTC":-1.9179777929,"ENJBTC":24.0807915865,"EOSTUSD":2.4031281773,"XRPPAX":0.7110234729,"XLMUSDT":0.8820868964,"XRPUSDT":0.461764767,"LTCPAX":3.8003401617,"QTUMBTC":-0.8499537821,"ADXBTC":8.6536286497,"BCHABCTUSD":8.2855833708,"ZECBTC":-0.8786342264,"CELRUSDT":-4.0174915939,"BNTBTC":6.8092053775,"LSKBTC":3.0781047992,"RVNBNB":6.3139031417,"ZRXBTC":1.5771784181,"ADAUSDT":-7.7005483712,"OMGUSDT":0.927486982,"BTCUSDT":4.6463894976,"OMGBTC":0.1130210481,"STEEMBTC":3.4679945623,"SKYBTC":4.0443162892,"AIONBTC":1.5487655187,"ENJBNB":26.7815242462,"ZRXUSDT":2.1479287313,"ZECUSDT":-0.3687179354,"ETHPAX":6.9160867086,"HCBTC":-5.8137395415,"ETHUSDT":6.1830532031,"LUNBTC":7.1992297165,"BATUSDT":35.3954408476,"XRPBTC":0.3992833137,"FETBNB":15.1707746818,"BCHSVBTC":-16.6955591391,"MTLETH":10.6683263763,"ICXBTC":2.3344766309,"ONTBTC":-1.4997077942,"BTTUSDT":-1.3112157936,"ONGBTC":10.5509211253,"XLMBNB":1.2619934061,"EOSETH":2.3994808659,"BATBTC":35.9011632698,"MFTETH":-0.3484812375,"LTCUSDC":2.7123024584,"RLCBTC":11.4670370166},"startDate":"2019-04-14","endDate":"2019-04-21","numDays":7,"excludedPairs":["QTUMETH","RENBTC","LINKTUSD","KNCETH","NASBNB","POWRETH","CHATBTC","XLMUSDC","QKCBTC","PPTETH","USDCTUSD","POWRBTC","OSTETH","TNBBTC","PHXBTC","GNTETH","GTOBTC","RLCETH","TRIGETH","ZECUSDC","TUSDETH","WAVESTUSD","RPXBTC","EOSPAX","STORMETH","DASHBNB","RPXETH","CMTETH","QSPBTC","BCNBNB","NULSETH","AIONETH","TUSDBNB","DASHETH","USDSUSDT","VIBEBTC","MODETH","OSTBNB","SNTBTC","RENBNB","CMTBTC","NCASHBNB","ZECPAX","STRATETH","RCNETH","TRXPAX","QLCBNB","NEOPAX","YOYOBTC","XEMBTC","ZECTUSD","IOSTBTC","NXSETH","HCETH","SYSBNB","BCPTBNB","DNTETH","NPXSBTC","ARDRBNB","ELFETH","ZILBNB","SKYETH","ZECBNB","TNTETH","USDSUSDC","POEETH","VETETH","ICXBNB","CLOAKETH","AMBBTC","AMBBNB","AGIETH","STORMBNB","STEEMBNB","XVGETH","STORMBTC","ADXETH","USDCBNB","RCNBNB","ARNETH","USDSPAX","MODBTC","IOTXBTC","TRXUSDC","ADXBNB","BTSBNB","CNDETH","MCOBNB","DLTETH","GOBNB","VENUSDT","BLZETH","BCPTBTC","BTGETH","FUNBTC","LRCETH","OSTBTC","IOTABNB","BNTETH","DOCKBTC","ZRXBNB","CMTBNB","WPRETH","ARDRETH","MITHUSDT","REPBNB","KMDETH","NXSBNB","CVCETH","VENBNB","WINGSETH","BQXETH","VENBTC","SNGLSETH","RDNETH","AMBETH","SUBETH","CLOAKBTC","QSPBNB","POWRBNB","DLTBNB","XEMETH","WPRBTC","NPXSETH","BCCUSDT","POABNB","GVTETH","PIVXETH","PAXBTC","SKYBNB","POEBTC","QSPETH","APPCETH","MTHBTC","DENTBTC","REQETH","LOOMBTC","ADAPAX","CVCBTC","BRDETH","ENGETH","RLCBNB","BCNETH","BLZBTC","SALTBTC","VIBBTC","THETABNB","REQBTC","XLMPAX","TNBETH","OMGBNB","VETBTC","BTTTUSD","LSKBNB","SCBTC","VIBEETH","WAVESUSDC","ASTBTC","WTCETH","CELRBNB","BCDETH","BCHSVUSDC","NEBLBNB","WAVESBNB","DLTBTC","CHATETH","NULSBNB","LOOMBNB","PAXETH","ENJUSDT","LSKETH","KEYETH","YOYOBNB","DOCKETH","WANETH","BTCUSDS","CNDBTC","IOSTBNB","BTSBTC","GNTBNB","STORJETH","MDAETH","QLCBTC","MCOETH","XEMBNB","CVCBNB","GOBTC","ASTETH","ICNBTC","POLYBNB","SNGLSBTC","LINKETH","BCCBTC","DENTETH","SNTETH","PHXETH","WINGSBTC","TNTBTC","XMRBNB","DGDETH","XZCXRP","ADAUSDC","OAXETH","SUBBTC","AIONBNB","CDTBTC","NAVBNB","NCASHBTC","POABTC","HSRBTC","WANBNB","ICNETH","ZECETH","XZCETH","INSETH","MTHETH","WTCBNB","ONTBNB","BLZBNB","XLMTUSD","EDOETH","TRIGBTC","NCASHETH","GTOBNB","GXSETH","POAETH","BNBUSDS","BCPTETH","ZENBNB","PAXBNB","LINKUSDC","GRSETH","AGIBTC","POLYBTC","NEOUSDC","IOTXETH","FUNETH","KEYBTC","BCNBTC","STEEMETH","ETCETH","MANABTC","ARDRBTC","TRXTUSD","ARKETH","ONGBNB","XZCBNB","BTTPAX","BCCETH","SCETH","USDSTUSD","DNTBTC","SCBNB","SYSETH","PIVXBNB","LUNETH","VIABNB","NASETH","DATABTC","BTSETH","TUSDBTC","ETCBNB","HOTBTC","WAVESPAX","LENDETH","SNMETH","DCRBNB","LOOMETH","APPCBTC","ZRXETH","CNDBNB","USDCBTC","SYSBTC","VIAETH","AEBNB","TRIGBNB","AEETH","RCNBTC","XVGBTC","DATAETH","CDTETH","TRXBTC","BRDBNB","QTUMBNB","APPCBNB","SNMBTC","LENDBTC","MANAETH","VENETH","PAXTUSD","BCCBNB","FUELBTC","MFTBTC","NAVETH","NEBLETH","ZILBTC","RPXBNB","BCHSVPAX","RDNBNB","AGIBNB","NEOTUSD","BTTBTC","HSRETH","SALTETH","ZENETH","CELRBTC","QLCETH","LINKPAX","REPETH"]}