{"data":{"ARNBTC":-65.5351357094,"XLMUSDT":65.8956852248,"MFTETH":-82.1958985684,"USDSUSDT":80.1982507968,"APPCBTC":7.7776731089,"IOTAUSDT":72.0158337334,"XRPBNB":210.9120048786,"ATOMUSDT":-72.1055974108,"QTUMUSDT":4.0638861139,"ETHUSDC":295.4643766614,"BCPTBTC":161.6894207194,"MCOBTC":-79.2076541963,"BNBTUSD":69.0331482557,"SKYBTC":60.7119131457,"MDABTC":131.8091101971,"ADAUSDC":246.4152925441,"PAXUSDT":116.4285826691,"TRXUSDT":-20.6164062414,"MITHBTC":23.1503844582,"PAXTUSD":323.4492984877,"BCHABCUSDT":2.4593214166,"TRXXRP":65.8758098303,"IOSTETH":-12.9455510693,"AIONBTC":61.1895219245,"FETBTC":63.7279199908,"NULSUSDT":179.6834652398,"ICXUSDT":83.2479398589,"BTGBTC":-32.5819404711,"LINKBTC":293.1766818165,"WANBTC":105.6841167885,"FETUSDT":-14.472909621,"ZILETH":-27.0215533657,"NXSBTC":61.853641826,"DLTBNB":1380.8579136078,"KNCBTC":-6.2213974076,"GNTBTC":64.2777473215,"LSKBTC":128.0481399878,"VETETH":145.87263812,"ENJETH":92.7098484546,"LTCETH":70.5314258012,"XLMBNB":108.250805178,"MATICBNB":370.6610184951,"ELFBTC":-2.1980373546,"BTCUSDC":37.8828151217,"BCDBTC":-5.4073070734,"BRDBTC":-33.7397229222,"ADXBTC":147.8517217155,"NANOUSDT":56.0904620996,"LUNBTC":47.503234602,"PIVXBTC":6.6490970003,"LTCUSDC":27.7331789558,"VIBEBTC":13.1697506571,"BNBPAX":74.5671265431,"RVNBTC":61.0271601198,"STEEMBTC":78.9275276575,"HCBTC":-75.5117093673,"ASTBTC":-4.9747038061,"GVTBTC":11.7674865932,"BTTBNB":59.5986179905,"STORJBTC":-65.6878299153,"PPTBTC":-14.4368082586,"QKCETH":-7.926280423,"LTCPAX":21.7871950005,"XMRUSDT":76.2688398901,"ETHUSDT":169.1344321262,"NANOBNB":286.024107248,"BNBUSDC":129.8860531214,"XRPPAX":315.0073126726,"ENJBNB":661.1162972455,"LTCBTC":91.1907736032,"ENGBTC":-17.540409844,"DGDBTC":-67.1163844108,"ZILUSDT":31.3615669747,"DASHUSDT":4.6550281794,"AEBTC":76.89378612,"ADABNB":283.4538457586,"BNBETH":134.6027080821,"ENJBTC":406.2238975378,"ETCBTC":83.4019774726,"ADABTC":201.7202579186,"NEOBTC":61.229828554,"ZRXUSDT":172.5473500913,"TRXBNB":71.8097867231,"HOTUSDT":110.5750854036,"USDCUSDT":162.2399077888,"ENJUSDT":491.6548287339,"CVCBTC":37.4307231834,"STRATBTC":149.8877484833,"XMRETH":-36.6959870457,"BTTUSDT":-7.3832877686,"USDSPAX":-23.4846186407,"BNBUSDT":53.5283255515,"ATOMBNB":-63.6791713229,"GTOBTC":-19.3382797463,"ADAUSDT":187.9153879486,"EVXBTC":162.6408300252,"ARKBTC":383.3578755173,"ICXBTC":125.6943225816,"INSBTC":-5.4086830289,"XRPUSDC":174.5157999144,"IOTAETH":-35.3252256922,"XLMETH":154.9158651323,"WABIBTC":-3.7577359805,"ATOMBTC":-80.2829705691,"ETHBTC":133.0488424678,"RLCBTC":85.134203038,"ETHPAX":194.8944939757,"TRXETH":219.31978263,"WAVESUSDT":608.572833032,"LRCBTC":34.9217688115,"THETABTC":3.5387233884,"RCNBTC":331.6760217914,"WAVESBTC":4557.2337779233,"BCHABCPAX":-61.9591550182,"XRPUSDT":153.3497669018,"DGDETH":-80.0056432332,"AGIBTC":-2.2606131273,"ZENBTC":129.4767801313,"VETUSDT":93.4440793519,"DCRBTC":28.5237926921,"MATICUSDT":345.9379802895,"XZCBTC":28.942370569,"NEOBNB":117.4664435344,"EOSETH":141.460582875,"SYSBTC":-4.8721516095,"BCHABCBTC":-9.9143734513,"BTCUSDS":48.0580168769,"POWRBTC":266.3861070669,"BTCTUSD":39.0193150178,"EOSTUSD":115.6896885664,"POLYBTC":30.0662197464,"DLTETH":605.3758754178,"IOTABTC":9.7361250634,"WTCBTC":52.8519826289,"BCHABCUSDC":0.595799935,"DLTBTC":642.790848314,"MITHUSDT":104.0029551692,"VIABTC":-25.8935793627,"ETCUSDT":48.0234157962,"CELRUSDT":237.1677593767,"WAVESETH":1981.2478183194,"XRPETH":188.7287471118,"ONTBTC":57.2028764525,"ZECUSDT":142.019962065,"NEOUSDT":89.7747686329,"LTCBNB":123.4039026919,"FUELETH":-86.2914128856,"USDCPAX":75.3831790792,"LINKETH":279.9546322167,"VIBETH":-22.497486622,"LTCTUSD":46.9445264948,"NASBTC":92.020746936,"BQXBTC":124.4812487182,"QTUMBTC":-0.2787291635,"THETAUSDT":81.1346606963,"IOTABNB":73.0567639887,"NEBLBTC":101.163692055,"QTUMETH":15.8731689672,"ADATUSD":486.2830481855,"ETHTUSD":250.6630710348,"XLMBTC":133.2153688685,"XRPTUSD":224.4970358514,"BTCUSDT":90.1808082774,"BATBTC":162.6011599005,"EOSPAX":37.4161574068,"BTCPAX":-1.637220933,"EOSUSDC":11.1258859086,"RDNBTC":171.3075485189,"NANOBTC":66.442512487,"QKCBTC":2.6661744005,"EVXETH":-2.0827120711,"KMDBTC":198.4653323124,"NULSBTC":64.9552896408,"IOSTUSDT":83.8516503453,"BATUSDT":188.9018122521,"OMGUSDT":44.2699966483,"NEOETH":-35.5747600971,"OMGBTC":-28.1394826119,"LOOMBTC":47.3564131165,"TUSDUSDT":119.6149680891,"XRPBTC":153.3432283262,"GRSBTC":24.6740479025,"XEMBTC":180.4784865571,"ADAETH":172.4904416474,"USDCTUSD":167.874894554,"BCHABCTUSD":-51.9672416312,"ZECBTC":160.1774609306,"RVNBNB":100.057674922,"BATETH":176.7018793064,"OAXBTC":56.5873084656,"MTLBTC":-55.6479874726,"BATBNB":173.807720268,"BNBBTC":140.181899901,"VETBNB":347.7324380802,"ONTUSDT":78.3429183044,"REPBTC":133.2037176385,"TRXUSDC":139.5219601728,"EOSUSDT":96.7499035375,"LINKUSDT":357.6195178796,"EOSBTC":131.2112058352,"DASHBTC":-3.5471263821,"LTCUSDT":92.4254158504,"ZRXBTC":52.3284236036,"GASBTC":87.6722418669,"XMRBTC":-4.3280403723,"MANABTC":7.2329174375,"EOSBNB":360.5129117235},"startDate":"2019-05-04","endDate":"2019-05-11","numDays":7,