{"data":{"OMGETH":98.6076405236,"SKYBTC":-13.6640721549,"DLTETH":125.2115205423,"BNBETH":-51.1071775411,"ONTUSDT":-21.9921014071,"ETCBTC":74.8925254282,"BTTBNB":27.8005913153,"AEETH":48.4446588645,"KMDBTC":-7.3415274105,"BTGBTC":189.6084129387,"XLMPAX":-6.4666409431,"ETCUSDT":74.2888761799,"XMRBTC":-30.6786973651,"TUSDUSDT":-49.3641573662,"VETBNB":382.6964962627,"ARNBTC":51.6935539861,"LTCBTC":6.0675485714,"STORJETH":116.9415673842,"TRXTUSD":-90.0764077778,"POLYBTC":8.7896579079,"NXSBTC":312.7041464968,"KNCBTC":242.9694126759,"LTCTUSD":-78.4912881623,"QTUMUSDT":-18.1901895619,"MODBTC":-93.8769216874,"LINKBTC":62.2124393948,"TUSDBTC":-23.0004228085,"ARNETH":59.6380358211,"XLMUSDC":-92.8782570996,"BCHABCUSDT":86.4108820178,"BTCUSDT":26.0895563175,"XLMBNB":-67.7521834815,"BTTUSDT":76.7545395462,"DLTBTC":36.8083207052,"BCHSVTUSD":-68.7309106489,"XZCBTC":-42.8700192259,"WAVESETH":86.9436431043,"NEOTUSD":-82.2793041727,"TRXETH":5.9153038791,"BCHSVBTC":-6.4342405698,"XRPUSDC":10.6095858031,"TRXUSDT":-11.5770319042,"STORJBTC":45.2832279812,"ICXBTC":-9.9492408301,"ADATUSD":-78.0783870539,"USDSUSDT":435.771489981,"MDABTC":-56.905988899,"XLMUSDT":-50.7014945833,"NULSUSDT":142.3132578478,"AEBTC":68.4680343661,"TUSDBNB":-89.9492068842,"BNBPAX":39.3206971865,"EVXBTC":-65.4298523458,"LTCBNB":-31.9628718757,"EDOBTC":-38.0014020398,"ONTBTC":-46.8928862089,"NEOBNB":-48.3120789406,"EOSBTC":168.639845468,"IOSTETH":40.2700883563,"DCRBTC":59.2406486838,"SYSBTC":310.7216368424,"GRSBTC":-68.6083222813,"ZRXBTC":19.4783692207,"TRXBNB":-59.8747198478,"BATBTC":-52.4531393638,"QTUMBTC":-11.492878983,"NEOBTC":-14.5957584794,"BATETH":-62.1173119713,"RDNETH":149.107196166,"ENJETH":85.423673332,"EOSPAX":230.8595167762,"BCHABCUSDC":7.4139334318,"XRPBNB":-21.2777386408,"RLCBTC":475.5821816731,"POWRBTC":-65.2522911647,"IOTAUSDT":54.2529877253,"BCHABCTUSD":-46.892938235,"USDCPAX":212.1992921943,"LINKETH":-16.8676794662,"OAXBTC":-63.2333076208,"ICXETH":29.731340635,"MITHBTC":-89.022600762,"ZILETH":-24.9458470014,"USDCUSDT":24.8593722643,"LSKBTC":109.2224564938,"ARKBTC":40.229245004,"ADABNB":-24.5107773017,"HCBTC":-83.4620351455,"OMGBTC":108.2542828997,"LTCETH":-12.0908885897,"ZECETH":6.664108666,"ARKETH":211.9694448559,"LTCUSDT":-20.889932185,"ADAETH":-42.9167092646,"PAXUSDT":13.1907598704,"XRPETH":14.3462882269,"PAXTUSD":-34.9394978572,"ENGBTC":13.3743724294,"LINKUSDT":18.6614717532,"PPTBTC":63.473511288,"ONTBNB":-54.4474596444,"XLMETH":-53.2227132824,"SUBBTC":-89.04733573,"TUSDETH":-62.7730582682,"LUNBTC":45.360197719,"APPCBTC":-87.0601023039,"ETHPAX":38.7599427982,"NANOBTC":14.0786901315,"BNBUSDT":6.1637096756,"BCHSVUSDT":54.6060642467,"WAVESUSDT":68.0233746117,"ICXUSDT":71.5307489217,"WINGSBTC":-90.0744830842,"WAVESBTC":329.9086834204,"REPBTC":-53.8814416759,"IOTAETH":0.3425181134,"NASBTC":20.1714602624,"ONTETH":-53.6633436282,"XRPUSDT":38.2856933006,"BCHABCBTC":34.1603012016,"ZECBTC":36.3427031715,"EOSUSDT":200.2578755047,"GASBTC":-62.5678382383,"VETETH":346.8308516594,"ELFETH":-51.607257617,"SALTBTC":-93.3925338101,"GXSBTC":37.2133300343,"USDSPAX":295.7667373139,"WABIBTC":33.244610759,"THETABTC":-12.9183279231,"LTCUSDC":490.6546826035,"ETHBTC":27.3614806011,"THETAETH":-23.1978322259,"BTCPAX":107.1806690922,"GVTBTC":84.879491418,"ZENBTC":-82.7145600905,"EOSBNB":15.412980456,"XLMTUSD":-95.6893516945,"NEOUSDT":17.6105066688,"ADAUSDT":124.2418822928,"VETUSDT":415.504446183,"NAVBTC":-1.8508726043,"IOTABTC":12.1478483828,"ELFBTC":-16.263960248,"MODETH":-76.5095545442,"INSBTC":-1.8024939694,"XRPTUSD":-72.9121173933,"STRATBTC":-16.704937521,"RDNBTC":318.128213482,"EOSETH":63.168880946,"NULSBTC":155.347991085,"DGDBTC":-68.1018070251,"VIABTC":-64.7717392203,"MTLBTC":91.7794451857,"MCOETH":-77.7522600721,"BQXBTC":0.2099080646,"TRXXRP":-61.6511491236,"NEBLBTC":204.9417850049,"HOTETH":-72.5928202904,"NEOETH":-17.4838727375,"DASHBTC":8.1628390922,"ADXBTC":9.2254557005,"ETHUSDC":89.9459315282,"XRPPAX":17.3643527608,"XRPBTC":4.7951208672,"CLOAKBTC":-90.6321703066,"ETHUSDT":71.7157523239,"EOSTUSD":-49.0418089146,"BNBBTC":-10.948794043,"EOSUSDC":-24.1115178959,"XMRETH":-66.2650794347,"MCOBTC":-70.1008028756,"WANBTC":-8.3020880203,"BTCUSDS":34.6914099756,"BNBUSDC":-58.8107919739,"AIONBTC":-53.5457039377,"USDCTUSD":-78.783271196,"WTCBTC":289.4717828334,"USDSTUSD":1441.2553552226,"STEEMBTC":-78.1571459168,"FUELETH":10.8937395583,"ZRXETH":49.7012145,"PIVXBTC":10.9256834359,"BTCUSDC":-36.5012282286,"BCDBTC":62.8259919923},"startDate":"2019-02-16","endDate":"2019-02-23","numDays":7,"excludedPairs":["BRDETH","YOYOBTC","STEEMBNB","ZILUSDT","DASHETH","HOTBTC","GOBNB","RVNBTC","TNTETH","QLCETH","LRCETH","NANOBNB","RLCETH","PAXBTC","VENBTC","BTTPAX","WANBNB","LOOMBNB","BNTBTC","ICNBTC","AIONBNB","QSPETH","REQETH","QLCBTC","DCRBNB","ICNETH","BCNBNB","POABNB","BTGETH","ADXETH","RDNBNB","IOTXETH","HOTUSDT","NPXSETH","NEBLBNB","CMTETH","BTTUSDC","QTUMETH","EDOETH","RENBNB","DNTETH","GTOBTC","USDCBTC","IOTXBTC","SCBTC","LINKPAX","TRXUSDC","CNDBTC","VIAETH","GNTBNB","MTHBTC","REQBTC","NCASHBTC","BTSETH","WAVESUSDC","WPRBTC","ENGETH","WTCBNB","NXSBNB","NULSETH","POWRBNB","STEEMETH","XVGETH","OSTETH","XEMBTC","QSPBTC","MANAETH","ONGBNB","AMBBTC","AGIETH","RPXETH","REPBNB","CMTBNB","MCOBNB","XZCETH","ASTBTC","ASTETH","DENTBTC","KNCETH","WINGSETH","TRIGBTC","BATBNB","LSKBNB","NCASHBNB","LENDBTC","FUNBTC","TRXBTC","APPCETH","BTTBTC","SNTETH","ARDRETH","XZCXRP","YOYOBNB","BCCBTC","BQXETH","ZENETH","SKYBNB","ZILBNB","VIBEETH","DENTETH","OSTBTC","PHXBTC","WTCETH","IOTABNB","HCETH","QLCBNB","GXSETH","SYSETH","BNBUSDS","AGIBNB","AMBETH","LSKETH","PHXBNB","MTLETH","YOYOETH","AEBNB","CHATBTC","OAXETH","CNDETH","HSRETH","KEYETH","STORMBNB","DOCKBTC","TRXPAX","TNTBTC","GNTBTC","FUELBTC","LUNETH","GNTETH","USDSUSDC","CVCETH","BTSBTC","POABTC","THETABNB","TRIGETH","LOOMBTC","CVCBNB","VIBBTC","MFTBTC","WABIBNB","ZILBTC","LTCPAX","BCCETH","NASBNB","TNBETH","GOBTC","STRATETH","ICXBNB","PAXETH","MTHETH","NAVBNB","DATAETH","ENJBNB","RPXBNB","USDCBNB","DLTBNB","NXSETH","SCETH","BTTTUSD","QTUMBNB","GTOETH","MDAETH","ONGBTC","KMDETH","STORMETH","VENETH","FUNETH","POEBTC","MFTETH","SNGLSBTC","INSETH","BNTETH","VIBEBTC","CDTETH","PAXBNB","POLYBNB","BCHSVUSDC","GTOBNB","XEMETH","NULSBNB","SNMBTC","CHATETH","GVTETH","WAVESBNB","MFTBNB","BCDETH","AMBBNB","ARDRBNB","BCHSVPAX","ONGUSDT","WABIETH","STORMBTC","SKYETH","NEBLETH","ETCETH","ADABTC","PIVXETH","KEYBTC","SNTBTC","POAETH","XLMBTC","QKCETH","TRIGBNB","BRDBTC","TNBBTC","CDTBTC","WAVESPAX","BTSBNB","VETBTC","RCNETH","XVGBTC","VIBETH","NAVETH","CLOAKETH","ETCBNB","LINKTUSD","BRDBNB","BLZBNB","BCCBNB","LOOMETH","POWRETH","PHXETH","DOCKETH","NCASHETH","BCNETH","MANABTC","AIONETH","VENUSDT","LENDETH","CNDBNB","BCPTBNB","CMTBTC","APPCBNB","WANETH","WAVESTUSD","ZENBNB","VENBNB","RVNBNB","BCPTBTC","LINKUSDC","VIABNB","GRSETH","DNTBTC","HSRBTC","XZCBNB","MITHBNB","ENJBTC","ARDRBTC","OSTBNB","IOSTBTC","XEMBNB","SNMETH","EVXETH","WPRETH","LRCBTC","RPXBTC","REPETH","BCCUSDT","RENBTC","BCNBTC","DATABTC","SYSBNB","SUBETH","PPTETH","BCHABCPAX","ADXBNB","NANOETH","SNGLSETH","NPXSBTC","PIVXBNB","QKCBTC","SCBNB","QSPBNB","BLZBTC","HOTBNB","RCNBNB","POEETH","RCNBTC","BLZETH","SALTETH","RLCBNB","AGIBTC","NASETH","CVCBTC","BCPTETH","DGDETH"]}