{"data":{"BNBUSDT":1.3564963899,"TRXTUSD":7.1482042864,"XLMBTC":-14.4423661772,"IOTAETH":-15.0602545153,"AMBBTC":-13.3220397244,"BNBBTC":0.9651715679,"DLTBTC":-0.881140413,"OMGBTC":-12.4263553663,"EVXBTC":8.1251632723,"DCRBTC":-3.3031662416,"LTCBTC":0.1556702501,"GVTETH":-1.3794628987,"LINKBTC":-22.4027095226,"KMDBTC":1.2043102573,"EVXETH":15.7083704074,"SKYBTC":-6.0702680685,"MTLBTC":2.913646103,"XRPETH":-7.0169654723,"ELFBTC":-5.1190425218,"OMGETH":-12.1623950693,"NEBLBTC":-7.5727482256,"DGDBTC":-13.9928379918,"VETETH":-4.0423812968,"WAVESBTC":7.5202635534,"ARNETH":-11.6627456467,"ZILETH":0.2501648264,"PIVXBTC":-8.4625588373,"LINKUSDC":-23.0910446776,"DASHBTC":-2.6453762392,"HOTETH":95.354501757,"ICXBTC":-10.38654605,"XMRBTC":0.2064132403,"ZRXETH":-9.0732010729,"NXSBTC":-4.801364273,"QTUMUSDT":-7.2642755802,"LTCETH":1.207591626,"AIONBTC":-8.4810594814,"SNTBTC":-18.6285692473,"GXSBTC":-8.5177738093,"NEOUSDT":-6.2423249413,"XLMTUSD":-14.1784090109,"POWRBTC":-26.0552131008,"TUSDBTC":0.1915889058,"BNBUSDC":0.4618244295,"TRXETH":10.3764957717,"BQXBTC":-30.3254011113,"WTCBTC":-12.2229376169,"OAXBTC":-29.0898653165,"WABIBTC":-13.4247595155,"BNTBTC":-7.7910429072,"MCOBTC":-9.2732165161,"AGIBTC":2.8900743117,"GTOETH":-10.6999981831,"LUNBTC":-10.8998373467,"BNBETH":2.7338192312,"REPETH":-31.8462418245,"EOSUSDC":-5.466805836,"AEBTC":-12.5276064145,"LRCBTC":-15.1482489899,"GVTBTC":-2.7482122479,"LRCETH":-14.9903031656,"ONTETH":-3.0978695352,"XLMUSDT":-13.9424408651,"EOSBTC":-3.9175229097,"ICXETH":-9.9293605986,"ENGBTC":-4.7949066943,"EOSETH":-2.7621028473,"USDCPAX":0.5296354986,"XRPUSDT":-7.7353175042,"EOSUSDT":-3.450027134,"NULSBTC":0.9918855107,"BTGBTC":-15.6395062525,"POLYBTC":-12.914209067,"TUSDUSDT":0.49563203,"THETABTC":12.0420636597,"THETAETH":11.6124387336,"FUNETH":-18.5529725153,"IOTABTC":-15.8792560514,"NEOBTC":-6.833280608,"ADAETH":-9.4546563874,"USDCUSDT":0.5830054275,"ZENBTC":-13.9353388422,"NEOTUSD":-6.7823529377,"XMRETH":1.1343096436,"LTCUSDT":0.4315499881,"GASBTC":-8.9915043846,"PAXUSDT":0.5227989743,"XRPTUSD":-8.0379257051,"RLCBTC":23.2452721767,"LINKETH":-20.3559412405,"WAVESETH":7.9440641099,"WINGSBTC":-19.5118149465,"NASBTC":-4.1931566522,"RDNBTC":-6.9008148092,"NANOBTC":0.6900570036,"ADXBTC":-12.0363111649,"WAVESBNB":7.2996625775,"QTUMBTC":-8.4532106979,"ARNBTC":-12.5446839385,"ETCUSDT":-7.0314001356,"STORJBTC":-6.9212623255,"XLMUSDC":-14.1344605731,"LUNETH":-9.2414631823,"USDCTUSD":0.0542071812,"BRDBTC":-2.3642598701,"STEEMBTC":-27.1048209861,"MDABTC":7.1166169735,"TRXBNB":9.2792678756,"WAVESUSDT":8.5757522514,"BTCUSDC":-2.5331214061,"LINKTUSD":-21.3071780079,"ZRXBTC":-9.343942053,"XRPUSDC":-8.2919715437,"BATBTC":-5.01981303,"WANBTC":-6.2907740563,"LOOMBTC":-7.7048333315,"XZCBTC":-11.8694850054,"SALTBTC":-2.6583197087,"VIABTC":-9.19589631,"ZECBTC":-4.835745023,"TRXUSDT":9.008016028,"PAXTUSD":-0.0023568468,"BTCUSDT":-2.324137623,"EOSBNB":-5.773621153,"LSKBTC":-9.2124659665,"LTCBNB":-0.8760276382,"EDOBTC":-20.3245687744,"BNBPAX":2.0341504783,"ONTUSDT":-3.5062118721,"OAXETH":-28.5789398068,"XRPPAX":-7.7904080792,"EOSPAX":-3.2742279785,"BCHSVBTC":-12.5055108238,"ADATUSD":-10.3540291363,"ETHPAX":-8.8204202739,"KNCBTC":-10.5037233632,"WAVESTUSD":8.1440717506,"DLTETH":-0.9826930436,"HCBTC":-16.7919522273,"BTCPAX":-2.2939308541,"STRATBTC":-14.5614766524,"BCDBTC":-10.8432461253,"ETHBTC":-9.1388293898,"NANOETH":1.2192441479,"NAVBTC":-14.0056813225,"ICXUSDT":-10.2334857598,"ETCBTC":-7.6669658052,"CLOAKBTC":-8.1973635557,"IOTAUSDT":-15.7414731503,"XLMETH":-13.8485551206,"NULSUSDT":1.4168023065,"TUSDETH":0.3562285402,"ONTBTC":-3.8180735722,"LINKUSDT":-22.5935203872,"XRPBTC":-7.8556189555,"ETHUSDC":-8.5669569402,"PPTBTC":-7.6497199034,"VIBEBTC":-11.9653999797,"ARKBTC":3.0961394471,"MODBTC":-14.5851978267,"INSBTC":-17.7465538402,"BCHSVUSDT":-12.2710181841,"ETHUSDT":-8.664993233,"REPBTC":-32.3605677404,"XRPBNB":-8.5493920214,"XLMPAX":-13.655300401,"TUSDBNB":-0.9832764206,"VETUSDT":-4.8047169742,"NEOETH":-5.8363863775,"BCHABCBTC":-8.4728794609,"GRSBTC":-7.3520053461,"BNTETH":-7.7081662526,"ADAUSDT":-9.834175912,"BCHABCUSDT":-8.2738010226,"TRXXRP":7.8628525841},"startDate":"2019-01-22","endDate":"2019-01-29","numDays":7,"excludedPairs":["SNGLSETH","CMTBNB","NASETH","WABIBNB","XLMBNB","MITHBTC","KNCETH","XVGETH","CVCBNB","LOOMBNB","BCPTBNB","MDAETH","DASHETH","VENUSDT","RLCETH","FUELBTC","IOSTETH","STEEMETH","ENGETH","VIBBTC","BTSETH","CHATBTC","SALTETH","SNMETH","CLOAKETH","SNGLSBTC","LSKBNB","NAVBNB","KEYBTC","RENBTC","SKYETH","GXSETH","PHXBNB","POAETH","IOSTBTC","XEMBNB","BCHSVTUSD","KEYETH","TNTETH","ETCETH","VIABNB","BCNBTC","MANABTC","RPXETH","BCCUSDT","IOTABNB","NEOBNB","APPCBTC","AMBETH","QSPBNB","QTUMBNB","ZILBNB","PHXETH","TNBBTC","BCPTBTC","BCCBTC","MTHBTC","POLYBNB","BTSBNB","WTCBNB","POEBTC","ASTBTC","BLZBNB","ARKETH","AIONETH","PAXBNB","OSTETH","VIBETH","NCASHBTC","RLCBNB","RVNBNB","MFTBTC","BCHABCUSDC","BLZBTC","LINKPAX","WANBNB","DOCKETH","ARDRBTC","VENBNB","QSPETH","MCOBNB","REQETH","TRIGBTC","THETABNB","YOYOBNB","SCBTC","VENETH","BATETH","WPRBTC","XZCETH","MODETH","TRXPAX","ASTETH","VIBEETH","GTOBTC","NULSBNB","QKCETH","GNTBNB","ZILBTC","DOCKBTC","APPCETH","YOYOBTC","USDCBTC","MCOETH","LTCTUSD","CHATETH","QLCBNB","VETBNB","YOYOETH","BRDBNB","SNMBTC","NXSBNB","ARDRETH","BLZETH","AMBBNB","AEBNB","RENBNB","CMTETH","ICXBNB","XZCXRP","AIONBNB","ADXBNB","HOTBTC","BCHSVPAX","WANETH","GNTETH","STORMBTC","SYSBTC","ENJETH","CMTBTC","XZCBNB","DLTBNB","STORMBNB","GOBNB","BCHABCTUSD","XEMETH","STORMETH","AEETH","DCRBNB","RPXBNB","SKYBNB","BCPTETH","RPXBTC","ADABTC","PHXBTC","FUNBTC","POWRETH","AGIBNB","TRXBTC","TNTBTC","POEETH","BCCETH","BRDETH","VENBTC","IOTXETH","TNBETH","ENJBTC","MTLETH","ICNBTC","PIVXETH","GTOBNB","HSRBTC","QTUMETH","TRIGETH","OSTBNB","IOTXBTC","VETBTC","BCDETH","BTGETH","NEBLETH","PAXBTC","SYSBNB","DENTBTC","QKCBTC","LTCPAX","POWRBNB","DATABTC","USDCBNB","XEMBTC","EOSTUSD","REPBNB","RCNETH","ELFETH","QLCETH","DNTBTC","WINGSETH","CVCBTC","RVNBTC","ENJBNB","MANAETH","CNDBNB","CNDBTC","ONTBNB","SCBNB","ZENETH","RDNBNB","NANOBNB","NPXSETH","BTSBTC","MTHETH","WABIETH","WPRETH","AGIETH","SNTETH","ZENBNB","LOOMETH","NAVETH","SUBETH","RCNBNB","NPXSBTC","LTCUSDC","ADXETH","CVCETH","FUELETH","BQXETH","EDOETH","GNTBTC","QSPBTC","NEBLBNB","NXSETH","BCNETH","DENTETH","ETCBNB","VIAETH","TRIGBNB","CDTBTC","OSTBTC","BCCBNB","STEEMBNB","SCETH","GOBTC","NASBNB","ADABNB","MFTETH","APPCBNB","XVGBTC","CDTETH","ZECETH","BCHABCPAX","ICNETH","POABTC","REQBTC","RDNETH","DGDETH","NCASHETH","STRATETH","NULSETH","LSKETH","QLCBTC","LENDBTC","WTCETH","MITHBNB","HSRETH","WAVESUSDC","WAVESPAX","GRSETH","PAXETH","KMDETH","BCHSVUSDC","PPTETH","DNTETH","MFTBNB","SYSETH","NCASHBNB","PIVXBNB","DATAETH","STORJETH","CNDETH","POABNB","INSETH","HCETH","TRXUSDC","SUBBTC","RCNBTC","BATBNB","BCNBNB","ARDRBNB","LENDETH"]}