{"data":{"GASBTC":-7.471929861,"NEOTUSD":-5.4571620643,"WINGSBTC":-12.9759588475,"LRCETH":-16.5127380408,"TRXBNB":-12.6557217433,"XLMUSDT":-15.5360863817,"NANOETH":-12.3112398966,"TRXUSDT":-12.386504895,"TRXXRP":-12.9373121932,"BNBBTC":-3.0154427455,"POWRBTC":-9.4107897817,"KNCBTC":-11.9566503298,"REPETH":16.093829254,"EOSBTC":-0.3854767255,"MCOBTC":-11.2790763569,"EOSETH":-0.3061894899,"USDCUSDT":0.6510451172,"CLOAKBTC":-4.7986592995,"IOTAUSDT":-5.9546777772,"BCDBTC":-8.0082448468,"LTCBNB":3.7194747843,"NANOBTC":-12.606842378,"MTLBTC":8.5363957999,"LSKBTC":-7.0888817176,"STEEMBTC":-5.3526285757,"DLTBTC":-10.7279073431,"INSBTC":-8.0817644774,"AGIBTC":-17.3733146857,"BQXBTC":-11.5068419904,"XRPUSDC":-1.5536278343,"WANBTC":-14.6537740533,"ICXETH":-15.4363469087,"LRCBTC":-16.1699448652,"EOSUSDT":0.2580082865,"TUSDUSDT":0.7362248075,"QTUMBTC":-9.3521319228,"VIBEBTC":-10.478070353,"BNTETH":-14.0184066524,"XLMBNB":-16.051383549,"EDOBTC":-11.3161982459,"XLMUSDC":-15.761160532,"XZCBTC":-4.8278441435,"ETHBTC":-5.6550445507,"LINKUSDC":-11.8379280579,"GVTBTC":-3.9883435658,"AMBBTC":-17.4065802306,"QTUMUSDT":-8.5743474827,"LUNBTC":-11.8831868862,"PPTBTC":-10.0566660951,"WAVESETH":0.7612788154,"NEBLBTC":-7.3103270803,"BCHABCBTC":-3.4957295045,"EOSUSDC":-0.4480796182,"WAVESUSDT":1.3988462879,"XLMETH":-15.9267783745,"AIONBTC":-12.6197171757,"NASBTC":-9.3250643842,"XRPPAX":-1.0426036403,"NULSBTC":-10.1061586218,"RDNBTC":-4.7084434451,"EVXETH":-21.5753985132,"BNBETH":-3.3317626575,"TUSDETH":0.5384254251,"BQXETH":-11.3563466383,"EVXBTC":-22.6430018194,"ICXBTC":-15.1707425602,"BNBUSDC":-3.1069659934,"PHXETH":-1.3196931111,"NEOUSDT":-4.1006156165,"ETHPAX":-4.6600101301,"ZENBTC":-8.1354259497,"KMDBTC":-4.7725539086,"ZILETH":-22.29827367,"NAVBTC":-9.0223899434,"ZECBTC":-5.9425594495,"XLMTUSD":-15.8796542177,"BNBPAX":-2.5085901274,"USDCTUSD":-0.0028994637,"OAXBTC":-17.3951563362,"NULSUSDT":-9.3733476972,"FUNETH":-4.1839847504,"THETABTC":-10.8095005184,"IOTAETH":-6.1624983324,"BCHABCTUSD":-3.7640660012,"VETBNB":-7.7848608958,"LINKUSDT":-9.4554365717,"BCHSVUSDT":-10.7650557737,"ADABNB":-7.4448613347,"ONTETH":-9.8438665308,"MFTETH":0.6800635188,"APPCBTC":-9.5831591964,"ADAETH":-7.8113195829,"STRATETH":-13.7021945605,"ZRXBTC":-11.4973256367,"WAVESTUSD":1.248012593,"BTGBTC":-10.4203089258,"ELFBTC":-5.5110677841,"MITHBTC":-22.8368529302,"ARNBTC":-5.8838018323,"OMGETH":-6.9491542202,"ENGBTC":-6.2030355852,"TUSDBNB":0.6679898251,"XMRBTC":-6.2586285505,"HCBTC":-11.4202974926,"USDCPAX":0.6530835148,"EOSPAX":0.7876633659,"DGDBTC":-17.2175124957,"LINKBTC":-9.6045938013,"LTCTUSD":3.9586288845,"REPBTC":15.5895896201,"AEBTC":-5.8054752333,"BNBUSDT":-2.4392056855,"WAVESBTC":0.9317722844,"PAXTUSD":0.0315597715,"LINKETH":-9.2851414696,"XEMBTC":-26.4029939628,"ETCUSDT":-6.9033152679,"NPXSETH":-12.9074847751,"ARKBTC":-4.7981915204,"NEOETH":-5.0128646634,"POLYBTC":-20.8447615342,"STORJBTC":-5.3306076385,"ETHUSDC":-5.7069224927,"OAXETH":-14.511837936,"MDABTC":-1.6242363594,"BATBTC":-10.8846833945,"ETHUSDT":-4.8729658357,"TRXUSDC":-13.5015790888,"BTCUSDT":-2.4927866168,"SKYBTC":-7.7715497542,"RLCBTC":0.0708080158,"XMRETH":-6.8263089812,"GXSBTC":-6.2302015198,"SUBBTC":-9.0434126502,"XEMETH":-26.5500778738,"DCRBTC":-7.2099142151,"WTCBTC":-14.0888098292,"TRXETH":-12.8225490004,"VETUSDT":-6.8966179815,"IOTABTC":-5.975059267,"THETAETH":-9.7539338213,"WAVESBNB":1.7984309549,"DASHBTC":-6.8342889914,"ARNETH":-6.0346607575,"BNTBTC":-14.7516722809,"STRATBTC":-13.6742907048,"LTCUSDT":4.530537698,"ONTUSDT":-9.6501534133,"XRPBTC":-2.0575317614,"ICXUSDT":-14.7368208212,"BRDBTC":-11.5518636348,"NEOBTC":-5.0080347119,"TUSDBTC":0.0090651221,"SALTBTC":-8.5633112871,"DLTETH":-10.1082029979,"GRSBTC":-8.2845847596,"XRPBNB":-1.56076846,"XLMBTC":-15.6424370353,"ADATUSD":-8.1133621218,"BTCUSDC":-3.2613313028,"PAXUSDT":0.7628729848,"LINKTUSD":-10.4684972622,"ADAUSDT":-7.1407739873,"VIABTC":-0.722734561,"EOSBNB":0.1952691161,"BCHSVBTC":-11.4859493384,"LTCBTC":3.4605093179,"BTCPAX":-2.355447581,"WABIBTC":-7.0281961064,"PIVXBTC":-10.7598737965,"HOTETH":-15.6366246846,"XRPTUSD":-1.9944083697,"XLMPAX":-15.7700824231,"LTCETH":3.2757861288,"XRPETH":-2.227905639,"NXSBTC":-16.3926856365,"ADXBTC":-4.7393320613,"ONTBTC":-9.9945870705,"BCHABCUSDT":-2.9342908691,"ETCBTC":-7.4943630974,"TRXTUSD":-13.3465633,"XRPUSDT":-1.5906005795,"OMGBTC":-5.7528876176},"startDate":"2019-01-28","endDate":"2019-02-04","numDays":7,"excludedPairs":["KMDETH","FUNBTC","SCBTC","YOYOBNB","LUNETH","SUBETH","GVTETH","QSPBTC","BATETH","SNTETH","STEEMETH","RVNBTC","MTLETH","QLCETH","AIONBNB","SCBNB","WANBNB","BCPTBNB","LTCUSDC","RLCETH","WTCBNB","ARKETH","RDNETH","SKYBNB","VETETH","BTTUSDT","THETABNB","QTUMBNB","BCPTBTC","REPBNB","ETCETH","PPTETH","CNDETH","CVCBNB","SKYETH","ETCBNB","BATBNB","NASBNB","MTHETH","LENDBTC","BCCUSDT","RENBNB","BTSBNB","BRDETH","BCHSVPAX","IOSTBTC","SYSETH","NEBLBNB","GOBNB","APPCBNB","PIVXBNB","BCCBNB","DCRBNB","POWRETH","IOTXBTC","BLZBTC","WAVESUSDC","STORMBTC","DLTBNB","NCASHBTC","RENBTC","POABNB","ZRXETH","VENBTC","QKCETH","DENTBTC","BCHSVTUSD","ZILBTC","ZECETH","BCHSVUSDC","GTOETH","NAVETH","MFTBTC","XZCBNB","MDAETH","CMTETH","HOTBTC","NCASHETH","PAXBNB","GNTBTC","WABIBNB","DGDETH","NXSBNB","QTUMETH","LSKBNB","BTTBNB","ENJETH","MANABTC","EDOETH","ARDRBTC","NEOBNB","TNTBTC","QLCBTC","AMBBNB","CDTETH","BTSBTC","POEETH","BCNBTC","DNTETH","ENGETH","XVGETH","BCCBTC","IOTXETH","MODBTC","KEYETH","WAVESPAX","PHXBTC","TRIGBTC","FUELETH","QLCBNB","CMTBTC","BCHABCUSDC","NANOBNB","BLZBNB","BRDBNB","LSKETH","USDCBNB","SYSBTC","ZILBNB","SYSBNB","RDNBNB","GXSETH","FUELBTC","GOBTC","RPXBNB","BCCETH","WABIETH","RLCBNB","SNGLSBTC","VIAETH","MODETH","QSPBNB","WPRETH","QSPETH","DOCKBTC","REQETH","ICXBNB","BCNETH","DENTETH","OSTBTC","VENETH","AIONETH","ENJBNB","XEMBNB","ADXETH","MCOETH","BTSETH","SALTETH","AGIBNB","STORJETH","IOSTETH","HSRBTC","SNTBTC","REQBTC","HCETH","XZCETH","CNDBNB","STEEMBNB","SNMETH","ASTBTC","TRIGBNB","GRSETH","MCOBNB","NULSETH","GTOBTC","VIABNB","PAXBTC","VIBBTC","WANETH","CHATETH","SNMBTC","PIVXETH","SNGLSETH","AGIETH","MTHBTC","ONTBNB","VENUSDT","TNTETH","LOOMETH","BCDETH","VIBEETH","CVCBTC","GNTETH","ADXBNB","VETBTC","CDTBTC","TRIGETH","ADABTC","AMBETH","BCNBNB","DASHETH","IOTABNB","CMTBNB","MITHBNB","LENDETH","BLZETH","DNTBTC","TRXPAX","GTOBNB","WINGSETH","ENJBTC","INSETH","MANAETH","POLYBNB","WTCETH","ZENETH","RPXETH","QKCBTC","ICNBTC","MFTBNB","AEBNB","PAXETH","EOSTUSD","KNCETH","BTGETH","XZCXRP","YOYOBTC","VENBNB","NCASHBNB","ZENBNB","AEETH","STORMBNB","ASTETH","POABTC","OSTBNB","ARDRBNB","BTTBTC","CNDBTC","DOCKETH","NULSBNB","OSTETH","RCNBTC","RVNBNB","DATAETH","POWRBNB","NPXSBTC","RCNBNB","NAVBNB","GNTBNB","CVCETH","ARDRETH","CHATBTC","LOOMBNB","VIBETH","XVGBTC","BCHABCPAX","NEBLETH","NXSETH","LTCPAX","LINKPAX","STORMETH","TNBETH","DATABTC","CLOAKETH","APPCETH","RPXBTC","ELFETH","LOOMBTC","PHXBNB","POEBTC","KEYBTC","BCPTETH","RCNETH","YOYOETH","HSRETH","USDCBTC","TNBBTC","TRXBTC","NASETH","POAETH","SCETH","WPRBTC","ICNETH"]}