{"data":{"GXSBTC":-3.1667910375,"HCBTC":2.2105843462,"GVTBTC":-6.8993616592,"XLMUSDT":-4.7575925938,"PAXTUSD":-0.0204989244,"NEOTUSD":-2.2004758115,"BCHABCBTC":-2.3887408133,"LUNBTC":-3.1156723285,"USDCUSDT":-1.0181519465,"RLCBTC":-7.0796895416,"ARNBTC":-4.0209553801,"XRPPAX":-3.419948743,"OMGETH":-9.6272382733,"BATBTC":-2.2302265115,"THETAUSDT":2.4476170072,"WAVESTUSD":11.8206446812,"ETCBTC":-1.3422239176,"XRPUSDT":-4.2623057029,"ENJBTC":3.8376995505,"ICXUSDT":8.6540301715,"EVXBTC":-13.6288969247,"LINKUSDT":-12.6827168183,"BQXBTC":14.8880242511,"XRPTUSD":-3.0970227557,"IOSTETH":3.7123570331,"CMTETH":35.6296418929,"BTCUSDC":0.0228736709,"IOSTUSDT":0.9072052276,"OMGUSDT":-10.6194799803,"ELFBTC":8.5072143689,"OMGBTC":-8.7912858722,"NAVBTC":-7.896507867,"TNTETH":-1.1944947888,"LINKTUSD":-11.5511351525,"MATICUSDT":-27.8959986119,"ETHPAX":-2.1951727588,"BTGBTC":-2.7316761558,"XLMETH":-2.9648973916,"ZECBTC":-2.3943908644,"WAVESETH":13.71187407,"BNBETH":-0.4086461574,"MTLBTC":18.4346183963,"ZILUSDT":-2.2424153935,"USDSUSDT":-0.8665539501,"RDNBTC":-2.7460438845,"BNBTUSD":-1.487084353,"ICXBTC":10.191624576,"DLTBTC":-2.1489136947,"ADAUSDC":-8.5574278046,"TUSDUSDT":-0.958607152,"RENBTC":8.6961857935,"FETUSDT":-15.7635882179,"STORJBTC":1.8900804768,"LSKBTC":-6.0281995561,"ONGBTC":-5.0299805086,"INSBTC":3.3061178664,"TRXUSDT":-1.4612383222,"WANBTC":6.8785159914,"WAVESUSDT":11.0650638685,"ADABNB":-8.1137483375,"NANOBTC":-0.4112533849,"NEOBNB":-3.3225497044,"TNTBTC":-1.0843906132,"VETUSDT":-15.6306415481,"GASBTC":-4.1824155946,"ETHUSDT":-2.6902060325,"ZILBNB":-1.8430961487,"LTCPAX":-7.8424191437,"ONTBTC":-9.7927677866,"ONTUSDT":-12.2365648738,"ENJUSDT":2.4231486429,"LINKPAX":-13.5519639985,"RVNBNB":-6.5589902936,"NEOETH":-2.8392044583,"ETHTUSD":-0.0916245087,"CELRBNB":-16.1143968824,"ICXETH":7.6920985992,"QTUMBTC":-6.9092518406,"BNBUSDC":-1.4331601233,"LTCETH":-7.9840388429,"NEOBTC":-2.9819654629,"NANOUSDT":-1.3890181085,"ATOMBNB":-6.900237771,"ETHBTC":-1.0490645008,"WAVESBNB":13.3358496358,"USDCTUSD":0.0137012316,"BNBUSDT":-3.3040955727,"XMRBTC":7.8427493785,"XLMBTC":-3.2375985518,"FTMBNB":-3.5332638438,"ADXBTC":0.4449111126,"BATETH":-1.6097076414,"WTCBTC":97.2737142605,"XMRETH":8.3558769888,"STRATBTC":-3.2187284055,"XRPETH":-2.7282661116,"ENGBTC":16.5221274831,"ADATUSD":-7.5106502399,"APPCBTC":-4.9782700126,"BATBNB":-3.2090460634,"BTTUSDT":3.5394704811,"MDABTC":3.7838415623,"QKCETH":-11.8935239315,"PAXUSDT":-1.0462229091,"XRPUSDC":-3.1553888304,"IOTAUSDT":-3.7085836113,"ZECETH":-2.5740328123,"LTCBNB":-8.1235773348,"DCRBTC":-2.2851597788,"NCASHETH":0.710949886,"BNBBTC":-0.4117914719,"PIVXBTC":9.520105913,"CMTBTC":35.1957523245,"EOSTUSD":0.7705197351,"FETBNB":-13.660361696,"PPTBTC":62.7353481811,"DASHBTC":-3.444475773,"EOSETH":-1.7927168294,"VIABTC":8.6934264366,"BRDBTC":2.2353307644,"ATOMBTC":-5.3427258276,"ENJETH":5.4705977446,"LINKETH":-11.237179766,"ZILETH":0.4462264372,"MATICBNB":-26.8319709904,"EOSPAX":-1.4540388819,"NULSUSDT":14.4013386907,"IOTAETH":-3.0685851202,"NASBTC":3.4564833694,"DGDBTC":1.2291632163,"BNBPAX":-0.6672348265,"FTMUSDT":-5.6785664318,"CDTETH":15.742129705,"CELRUSDT":-19.6888088855,"TFUELBNB":5.0928163889,"TFUELUSDT":3.5471008388,"ZRXBTC":-3.0126095419,"NEBLBTC":-1.2344532809,"KMDETH":35.2990633667,"BTTBNB":4.6105693407,"NEOUSDT":-4.3564186872,"XRPBNB":-3.1413523062,"OAXBTC":0.3380055981,"MANAETH":6.1475786186,"ZECUSDT":-4.6047693032,"BCHABCUSDT":-4.5666011177,"XZCBTC":-3.1745609024,"ALGOBTC":-26.352994247,"MITHUSDT":-6.9631157592,"QTUMUSDT":-8.7700665675,"BCHABCUSDC":-2.4900979761,"KNCBTC":-5.8197876507,"PPTETH":64.5062660046,"AIONBTC":-0.932205852,"EOSBTC":-1.4526868539,"XMRUSDT":8.14096038,"REPBTC":-9.7443205031,"LTCTUSD":-8.3052723736,"VETBNB":-13.8799077847,"LINKUSDC":-11.2050190214,"HOTBNB":-11.6107913347,"USDCPAX":-1.0082752444,"LTCUSDC":-7.6398090242,"TRXXRP":0.1891655951,"KMDBTC":35.7897647672,"AEBTC":-3.2565648101,"TRXBNB":0.9822430136,"NULSBTC":16.3835432233,"LTCBTC":-7.4888861524,"EOSUSDC":-0.8781316308,"ONEBNB":-24.1013282203,"BTCUSDS":0.4800324183,"BTCTUSD":0.0717390957,"EOSUSDT":-2.4901415553,"WTCBNB":94.5295829813,"CMTBNB":33.6664820883,"FETBTC":-13.082635235,"ZRXUSDT":-5.3300501088,"WAVESBTC":13.176005133,"WABIBTC":-6.7910892533,"BCHABCTUSD":-1.9475527094,"SKYBTC":-16.72558312,"BTCUSDT":-1.5998393051,"NXSBTC":-2.5921034185,"ATOMUSDT":-8.0378465685,"HOTUSDT":-10.4742138034,"IOTABTC":-2.5974438647,"ETCUSDT":-3.4148348439,"ONEUSDT":-25.4821369741,"ADAETH":-7.1803983054,"EOSBNB":-2.0999641626,"TRXETH":-0.0826687185,"VETETH":-14.0129144137,"DASHUSDT":-3.8587254353,"RENBNB":8.1003074765,"ASTBTC":2.5027796297,"LINKBTC":-10.5331943334,"GRSBTC":-2.3723391269,"WTCETH":95.6844428333,"ALGOUSDT":-28.6936782635,"BATUSDT":-5.7078174504,"BCDBTC":-1.1172121447,"ETHUSDC":-1.2041352908,"ALGOBNB":-27.1908514635,"MCOBTC":1.0039533949,"ADAUSDT":-8.8639562203,"STEEMBTC":-2.8448268659,"BTCPAX":-1.23928959,"LTCUSDT":-9.0408219306,"ZENBTC":-8.4192631114,"BCHABCPAX":-3.6683040502,"XRPBTC":-2.4944805322,"ARKBTC":3.2886166989},"startDate":"2019-07-01","endDate":"2019-07-08","numDays":7,