{"data":{"GNTBTC":10.3124180246,"RVNBTC":-17.5612799366,"FETBNB":-24.1299543304,"USDCUSDT":0.3195581477,"GASBTC":11.0291209524,"KMDETH":8.7058140824,"AIONBTC":18.03056227,"BNBBTC":-1.018278614,"NAVBTC":9.4017843627,"EDOBTC":5.1185686408,"WAVESUSDT":5.9041984993,"STRATBTC":8.5764306673,"ENJETH":67.8622247234,"EOSTUSD":-5.9870327115,"XRPUSDT":-1.2385178198,"LSKBTC":21.0305087742,"ZRXBTC":8.7074475803,"ARNETH":43.6718010566,"XZCXRP":12.1108934512,"WANETH":48.1815574262,"BCHSVUSDT":-0.7276831613,"BCHABCBTC":0.1603929582,"POWRBTC":9.2599171506,"ARNBTC":43.2208751835,"OMGBTC":22.4019243198,"NEOTUSD":0.9040800091,"XRPETH":-1.3663056298,"DLTBTC":5.7713976142,"LOOMBTC":13.9898449917,"LTCBNB":-1.3259060599,"AEBTC":5.5041555521,"BTGBTC":4.1652892169,"ICXUSDT":5.5503377835,"RLCBTC":18.2452718022,"BATUSDT":10.4864592139,"BLZBTC":11.5802772903,"ZENBTC":10.8297822195,"INSBTC":4.6910885096,"XLMBTC":27.8354565176,"ETHPAX":-4.1848749349,"ICXETH":3.7688050221,"THETABTC":0.3990763859,"NEBLBTC":17.8870847049,"THETAETH":0.1917345855,"BNTETH":10.6226833079,"ELFBTC":9.4179359389,"LINKUSDC":7.0164140706,"PPTBTC":9.9660908978,"TRXBNB":-2.7191986418,"ETHUSDT":-4.0696818984,"BNBETH":-1.168703049,"BCPTBTC":-8.4697861937,"OAXBTC":15.8432928853,"LINKTUSD":4.9513309279,"RDNBTC":5.7836995372,"BNBUSDC":-0.9475316021,"APPCBTC":-10.8837819952,"GRSBTC":66.678576747,"ZILUSDT":7.4208657726,"LINKETH":7.5671501945,"ENGBTC":24.818542086,"QTUMBTC":31.578212398,"USDSPAX":0.2438502079,"VIABTC":44.4691832694,"BRDBTC":14.7567857676,"ETCBTC":-1.9621881968,"ARDRBTC":5.6161250742,"EOSETH":-5.7087238434,"LTCBTC":-1.3717235008,"XRPBNB":-0.6560075006,"EOSBTC":-5.6665755887,"EOSUSDC":-5.1465511019,"AMBBTC":13.5920001024,"THETABNB":-1.1475922742,"LTCTUSD":-1.4559269343,"FETBTC":-27.4210768573,"BCDBTC":32.7934702235,"LTCETH":-2.0297085421,"ARKBTC":19.0219662875,"ETHBTC":-4.2582173051,"WAVESETH":5.1904241669,"ENJBTC":67.3314069188,"ONTUSDT":2.5729754357,"ICXBNB":5.9637255422,"SKYBTC":6.2956688804,"LTCUSDC":5.3335040418,"KNCETH":31.5025889004,"EVXBTC":-3.1133589509,"XLMUSDC":26.467008527,"ONGBNB":23.7136018625,"MTLBTC":15.7527529231,"ETHUSDC":-4.2813734615,"LRCBTC":12.1485130078,"KNCBTC":32.7650367495,"BTTBNB":-3.8968897098,"TUSDBNB":-2.2394291505,"LTCUSDT":-1.6811078488,"ADAETH":9.3128045297,"ONGBTC":25.040947806,"ICXBTC":4.7447827975,"FUELETH":15.0474889125,"NEOBTC":1.3775885127,"BNTBTC":10.2502585901,"ADAUSDT":9.4619233304,"ETCUSDT":-1.9879467521,"WABIBTC":-8.0315476043,"REPBTC":9.7523375115,"STORJBTC":21.5487544867,"BCHSVBTC":-0.8332729507,"NXSBTC":19.4515062494,"KMDBTC":8.6759463372,"WAVESBTC":5.1826611936,"NASBTC":23.8286759961,"USDCPAX":0.2601494865,"POLYBTC":9.5420128843,"BTCUSDT":-0.1903829407,"NEOUSDT":1.8000252879,"TRXXRP":-3.2035276899,"NULSUSDT":24.5578037994,"WTCBTC":10.7331479609,"HOTUSDT":2.1369691761,"GRSETH":66.3560123295,"XZCBTC":12.3596753649,"MDABTC":32.2513721496,"TUSDUSDT":0.2607086167,"BATBNB":8.6788774205,"ONGUSDT":24.9707240536,"MCOBTC":13.3020808562,"BNBPAX":-0.8229051011,"BCHABCUSDT":0.3251113675,"LUNBTC":13.8081273365,"ADXBTC":9.3351453289,"FETUSDT":-28.204438565,"NULSBTC":25.4497764199,"DGDBTC":9.266341975,"ZILETH":7.4929758886,"BNBUSDT":-0.6837315582,"ASTBTC":10.248550453,"VETETH":15.5204174036,"BATETH":8.3761338705,"OMGETH":21.3406203839,"RVNBNB":-17.607895065,"ONTBNB":3.4546244583,"XRPTUSD":-1.8889497597,"ADATUSD":8.7204438738,"MDAETH":32.9963843486,"WANBTC":48.4063981858,"DCRBTC":21.4401052565,"XMRBTC":1.0855579511,"XLMBNB":28.4542935674,"BATBTC":8.5217092936,"HCBTC":13.042670258,"VETUSDT":15.69477908,"LTCPAX":-1.371659908,"GXSBTC":30.7439416293,"XLMETH":27.6770043165,"TRXETH":-2.9773360127,"ZRXUSDT":8.4512841814,"XLMTUSD":26.8536924243,"ENJBNB":67.4004736817,"STEEMBTC":3.1627992432,"XLMUSDT":27.3988570143,"TUSDETH":-0.049999528,"EOSBNB":-5.768209942,"LINKBTC":8.0991142812,"BTCUSDC":-0.3501704528,"ZECBTC":2.0422201967,"XRPBTC":-1.3061028971,"CMTBTC":16.9682826823,"DASHBTC":7.1098050974,"XRPPAX":-1.18181429,"ONTBTC":1.8559518925,"CVCBTC":21.2817677735,"PIVXBTC":14.6512026292,"LINKUSDT":7.5887651179,"BTCPAX":-0.1708530553,"NANOBTC":16.9552511998,"TRXUSDT":-2.8457584882,"MITHBTC":20.9535893105,"IOTAUSDT":5.9061130572,"PAXUSDT":0.2424888362,"ADABNB":10.6291356881,"TUSDBTC":0.0233527509,"NEOETH":0.8186701718,"EOSUSDT":-5.4996134556,"BQXBTC":11.2858267057,"QTUMUSDT":29.9582201412,"GVTBTC":2.6446609683,"BCHABCTUSD":0.2947158319,"BTTUSDT":-3.6063958087,"IOTABTC":6.2453375993,"ONTETH":1.273390836},"startDate":"2019-03-07","endDate":"2019-03-15","numDays":7,"excludedPairs":["VETBTC","WAVESPAX","BCHSVPAX","HOTBTC","AGIETH","WAVESTUSD","SUBBTC","CVCBNB","QLCBTC","GTOBTC","WANBNB","RCNETH","SCBTC","SNMBTC","EVXETH","ADABTC","MODBTC","WTCBNB","ICNBTC","BNBUSDS","DGDETH","YOYOBNB","LSKBNB","MCOETH","POEBTC","SNGLSETH","USDSUSDC","POWRETH","DOCKBTC","NEBLBNB","WABIBNB","IOTXBTC","DNTBTC","AIONETH","RPXBTC","MFTBTC","PIVXBNB","QLCBNB","RLCETH","TNBETH","AGIBNB","CVCETH","CHATBTC","ICNETH","CMTETH","SKYBNB","USDCTUSD","AEETH","RDNETH","VENBTC","POABNB","HOTETH","INSETH","VIABNB","NASBNB","XLMPAX","IOTAETH","DCRBNB","QKCBTC","ZENBNB","BCHSVUSDC","TRIGBTC","DOCKETH","BCNETH","CNDETH","PHXBTC","SALTBTC","OSTBTC","BTGETH","NPXSETH","XEMBNB","ZECETH","BCDETH","HOTBNB","APPCBNB","MANAETH","AMBBNB","BCNBNB","NULSBNB","TNTETH","BTTTUSD","STRATETH","NAVBNB","QSPETH","XZCETH","WINGSETH","BRDBNB","NANOETH","WABIETH","WINGSBTC","BCCETH","WAVESBNB","BCPTETH","HSRBTC","BCNBTC","ADXBNB","SYSBTC","APPCETH","AEBNB","QSPBTC","NAVETH","FUNETH","CDTBTC","WPRETH","BTSETH","LENDBTC","VIBBTC","ETHTUSD","LSKETH","KEYETH","PAXBTC","POAETH","VENBNB","WTCETH","SNTETH","REQETH","XZCBNB","TRXBTC","SALTETH","CDTETH","DENTBTC","YOYOBTC","STORMETH","REPBNB","GVTETH","VENUSDT","XEMETH","RDNBNB","MTHETH","VIBEBTC","REQBTC","OSTBNB","NEOBNB","BTTBTC","USDSUSDT","ARDRBNB","BRDETH","SNGLSBTC","IOTXETH","STORJETH","OAXETH","CMTBNB","RPXETH","ARKETH","SYSETH","RCNBNB","CLOAKBTC","BTCTUSD","NXSBNB","RPXBNB","MODETH","EOSPAX","NCASHBNB","ADXETH","YOYOETH","CHATETH","ETCETH","DLTBNB","NASETH","VENETH","HCETH","QKCETH","BTTPAX","STEEMBNB","XRPUSDC","NANOBNB","STEEMETH","MTLETH","NPXSBTC","POEETH","ELFETH","QLCETH","LENDETH","ZRXBNB","LRCETH","XVGBTC","WPRBTC","OSTETH","ZENETH","TRXPAX","BCPTBNB","QTUMBNB","MFTETH","ZILBNB","PAXTUSD","TRIGETH","SKYETH","ZRXETH","PAXBNB","BLZETH","GTOETH","NULSETH","VIAETH","BCHABCPAX","XMRETH","AGIBTC","GOBNB","IOTABNB","NCASHBTC","STORMBNB","VIBETH","GNTBNB","GNTETH","AIONBNB","LUNETH","MCOBNB","TRXUSDC","BCCBTC","RENBNB","PHXETH","EDOETH","MFTBNB","XVGETH","LINKPAX","LOOMBNB","NCASHETH","CNDBNB","PPTETH","GXSETH","GTOBNB","BCCUSDT","VIBEETH","CNDBTC","MTHBTC","ARDRETH","RLCBNB","VETBNB","POLYBNB","BCHSVTUSD","BNBTUSD","BTCUSDS","RCNBTC","HSRETH","NXSETH","QSPBNB","GOBTC","USDSTUSD","BTTUSDC","POABTC","WAVESUSDC","KEYBTC","SUBETH","PHXBNB","NEBLETH","PIVXETH","SNTBTC","SCBNB","DATABTC","TNBBTC","BQXETH","MANABTC","TRIGBNB","IOSTBTC","DNTETH","ZILBTC","DATAETH","USDCBTC","LOOMETH","BLZBNB","PAXETH","STORMBTC","SYSBNB","TNTBTC","DENTETH","QTUMETH","BTSBNB","BCCBNB","DLTETH","REPETH","BTSBTC","AMBETH","SNMETH","DASHETH","MITHBNB","ASTETH","SCETH","FUNBTC","TRXTUSD","ENGETH","FUELBTC","XEMBTC","USDCBNB","BCHABCUSDC","RENBTC","CLOAKETH","IOSTETH","POWRBNB","ETCBNB"]}