{"data":{"STEEMBTC":-3.847911167,"BCHABCBTC":-0.513182489,"NASBTC":9.0040624438,"ZECBTC":-2.4668221257,"ETHBTC":-2.4107466812,"ASTBTC":22.1851737863,"NULSUSDT":11.1625799306,"NEOBNB":2.8721473728,"NEOBTC":1.4221947621,"XRPBTC":-4.781867131,"OMGUSDT":-3.4641583105,"LTCBNB":6.0269439261,"ATOMUSDT":-2.0573015601,"SKYBTC":-5.3493778992,"THETABTC":3.8682889848,"ADXBTC":-10.9349328603,"DGDBTC":-16.137459476,"DCRBTC":-1.4265051173,"XLMBTC":-6.1278496793,"ADABNB":-8.6229028238,"BTTUSDT":8.4114017337,"EOSUSDC":-1.342351264,"KNCBTC":3.2213696774,"LINKUSDC":56.9601318714,"XLMUSDT":-8.137082132,"EOSUSDT":-3.5342841262,"EOSPAX":-3.0662374696,"USDCUSDT":-1.873909628,"QTUMETH":11.8881968572,"TFUELUSDT":-2.1306726459,"CMTETH":80.7999485976,"BATUSDT":2.4285078141,"ARNBTC":0.7884890676,"ADAUSDC":-8.8324393007,"CMTBNB":79.7150744805,"FTMBNB":18.1078340267,"ZECETH":-4.1288069412,"STORJBTC":13.7476177823,"DASHBTC":-0.1238142568,"KMDBTC":36.6884857091,"ETCBTC":2.2951127613,"ZRXBTC":-8.3251102608,"HCETH":13.4800073066,"BATBTC":3.4882024289,"FETUSDT":-9.0074998291,"NANOBTC":-2.7186675834,"ONGBTC":-4.899178762,"NAVBTC":2.4721847563,"FETBTC":-6.1783365589,"WANBTC":-7.2099431546,"BCHABCTUSD":-1.3755344153,"BRDBTC":8.306405011,"APPCBTC":-9.3618448779,"BNBUSDT":-3.0829527895,"BTCPAX":-0.9257876251,"ATOMBTC":-0.780930543,"XEMBTC":0.4025715655,"RLCBTC":-5.5657063816,"BNBTUSD":-1.4528848664,"ICXBTC":1.3356371566,"PAXUSDT":-1.8411041756,"PPTBTC":-11.6533614517,"XMRUSDT":-5.1948382937,"HOTUSDT":-0.9507489585,"GRSBTC":-0.2720347843,"XMRBTC":-3.2251896465,"ETCUSDT":0.5090879084,"PAXTUSD":0.0245800679,"QTUMBTC":12.4853076476,"XRPUSDT":-6.8962347262,"ETHUSDC":-3.124128512,"ELFBTC":18.3724012786,"NCASHETH":-3.124128512,"ZENBTC":-5.9124617551,"RENBNB":60.3248702955,"EOSBNB":-1.5835054065,"VETBNB":-3.6124735782,"TRXUSDT":-4.0994575893,"BTTBNB":10.6896371061,"XMRETH":-4.1619982933,"ALGOBTC":-24.4568516087,"WAVESTUSD":-1.778709015,"BQXBTC":28.8593144163,"XRPUSDC":-4.1774030307,"LTCPAX":5.2396451026,"ZRXUSDT":-9.4757891685,"XRPETH":-5.4154855677,"NEOETH":1.1607884387,"EOSTUSD":-1.9797815786,"ONEBNB":-15.538751981,"TNTETH":25.4392274607,"BNBBTC":-1.0413420489,"ADABTC":-9.1115248323,"XRPTUSD":-4.7621227271,"LINKUSDT":53.2818528316,"BNTBTC":-2.6402508908,"XLMBNB":-6.3488277267,"VETETH":-4.2445125307,"TUSDUSDT":-1.8157040506,"XZCBTC":5.5758237706,"PIVXBTC":3.1519677627,"EDOBTC":-8.6843363841,"NEOUSDT":-0.2908279088,"MATICUSDT":-7.6368204881,"QTUMUSDT":9.3862669998,"ENJUSDT":-0.9486172908,"TRXXRP":-1.202647787,"TNTBTC":26.3800626895,"EOSETH":-2.4265582961,"CDTETH":20.0428315036,"IOSTUSDT":-2.4747187493,"VETUSDT":-5.8742814243,"REPBTC":-17.5331949145,"ONEUSDT":-17.7710413897,"RDNBTC":-20.8759411937,"DLTBTC":-2.4824036329,"IOTABTC":-1.1326162444,"INSBTC":9.3945984658,"USDCPAX":-1.8515431019,"LTCETH":4.8353459278,"HOTBNB":1.4570639704,"ADAETH":-9.5033921116,"XRPBNB":-4.3796214468,"IOTAUSDT":-2.4513210509,"CELRBNB":15.9609781625,"NULSBTC":12.6142521204,"POWRBTC":7.653660785,"BTCUSDC":1.9334875233,"EVXBTC":-8.2982301703,"LTCTUSD":5.121395945,"GASBTC":-6.4105949182,"MDABTC":-2.3442967252,"NEBLBTC":-1.1728377172,"ICXETH":0.7596351746,"USDCTUSD":0.0116165918,"MANAETH":34.8418676354,"LINKBTC":55.9980799511,"POLYBTC":2.368481069,"HCBTC":13.5155823415,"XRPPAX":-5.8999508503,"ZECUSDT":-5.222032812,"FTMUSDT":16.2872587236,"STRATBTC":8.4442920559,"WABIBTC":-10.436084729,"WTCBTC":39.4809211,"LINKTUSD":55.6845021045,"BCHABCUSDT":-3.0206519054,"BNBPAX":-2.8002419322,"LINKETH":53.6896007102,"BATETH":3.4733915527,"IOTAETH":-1.5292328777,"FETBNB":-5.6891337302,"RENBTC":59.9544518749,"MATICBNB":-5.239872705,"LTCBTC":5.3882720159,"WAVESBTC":-2.2942515462,"ONTETH":-4.3876637898,"BTCUSDT":-0.4047697073,"WAVESETH":-2.2136874057,"LTCUSDC":6.2740236058,"CELRUSDT":13.5602028757,"ARKBTC":-1.0737857104,"OMGBTC":-1.2080032968,"EOSBTC":-1.7853152941,"ADATUSD":-8.7693119955,"OAXBTC":-7.7140156545,"MCOBTC":3.7103951998,"BTCUSDS":0.7596280663,"ETHTUSD":-1.7629306423,"ALGOBNB":-24.8589209682,"LINKPAX":54.7289639612,"TRXETH":-3.0710458427,"BATBNB":5.0010688126,"THETAUSDT":1.6871839888,"ALGOUSDT":-27.2924671289,"LSKBTC":-9.6029244443,"LOOMBTC":10.2855796109,"ENGBTC":5.6465894106,"BCDBTC":-5.4046174306,"BCHABCPAX":-4.5283763671,"BTCTUSD":1.9388656138,"GVTBTC":0.9209421962,"TRXBNB":-0.7718735211,"WTCETH":37.8817112091,"BCHABCUSDC":-0.2897071381,"ZILUSDT":-5.8176879226,"QKCETH":19.5563299966,"USDSUSDT":-1.8168503427,"NANOUSDT":-4.3630347074,"XLMETH":-6.330023239,"AEBTC":-4.059756883,"NEOTUSD":0.6826295554,"DASHUSDT":-0.6925510289,"VIABTC":8.6901054354,"ONTBTC":-4.840672488,"ADAUSDT":-10.5877435098,"RVNBNB":-1.3983287945,"LUNBTC":-7.4602223577,"BNBETH":-2.138221577,"WAVESUSDT":-4.8442096096,"ENJBTC":0.7550657023,"GXSBTC":9.8252671198,"BTGBTC":1.1006388804,"MTLBTC":6.8309965331,"BNBUSDC":-0.8405334258,"ETHUSDT":-4.5515953063,"ETHPAX":-4.4083837256,"AIONBTC":-5.9419706874,"ZILETH":-4.9503343479,"MITHUSDT":4.0178439352,"ICXUSDT":-0.3041244373,"ZILBNB":-3.8765419131,"OMGETH":-1.6982451708,"ATOMBNB":0.3928545159,"LTCUSDT":3.5737083945,"ONTUSDT":-6.6779165353,"ONGUSDT":-6.8929620935},"startDate":"2019-06-28","endDate":"2019-07-05","numDays":7,