{"data":{"NEOUSDT":204.5184172889,"ZILUSDT":-14.1600959574,"ENJUSDT":-28.8651425807,"ZECBTC":167.6434287887,"NASBTC":0.373408745,"BNBUSDC":-23.4991465136,"XRPETH":20.527062562,"XMRBTC":53.1436237568,"VIABTC":-67.7263339526,"BCHABCBTC":-4.8806509055,"BCDETH":2179.8411049357,"FETBNB":45.7784338708,"BNBBTC":-31.4341128732,"EOSBNB":138.9182781996,"TRXBNB":119.5819005706,"LTCBNB":-64.3634573844,"XLMETH":30.0207269157,"VETUSDT":94.9827791666,"ONTBTC":65.4937207065,"ATOMUSDT":137.1413554934,"HOTUSDT":17.7373474912,"ADAUSDT":31.4815969613,"LINKTUSD":-69.3987031342,"LTCETH":-64.2715532116,"LTCBTC":-51.0452517682,"ICXUSDT":121.4114816945,"DASHBTC":-8.3070208918,"BCHABCTUSD":69.918168319,"QTUMUSDT":400.5805837485,"BNBPAX":10.4420808397,"WAVESUSDT":-75.7860204451,"XRPUSDC":138.4341179302,"BCPTETH":3.7511677662,"ETCUSDT":115.6044661582,"EOSUSDT":254.0290456169,"ETCBTC":131.3303545482,"TRXPAX":1151.7073550129,"LINKUSDC":-63.7875367408,"WTCBTC":19.0455310197,"GXSBTC":47.8370604154,"ONGBTC":-31.3287841741,"ETHBTC":24.6798646204,"CELRBNB":184.0591937563,"POLYBTC":-36.5215516907,"ASTBTC":-79.9926871448,"OMGBTC":12.4459269433,"MCOBTC":183.7845440091,"EOSUSDC":590.5641448759,"NEOBTC":215.8750431387,"EDOBTC":-95.5863226162,"XLMUSDT":36.3953341315,"MDABTC":-10.4517621279,"ENJETH":-69.1475117776,"BCPTBNB":90.7325219565,"BCDBTC":907.9711869353,"APPCBTC":-81.2314330213,"USDCTUSD":129.0506457654,"XRPUSDT":48.610605122,"ONTETH":120.5776499858,"ENGBTC":-19.1141721799,"MATICBNB":-56.1382203242,"IOSTUSDT":65.3720705361,"PAXTUSD":-5.4770508561,"BCHABCUSDT":-9.9261033454,"LINKUSDT":-8.6430224626,"STORJBTC":-37.6171951324,"IOTAETH":75.7414351563,"PHBBNB":-77.5648662343,"LTCPAX":-77.8719700224,"TFUELUSDT":-83.121609984,"NXSBTC":-31.409785715,"XMRUSDT":69.1253943417,"BTTTUSD":125.510243472,"XRPPAX":115.7774889931,"FUELETH":-89.0239572734,"ICXETH":-25.8278599202,"USDCUSDT":-9.6411309179,"OAXBTC":-36.1006559008,"HOTBNB":3.7108557382,"FETBTC":59.0329109057,"ICXBTC":18.5015559152,"BATBTC":-22.4606351122,"XRPTUSD":8.2072668197,"GRSBTC":-89.8764892358,"PHBBTC":-82.3738790524,"SKYBTC":252.7660680531,"PIVXBTC":-92.0731870955,"MATICUSDT":-29.3673447786,"LTCUSDC":-60.9867552381,"EOSTUSD":325.8414401397,"TRXXRP":102.0188424172,"DLTBTC":-52.1127925826,"WANBTC":-58.4704696447,"LTCTUSD":-42.3761651862,"ETHUSDT":18.6627772981,"GVTBTC":45.070843331,"ELFBTC":-84.2411970868,"IOTABTC":242.1467833869,"HCBTC":2586.7391285671,"BTTUSDC":153.9988854108,"XRPBNB":-6.1482906927,"DASHUSDT":27.7057446511,"LSKBTC":-67.3411539057,"BCPTBTC":34.534738768,"TRXUSDT":140.0187670125,"IOTABNB":88.6229212583,"EVXBTC":-0.4148699317,"LTCUSDT":-51.364818681,"LINKETH":-22.092029351,"NULSUSDT":-39.2256458929,"EOSBTC":323.7559901113,"NEOETH":135.9755693499,"XZCBTC":-20.1975179306,"BQXBTC":-44.759391691,"HOTETH":-19.613341242,"BTTUSDT":87.7634673023,"TFUELBNB":-91.4877766937,"ADABNB":-38.9646660255,"STEEMBTC":-14.2559315899,"PPTBTC":85.1247729615,"IOTAUSDT":156.0224177839,"ADAETH":57.7498489925,"BNBUSDT":-17.7396374037,"ZILETH":-57.1597755553,"TUSDUSDT":-0.0843990121,"VETBNB":48.8011554597,"QTUMBTC":509.2490094662,"BATETH":21.3238578507,"NANOUSDT":87.7477265802,"BTGBTC":203.3570342456,"CELRUSDT":236.7730074685,"BCHABCUSDC":-39.5060933138,"BTCTUSD":-4.5284014459,"ENJBTC":-60.6600630172,"NEOBNB":-16.3184497542,"ZECETH":145.3328909504,"BTCUSDT":-2.8751007079,"NEBLBTC":3.4999121092,"BTTBNB":92.1342690253,"TRXETH":142.0311575652,"ETHPAX":17.7184458809,"MITHUSDT":-27.3663712808,"AEBTC":-54.0155131521,"POABTC":-39.723045607,"GASBTC":-36.0784214302,"ETHTUSD":116.2314053995,"BTCUSDC":-3.4160092105,"WABIBTC":-17.2100199024,"NANOBTC":31.855694439,"VETETH":53.1050337558,"WAVESBTC":-57.8959384526,"THETAUSDT":-64.4768845388,"TRXTUSD":368.4828729736,"ONGUSDT":-15.9718872995,"RLCBTC":-13.7329631642,"USDCPAX":-7.3045134447,"ADATUSD":50.7142857781,"NULSBTC":-9.8987568489,"LINKBTC":-43.7860720668,"BNBETH":-19.4340637987,"REPBTC":-40.8285229723,"EOSETH":165.1574822015,"PHBTUSD":-86.7320402663,"KNCBTC":-38.7033863371,"ARKBTC":-80.5988408639,"OMGUSDT":120.8402751143,"ADAUSDC":101.4198776591,"ATOMBNB":73.7600014294,"DGDBTC":95.836433135,"BCHABCPAX":180.7818427068,"STRATBTC":-72.2836254163,"ZRXUSDT":14.0919690895,"AIONBTC":458.5362594143,"ARNBTC":57.2117430267,"KMDBTC":6.1127499746,"ZECUSDT":516.3305640289,"NEOTUSD":168.6601802632,"BNBTUSD":-25.1758465627,"BATBNB":-22.2673719887,"RVNBNB":478.7870732889,"FETUSDT":65.1627373819,"DCRBTC":118.743076829,"ONTUSDT":103.1700601796,"BATUSDT":4.3040155193,"INSBTC":-55.7572874607,"ZRXBTC":29.7363066326,"BTCPAX":16.4131705993,"EOSPAX":77.6207635543,"ADXBTC":-21.8764979968,"XRPBTC":53.2207749431,"PAXUSDT":-27.3623653736,"RDNBTC":1026.5851939627,"OMGETH":77.7487384422,"ETHUSDC":14.4850417266,"XLMBNB":-33.8327255938,"MTLBTC":-35.1671021352,"THETABTC":-68.7593284876,"THETAETH":-55.4093623177,"XLMTUSD":-4.4711461744,"ZILBNB":-8.2609623606,"TRXUSDC":241.7839868951,"BTCUSDS":-39.7791522178,"LUNBTC":-75.1150234376,"ATOMBTC":45.928712493,"WAVESETH":-53.2899922573},"startDate":"2019-05-25","endDate":"2019-06-01","numDays":7,