{"data":{"XRPUSDC":116.41156402,"OMGUSDT":347.2379050399,"TRXUSDT":-39.5432898664,"GRSBTC":-23.8175021662,"LINKUSDC":42.889445855,"USDCPAX":198.7044289052,"ALGOUSDT":164.2089136722,"ETCBTC":383.9078059905,"MITHUSDT":-32.4277989365,"VIABTC":32.499700298,"PIVXBTC":-33.5821355178,"VETUSDT":-6.1561748777,"WANBTC":-88.5445546631,"KMDETH":-38.7155963866,"WAVESETH":-83.0887396623,"ADAUSDC":196.9370222826,"WAVESBTC":-80.6173866035,"ZILUSDT":-30.9896438193,"THETAETH":46.9620685381,"ATOMUSDT":126.0586974669,"DOGEUSDT":-52.9889296813,"ONTETH":168.422629567,"BATBNB":184.8127938998,"ERDBNB":-13.3285399974,"NEOUSDT":184.5327226822,"IOSTUSDT":175.8448308398,"XRPETH":143.5682999881,"TFUELUSDT":-40.3656480027,"KMDBTC":-35.788601139,"LUNBTC":-10.3986689807,"ENJBTC":217.3157218233,"DASHETH":13.9885222878,"FETUSDT":41.657679836,"ADAETH":147.1935368326,"ZILETH":-40.0293105965,"ZRXBTC":113.0975215719,"WABIBTC":-66.041812611,"BCHABCUSDT":304.163467722,"ICXBNB":40.7485147113,"STEEMBTC":114.8078601903,"DASHUSDT":80.1304499287,"BNBUSDT":84.3392824675,"BTGBTC":265.3853922211,"QTUMBTC":120.0199436015,"TRXTUSD":49.5395933647,"PAXUSDT":97.9869292507,"RENBNB":43.4074813147,"ENJUSDT":221.7914752999,"USDCUSDT":125.0831493892,"NEBLBTC":-72.2198645017,"BQXETH":178.1505594637,"ONTUSDT":319.7254144155,"ONGBTC":111.4060622119,"SKYBTC":12.1086750677,"BCHABCPAX":279.9091020384,"HCBTC":-14.0878542545,"LINKTUSD":92.897306325,"NANOETH":-48.0176841691,"CELRBNB":8.9698450093,"FTMUSDT":31.4288330595,"BQXBTC":23.9844587562,"XLMUSDT":74.1652446977,"WTCBTC":-73.4961112242,"BTCPAX":112.8914754269,"THETABTC":-18.7560535329,"ZECUSDT":194.4208298457,"PPTETH":-92.5038876975,"XRPBNB":81.9665082617,"FETBNB":9.1629816781,"ENGBTC":-64.9163707767,"BNBTUSD":405.4549244272,"EOSETH":96.3530607663,"ALGOBNB":156.9205790368,"BNBUSDC":474.1874061913,"AEBTC":-16.3622028406,"ONEUSDT":114.4671576997,"TRXETH":30.307395046,"XRPBTC":14.9165819728,"NANOBTC":-71.7573159077,"NASBTC":-31.2429767765,"RVNBNB":114.1811725636,"ATOMBTC":31.1345311312,"BCHABCTUSD":3015.351992952,"STORJBTC":-51.519581084,"PPTBTC":-95.8414950314,"BTCTUSD":154.9192982512,"EOSBNB":79.3421672404,"NANOUSDT":-65.0137495029,"FTMBNB":66.2284408351,"STRATBTC":-32.1891444004,"LTCBNB":149.997833149,"XMRBTC":-26.4097949871,"EOSTUSD":613.6378154699,"AIONBTC":-65.0069563504,"NULSBTC":-48.1642176709,"NEOETH":65.9570245993,"ATOMBNB":-14.1666597671,"EOSBTC":96.2529305567,"ADAUSDT":108.3352091851,"XMRETH":-8.0380741585,"NAVBTC":27.6912512438,"BATETH":262.9021829419,"POWRBTC":5.985258104,"KNCBTC":-16.0203342242,"HOTUSDT":-12.0378866456,"GXSBTC":90.1839392607,"QTUMUSDT":141.0110771583,"TRXXRP":61.1414072274,"FETBTC":-11.6608733936,"EVXBTC":-29.212572906,"MATICBNB":-11.1730480017,"ONGUSDT":117.3399207392,"LTCUSDT":191.2302740802,"BRDBTC":115.6555237503,"LTCETH":146.6972345388,"MDABTC":-46.6775413547,"CELRUSDT":64.4329272251,"ZECETH":227.3997345729,"ICXUSDT":-26.3070656258,"ARKBTC":-19.0553983594,"LTCUSDC":164.0044107686,"RENBTC":8.3743390684,"VETBNB":42.8068098481,"XZCBTC":4.0286275312,"INSBTC":-73.2396540427,"DCRBTC":-33.1172699103,"ONTBNB":209.6810493714,"BNBBTC":148.2662240911,"WTCETH":-84.8640357597,"EOSPAX":463.6960630755,"MTLBTC":-74.6279920221,"ETCUSDT":385.3367258071,"ARDRBTC":15.5246006597,"THETAUSDT":7.9855056586,"ONEBNB":75.2688804733,"PAXTUSD":121.2021088369,"ONTBTC":129.9460448754,"RDNBTC":-88.3436404471,"ETHBTC":134.6129180433,"GNTBTC":179.0579429369,"LSKBTC":-11.903907528,"GASBTC":-5.5617627365,"LINKBTC":20.0941156157,"IOTAETH":29.3979324068,"ETHTUSD":205.1666251342,"XRPTUSD":524.4005693378,"XMRUSDT":4.8717470187,"XRPUSDT":98.2944099947,"OAXBTC":-51.4410970239,"BCHABCBTC":271.6819432833,"EOSUSDC":289.1439626819,"GVTBTC":-28.1086526546,"GTOUSDT":-46.7460995309,"BNBPAX":466.0790941287,"HOTBNB":-12.3706691281,"FUELETH":184.4679395397,"ETHPAX":726.9119503923,"IOTAUSDT":53.1003402854,"IOTABTC":-9.8293285694,"MATICUSDT":76.9772890702,"VETETH":23.2893761728,"OMGETH":0.1963123879,"ADXBTC":630.0308274449,"USDCTUSD":701.2444776138,"BATUSDT":41.0853257917,"XRPPAX":1175.2484816094,"ETHUSDC":251.5645674952,"XLMETH":201.0293532549,"BTTBNB":-56.8683342561,"WTCBNB":-58.0871085022,"LINKPAX":65.4612379365,"TRXBNB":-24.4952583223,"MCOBTC":113.4391271248,"WAVESBNB":-83.1562542631,"LINKETH":-7.0716758594,"LTCPAX":512.9918854087,"LTCBTC":233.0926215682,"ELFBTC":272.7768331574,"NULSUSDT":-51.1604033991,"ALGOBTC":179.2086739557,"OMGBTC":173.3149272692,"BCDBTC":428.7072493229,"REPBTC":70.3602197354,"BTCUSDS":744.5938541128,"BATBTC":28.7866186227,"IOSTETH":180.9916704976,"DGDBTC":267.1561550881,"LINKUSDT":44.7958233826,"ERDUSDT":141.490796927,"BTCUSDT":112.2559311099,"ZECBTC":64.1044779214,"DOGEBNB":200.7704553345,"POLYBTC":72.9785234148,"RLCBTC":138.8413419388,"CMTETH":40.361196069,"ZRXUSDT":57.6158405726,"BTTUSDT":-63.8100819171,"BNBETH":312.204426865,"CMTBNB":6.2781299368,"ADABNB":-35.7900871968,"ETHUSDT":123.6372082154,"LTCTUSD":360.5591161376,"TUSDUSDT":195.5158913319,"USDSUSDT":235.7680785514,"DLTBTC":-32.557565181,"EOSUSDT":227.9129966934,"BTCUSDC":139.292747486,"ICXBTC":-10.7368071322,"DASHBTC":21.6762794917,"XEMBTC":44.1436477745,"NEOBNB":188.6855659552,"ICXETH":31.1501269247,"ADATUSD":211.4104003514,"ARNBTC":9.866608175,"NEOBTC":146.9718572412,"TRXUSDC":68.2160599365,"WAVESUSDT":-80.2984509701,"BCHABCUSDC":778.6410257531,"ENJETH":219.0571644373},"startDate":"2019-07-08","endDate":"2019-07-15","numDays":7,