{"data":{"ADAUSDT":-53.3706246452,"REPETH":2368.5893181826,"NEOUSDT":-75.7382574308,"PAXUSDT":-55.23268552,"LTCBNB":-19.2748110689,"ETCUSDT":-58.0050178577,"VETETH":-4.1144478209,"DCRBTC":-15.2232053878,"EOSUSDC":-49.9658163867,"GTOETH":-61.3306199903,"IOTABTC":-38.0890710652,"XRPETH":-81.2368151211,"STRATETH":-22.9568798237,"ZENBTC":74.9513904939,"EOSBTC":-70.2491392188,"OMGETH":-36.9810467067,"XLMUSDC":-73.6308049321,"BNBBTC":-40.5992726341,"TUSDETH":-45.3609402182,"XRPUSDT":-76.2678125284,"ARNETH":704.2126755203,"XEMETH":-25.2479810876,"ETHUSDT":-53.3521048176,"LUNBTC":61.1601644864,"WTCBTC":57.7636037773,"VIBEBTC":741.8615483431,"LINKBTC":72.3022478358,"ZRXETH":-15.4944217633,"EOSPAX":-3.5284962423,"TRXBNB":-79.0960164615,"LTCETH":-38.8868546659,"PAXTUSD":157.2623621681,"NULSBTC":60.871375507,"RLCBTC":375.7421536424,"AIONBTC":13.2580659163,"OMGBTC":-65.1341276091,"POWRBTC":1940.955826694,"ARNBTC":1927.1437932488,"NXSBTC":8.4297151314,"DOCKETH":59.4213296809,"BCDBTC":24.9130626174,"BTCUSDC":-72.4509275832,"AEBTC":67.3218233366,"BTGBTC":-18.0643696312,"KNCBTC":167.4350875538,"IOTAETH":-67.3660576015,"ICXETH":-64.225799036,"LTCBTC":-54.3430950248,"LRCBTC":2537.5792311316,"HCBTC":-41.0127035683,"ADABNB":-49.7047828866,"RDNBTC":13.5489635066,"DASHETH":-67.2457513018,"MTLBTC":78.6602564279,"NANOBTC":-67.7222827836,"NEOTUSD":-70.1527567053,"VETUSDT":-34.6682446474,"TNTETH":1566.2281006882,"TUSDBNB":-16.9542815171,"ONTUSDT":-70.9570178516,"ETHBTC":-48.9983331122,"CLOAKBTC":214.919751375,"NASBTC":-35.4924952975,"ZRXBTC":18.1724720712,"ICXBTC":-53.8320559102,"USDCPAX":37.0785391384,"BATBTC":-41.979918818,"POLYBTC":-36.9297059818,"QTUMETH":-61.584293703,"LINKETH":-15.0807584342,"SALTBTC":23.6677065507,"ELFBTC":108.1090535961,"PPTBTC":-36.6316573874,"IOSTETH":-74.3312725523,"INSBTC":-9.7713864325,"ZECBTC":-22.9946453213,"NAVBTC":359.5692061036,"KMDBTC":-49.4430672159,"ETCBTC":-54.5107165471,"TRXETH":-81.9190138393,"WAVESBTC":-20.1372738941,"GTOBTC":314.6912826072,"XRPTUSD":-53.1929475862,"REPBTC":3152.9036048776,"XRPPAX":6.3088005941,"GVTBTC":18.4509123613,"XZCBTC":69.9496766082,"EVXBTC":3.5448365027,"STORJBTC":23.6351868487,"TRXXRP":-79.3980708175,"OAXBTC":8514.2183295333,"IOTAUSDT":-69.5387123835,"ADATUSD":-52.5190261276,"ETHPAX":-35.6126244365,"XLMPAX":-4.6341269855,"BCHABCBTC":-71.5947218329,"DASHBTC":-66.1440582395,"LSKBTC":-11.2769379051,"EOSBNB":-55.1249245259,"PHXETH":106.4809454863,"ONTBTC":-68.5998571263,"TUSDBTC":-41.4186680143,"WAVESETH":-31.3149092743,"BTCUSDT":-52.159836318,"BATETH":-39.5514608659,"XVGETH":-90.1720170038,"DLTETH":2534.8808001456,"BQXBTC":1015.1074542572,"QTUMUSDT":-74.9646038355,"EOSUSDT":-58.3798769944,"BRDBTC":54.945206062,"ARKBTC":-17.0620425906,"XLMETH":-55.0721818065,"DLTBNB":974.5373522795,"WABIBTC":19.8822348226,"MCOBTC":-64.0002537286,"SNTETH":63.980114995,"QTUMBTC":-66.1505803577,"XMRETH":-43.870286685,"USDCTUSD":-79.1858699992,"HCETH":-32.5974529036,"BNBUSDT":-30.5976259317,"XRPBNB":-52.481815519,"TRXTUSD":-93.9005088764,"EOSETH":-68.0767469131,"NEOBTC":-75.9401260297,"MDABTC":100.6818506626,"AMBBTC":140.1333270471,"BCHSVUSDT":-69.4552355413,"STRATBTC":-6.2558866399,"XMRBTC":-28.4811045126,"TRXUSDT":-82.0462609706,"XLMTUSD":-68.1984248277,"AEETH":80.2444489052,"ICXUSDT":-75.4154054546,"ETHUSDC":-79.8589377849,"GASBTC":-3.3082980443,"ADXBTC":182.2823484643,"BNBPAX":-96.9035517704,"BCHABCUSDT":-69.0767273149,"MODBTC":-23.4355504402,"KNCETH":216.9204506414,"PIVXBTC":-34.0959531937,"XRPUSDC":-80.3586401823,"TUSDUSDT":-44.5569901431,"NULSUSDT":-24.0100049778,"NEBLBTC":-36.632767521,"WANBTC":162.4107158852,"NEOETH":-68.1744328346,"QKCETH":12.7625241074,"QKCBTC":159.2410465065,"ENGBTC":-52.0919617709,"ETCETH":-67.2826322373,"WINGSBTC":27.798455231,"ADAETH":-51.0514825622,"STEEMBTC":225.7277593578,"ZECETH":-59.969735983,"ZILETH":-47.0863360655,"XLMUSDT":-69.0901177744,"VIBEETH":956.787340124,"BCHSVBTC":-63.3114316914,"ONTETH":-81.6672892685,"USDCUSDT":-66.1255262837,"LTCUSDT":-68.9710082028,"DLTBTC":4587.4414356702,"SKYBTC":102.4267681889,"BTCPAX":-51.5397686795,"BNBETH":-79.3004978434,"BNBUSDC":-63.8734641033},"startDate":"2019-01-11","endDate":"2019-01-18","numDays":7,"excludedPairs":["ASTBTC","AIONBNB","APPCBTC","NULSBNB","MDAETH","ONTBNB","VETBNB","NXSETH","DGDBTC","GTOBNB","POWRETH","BTSBTC","TNBETH","HSRBTC","VETBTC","CMTETH","FUNETH","BRDBNB","FUELETH","NCASHETH","TNTBTC","SNMETH","GVTETH","EDOETH","RVNBTC","ICNETH","PHXBTC","RDNBNB","OSTBNB","INSETH","NANOBNB","STORMETH","BCPTETH","ZILBTC","BCNBTC","BCCUSDT","POLYBNB","REPBNB","AGIETH","STORMBTC","ICNBTC","SNTBTC","BLZBTC","EOSTUSD","OSTBTC","NULSETH","RLCETH","MTHETH","LINKUSDT","MFTBTC","MFTBNB","XLMBTC","EDOBTC","KMDETH","ENJBTC","SYSBNB","TNBBTC","LOOMBNB","BCCBTC","STEEMBNB","SUBETH","WTCBNB","CNDETH","YOYOBTC","CDTBTC","STORMBNB","LINKTUSD","PPTETH","VENUSDT","RCNBTC","IOTXBTC","CLOAKETH","QSPETH","ENGETH","BRDETH","WPRETH","DENTBTC","ZENETH","QLCBNB","SUBBTC","ICXBNB","PAXETH","QLCETH","RENBTC","GNTBNB","PAXBNB","SALTETH","ADABTC","MANABTC","LENDBTC","MFTETH","SNGLSETH","ADXBNB","YOYOETH","XRPBTC","IOTXETH","CVCETH","NCASHBTC","DOCKBTC","XVGBTC","MANAETH","BNTETH","AMBBNB","SKYBNB","CVCBTC","XZCXRP","VIBBTC","SYSETH","CVCBNB","SCBTC","POEBTC","ARDRBTC","BLZBNB","DGDETH","GRSETH","POEETH","AMBETH","RPXBTC","HOTETH","PAXBTC","HSRETH","POABNB","LOOMETH","XZCETH","BTSBNB","LOOMBTC","NPXSBTC","NPXSETH","WANBNB","VIABTC","TRXBTC","SNMBTC","NAVETH","ARKETH","NCASHBNB","MITHBNB","GNTETH","YOYOBNB","RCNBNB","QSPBTC","CMTBTC","SYSBTC","RDNETH","FUNBTC","MODETH","NANOETH","GOBTC","DENTETH","NEBLBNB","KEYETH","RPXETH","RCNETH","BCCBNB","PIVXBNB","USDCBTC","NEBLETH","MCOBNB","QSPBNB","RENBNB","POAETH","QTUMBNB","PIVXETH","BCDETH","SNGLSBTC","MITHBTC","BCPTBTC","BCNBNB","REQETH","VIABNB","SKYETH","ARDRBNB","WTCETH","CNDBNB","OAXETH","NASBNB","WABIETH","FUELBTC","ARDRETH","KEYBTC","VIAETH","LINKUSDC","WANETH","AEBNB","BLZETH","VENBNB","BTGETH","THETAETH","VENETH","BCNETH","ENJETH","DNTETH","IOSTBTC","POWRBNB","DATAETH","VIBETH","STEEMETH","LSKETH","EVXETH","XZCBNB","DNTBTC","LENDETH","DCRBNB","ELFETH","PHXBNB","GXSBTC","AGIBNB","RVNBNB","APPCBNB","WABIBNB","BCCETH","BCPTBNB","WINGSETH","USDCBNB","SCETH","CDTETH","RLCBNB","NASETH","CHATETH","GNTBTC","LSKBNB","ENJBNB","THETABTC","MTLETH","ADXETH","MTHBTC","ZILBNB","NXSBNB","REQBTC","BATBNB","XEMBTC","BQXETH","HOTBTC","LUNETH","GOBNB","VENBTC","POABTC","TRIGETH","NEOBNB","IOTABNB","OSTETH","CNDBTC","LINKPAX","ETCBNB","LRCETH","QLCBTC","ZENBNB","XEMBNB","STORJETH","THETABNB","MCOETH","RPXBNB","WAVESBNB","GXSETH","XLMBNB","AIONETH","ASTETH","APPCETH","BTSETH","NAVBNB","AGIBTC","BNTBTC","TRIGBNB","DATABTC","GRSBTC","SCBNB","TRIGBTC","WPRBTC","CHATBTC","CMTBNB"]}