{"data":{"EOSUSDT":-18.3270475868,"NEOETH":-2.985479304,"ETHUSDT":0.9215625311,"ONTBTC":-66.6107351211,"USDSPAX":-49.2988645121,"VIAETH":989.807040294,"DCRBTC":491.431386317,"MTLBTC":-54.3367858853,"APPCBTC":-89.0826077378,"ARNETH":18.2493150914,"STEEMBTC":-63.282702225,"LINKETH":-84.7671911974,"IOTAUSDT":48.8391168396,"RDNBTC":24.454383089,"MITHBTC":-88.908283667,"BCHABCUSDT":162.066399776,"ZENBTC":76.7046007402,"EOSUSDC":-19.1070915805,"ETCBTC":40.858393189,"BATBTC":-79.8912293361,"RLCBTC":484.0649649086,"XRPETH":-18.5624032316,"LTCBTC":-25.147700899,"SKYBTC":-27.5212539559,"MDABTC":226.1198424697,"ADABTC":174.0390530185,"LTCETH":-39.6330547234,"XLMBTC":19.9715040466,"STORJBTC":6.5758074592,"BLZBTC":273.0818875147,"EOSETH":-4.2450506298,"BNTBTC":-80.9728515855,"HOTUSDT":-57.0239284286,"LUNBTC":-28.1330809891,"USDCPAX":-58.8983903884,"ONGUSDT":177.5124192189,"QTUMBTC":922.5015731509,"POLYBTC":-61.472498671,"BNBETH":-52.9248617451,"RVNBNB":-89.5468371122,"BNBPAX":-38.6309866638,"THETABTC":11.9989359259,"ETCUSDT":12.1618085516,"BCHABCBTC":199.2433878284,"POWRBTC":-46.6713920662,"BNBUSDT":-48.6373276086,"STRATBTC":16.0787610424,"WAVESUSDT":-73.2446481944,"KNCETH":-86.6652184293,"ADAUSDT":150.0065392,"KMDBTC":1023.6861867339,"AMBBTC":198.5056382181,"BATETH":-89.0073783338,"OAXBTC":32.787193753,"WTCBTC":89.4577478646,"EOSBNB":-64.276045556,"BTTUSDT":-64.7083474937,"LRCBTC":-27.4569696909,"KMDETH":773.0047647167,"LTCBNB":-64.0958890428,"AIONBTC":-77.6735131067,"AGIBTC":1000.0344628656,"ETHUSDC":-36.1029558648,"OMGBTC":190.023511887,"QTUMUSDT":419.7191800632,"ZECBTC":-11.3546810212,"ONTUSDT":-71.8240829081,"TRXXRP":-9.8981161235,"BCHSVBTC":36.8979196341,"GTOBTC":66.5534076864,"LINKTUSD":1.7727532321,"GRSETH":2764.0204307915,"INSBTC":40.4747151407,"USDCTUSD":35.5372305252,"XRPTUSD":-36.1321823826,"TRXETH":14.9843039252,"XLMUSDC":-17.6884173679,"ONTBNB":-81.5709555254,"ETHBTC":-8.2621592242,"BTCUSDC":-31.84645758,"LTCTUSD":-29.353385591,"KNCBTC":-74.0337726757,"BNBBTC":-35.8004259928,"PIVXBTC":165.6008579618,"BTCUSDT":-24.8376365976,"PAXUSDT":10.7241796182,"XLMTUSD":60.7807429353,"PPTBTC":938.5949871502,"BATUSDT":-83.5477823303,"RVNBTC":-78.9172363864,"MDAETH":129.2197056871,"XMRBTC":32.3848038569,"WANBTC":86.2057483255,"GXSBTC":-11.4874222344,"LTCPAX":-21.2092851686,"AEBTC":13.0085709666,"VIABTC":1907.3519049054,"ADATUSD":80.8366772179,"XLMUSDT":48.0420421317,"WABIBTC":-57.2077843256,"LSKBTC":468.4985264541,"ENJETH":-88.2815120998,"HCBTC":26.4609790645,"USDCUSDT":-14.7098954732,"LTCUSDT":-27.2415471329,"VETETH":21.6990968016,"EOSTUSD":42.6807667811,"CVCBTC":864.5180670942,"FUELETH":-36.3421363018,"LOOMBTC":6.0609664316,"BNBUSDC":-83.8454313644,"GVTBTC":103.9167495904,"NEOBTC":-20.270002794,"GASBTC":60.2169988242,"CMTBTC":6.8011968358,"ONGBNB":160.2146237712,"ADABNB":64.0070816518,"ENGBTC":-66.6565429844,"NEBLBTC":573.2274181719,"LINKUSDT":-81.1197672173,"NEOTUSD":-35.5161089193,"XLMBNB":-24.3221011026,"ETHPAX":-54.8009566446,"XRPPAX":-16.8394976568,"ONTETH":-62.7977579256,"EDOBTC":767.6165260148,"BTTBNB":-80.9711291274,"ADAETH":138.4038705861,"ZRXUSDT":0.2730141425,"ADXBTC":-35.3445560036,"LINKUSDC":-25.3865909097,"WAVESETH":-32.2337501923,"BCHSVUSDT":-36.2250283836,"TRXUSDT":2.1424475665,"XEMBTC":270.576083183,"BTCPAX":-26.3361786199,"WANETH":74.1548506018,"WAVESBTC":-40.533918511,"ZILUSDT":-63.0241224806,"ARKBTC":8.3034045371,"EVXBTC":123.054769035,"DGDBTC":-43.313105635,"LOOMETH":128.6495240464,"NXSBTC":222.3442143549,"THETABNB":-53.8873247075,"GNTBTC":62.125939791,"XZCXRP":214.670267117,"NAVBTC":72.0354111977,"GRSBTC":4288.3747083612,"NULSBTC":1023.6267075256,"BRDBTC":38.2253793686,"FETUSDT":-65.8403544455,"BCDBTC":353.7859646815,"XZCBTC":499.9319773713,"REPBTC":128.0071623356,"TUSDUSDT":31.1180067737,"BCHABCTUSD":186.4637673527,"ARNBTC":354.5003223708,"BTGBTC":56.5898728193,"NULSUSDT":228.2324664786,"ENJBNB":-92.7371405307,"VETUSDT":40.2939700095,"XLMETH":15.1984336,"FETBNB":-41.9767406582,"ENJBTC":-94.1405427419,"ICXETH":-63.5813672421,"ARDRBTC":399.6414079908,"EOSBTC":-11.0420305048,"FETBTC":-66.252363742,"ICXUSDT":-73.8627780208,"ICXBTC":-67.4527811862,"MCOBTC":1816.1374250518,"ZILETH":-52.9460306474,"IOTABTC":55.3124742875,"XRPBNB":-71.1118041754,"NANOBTC":47.6544149453,"BQXBTC":-41.2196615164,"XRPUSDT":-19.1560779639,"THETAETH":0.7198706222,"ONGBTC":200.7305022179,"DLTBTC":139.4372497495,"ELFBTC":-59.7402214053,"NASBTC":898.1023751372,"OMGETH":229.0524421472,"NEOUSDT":-25.6922967358,"TRXBNB":-71.2636368245,"LINKBTC":-79.9396852108,"DASHBTC":-14.3510442441,"ZRXBTC":-32.8781886017,"BNTETH":-88.1893749539},"startDate":"2019-03-08","endDate":"2019-03-16","numDays":7,"excludedPairs":["ZILBNB","QSPBNB","PPTETH","RDNETH","NASETH","DATAETH","LINKPAX","GTOETH","BCNETH","INSETH","ICNBTC","BCNBNB","ZECETH","HOTETH","ICNETH","NASBNB","POAETH","ZRXETH","STORMETH","ICXBNB","SKYETH","REPBNB","AMBETH","XRPUSDC","POABTC","AEETH","CHATETH","ARKETH","HSRBTC","GXSETH","CLOAKBTC","DNTETH","STEEMETH","SYSBTC","BCCBTC","NPXSETH","POWRETH","IOSTBTC","SNGLSETH","BCPTBNB","WPRETH","RDNBNB","KEYBTC","DGDETH","DLTETH","USDCBNB","USDSTUSD","NCASHBNB","POABNB","BCHSVPAX","PIVXETH","BCPTETH","CMTBNB","NXSETH","AGIETH","BCNBTC","BCHSVUSDC","ETCBNB","WANBNB","BTSBNB","RPXBNB","BCDETH","SNMETH","XEMETH","PIVXBNB","SALTBTC","BCCUSDT","VIBETH","CNDETH","SYSETH","BCPTBTC","IOTXETH","NPXSBTC","LENDBTC","FUNBTC","YOYOBNB","STEEMBNB","BCHSVTUSD","BTTBTC","APPCETH","BLZETH","IOSTETH","QKCBTC","NULSETH","EDOETH","VIBEETH","CVCBNB","SNTBTC","CVCETH","GVTETH","BTSBTC","TRXTUSD","POLYBNB","QSPETH","WPRBTC","PAXBTC","XMRETH","BTCUSDS","ELFETH","HSRETH","MODETH","TRXPAX","DOCKBTC","FUNETH","LRCETH","RPXETH","TNTETH","SKYBNB","POWRBNB","VENUSDT","EOSPAX","XMRBNB","NEBLBNB","BCCBNB","QTUMETH","ZENBNB","RENBTC","XLMPAX","GOBNB","IOTABNB","MTHETH","XVGETH","ARDRETH","MTHBTC","CMTETH","LENDETH","XVGBTC","XZCBNB","ADXETH","STORMBNB","OSTBNB","LSKETH","REQETH","XEMBNB","BCCETH","USDCBTC","POEBTC","MFTBTC","SCETH","SALTETH","TUSDETH","FUELBTC","VIABNB","LUNETH","YOYOETH","PAXTUSD","BTGETH","RLCBNB","BTCTUSD","GNTETH","HCETH","AEBNB","MODBTC","REQBTC","MCOBNB","TNBETH","VENBNB","XZCETH","BTTTUSD","ZENETH","TRXBTC","ENGETH","ADXBNB","BCHABCPAX","PHXBTC","CNDBNB","ETCETH","AIONETH","DCRBNB","DENTETH","NEBLETH","NANOBNB","POEETH","WAVESUSDC","DOCKETH","SUBETH","SYSBNB","LOOMBNB","CDTBTC","BRDETH","GNTBNB","TRIGETH","QLCETH","PHXBNB","OSTBTC","YOYOBTC","QKCETH","NANOETH","EVXETH","NULSBNB","WTCBNB","NCASHBTC","NAVBNB","OSTETH","SNTETH","HOTBNB","TNTBTC","TRXUSDC","TUSDBNB","TUSDBTC","OAXETH","VETBNB","MFTBNB","MCOETH","VENBTC","IOTAETH","ASTETH","GOBTC","CNDBTC","APPCBNB","RLCETH","TNBBTC","AIONBNB","TRIGBNB","NCASHETH","DENTBTC","MANABTC","BNBTUSD","BTSETH","ZILBTC","PAXBNB","BNBUSDS","DATABTC","QTUMBNB","WAVESPAX","WINGSBTC","REPETH","WABIETH","STORJETH","SUBBTC","LTCUSDC","DLTBNB","VIBEBTC","MITHBNB","STORMBTC","VIBBTC","CDTETH","BTTPAX","IOTXBTC","SNMBTC","USDSUSDC","BCHABCUSDC","SCBNB","VETBTC","BTTUSDC","WAVESTUSD","BRDBNB","PHXETH","RCNBNB","NAVETH","XMRUSDT","STRATETH","LSKBNB","DASHETH","RPXBTC","WTCETH","AGIBNB","WINGSETH","USDSUSDT","BQXETH","RCNETH","QLCBTC","MANAETH","DNTBTC","MFTETH","MTLETH","GTOBNB","NXSBNB","RCNBTC","QLCBNB","ASTBTC","BLZBNB","XRPBTC","WAVESBNB","QSPBTC","RENBNB","PAXETH","BATBNB","SNGLSBTC","TRIGBTC","CLOAKETH","ARDRBNB","VENETH","SCBTC","ETHTUSD","ZRXBNB","KEYETH","WABIBNB","AMBBNB","CHATBTC","HOTBTC","NEOBNB"]}