{"data":{"ENJBNB":20.4914563281,"ONTUSDT":5.9380481913,"ARNETH":10.4954626207,"LTCETH":24.3483572486,"TRXBNB":-3.1757107171,"ZECBTC":-2.1697059871,"POWRBTC":6.7740407382,"XRPTUSD":1.0274207532,"EOSBNB":6.9010485132,"FETBNB":-13.991007344,"INSBTC":0.8048605402,"TNBETH":18.7310409129,"HOTUSDT":-6.0394303083,"PAXTUSD":-0.0237001739,"QTUMUSDT":0.5160116476,"TUSDBNB":1.2543823593,"PIVXBTC":5.0652000248,"TUSDETH":0.5246857643,"BCPTBTC":58.39787643,"TUSDUSDT":-0.0142665453,"USDCTUSD":0.0209982377,"VETUSDT":-2.5123806956,"ENGBTC":5.3036853378,"XMRBTC":3.981604924,"ARNBTC":10.3194991467,"BRDBTC":-4.1008634275,"ZENBTC":-1.4678907173,"IOTAETH":-2.4769125205,"WAVESBTC":-4.2749384013,"NASBTC":1.4723769214,"ETHBTC":1.1750145199,"HOTETH":-5.6707276961,"XLMETH":1.6727541222,"TUSDBTC":0.1081473538,"ONGUSDT":-7.9633625226,"NULSBTC":3.5766996835,"BTTUSDT":-6.9212179797,"AIONBTC":6.0444487559,"ADXBTC":4.1402810667,"BNBPAX":48.9443160196,"KNCETH":15.8777642272,"FUELETH":21.6625905924,"ICXBTC":9.7780919986,"THETAETH":-4.7654754774,"APPCBTC":53.1153250389,"LTCUSDT":23.6865878983,"DGDBTC":-2.983893098,"BCDBTC":0.5883783481,"ETHUSDC":1.4293250579,"ENJETH":23.0074041045,"ICXUSDT":8.5368693713,"TRXUSDT":-2.6228007395,"ZILUSDT":-1.672727954,"WABIBTC":44.9148199466,"ENJBTC":21.5531908626,"THETABTC":-5.2811396279,"WANBTC":1.1063729029,"BTCUSDC":1.4353387013,"XLMUSDT":1.3162527151,"MFTETH":1.3806078029,"BNBUSDT":48.2343783805,"ARKBTC":-0.5539944206,"XRPUSDT":1.0390007111,"LTCTUSD":23.3338105983,"PAXUSDT":0.0200008607,"RVNBNB":127.6990028713,"GXSBTC":4.1369917489,"EVXBTC":19.5178106108,"XRPUSDC":0.6714224662,"ONTBTC":6.6123431029,"RDNBTC":2.4741501814,"ETCBTC":2.6652560972,"IOTAUSDT":-2.8301835901,"USDCUSDT":-0.0494796628,"LTCUSDC":14.7440506877,"USDCPAX":-0.0215074844,"GRSBTC":4.5795833305,"TRXETH":-2.3271012442,"HCBTC":2.23496092,"LSKBTC":6.0611691761,"PHXBNB":31.6208914984,"BCHABCTUSD":0.0373092059,"NEOETH":1.4583717585,"HOTBNB":-7.0646409649,"LUNBTC":10.0518663703,"LOOMBTC":11.8026269951,"LINKBTC":5.0509095555,"RVNBTC":129.2950093332,"BNTBTC":1.2734659716,"STEEMBTC":19.0753906468,"XRPPAX":0.7484444322,"ZRXUSDT":-4.1409373522,"BNBUSDC":48.4365196959,"FETUSDT":-11.1050458587,"NEBLBTC":-0.4312284401,"STORJBTC":-0.6918148486,"DCRBTC":-1.8031063172,"BCHSVUSDT":-1.2700698423,"LOOMETH":11.5706733906,"ADAETH":-0.1092312569,"BLZBTC":17.5419312872,"BNBETH":48.7959728809,"XVGETH":4.5191327154,"GASBTC":0.9713146297,"WAVESUSDT":-4.2490376398,"XZCBTC":7.3338589274,"EOSETH":7.3164579133,"ETHPAX":1.1691470895,"THETABNB":-4.8062813417,"NANOBTC":0.4405231336,"GVTBTC":-9.8351543776,"EOSTUSD":7.112021224,"AEBTC":-6.9783032252,"EOSUSDC":7.0030829024,"BATBNB":10.4079961935,"LTCBNB":24.2872302306,"PHXBTC":34.3573345956,"BTGBTC":-0.7814461353,"TRXTUSD":-2.8605417238,"REPBTC":1.5437627722,"BQXBTC":0.5246438199,"BATETH":10.9752605193,"ONTBNB":6.8630786405,"LINKETH":5.779855083,"VETETH":-2.2018691905,"MTLBTC":2.2136791715,"TRXXRP":-2.8741356905,"XRPBTC":1.0868919483,"PPTBTC":5.3209399493,"VIABTC":9.489874535,"BCHABCBTC":0.2295783754,"ONGBTC":-8.045232377,"XLMTUSD":1.8166132746,"QTUMBTC":0.5846963315,"NEOTUSD":1.2764608444,"EOSBTC":6.749161507,"USDSPAX":0.0167791248,"SKYBTC":-15.4897805303,"XLMBNB":1.4659747752,"ZRXBTC":-4.1191589487,"LOOMBNB":13.510468849,"APPCETH":54.6724186147,"BTCUSDT":1.2526383655,"ETHUSDT":1.0372249645,"XRPETH":1.6154591194,"ADAUSDT":-0.6028183656,"NXSBTC":12.5891847099,"FETBTC":-11.0581036583,"NEOBTC":0.7531576826,"ASTBTC":7.5615147901,"WTCBTC":3.9019170696,"MCOBTC":-1.412950882,"NEOBNB":0.0062406406,"DLTBTC":8.3591076328,"ICXBNB":9.0078146317,"ONTETH":8.1405869939,"BCHABCUSDT":0.2283031633,"IOTABTC":-3.1187893542,"DASHBTC":1.2537210518,"PHXETH":35.3704715997,"BTCPAX":1.2080182275,"EDOBTC":2.7989091088,"STRATBTC":-2.4256151485,"LINKUSDT":5.2260133123,"ADABNB":-1.1033061378,"LTCBTC":23.7260745837,"POLYBTC":3.1933168417,"KMDBTC":-9.1559055663,"BTTBNB":-7.4299819482,"BCHSVBTC":-1.1462994573,"BATBTC":10.077378505,"RLCBTC":4.5671121331,"XRPBNB":1.0281427442,"ETCETH":2.5262683636,"ZECETH":-1.972297069,"OMGETH":-4.1774302673,"MDABTC":-12.7615491174,"ELFBTC":-0.7479553281,"OAXBTC":9.7111742715,"ICXETH":10.6108918115,"EOSUSDT":6.6171172895,"BNBBTC":48.7383188933,"NEOUSDT":0.3094897293,"ETCUSDT":2.6765157647,"BTCUSDS":1.3999041902,"OMGBTC":-4.2720586614,"KNCBTC":15.3804992114,"EOSPAX":6.6388175729},"startDate":"2019-03-01","endDate":"2019-03-08","numDays":7,"excludedPairs":["BCCUSDT","SUBETH","BCNBNB","ZENBNB","ADXBNB","WAVESUSDC","NULSETH","AGIBTC","DCRBNB","LRCETH","ZRXBNB","NULSUSDT","AEBNB","RDNBNB","ONGBNB","LINKPAX","ADXETH","DNTETH","AMBBTC","ZILBNB","VIBETH","XEMBTC","CMTBNB","BLZETH","WAVESPAX","SUBBTC","IOTXBTC","CMTETH","NEBLETH","NXSBNB","BNBUSDS","DATAETH","TNTETH","SNGLSETH","RLCBNB","MCOETH","ZENETH","ENGETH","VETBNB","SKYBNB","HCETH","RDNETH","MTHETH","CVCBTC","LUNETH","NANOBNB","SNTBTC","ADATUSD","BCCBNB","STORMBTC","RCNETH","TRXUSDC","BRDBNB","LENDBTC","VIBEETH","AGIBNB","TRIGETH","QSPBNB","POWRBNB","SYSETH","SKYETH","QKCETH","XMRETH","GTOBNB","USDCBTC","CHATBTC","AIONETH","BCNBTC","CLOAKETH","BCCBTC","POEETH","DATABTC","MFTBNB","BCNETH","ARDRBNB","AGIETH","XVGBTC","MCOBNB","TNTBTC","MITHBNB","SCBTC","KMDETH","BCPTBNB","SYSBTC","QSPBTC","LRCBTC","NAVETH","BQXETH","BCDETH","TRIGBTC","ZILBTC","PAXBNB","WABIBNB","WAVESTUSD","MANAETH","ZILETH","POABNB","NAVBTC","AIONBNB","VENETH","RPXBTC","VIABNB","OAXETH","CLOAKBTC","BTTBTC","XZCBNB","OSTBTC","NASETH","NANOETH","XLMPAX","FUELBTC","IOTXETH","BTTPAX","TRXPAX","REPETH","LTCPAX","DGDETH","SCETH","NCASHBNB","HSRETH","KEYBTC","PPTETH","BTGETH","REPBNB","CNDBNB","ETCBNB","XZCXRP","QLCBTC","DENTETH","LINKTUSD","DOCKETH","BTTTUSD","WINGSETH","EVXETH","BTSBTC","AEETH","WTCBNB","GNTBTC","NPXSBTC","LSKBNB","ARKETH","DLTETH","RENBNB","DNTBTC","AMBBNB","PIVXBNB","STEEMBNB","VENBNB","FUNBTC","STEEMETH","NAVBNB","POAETH","HOTBTC","WANBNB","RPXBNB","BCPTETH","GNTETH","SNMETH","NCASHBTC","MTHBTC","XEMETH","ZRXETH","YOYOBTC","PAXETH","RCNBNB","RENBTC","BTSETH","BTTUSDC","MDAETH","SCBNB","WAVESBNB","STORMETH","DENTBTC","YOYOETH","WPRETH","CMTBTC","SALTETH","SNGLSBTC","BCHSVTUSD","STORJETH","VIBBTC","POEBTC","GVTETH","WAVESETH","VIBEBTC","CDTBTC","NPXSETH","BLZBNB","LENDETH","MFTBTC","ARDRBTC","BCHABCPAX","TNBBTC","BNTETH","STORMBNB","POLYBNB","PIVXETH","FUNETH","QLCETH","MODETH","GOBTC","BCHABCUSDC","YOYOBNB","BCHSVPAX","WPRBTC","NEBLBNB","USDSUSDT","SYSBNB","NASBNB","SNMBTC","USDCBNB","POABTC","BTSBNB","CNDETH","PAXBTC","VENUSDT","INSETH","CVCETH","REQBTC","MITHBTC","DASHETH","CVCBNB","SNTETH","ARDRETH","USDSUSDC","LSKETH","ELFETH","LINKUSDC","SALTBTC","KEYETH","TRXBTC","STRATETH","GTOETH","XZCETH","WANETH","XEMBNB","XLMUSDC","VIAETH","OSTBNB","RLCETH","GNTBNB","MTLETH","DLTBNB","IOSTBTC","VENBTC","WINGSBTC","CHATETH","NXSETH","RPXETH","MODBTC","GTOBTC","HSRBTC","MANABTC","RCNBTC","GRSETH","GXSETH","NULSBNB","BATUSDT","EDOETH","VETBTC","CNDBTC","APPCBNB","QTUMBNB","REQETH","GOBNB","QTUMETH","QKCBTC","WABIETH","BRDETH","USDSTUSD","CDTETH","IOSTETH","POWRETH","BCCETH","ICNBTC","NCASHETH","DOCKBTC","ADABTC","ICNETH","TRIGBNB","XLMBTC","OSTETH","IOTABNB","ASTETH","QSPETH","BCHSVUSDC","WTCETH","QLCBNB","AMBETH"]}