{"data":{"DGDBTC":28.22417949,"QTUMBTC":-35.1181131159,"BNBUSDC":-69.0074884099,"KNCBTC":-38.1339165564,"GASBTC":22.5411417753,"LUNBTC":8.8615992265,"BRDBTC":-4.1428000299,"EOSETH":-73.5794316545,"MFTBNB":-85.3848856272,"DCRBTC":-26.9264986699,"HCETH":-30.7759436137,"OMGBTC":7.6789512336,"LTCBTC":148.6680070958,"BCHABCBTC":-70.8714642992,"TRXUSDC":38.6645424049,"PPTBTC":291.4366176218,"EOSTUSD":-69.7709936594,"ENJUSDT":-5.2339229072,"BTCUSDT":-61.1209102682,"KMDBTC":-80.0339799814,"EOSPAX":-80.3312910276,"DLTBTC":114.2799479996,"HOTBNB":-43.9673139251,"USDCTUSD":-62.8061539883,"TRXUSDT":-73.7977881294,"ENGBTC":141.1934201374,"MATICBNB":-42.6426521296,"BTCUSDS":-82.0294447399,"TRXTUSD":-82.6205112427,"ZRXBTC":-12.3213405635,"NEOTUSD":88.9574993024,"TFUELUSDT":-35.4428856075,"POWRBTC":14.4035830629,"WABIBTC":101.2547947459,"NEOETH":-37.9733186826,"HOTUSDT":-62.6177789582,"TUSDUSDT":-57.9042388043,"XRPPAX":-82.8282514705,"EOSUSDT":-75.7694046006,"NEOBTC":-42.3316866986,"ATOMUSDT":-83.6987931096,"IOTABNB":-71.1016179413,"DASHUSDT":-52.3246823143,"VETBNB":-75.4234792765,"XLMUSDT":-56.3208814343,"PAXTUSD":-83.195270533,"ADAUSDC":-66.5201135849,"MITHBNB":4009.6007520352,"REPBTC":32.4626986093,"ADAETH":-44.2522136497,"WAVESUSDT":-36.2576237372,"LTCUSDC":62.6905999011,"BCDBTC":-57.5020893354,"LTCUSDT":45.838137218,"RDNBTC":-24.4910071481,"MCOBTC":171.9492930272,"INSBTC":130.5500580438,"WAVESBTC":-52.9135315903,"XMRUSDT":-47.6740453636,"XRPETH":-67.3109362394,"ONGBTC":-32.3532892162,"ICXUSDT":-74.9142953556,"ETHUSDC":-51.5001154046,"EVXBTC":14.9797101179,"WAVESETH":-60.5843300495,"BQXBTC":234.5893306931,"LINKUSDC":-55.4528220273,"ZECTUSD":-75.2550860649,"NANOUSDT":-59.0443290062,"MATICUSDT":-39.1434336636,"ETCBTC":-83.2296069305,"WTCBTC":11.0314955401,"NXSBTC":18.2430526949,"ONTETH":-49.9130053775,"SKYBTC":-57.2730344114,"ONGUSDT":3.6430642218,"GXSBTC":768.6882606338,"MITHUSDT":1155.7661176677,"ZRXUSDT":-49.6360138638,"IOSTUSDT":-87.8816258128,"QTUMETH":-28.8858236875,"LTCBNB":175.7238422702,"TRXXRP":-58.4134312264,"ZILETH":-58.843143948,"XLMBNB":-61.2916148575,"FETBNB":64.5849298181,"NEOUSDT":-50.5853630365,"STEEMBTC":219.5202882878,"BTTBNB":-79.074463091,"LSKBTC":-38.0284140909,"XLMETH":-56.9612531249,"PAXUSDT":-63.682029076,"LTCPAX":-11.2393069715,"STRATBTC":-18.4862496449,"XRPUSDC":-86.1213179791,"ZECBTC":-52.435625437,"ETCETH":-87.2400340477,"BTTUSDT":-69.7125712706,"BTGBTC":-42.7081655136,"MFTETH":-72.2989940923,"PIVXBTC":581.1712318923,"ETHTUSD":-72.4577871788,"ONEUSDT":-76.9532972132,"IOTAETH":-64.7500250842,"ATOMBNB":-82.7680503855,"BTCTUSD":-74.0526460673,"STORJBTC":5619.3310422554,"IOTABTC":-63.3791325749,"ADABNB":-53.7467639756,"EOSBNB":-67.8939845607,"NASBTC":1955.1834768108,"NASETH":498.4270124791,"POLYBTC":370.250752535,"MTLBTC":230.9222902943,"USDCPAX":-76.7329159035,"BATBTC":-79.4472770166,"ONTBTC":9.1649010405,"XMRBTC":-31.0676946028,"ONTUSDT":-26.3741528587,"NASBNB":1055.6303645837,"ZECUSDT":-77.2420331621,"ETHPAX":-58.2099476208,"BNBBTC":23.7748955523,"LTCETH":160.9582398368,"ENJETH":77.0998095206,"ARKBTC":81.9482402224,"ZILBNB":-75.3951667871,"LOOMBTC":-10.511423316,"WANBTC":-46.8729121572,"HCBTC":-66.2494692271,"NULSUSDT":259.4396215342,"TRXETH":-70.916763023,"APPCBTC":-16.0031456515,"BCHABCUSDT":-71.9195305082,"CELRBNB":23.3641516997,"XRPTUSD":-69.2333111842,"THETAETH":-6.3833869394,"NEOBNB":-47.1149483953,"RLCBTC":-28.0145975722,"BNBTUSD":-77.8076959313,"USDCUSDT":-54.2542228111,"VETUSDT":-59.4847359459,"ZILUSDT":-76.0130123296,"ADATUSD":-38.522829639,"GXSETH":543.0237061536,"IOSTETH":-35.5173906006,"ADAUSDT":-43.7864027447,"ARNBTC":-63.1248411689,"LTCTUSD":30.7133333587,"FETUSDT":106.1046917611,"NANOBTC":-26.7949061425,"LINKUSDT":-19.2643844403,"EOSUSDC":-90.7165840659,"BCHABCPAX":-68.4111467034,"BNBUSDT":-9.4700703355,"ONEUSDC":-76.8900324789,"TFUELBNB":-50.8523739437,"MDABTC":32.1946453468,"VIABTC":-24.7988427026,"ZENBTC":-24.721650072,"LOOMETH":-34.6972707651,"ETHBTC":-48.0381512301,"BCHABCTUSD":-42.376564384,"IOTAUSDT":-71.661746761,"ETHUSDT":-64.3644253064,"NEBLBTC":254.7283832583,"ELFBTC":-17.6053412602,"LINKBTC":-3.3241714479,"AEBTC":-19.9323198028,"CELRUSDT":-22.3178119658,"FETBTC":135.7397453838,"ETCUSDT":-75.9569726917,"BTCPAX":-76.9436624843,"XRPBTC":-65.2795562139,"RVNBNB":-86.559213046,"GRSBTC":463.7053205632,"XRPUSDT":-68.8355296332,"TRXBNB":-76.2614543591,"BNBPAX":-75.777444852,"BATUSDT":-85.724217958,"ELFETH":-36.760681979,"BATETH":-60.0518989639,"ONETUSD":-71.7919030084,"BCHABCUSDC":-82.408149041,"EVXETH":25.2459695282,"ICXBTC":-31.5551900293,"XRPBNB":-53.8606917812,"THETABTC":4.4752007227,"WAVESTUSD":-29.7702988369,"GVTBTC":-40.1100889157,"XZCBTC":663.3840589523,"DASHBTC":-47.4171634517,"QKCETH":-15.582424178,"OMGUSDT":-34.5538987591,"NULSBTC":343.7199224752,"QTUMUSDT":-36.8886272367,"BTCUSDC":-60.0127620194,"EOSBTC":-76.7982872396,"THETAUSDT":-22.2574122066,"LINKETH":-13.9988043224,"OAXBTC":873.4827136285,"ATOMBTC":-82.7382047221,"BNBETH":-44.0760738454,"VETETH":-70.1662799798,"ONEBNB":-80.8975003232},"startDate":"2019-06-04","endDate":"2019-06-12","numDays":7,