{"data":{"ARKBTC":673.4025133894,"PIVXBTC":-16.7947626393,"LINKBTC":1.5511916315,"DGDBTC":150.734584879,"XRPBTC":149.5840464191,"EOSPAX":334.370811876,"BCHSVUSDT":456.9007815664,"ONTBTC":346.8246398356,"USDCUSDT":183.086140634,"ADXBTC":-5.2256326723,"USDCTUSD":455.956938673,"WAVESTUSD":-47.5681547903,"REPBTC":175.0065420962,"ADABNB":71.1975911544,"VETETH":102.7351028463,"THETABTC":-45.1380842626,"PAXUSDT":138.1954808085,"TUSDETH":1377.9673332977,"NEOBNB":-8.9743319695,"PAXTUSD":819.877341943,"APPCETH":187.4098871393,"EOSETH":458.7001725189,"GASBTC":637.5779378595,"MTLBTC":-59.0608304944,"LTCBTC":-6.0902152116,"LTCBNB":-41.1667996175,"BNBETH":0.2080883455,"PPTBTC":-32.1951256067,"XLMUSDT":95.0886698988,"SKYBTC":208.1232197885,"GVTBTC":23.8210464475,"RDNETH":820.0204098573,"WAVESETH":-40.4468828232,"EOSBNB":309.3358941347,"LUNBTC":89.3755204199,"BCHABCTUSD":1868.2894994839,"KMDETH":396.3566852749,"NXSBTC":-32.1374142243,"NEOETH":59.6545208289,"DASHBTC":-59.4261943961,"NEOUSDT":112.1483222392,"LINKUSDT":-1.5795756495,"STEEMBTC":139.0534775782,"NAVBTC":110.1573832818,"BNBUSDC":7.7155315051,"LTCUSDC":409.1317892296,"BATBTC":100.6382606215,"LSKBTC":8.1665100742,"OMGETH":164.2091988817,"ARNBTC":101.4158521002,"APPCBTC":77.7069323206,"ETHUSDC":174.1135590227,"BTTUSDT":-21.9945089392,"BCHABCUSDT":289.9870096195,"INSBTC":402.8300380821,"EOSTUSD":1448.1676913111,"ETCBTC":92.0539713241,"STORJBTC":1070.720590992,"LTCUSDT":37.8800169002,"ETHUSDT":224.5794216894,"ETHBTC":177.3026093678,"STRATBTC":67.2459602557,"ZRXBTC":367.3846296091,"XLMPAX":56.2298829649,"ELFBTC":186.2691118956,"EOSUSDT":256.7141325493,"BCHSVBTC":397.1579074398,"QTUMBTC":317.742428334,"XRPUSDT":329.8121970694,"XMRETH":60.4058122391,"MCOETH":732.0683188632,"XMRBTC":31.7750784269,"XLMBNB":-34.5363630798,"ENGBTC":252.8648399811,"ICXUSDT":69.6446616231,"ENJETH":-9.1686154318,"RDNBTC":497.3977678611,"NEOTUSD":653.0245665028,"OMGBTC":197.1680672368,"ZILETH":99.3004395907,"BCDBTC":170.0374588837,"BCHSVTUSD":5840.249982086,"OAXBTC":5.5146396578,"USDCPAX":390.7503443248,"DLTBTC":25.7203884889,"XRPUSDC":389.7818300725,"XEMBTC":223.4297904232,"DCRBTC":76.3602942903,"BNBUSDT":-53.756788705,"CVCBTC":90.6277907853,"XRPTUSD":1030.8683499189,"MDABTC":292.4244142293,"THETAETH":-22.9158057196,"IOTAUSDT":91.4749060071,"TRXBNB":-61.3385539844,"LTCTUSD":392.2881950261,"XLMTUSD":23.1090258276,"WAVESUSDT":-26.183152038,"CLOAKBTC":-24.8508865006,"STORJETH":698.7146194255,"QTUMUSDT":423.1547553729,"SALTBTC":697.1624997568,"SUBBTC":3637.800803103,"KNCBTC":193.7757539307,"EOSUSDC":190.5349777024,"GXSBTC":55.8619969518,"TRXUSDT":-23.278865876,"ARKETH":620.5171963158,"BQXBTC":324.1886466866,"LINKTUSD":18.9617820881,"ETHPAX":295.6337402486,"MCOBTC":946.1138477732,"DASHETH":-42.1403214947,"TRXETH":-0.759651601,"WANBTC":31.9350665926,"XLMETH":98.5050574253,"BCHABCBTC":344.5207796729,"HCBTC":-65.3636990714,"GRSBTC":111.0804640694,"FUELETH":8604.3858576087,"IOTAETH":59.7130680519,"NANOBTC":118.8316928324,"TUSDUSDT":385.4981651705,"ONTBNB":173.4160145479,"XRPBNB":8.6631420533,"ADATUSD":509.5675113225,"EVXBTC":130.8588527391,"ETCUSDT":69.3961293374,"ICXETH":40.2614078451,"XRPPAX":114.9973954539,"TRXXRP":13.8072736113,"WTCBTC":548.3529838334,"POWRBTC":489.8995425492,"NULSBTC":52.8166365353,"TUSDBNB":221.6330573356,"NEBLBTC":1758.7181301663,"EDOBTC":-30.1485191256,"BTCUSDC":261.7385672085,"NANOETH":247.3093332513,"AIONBTC":133.4529248424,"NEOBTC":14.5070410466,"ZECBTC":-28.7959137564,"BTCUSDT":169.2030051476,"XLMUSDC":-26.008305342,"ARNETH":66.8787029765,"BNBPAX":18.8165491104,"TUSDBTC":377.5450281175,"EOSBTC":307.7884931414,"XZCBTC":47.5215672046,"WABIBTC":5.5460937074,"ONTUSDT":442.9040895507,"WINGSBTC":356.6252601301,"ADAUSDT":192.5731524996,"ZECETH":8.2882970156,"WAVESBTC":-50.7134979799,"VETUSDT":158.3416929471,"ONTETH":479.6797597304,"ZENBTC":-61.3621938135,"LTCETH":126.5475667997,"POLYBTC":99.0258367589,"MODBTC":12708.8784673628,"ADAETH":77.0552995374,"KMDBTC":268.9391220386,"BTCUSDS":939.1731871064,"IOTABTC":89.1580924251,"TRXTUSD":169.9842850805,"BTTBNB":-45.5853784171,"BTCPAX":301.8494229637,"AEBTC":536.8711349027,"NULSUSDT":97.2009303541,"XRPETH":361.6933268112,"ELFETH":180.4679297658,"BATETH":73.2005505711,"MITHBTC":242.9451168266,"ICXBTC":41.5898865799,"THETABNB":-41.0491950108,"GNTBTC":115.4944918036,"LINKETH":-31.8206201981,"BTGBTC":1244.2131334772,"NASBTC":88.8361971954,"BNBBTC":-62.4618855425},"startDate":"2019-02-12","endDate":"2019-02-19","numDays":7,"excludedPairs":["EVXETH","WTCBNB","GVTETH","USDSTUSD","IOSTETH","BATBNB","LRCETH","IOSTBTC","LSKBNB","TNBBTC","POWRBNB","HOTUSDT","ARDRBNB","LSKETH","RPXBTC","ENJBTC","WPRETH","STRATETH","ZENBNB","SCBTC","USDSUSDT","CNDBNB","GOBTC","CHATBTC","NULSETH","OSTBNB","RPXBNB","DNTETH","PPTETH","IOTXETH","DATABTC","SKYBNB","LENDBTC","GTOBTC","QLCETH","WABIETH","VENUSDT","VENBNB","GOBNB","BTTBTC","HSRETH","BTSETH","CLOAKETH","SNTETH","DNTBTC","WABIBNB","BCPTBNB","RCNBNB","BCPTBTC","LENDETH","DENTBTC","ETCETH","EDOETH","STORMBTC","CDTETH","VIBETH","RDNBNB","KEYETH","SNGLSBTC","USDCBNB","ASTETH","PHXBNB","VIAETH","DENTETH","HCETH","RCNBTC","RVNBTC","GXSETH","PHXETH","STORMETH","TNTETH","MFTETH","XEMBNB","QSPBTC","WINGSETH","NXSETH","LRCBTC","IOTABNB","PIVXBNB","TRIGETH","LOOMBNB","FUNBTC","OSTBTC","RVNBNB","MFTBTC","ONGBNB","ICNETH","BQXETH","AGIBTC","DOCKBTC","BCCETH","QKCETH","BTSBTC","POWRETH","SNMBTC","PAXBNB","NEBLETH","DATAETH","RLCETH","BTSBNB","HSRBTC","ARDRBTC","STORMBNB","ENGETH","USDSPAX","BCHSVPAX","YOYOETH","QLCBTC","BCPTETH","ONGUSDT","TRXPAX","GNTETH","BCCBTC","POLYBNB","PIVXETH","VIBBTC","YOYOBNB","NPXSBTC","AIONETH","ZILBNB","BLZBNB","AEBNB","GTOBNB","BCDETH","PAXETH","INSETH","LINKPAX","BCCUSDT","DLTETH","MANAETH","XZCXRP","YOYOBTC","NAVBNB","AMBBNB","NASETH","REPBNB","BNBUSDS","ICNBTC","ZRXETH","ETCBNB","CVCETH","XVGETH","TRXBTC","APPCBNB","HOTETH","IOTXBTC","NPXSETH","BCHSVUSDC","NAVETH","MANABTC","TNBETH","POABNB","REQBTC","BCNBNB","XVGBTC","BTTUSDC","SNTBTC","REQETH","BLZETH","MODETH","NCASHETH","CMTBNB","NEBLBNB","SYSETH","WAVESPAX","SCETH","AIONBNB","SUBETH","TRIGBTC","DLTBNB","ADXETH","AMBBTC","CNDETH","RPXETH","ZENETH","BTTTUSD","BCHABCPAX","VETBTC","STEEMETH","VENETH","HOTBNB","QSPETH","VIBEBTC","SNMETH","FUELBTC","RLCBNB","REPETH","LINKUSDC","TRIGBNB","RENBTC","ASTBTC","STEEMBNB","OSTETH","NANOBNB","CMTETH","ICXBNB","VIABTC","CMTBTC","POEETH","ARDRETH","NCASHBNB","AEETH","CDTBTC","GTOETH","BCHABCUSDC","WANBNB","QSPBNB","XEMETH","BCNETH","VENBTC","RENBNB","SNGLSETH","NXSBNB","ZILBTC","POABTC","ADXBNB","BRDBNB","GRSETH","LOOMETH","PHXBTC","BCCBNB","BNTETH","QLCBNB","SYSBTC","FUNETH","CVCBNB","AMBETH","CNDBTC","OAXETH","WTCETH","MFTBNB","SYSBNB","BRDBTC","MITHBNB","VIBEETH","MTLETH","USDCBTC","DGDETH","HOTBTC","RLCBTC","TNTBTC","KNCETH","XZCBNB","VETBNB","ENJBNB","BTTPAX","SALTETH","CHATETH","WANETH","AGIETH","MTHETH","AGIBNB","MTHBTC","DOCKETH","SCBNB","LOOMBTC","NASBNB","SKYETH","ADABTC","QTUMBNB","RCNETH","TRXUSDC","BTGETH","WAVESBNB","KEYBTC","LUNETH","GNTBNB","USDSUSDC","LTCPAX","QKCBTC","DCRBNB","WAVESUSDC","XLMBTC","BCNBTC","POEBTC","NULSBNB","BRDETH","BLZBTC","XZCETH","PAXBTC","ONGBTC","MCOBNB","BNTBTC","WPRBTC","QTUMETH","VIABNB","NCASHBTC","MDAETH","POAETH"]}