{"data":{"ONTETH":279.309836385,"ENGBTC":-70.4909660893,"ZECBTC":133.3605607116,"BTTBNB":83.2564422781,"XLMBTC":110.5160135089,"REPBTC":1754.8527852494,"MCOBTC":-34.9733696522,"FUELETH":-32.0425318661,"ZRXUSDT":113.3206520133,"WABIBNB":84.9946235658,"ICXBTC":318.2854611909,"IOSTETH":-89.9702939522,"XRPUSDT":564.6201932811,"TRXXRP":266.0122318624,"BCHABCBTC":1509.3933423736,"IOTABTC":339.1711525936,"ADABTC":113.7096123432,"GASBTC":201.7001487575,"ICXUSDT":254.0437755233,"QLCBTC":20.3204100112,"EOSBNB":-7.1278959989,"LTCBTC":709.2558441694,"EVXETH":-67.5732046569,"BLZBTC":-45.9109867829,"LRCBTC":23.3716076045,"VETUSDT":234.7568455456,"FETBNB":72.3754140421,"XLMBNB":243.7155381107,"POABTC":-32.8836486628,"ELFBTC":76.0636859814,"BTCUSDC":435.0873963881,"TRXETH":306.4396867616,"BTCUSDS":1374.2540493214,"GVTBTC":-30.7907798845,"IOTAUSDT":685.2677493265,"XZCBTC":160.6767656065,"LTCUSDC":657.9356893508,"MANABTC":118.7714211162,"PIVXBTC":30.5790937573,"NXSBTC":4.4961787496,"EVXBTC":-78.8203755374,"BATUSDT":316.7389911256,"LTCETH":1406.3245119675,"WAVESUSDT":358.1479458635,"ARKBTC":35.9653130957,"BQXBTC":4.5376130675,"BTCPAX":358.8346671218,"ARDRBTC":-64.3127569254,"MDABTC":-64.501242346,"CELRBTC":-84.5926566496,"ETHTUSD":1440.6597182887,"LOOMBTC":218.5145726955,"VIABTC":-56.0363592429,"DCRBTC":40.1504467981,"WABIETH":13.4164582566,"XRPETH":608.8995452552,"ADATUSD":276.4500632444,"PAXUSDT":250.7413890014,"CELRUSDT":-81.354768993,"ETHBTC":190.4946720927,"EOSTUSD":124.5971929352,"DASHBTC":180.0378588231,"XRPPAX":153.622922957,"QKCETH":295.5744749344,"TRXTUSD":1021.0217183761,"RVNBTC":73.4762908339,"QTUMBTC":347.3983534393,"XMRUSDT":911.0973096793,"TRXUSDT":374.887702276,"BNBPAX":304.304470977,"STEEMBTC":34.5454095282,"IOTAETH":593.6089339645,"KMDBTC":111.3375549317,"EOSUSDC":290.9466926187,"INSBTC":-37.9025009106,"KNCBTC":65.3514238665,"ONTBNB":149.9565327967,"ZRXBTC":12.7766472807,"HOTUSDT":276.4304304701,"LINKETH":60.9658564049,"BCDBTC":1216.2806716786,"THETABTC":13.7168605353,"BNBTUSD":602.8407261711,"FETBTC":40.9693029525,"STRATBTC":55.591755772,"BCHSVBTC":1285.9959207658,"ONTUSDT":220.1327208082,"WANBTC":53.9570774068,"SYSBTC":121.5412923001,"ASTBTC":-63.1277725799,"ICXETH":276.0536115614,"RDNBTC":-6.8345460075,"AMBBTC":404.369672759,"FETUSDT":28.8307721473,"MANAETH":302.7330465969,"AEBTC":215.0350734119,"RLCBTC":1.949092987,"XRPBTC":363.5558377195,"CVCBTC":46.686186129,"BATBTC":126.8159837828,"LINKBTC":66.8887776331,"LTCTUSD":904.0166605454,"AIONBTC":188.1858268946,"RCNBTC":27.7983648022,"BCHABCUSDT":1545.5326498008,"WABIBTC":3.3825262587,"GXSBTC":-57.7071829807,"BTTUSDT":213.7459114773,"LTCBNB":536.3979716435,"USDCPAX":47.520727011,"BCHSVUSDT":1801.5225804774,"EDOBTC":-39.2874542691,"XLMUSDT":251.9040341913,"NEOTUSD":740.3817716305,"QTUMUSDT":1431.7627336289,"DASHETH":472.9858096503,"ENJBNB":112.0648772593,"NEOBTC":403.8747565002,"BNBBTC":20.7740951279,"MTLETH":997.151947288,"IOSTUSDT":-63.7746583171,"NULSUSDT":-57.7109476272,"XRPBNB":264.3603743061,"NANOETH":375.3117956175,"POLYBTC":-20.6408289663,"ARNBTC":-76.8416705755,"ENJETH":273.7077520111,"BTCUSDT":320.96360652,"EOSUSDT":86.9106510581,"VIBBTC":-97.4221998446,"ADABNB":95.9843425707,"HCBTC":31.0123634445,"ADAETH":144.1548860364,"NANOBTC":242.9600743523,"SNMBTC":-36.8438267373,"OAXBTC":-96.8463591834,"EOSETH":108.2437292117,"NEBLBTC":144.5986216103,"LINKUSDT":293.9279656667,"BATBNB":431.6784868291,"BNBETH":296.1647145929,"VETETH":264.8046818456,"TUSDUSDT":368.4392530877,"WAVESBTC":199.6303554147,"PPTBTC":1.3888500058,"XRPUSDC":2105.6564972807,"BRDBTC":-88.8318026648,"GRSBTC":20.7447529842,"XLMETH":309.7347376725,"USDCUSDT":271.498830391,"ONGBTC":23.1471871817,"NASBTC":5.1681732699,"APPCBTC":-13.9359286766,"BTGBTC":859.4365651774,"ETHUSDC":986.5440564883,"ENJBTC":75.3902625793,"WTCBTC":54.5134531719,"BATETH":328.3747102043,"NEOETH":421.6609203359,"ZECETH":750.7941002591,"ONGUSDT":274.2480821516,"NEOUSDT":513.5435948385,"ETHUSDT":415.03530063,"STORJBTC":55.8871991536,"BCHABCTUSD":4349.4213970989,"NAVBTC":-69.282445113,"CELRBNB":-84.3311813619,"ONTBTC":177.1901863291,"NULSBTC":-85.3555820456,"ETCUSDT":453.6088361447,"VETBNB":181.2423484254,"ETCBTC":648.1226457013,"RVNBNB":68.8753810954,"SKYBTC":93.1215111253,"ADXBTC":-82.3995644209,"ZENBTC":-25.878334755,"ETHPAX":782.4594731668,"POWRBTC":-62.0592571076,"LSKBTC":-22.3543253757,"XRPTUSD":797.528339056,"GNTBTC":38.818430475,"BTCTUSD":326.7996183245,"OMGETH":141.5813468265,"ZILETH":306.5060736295,"XMRBTC":232.941681513,"DLTBTC":-57.1250145004,"OMGBTC":149.0190511836,"ZECUSDT":683.2045248249,"DGDBTC":-53.9655960516,"BNTBTC":-45.8153714799,"XEMBTC":782.2228201455,"NEOBNB":543.3029801688,"BNBUSDC":742.0806400805,"BNBUSDT":26.9630059821,"TRXBNB":300.8924381199,"AGIBTC":43.9027638277,"EOSBTC":63.0946360348,"MTLBTC":296.8114944235,"ZILUSDT":447.1736018039,"LUNBTC":-44.0393073676,"ETCETH":9.1379427721,"LTCUSDT":714.2515863978,"ADAUSDT":196.268094813},"startDate":"2019-03-28","endDate":"2019-04-04","numDays":7,"excludedPairs":["WAVESETH","CMTBNB","TNBETH","DNTETH","USDSPAX","IOSTBNB","QSPETH","YOYOBTC","POABNB","RCNETH","TNTETH","WPRBTC","SNMETH","AEBNB","AGIETH","CMTETH","CHATBTC","NCASHBNB","MTHETH","QKCBTC","LENDBTC","BTTBTC","USDCBTC","GVTETH","DASHUSDT","HSRBTC","SYSETH","SNTBTC","CLOAKETH","RPXETH","NULSETH","NAVBNB","GTOBNB","EDOETH","PAXBNB","CNDBTC","WINGSBTC","GRSETH","OSTBTC","XLMUSDC","IOSTBTC","VIBETH","KNCETH","DATAETH","MFTBNB","STORJETH","XZCXRP","MITHBNB","RLCETH","PIVXBNB","THETABNB","BQXETH","HCETH","PAXTUSD","HOTBNB","DATABTC","WANBNB","BLZBNB","XLMPAX","MCOETH","TUSDBTC","ZILBTC","MODETH","XLMTUSD","CDTBTC","TUSDETH","SKYETH","ARDRBNB","NPXSBTC","POWRETH","NANOUSDT","NXSBNB","BCHSVUSDC","WANETH","IOTABNB","BRDETH","RPXBTC","THETAETH","BCCBTC","FUNETH","AMBBNB","CNDETH","SCBTC","BCNETH","BRDBNB","NAVETH","ARDRETH","ZILBNB","DOCKBTC","ZRXBNB","PHXBTC","VENETH","LINKUSDC","CDTETH","DCRBNB","LRCETH","RDNETH","RPXBNB","BCPTBTC","POEBTC","SNGLSETH","ICNETH","ZECUSDC","VENBTC","USDSUSDC","PPTETH","TRXPAX","GTOBTC","ARNETH","OSTETH","QTUMBNB","BTTTUSD","STEEMETH","TRXUSDC","DLTBNB","VENUSDT","XZCBNB","STORMETH","BCPTETH","STRATETH","BNBUSDS","POLYBNB","HOTBTC","TNTBTC","ZENETH","APPCETH","ADXETH","PIVXETH","XMRBNB","XEMBNB","PAXETH","ICNBTC","USDCTUSD","LTCPAX","TRXBTC","BCCUSDT","AEETH","AMBETH","LSKETH","DGDETH","DLTETH","SCBNB","STEEMBNB","ZENBNB","TRIGBNB","ZECBNB","WPRETH","CVCETH","NCASHBTC","REPBNB","QLCBNB","REQETH","FUELBTC","KMDETH","IOTXBTC","XVGBTC","ETCBNB","OAXETH","REPETH","XEMETH","AIONBNB","LINKTUSD","CNDBNB","ZECPAX","BCHABCPAX","LSKBNB","LOOMETH","CLOAKBTC","NASETH","OMGUSDT","SNTETH","AGIBNB","BCPTBNB","ENGETH","HSRETH","MFTETH","NPXSETH","NEBLETH","QSPBNB","VIAETH","RENBNB","POAETH","MODBTC","SUBBTC","BCNBNB","TRIGBTC","MDAETH","DENTBTC","DNTBTC","TRIGETH","MCOBNB","NEBLBNB","GOBTC","WINGSETH","VIBEBTC","POWRBNB","BCHSVTUSD","NEOPAX","ADAUSDC","QTUMETH","TUSDBNB","FUNBTC","WAVESTUSD","RDNBNB","BCCBNB","PHXBNB","BLZETH","YOYOETH","TNBBTC","BTTUSDC","GOBNB","SALTETH","STORMBNB","MTHBTC","WTCBNB","GXSETH","LENDETH","NANOBNB","USDSTUSD","BTTPAX","QLCETH","BTGETH","BCDETH","VIBEETH","WTCETH","WAVESBNB","BCHABCUSDC","BTSBNB","LOOMBNB","SCETH","ADAPAX","GTOETH","LINKPAX","USDCBNB","NASBNB","VENBNB","YOYOBNB","KEYBTC","KEYETH","DOCKETH","BTSETH","NCASHETH","SNGLSBTC","ADXBNB","ZECTUSD","CVCBNB","XMRETH","NXSETH","PHXETH","ZRXETH","RENBTC","VETBTC","DASHBNB","RLCBNB","EOSPAX","LUNETH","REQBTC","USDSUSDT","SYSBNB","RCNBNB","SUBETH","POEETH","SKYBNB","HOTETH","CHATETH","SALTBTC","BCNBTC","GNTETH","MFTBTC","BCHSVPAX","CMTBTC","WAVESPAX","BTSBTC","VIABNB","GNTBNB","STORMBTC","OMGBNB","INSETH","IOTXETH","ASTETH","WAVESUSDC","DENTETH","ARKETH","QSPBTC","BNTETH","AIONETH","XZCETH","OSTBNB","BCCETH","PAXBTC","NEOUSDC","APPCBNB","ONGBNB","ICXBNB","NULSBNB","XVGETH","MITHBTC","ELFETH"]}