{"data":{"DASHETH":46.0383645231,"USDCTUSD":-50.3006621436,"BATBNB":-75.1971651581,"REPBTC":-62.5978371573,"XRPTUSD":-26.7407113976,"NULSBTC":170.4729971672,"NULSUSDT":41.4854115074,"BCDBTC":-61.3297489853,"IOTAUSDT":-50.6334007188,"EOSUSDC":-17.9357570264,"LTCBNB":-30.0811492929,"OMGETH":58.4958432626,"ENJETH":130.6510393913,"XRPBTC":7.7149936818,"BTTUSDT":-61.9458761738,"ADABTC":-20.4139712133,"VETUSDT":15.1173506272,"NASBTC":-75.7820742993,"XMRUSDT":114.5331898346,"MCOBTC":153.4626916756,"ONTETH":-56.8800347001,"ONGBTC":-76.3790577568,"ADXBTC":-55.3693929378,"ONTBTC":-64.5427082088,"POLYBTC":-69.8029667236,"GRSBTC":28.701283691,"MATICUSDT":-72.3455031818,"ETHUSDC":-18.8560575986,"BCHABCUSDC":226.1338348185,"BATBTC":-66.6929769029,"ETHTUSD":22.9660838634,"BNBBTC":-31.804322334,"VETETH":34.4000503804,"ADAUSDC":-68.6547255816,"BTCUSDC":63.4922688821,"ADAUSDT":-6.5313110381,"EVXBTC":34.8608302182,"BNBUSDT":-40.8050405204,"ELFBTC":96.6967354828,"LINKUSDT":68.5807500595,"PIVXBTC":-66.3464004066,"ELFETH":-5.5771957296,"XLMUSDC":2.9253276047,"CELRUSDT":-69.7933906464,"XRPBNB":-31.9602487178,"VETBNB":3.8021176122,"DGDBTC":-18.6929119374,"TRXXRP":44.9914284404,"LUNBTC":-65.9167799931,"IOSTUSDT":-28.3834543331,"LTCTUSD":-49.6834875994,"ETCUSDT":30.4908514844,"WTCBTC":-23.6465261637,"BQXBTC":24.3595709928,"OMGUSDT":-17.026412554,"ETCETH":-91.8749693678,"WABIBTC":13.6085588367,"BCHABCTUSD":321.003821301,"GVTBTC":-33.5119798459,"EOSBTC":5.1211045899,"NANOUSDT":-61.2627996449,"ENJUSDT":-41.3563842697,"NEOBTC":18.702075462,"ZILUSDT":39.322241438,"TRXBNB":14.0749916553,"TRXUSDT":538.256652249,"LTCETH":-77.3403088486,"USDCPAX":52.134985191,"BTCUSDS":88.0559701488,"POWRBTC":-89.1689450271,"EOSBNB":-25.0282674124,"AEBTC":-59.7611941288,"TUSDUSDT":-17.8043288437,"BTCUSDT":79.0714833669,"ARNBTC":213.230620496,"XRPETH":-12.4813977893,"EOSUSDT":51.2241275059,"SKYBTC":-58.7562464124,"VIAETH":-57.3334905148,"DASHBTC":103.4705750762,"ETHPAX":-14.4237637767,"EDOBTC":-60.8844448513,"XRPPAX":35.6590606307,"FETBTC":-22.0635895029,"XLMUSDT":71.8305971964,"NANOBTC":-65.2512130713,"AMBBTC":-23.2826997291,"XRPUSDC":1.6208408339,"MITHUSDT":-54.8432996771,"ZENBTC":360.0527896756,"AIONBTC":36.2414662405,"MFTETH":692.246191362,"LOOMBTC":-65.8847546416,"ENJBTC":6.6649521066,"NXSBTC":35.109899593,"XMRBTC":-5.8588972895,"USDCUSDT":-8.0542213682,"ETHUSDT":17.3404088844,"LSKBTC":-11.3643374436,"BATETH":-72.036639081,"DCRBTC":-51.8666160298,"QTUMUSDT":78.0651258242,"KNCBTC":-59.7673070741,"BTCPAX":113.2912732115,"CVCBTC":9.2941063225,"TRXUSDC":12.7799185012,"BTTBNB":-4.5628600485,"ADAETH":-13.3219436388,"OMGBTC":-36.421030704,"XLMBTC":8.3689147171,"ICXUSDT":21.3740944974,"LINKBTC":46.6745395372,"BATUSDT":-70.4382015826,"BRDBTC":57.660108217,"ADABNB":-34.0416454586,"NEOUSDT":49.8349491699,"BNBTUSD":-55.8088093069,"FETUSDT":-24.9373187674,"BCHABCUSDT":253.2136114684,"GASBTC":-85.6865945528,"LTCBTC":-23.0176652763,"STRATBTC":-5.6213758534,"MITHBTC":-42.4209827455,"IOTAETH":-38.0488219297,"MATICBNB":-88.7852512891,"BCPTBTC":-38.6642561816,"XZCBTC":-4.5448525697,"DASHUSDT":5.7068871391,"PAXUSDT":10.2955741141,"NANOETH":1.6675168205,"LTCUSDC":-30.6893580412,"KMDBTC":-31.5051886015,"ZECETH":-51.3280980622,"FUELETH":771.4888183992,"GXSBTC":-93.2012519471,"ZRXUSDT":-74.4983386382,"BNBPAX":-23.3009133244,"XLMBNB":-37.7256240803,"XRPUSDT":8.6795831082,"IOTABNB":-63.2190651992,"ZECBTC":19.0192354199,"MTLBTC":-68.8824979494,"MDABTC":-86.9556142884,"RVNBNB":32.1443006945,"XEMBTC":15.0231273116,"BNTBTC":-50.3618450509,"RDNBTC":1.9583518551,"ETHBTC":37.9317104643,"STEEMBTC":-41.3939298236,"HOTUSDT":-43.5752344951,"ZILETH":108.414178628,"ADATUSD":-13.3519416155,"WAVESBTC":-14.6944761547,"RCNBTC":413.8165268195,"QKCBTC":-83.6621669165,"RVNBTC":19.5533560032,"BCHABCPAX":281.9655498685,"TRXETH":48.3114536728,"ONTUSDT":-39.7106808731,"ICXBTC":-12.8821984711,"BTGBTC":22.9343784515,"IOSTETH":-18.13558504,"BNBUSDC":-48.7564784711,"WANBTC":-12.4948980419,"WAVESUSDT":-36.0615777957,"EOSPAX":-31.6528831747,"OAXBTC":-2.5583742218,"EOSTUSD":-37.8084087224,"ONTBNB":-73.7043661869,"NAVBTC":-30.1655341351,"QKCETH":-76.309150245,"QTUMBTC":-19.363822172,"HCBTC":18.422209974,"NEOETH":16.5416553604,"ZRXBTC":-12.2593877032,"ENGBTC":-4.314733057,"LTCUSDT":16.7582421008,"EOSETH":36.3948654835,"BNBETH":-13.3103447853,"VIBETH":-8.6570999181,"PPTBTC":30.4837190232,"LTCPAX":-43.6329613882,"THETAUSDT":-26.1879613347,"NEOBNB":-41.6119113019,"ETCBTC":-39.959524977,"INSBTC":34.781461255,"PAXTUSD":13.8545487296,"DLTBTC":1911.7494416358,"NEOTUSD":-8.7865523948,"XLMETH":-31.4109905025,"THETABTC":19.7063648505,"ARKBTC":-56.7206671445,"DGDETH":-32.8581778223,"IOTABTC":-64.3555297316,"RLCBTC":91.8253091852,"ZECUSDT":20.7025000434,"BTCTUSD":21.1600967358,"XMRETH":1.9134792401,"STORJBTC":79.3277416334,"VIABTC":-50.3875070435,"BCHABCBTC":287.1296481933},"startDate":"2019-04-29","endDate":"2019-05-06","numDays":7,"excludedPairs":["LSKBNB","CNDETH","BRDETH","GRSETH","XZCBNB","NCASHBTC","CMTETH","SKYETH","RPXBTC","NANOBNB","MFTBTC","NASBNB","QTUMBNB","ZENBNB","RLCBNB","ARDRETH","CELRBNB","NULSETH","WINGSBTC","CHATETH","QSPBTC","CVCBNB","RDNBNB","MANABTC","ARNETH","LINKPAX","ATOMBNB","BRDBNB","LOOMETH","NXSBNB","OAXETH","APPCETH","BLZBNB","SCBNB","PHXBTC","AGIBNB","BCDETH","TUSDBTC","ADXBNB","LSKETH","CNDBTC","MDAETH","MTLETH","HCETH","BCNBNB","AGIETH","FUNBTC","INSETH","TRIGBNB","REPBNB","BCHSVPAX","BNBUSDS","CMTBNB","POWRETH","QTUMETH","MANAETH","POWRBNB","TNTETH","SNMBTC","KMDETH","WABIBNB","NASETH","DCRBNB","AGIBTC","ENGETH","BCHSVUSDC","XLMTUSD","XZCXRP","STORMETH","AIONETH","WANBNB","HSRETH","AEBNB","RDNETH","YOYOETH","VIABNB","QLCBNB","AMBETH","CNDBNB","KEYETH","ASTBTC","GTOBTC","STEEMBNB","FETBNB","POABTC","MITHBNB","DLTETH","ZRXETH","BCHSVTUSD","SNTBTC","BCCBNB","PPTETH","WTCBNB","BTTPAX","BTTTUSD","QSPETH","ATOMUSDT","TRXTUSD","YOYOBTC","KNCETH","ASTETH","IOTXBTC","CDTBTC","THETAETH","RLCETH","REQBTC","LRCETH","BLZBTC","ENJBNB","RCNBNB","GOBTC","USDCBTC","XVGBTC","MCOBNB","WPRETH","OSTBNB","ZECPAX","RENBNB","GTOBNB","BQXETH","VIBEBTC","ONGUSDT","NEBLBTC","HOTBNB","BTSBNB","EDOETH","QSPBNB","REQETH","CDTETH","NPXSETH","MTHBTC","OSTETH","NXSETH","SUBETH","XLMPAX","GNTBNB","SALTETH","PAXBTC","XEMETH","APPCBNB","POABNB","AEETH","XVGETH","HOTETH","QLCETH","STRATETH","DATAETH","ICXETH","AMBBNB","ZILBNB","CELRBTC","ZENETH","POEETH","PHXETH","XMRBNB","ARDRBTC","ICNBTC","NAVBNB","STORMBNB","LINKETH","VIBEETH","MODETH","SUBBTC","ETCBNB","PIVXETH","THETABNB","POEBTC","DENTBTC","GNTETH","XZCETH","SYSBTC","WAVESUSDC","MATICBTC","EVXETH","OMGBNB","XEMBNB","NCASHETH","USDSUSDC","DLTBNB","TUSDBNB","WAVESPAX","BTSETH","WTCETH","TUSDETH","IOSTBTC","USDSTUSD","LENDBTC","CMTBTC","LENDETH","MCOETH","IOTXETH","ZILBTC","SYSETH","WAVESBNB","TNBBTC","BTTBTC","SALTBTC","REPETH","GOBNB","MODBTC","BTSBTC","BCPTETH","SCETH","BCHSVBTC","WAVESETH","BLZETH","ZECTUSD","LUNETH","TNBETH","GNTBTC","LINKUSDC","QLCBTC","NULSBNB","WINGSETH","SKYBNB","VETBTC","NEBLBNB","VENUSDT","PIVXBNB","LOOMBNB","BTTUSDC","BCCETH","YOYOBNB","FUELBTC","TNTBTC","PHXBNB","WPRBTC","RENBTC","TRXBTC","NPXSBTC","NEOPAX","FUNETH","GVTETH","CVCETH","IOSTBNB","SCBTC","ICXBNB","BCNBTC","VIBBTC","CLOAKBTC","VENBTC","WANETH","BTGETH","DASHBNB","WAVESTUSD","STORJETH","DNTETH","WABIETH","SNGLSBTC","SNMETH","DOCKETH","USDSUSDT","STEEMETH","POAETH","SNGLSETH","BCHSVUSDT","LRCBTC","ICNETH","DATABTC","OSTBTC","ZRXBNB","ADXETH","NEBLETH","LINKTUSD","RPXBNB","GXSETH","TRIGETH","APPCBTC","ADAPAX","GTOETH","DENTETH","STORMBTC","USDSPAX","ARDRBNB","MFTBNB","PAXETH","BNTETH","ZECUSDC","HSRBTC","POLYBNB","NAVETH","ARKETH","DOCKBTC","ZECBNB","ONGBNB","MTHETH","NCASHBNB","SYSBNB","HOTBTC","ATOMBTC","VENBNB","USDCBNB","BCCBTC","AIONBNB","TRXPAX","KEYBTC","CLOAKETH","RCNETH","BCPTBNB","DNTBTC","NEOUSDC","RPXETH","TRIGBTC","BCNETH","BCCUSDT","CHATBTC","PAXBNB","SNTETH","VENETH"]}