{"data":{"BNBUSDT":171.3200839744,"TRXTUSD":495.7070909051,"XLMBTC":141.6005965692,"IOTAETH":77.8273079237,"AMBBTC":38.5319755314,"BNBBTC":65.1057753721,"DLTBTC":-54.791489531,"OMGBTC":58.1510593398,"EVXBTC":-13.4427787163,"DCRBTC":74.0823499191,"LTCBTC":149.9344660737,"GVTETH":218.1341354617,"LINKBTC":59.6589735616,"KMDBTC":95.1224496231,"EVXETH":-27.4374600762,"SKYBTC":-59.9569687301,"MTLBTC":153.2768366548,"XRPETH":70.4968680189,"ELFBTC":81.3124147871,"OMGETH":219.8520799743,"NEBLBTC":52.0960506037,"DGDBTC":-74.2105162744,"VETETH":22.3671051307,"WAVESBTC":392.3264799203,"ARNETH":-7.3039882299,"ZILETH":1043.3245466807,"PIVXBTC":-2.0001874549,"LINKUSDC":886.769706812,"DASHBTC":62.4301359721,"HOTETH":695.4178085584,"ICXBTC":43.7313796431,"XMRBTC":6.2104281991,"ZRXETH":158.6575115481,"NXSBTC":-57.5133831263,"QTUMUSDT":52.9149308275,"LTCETH":17.4573955923,"AIONBTC":11.7621644946,"SNTBTC":-9.013420688,"GXSBTC":-86.9826574195,"NEOUSDT":43.1159291289,"XLMTUSD":166.6646935753,"POWRBTC":2.426613089,"TUSDBTC":197.7227788427,"BNBUSDC":1335.4070683612,"TRXETH":87.3663711288,"BQXBTC":-41.8988217188,"WTCBTC":47.4100021432,"OAXBTC":-62.9733382983,"WABIBTC":-39.9099963682,"BNTBTC":414.9322244755,"MCOBTC":225.4904662208,"AGIBTC":90.9430221977,"GTOETH":-45.878773121,"LUNBTC":-71.740830689,"BNBETH":725.4480158645,"REPETH":-37.8877371452,"EOSUSDC":18.3546488166,"AEBTC":14.2930317203,"LRCBTC":-43.4938519352,"GVTBTC":109.3483754966,"LRCETH":43.0067718669,"ONTETH":107.967268024,"XLMUSDT":63.871977983,"EOSBTC":38.0896847203,"ICXETH":55.5127626742,"ENGBTC":-19.2235310203,"EOSETH":7.0423799044,"USDCPAX":137.718289392,"XRPUSDT":170.3216971856,"EOSUSDT":10.5512450103,"NULSBTC":212.7301723442,"BTGBTC":374.2330835715,"POLYBTC":-5.1506763891,"TUSDUSDT":117.1334170655,"THETABTC":236.3284351859,"THETAETH":250.242726708,"FUNETH":104.3289081467,"IOTABTC":132.4479524189,"NEOBTC":85.3022293675,"ADAETH":86.2997452152,"USDCUSDT":172.4975010152,"ZENBTC":-61.8114721375,"NEOTUSD":187.8375951969,"XMRETH":-16.1413846606,"LTCUSDT":144.5640459059,"GASBTC":99.7419986255,"PAXUSDT":66.2781679933,"XRPTUSD":274.3199628806,"RLCBTC":275.61828169,"LINKETH":33.5473137919,"WAVESETH":502.4070566846,"WINGSBTC":-21.8779890334,"NASBTC":13.7655548639,"RDNBTC":20.3351610996,"NANOBTC":19.5450847434,"ADXBTC":-70.1151483857,"WAVESBNB":2807.6223873031,"QTUMBTC":35.7012295541,"ARNBTC":-30.9345477608,"ETCUSDT":1.4368845732,"STORJBTC":-42.8301960946,"XLMUSDC":64.8127417119,"LUNETH":-61.1824258754,"USDCTUSD":89.7823085357,"BRDBTC":-40.4114841906,"STEEMBTC":-63.2052669379,"MDABTC":822.1225811537,"TRXBNB":527.6012441727,"WAVESUSDT":1979.4261468414,"BTCUSDC":219.8360068677,"LINKTUSD":2153.3575095058,"ZRXBTC":245.1504873164,"XRPUSDC":269.3796671458,"BATBTC":61.9749421932,"WANBTC":-0.4568663603,"LOOMBTC":91.4079413186,"XZCBTC":-72.1057865385,"SALTBTC":94.8831908099,"VIABTC":-8.2597770075,"ZECBTC":139.8885544476,"TRXUSDT":247.4321027305,"PAXTUSD":2.249037972,"BTCUSDT":101.3112378294,"EOSBNB":370.6359322924,"LSKBTC":72.6900015071,"LTCBNB":614.690074033,"EDOBTC":-80.5655218971,"BNBPAX":301.79120682,"ONTUSDT":75.0208587136,"OAXETH":-57.4159090534,"XRPPAX":178.6390580433,"EOSPAX":-36.3298557049,"BCHSVBTC":29.2546091778,"ADATUSD":7.7292353297,"ETHPAX":110.8792341272,"KNCBTC":68.9613361211,"WAVESTUSD":3151.0675956563,"DLTETH":-52.6228448633,"HCBTC":-59.1282469673,"BTCPAX":74.5124048173,"STRATBTC":50.9005730167,"BCDBTC":-32.0045344024,"ETHBTC":99.6236191691,"NANOETH":34.6692936544,"NAVBTC":-92.6253132591,"ICXUSDT":76.6210419137,"ETCBTC":48.2955443241,"CLOAKBTC":-52.8951328957,"IOTAUSDT":165.7653744222,"XLMETH":148.222858083,"NULSUSDT":269.4696425679,"TUSDETH":45.0993450453,"ONTBTC":84.0223793776,"LINKUSDT":245.5893281343,"XRPBTC":104.8892830635,"ETHUSDC":314.4233898752,"PPTBTC":-31.7788056492,"VIBEBTC":-42.465721994,"ARKBTC":271.0217862673,"MODBTC":-86.5117151751,"INSBTC":-60.883738928,"BCHSVUSDT":89.6130866571,"ETHUSDT":70.7036871454,"REPBTC":-47.5644985058,"XRPBNB":400.9199310746,"XLMPAX":-19.5860506682,"TUSDBNB":869.8812180004,"VETUSDT":38.7780136326,"NEOETH":40.811075643,"BCHABCBTC":120.7028141011,"GRSBTC":110.5834041082,"BNTETH":793.5471611477,"ADAUSDT":93.9764029792,"BCHABCUSDT":330.4573777782,"TRXXRP":219.9189194459},"startDate":"2019-01-22","endDate":"2019-01-29","numDays":7,"excludedPairs":["SNGLSETH","CMTBNB","NASETH","WABIBNB","XLMBNB","MITHBTC","KNCETH","XVGETH","CVCBNB","LOOMBNB","BCPTBNB","MDAETH","DASHETH","VENUSDT","RLCETH","FUELBTC","IOSTETH","STEEMETH","ENGETH","VIBBTC","BTSETH","CHATBTC","SALTETH","SNMETH","CLOAKETH","SNGLSBTC","LSKBNB","NAVBNB","KEYBTC","RENBTC","SKYETH","GXSETH","PHXBNB","POAETH","IOSTBTC","XEMBNB","BCHSVTUSD","KEYETH","TNTETH","ETCETH","VIABNB","BCNBTC","MANABTC","RPXETH","BCCUSDT","IOTABNB","NEOBNB","APPCBTC","AMBETH","QSPBNB","QTUMBNB","ZILBNB","PHXETH","TNBBTC","BCPTBTC","BCCBTC","MTHBTC","POLYBNB","BTSBNB","WTCBNB","POEBTC","ASTBTC","BLZBNB","ARKETH","AIONETH","PAXBNB","OSTETH","VIBETH","NCASHBTC","RLCBNB","RVNBNB","MFTBTC","BCHABCUSDC","BLZBTC","LINKPAX","WANBNB","DOCKETH","ARDRBTC","VENBNB","QSPETH","MCOBNB","REQETH","TRIGBTC","THETABNB","YOYOBNB","SCBTC","VENETH","BATETH","WPRBTC","XZCETH","MODETH","TRXPAX","ASTETH","VIBEETH","GTOBTC","NULSBNB","QKCETH","GNTBNB","ZILBTC","DOCKBTC","APPCETH","YOYOBTC","USDCBTC","MCOETH","LTCTUSD","CHATETH","QLCBNB","VETBNB","YOYOETH","BRDBNB","SNMBTC","NXSBNB","ARDRETH","BLZETH","AMBBNB","AEBNB","RENBNB","CMTETH","ICXBNB","XZCXRP","AIONBNB","ADXBNB","HOTBTC","BCHSVPAX","WANETH","GNTETH","STORMBTC","SYSBTC","ENJETH","CMTBTC","XZCBNB","DLTBNB","STORMBNB","GOBNB","BCHABCTUSD","XEMETH","STORMETH","AEETH","DCRBNB","RPXBNB","SKYBNB","BCPTETH","RPXBTC","ADABTC","PHXBTC","FUNBTC","POWRETH","AGIBNB","TRXBTC","TNTBTC","POEETH","BCCETH","BRDETH","VENBTC","IOTXETH","TNBETH","ENJBTC","MTLETH","ICNBTC","PIVXETH","GTOBNB","HSRBTC","QTUMETH","TRIGETH","OSTBNB","IOTXBTC","VETBTC","BCDETH","BTGETH","NEBLETH","PAXBTC","SYSBNB","DENTBTC","QKCBTC","LTCPAX","POWRBNB","DATABTC","USDCBNB","XEMBTC","EOSTUSD","REPBNB","RCNETH","ELFETH","QLCETH","DNTBTC","WINGSETH","CVCBTC","RVNBTC","ENJBNB","MANAETH","CNDBNB","CNDBTC","ONTBNB","SCBNB","ZENETH","RDNBNB","NANOBNB","NPXSETH","BTSBTC","MTHETH","WABIETH","WPRETH","AGIETH","SNTETH","ZENBNB","LOOMETH","NAVETH","SUBETH","RCNBNB","NPXSBTC","LTCUSDC","ADXETH","CVCETH","FUELETH","BQXETH","EDOETH","GNTBTC","QSPBTC","NEBLBNB","NXSETH","BCNETH","DENTETH","ETCBNB","VIAETH","TRIGBNB","CDTBTC","OSTBTC","BCCBNB","STEEMBNB","SCETH","GOBTC","NASBNB","ADABNB","MFTETH","APPCBNB","XVGBTC","CDTETH","ZECETH","BCHABCPAX","ICNETH","POABTC","REQBTC","RDNETH","DGDETH","NCASHETH","STRATETH","NULSETH","LSKETH","QLCBTC","LENDBTC","WTCETH","MITHBNB","HSRETH","WAVESUSDC","WAVESPAX","GRSETH","PAXETH","KMDETH","BCHSVUSDC","PPTETH","DNTETH","MFTBNB","SYSETH","NCASHBNB","PIVXBNB","DATAETH","STORJETH","CNDETH","POABNB","INSETH","HCETH","TRXUSDC","SUBBTC","RCNBTC","BATBNB","BCNBNB","ARDRBNB","LENDETH"]}