{"data":{"EOSBNB":-10.0166516087,"RVNBTC":-11.5594360899,"PAXUSDT":1.8666505957,"ETCUSDT":-4.3517980733,"LTCTUSD":-12.0883027742,"DASHUSDT":1.1674117024,"BQXBTC":-14.7926017298,"ENGBTC":-18.8049329293,"BATUSDT":-10.6967544344,"ZECETH":-5.3044992413,"LTCBNB":-13.5113068596,"NEOUSDC":30.2324507377,"AEBTC":-6.0068218135,"ONEBNB":-17.5019784343,"BCHABCUSDC":2.1795376709,"BTGBTC":-2.634912569,"BCHABCBTC":3.1531298642,"ELFBTC":-1.784098711,"USDCTUSD":0.0292523413,"NEOBTC":29.4934463918,"ATOMBTC":-13.0343259459,"GXSETH":-15.5859884263,"ARNBTC":-9.3957253238,"THETABTC":-11.1794785409,"USDSUSDT":1.5448959455,"BNBETH":-6.4452687402,"TFUELUSDT":-26.6635187248,"KNCBTC":-6.9603432465,"NEOBNB":29.7607208261,"XRPUSDC":-2.576893016,"NULSBTC":-21.4979236121,"VIBBTC":-24.9920202944,"ZRXBTC":-8.7280419614,"ETHUSDC":12.8635378297,"HCBTC":35.0471630447,"MATICUSDT":-13.0396443205,"DASHBTC":-0.2299029566,"FETBNB":-24.569928658,"ONTETH":5.5054795913,"MFTETH":-17.6816579404,"CELRBNB":-20.8569379269,"LTCETH":-13.8324991242,"FETUSDT":-20.6106336319,"XRPETH":-3.208056356,"WANBTC":-12.4007010937,"WTCBTC":-15.9101377947,"LTCBTC":-13.6162106316,"NANOBTC":-12.8683631193,"ATOMUSDT":-8.8352922085,"BTCUSDC":23.3367363089,"ARKBTC":-16.0519378021,"XMRUSDT":-7.648267069,"GNTBTC":-6.1702506559,"LINKTUSD":28.9115684971,"MDABTC":-10.3214004392,"MTLBTC":-11.7853934164,"ADAUSDT":3.4030325777,"EOSUSDT":-8.4854217633,"NEOTUSD":29.5950224244,"ETCBNB":-5.9282479129,"XLMUSDT":-7.3764824274,"ICXUSDT":-7.5568148493,"NEOUSDT":33.2294887012,"ZILETH":-21.5568493701,"MCOBTC":-3.527391358,"RVNBNB":-11.6256233148,"ZILBNB":-20.6773902081,"HOTUSDT":2.8462368769,"BNBBTC":-6.4904841155,"TRXBNB":-0.5852108993,"XLMBNB":-9.4265604717,"BNBUSDT":-3.3715229999,"BCHABCUSDT":5.8631393222,"FTMUSDT":-8.8530435838,"BRDBTC":-19.9481795614,"BCHABCTUSD":3.0687865739,"TRXUSDC":0.8746096198,"USDCUSDT":1.8108454531,"LINKBTC":27.3370230474,"IOTABTC":-3.7008811926,"BTTUSDT":-8.2782520885,"XRPBNB":-2.6256259076,"GRSBTC":-13.4973544548,"LUNBTC":-7.0355785954,"ONTUSDT":9.7705504387,"EOSPAX":-4.7600343782,"XMRETH":-10.6871041259,"PAXTUSD":-0.0083820217,"ATOMBNB":-12.6217678941,"ICXETH":-9.8422852183,"ONEBTC":-16.9260825688,"WABIBTC":-22.3302185343,"XRPTUSD":-2.2039636556,"LTCPAX":-11.2812439709,"SYSBTC":-22.1462461837,"CELRUSDT":-18.3390094969,"CVCBTC":-3.726867544,"DGDBTC":-16.8168580669,"DENTETH":-7.4763680394,"ZECUSDT":-2.4881870188,"ZRXUSDT":-6.6244948858,"MANABTC":-19.8107688025,"TUSDUSDT":1.7707868567,"ADATUSD":1.1076366028,"PIVXBTC":-18.606992743,"GVTBTC":-15.2668013678,"RLCBTC":-2.1412749474,"FUELETH":-22.448222521,"GASBTC":1.5268224265,"ZENBTC":-7.4193246525,"LINKUSDC":32.2557054624,"NEBLBTC":-2.4495833682,"TRXUSDT":4.1512797967,"IOTABNB":-3.9923797085,"QTUMBTC":30.0655686156,"BATETH":-12.7345305749,"DCRBTC":14.8991301886,"AIONBTC":-17.2072509273,"MITHUSDT":-20.9257299557,"TNTETH":17.9012523516,"VETBNB":9.3163528427,"BCDBTC":-5.2894319069,"ARDRBTC":-14.5354362529,"TRXTUSD":2.397448865,"ONEUSDT":-14.3072249361,"IOTAUSDT":-0.6955395063,"ZILUSDT":-18.5913228525,"ETCBTC":-7.2555306326,"BLZBTC":-13.7002428159,"ETHBTC":13.0612460824,"ADAETH":0.5529212869,"BTCUSDT":26.4937177111,"BTCTUSD":22.5500562942,"ENJUSDT":-12.0492978583,"VIBEBTC":-29.628434727,"LINKUSDT":32.3128142807,"POLYBTC":-15.9563832231,"MATICBNB":-15.9592539722,"QTUMETH":29.1566214122,"RDNBTC":4.1174693146,"ADABNB":0.5461676608,"OSTBTC":-28.2188126305,"LSKBTC":-8.3507897523,"WAVESUSDT":-16.0800323984,"NASBTC":-0.6696440319,"LINKETH":27.5794670314,"EOSETH":-10.6720685938,"EVXBTC":-15.0370948827,"ADAUSDC":1.7987125839,"NANOUSDT":-10.9294180231,"ASTBTC":-17.5343815882,"HCETH":35.4212619615,"ICXBTC":-10.0531336391,"POWRBTC":-15.0921924089,"XRPBTC":-2.863213583,"VETETH":10.3083004037,"THETAUSDT":-9.003750041,"TRXETH":1.0588860547,"XMRBTC":-10.9457975899,"EDOBTC":-3.0433387375,"WAVESETH":-18.7540173907,"AGIBTC":-30.2477633609,"USDCPAX":1.8939265248,"EOSBTC":-10.2437108741,"INSBTC":-15.1334086085,"XLMETH":-10.5090802298,"WAVESBTC":-18.1729921444,"ENJBTC":-14.2371601349,"OAXBTC":-22.4823986562,"LTCUSDC":-13.3771925501,"STEEMBTC":-10.6970199085,"BATBTC":-12.7737919453,"BNBTUSD":-5.5927178061,"YOYOBTC":-14.6867652993,"VETUSDT":13.2813241651,"XZCBTC":-21.7116669908,"ADABTC":0.8396921324,"LTCUSDT":-11.3126764805,"SKYBTC":1.1383950451,"QTUMUSDT":34.9888247462,"XEMBTC":3.6082268014,"ONTBNB":6.4796113269,"BTCUSDS":25.0519172701,"XRPPAX":-2.0485753501,"BCPTBTC":-4.1382764949,"LOOMBTC":-21.1891612755,"BTSBTC":2.2250427065,"GXSBTC":-16.0511728689,"NAVBTC":-18.442644956,"STRATBTC":-11.1557407944,"ETHTUSD":11.3974877313,"IOSTUSDT":4.8978632386,"ONTBTC":6.1320960557,"HOTBNB":-1.1428320893,"XRPUSDT":-0.0510355299,"NEOETH":29.2433884915,"OMGETH":20.4947254275,"OMGUSDT":23.7854452457,"TRXXRP":1.9842971079,"ETHUSDT":15.2113666342,"FTMBTC":-14.051054837,"PPTBTC":-21.3402972855,"REPBTC":-1.580209205,"VIABTC":-12.9387743702,"BCHABCPAX":5.3862691742,"BTCPAX":25.9766619091,"MATICBTC":-16.2528333705,"BNBPAX":-3.9347651386,"BNBUSDC":-6.3838885233,"XLMBTC":-10.2833847676,"ZECBTC":-5.8499669168,"BTTBNB":-10.8050777529,"EOSUSDC":-11.2243196328,"NULSUSDT":-15.0570604132,"MITHBTC":-22.6300916143,"RCNBTC":-24.5352044687,"FETBTC":-24.6210674971,"APPCBTC":-14.004859398,"KMDBTC":-21.6809325202,"EOSTUSD":-9.7541538932,"DLTBTC":-20.4560404481,"ETHPAX":15.800838501,"OMGBTC":21.0357621763,"IOTAETH":-4.529360514},"startDate":"2019-06-20","endDate":"2019-06-28","numDays":7,