{"data":{"APPCBTC":379.9894333434,"XRPUSDC":29.030675741,"ELFETH":654.1304289813,"VETUSDT":102.3075341887,"EOSETH":424.5334458392,"WAVESUSDT":-3.6454086855,"ICXETH":1.299883577,"BCHABCUSDT":150.3272970431,"ENGBTC":-48.6582763072,"GASBTC":907.7730044351,"XRPBNB":182.4863812677,"DASHBTC":25.9497713281,"TUSDETH":338.7965585767,"EOSTUSD":481.2247752949,"ICXBTC":1.3845591926,"WINGSBTC":87.713723862,"BCHABCBTC":117.9395030176,"NEOETH":47.7490143454,"BCHABCUSDC":114.408520397,"BQXBTC":-47.0474234844,"ARNETH":33.0523504256,"ONTBNB":238.015174699,"CVCBTC":46.3104700731,"IOTAUSDT":119.2464630195,"THETAETH":144.1926762656,"ETHPAX":30.5101458866,"EVXBTC":384.2123642189,"THETABNB":11.0489416742,"NULSUSDT":90.7919797879,"AEBTC":418.0836677983,"ADATUSD":8.3120786937,"TRXTUSD":-43.732414858,"BTCUSDT":52.7720812181,"USDCUSDT":51.2099952248,"EVXETH":26.892922715,"WAVESBTC":-8.3490665463,"EOSBNB":87.1629109263,"MTLBTC":242.3019829757,"BCDBTC":14.1962951247,"LTCETH":93.0053974554,"MITHBTC":-85.1062414779,"ETHBTC":72.7306618344,"XLMBNB":169.2608991776,"NANOBTC":-44.719550074,"XRPUSDT":101.3519936775,"IOTABTC":77.480704561,"MCOETH":753.6688202975,"ETCETH":114.0151603954,"TUSDBTC":102.7735789488,"USDCPAX":115.2130833667,"ARKETH":14.9376034397,"VIABTC":206.5908295659,"BTCUSDC":16.6199725985,"BCHSVUSDT":121.6765083149,"KNCBTC":171.3793833472,"BATETH":19.3000082322,"STRATBTC":-26.3837801658,"EOSUSDT":243.1279545975,"GRSBTC":140.3355502158,"LINKUSDT":55.8582467298,"NEBLBTC":30.0115792043,"BCHABCTUSD":230.9465112144,"LRCBTC":109.2292985567,"SKYBTC":1093.4520129267,"ETCUSDT":272.1893846699,"EOSPAX":515.3829924166,"ONTBTC":164.5450996915,"PIVXBTC":27.567573643,"PAXUSDT":38.7700780555,"ZRXBTC":2.0986929971,"BNBETH":160.8330636127,"BTTBNB":-62.6977340431,"XZCBTC":19.6197739194,"BNBUSDC":63.4518315301,"EOSUSDC":293.8409268237,"NULSBTC":100.9533576318,"LTCUSDC":53.4495810037,"PAXTUSD":101.4525439021,"MDABTC":1392.382757911,"XLMTUSD":86.0475899105,"STEEMBTC":28.4843124162,"POLYBTC":47.1347889092,"LSKBTC":112.8307766177,"AIONBTC":-57.2418227258,"PPTBTC":-31.3554724983,"WABIBTC":148.9084347725,"QTUMUSDT":80.8326411622,"ADABNB":115.1895786242,"ELFBTC":421.5294561178,"TUSDBNB":184.9822002123,"XLMBTC":125.3467359254,"WAVESETH":-0.6371350568,"DGDBTC":75.3953627523,"ZENBTC":337.3077220791,"WTCBTC":288.5530661247,"REPBTC":-29.8059230094,"OMGETH":122.1528302499,"DCRBTC":55.8349035518,"GVTBTC":381.9057178055,"ZECBTC":-47.815562112,"THETABTC":55.1206212747,"QTUMBTC":84.4858663217,"NEOBNB":18.8429783619,"NEOBTC":22.0363457455,"USDCTUSD":146.3090158362,"RDNBTC":226.4340810269,"TRXUSDT":-10.7341432831,"TUSDUSDT":98.072025726,"IOSTETH":82.1606558774,"ETHUSDT":130.070366473,"NXSBTC":-22.7845748306,"BTTUSDT":-79.8602540266,"XLMETH":196.6295642282,"LTCBNB":289.3713730091,"BCHSVTUSD":774.2547133954,"SUBBTC":612.5214010642,"MODETH":1026.5905642662,"BATBTC":35.1811424377,"KMDBTC":-37.5014444706,"RDNETH":64.5084906587,"ONTUSDT":218.4231496801,"ZRXETH":68.2966166869,"ZILETH":354.4207934625,"XRPETH":108.768928245,"MCOBTC":1625.5579441749,"XRPTUSD":154.6048557766,"POWRBTC":271.1496041698,"TRXBNB":-33.5668669106,"WANBTC":20.2314668015,"ADXBTC":266.6213881001,"XLMPAX":75.8964444732,"HCBTC":-23.3629953513,"NASBTC":41.8865561847,"XRPBTC":76.1391304523,"BTCUSDS":614.6536349384,"VETETH":55.430409232,"LTCBTC":71.6452143327,"XLMUSDT":286.1978112853,"OMGBTC":108.6364445471,"BNBUSDT":30.2464304607,"MODBTC":426.899499614,"OAXBTC":-39.5820779295,"ADAETH":26.6259434299,"ETCBTC":187.1867849689,"LUNBTC":29.789311034,"LINKETH":-47.3337761419,"EDOBTC":339.6727315991,"ETHUSDC":217.2547570282,"XMRETH":-49.5336407927,"TRXXRP":-11.3579083945,"DLTBTC":913.0091354357,"IOTAETH":93.2623663682,"STORJETH":3346.803897523,"FUELETH":-97.1836334041,"BNBPAX":141.0787130475,"XRPPAX":-20.9005511647,"GXSBTC":109.0030810488,"STORJBTC":7855.8468322391,"ONTETH":241.0765973491,"XLMUSDC":-27.9867573678,"LINKBTC":55.9458607131,"ARNBTC":34.2325014047,"BTGBTC":167.2227995516,"BCHSVBTC":151.3422390907,"XMRBTC":-25.5325390686,"ADAUSDT":219.7277537936,"BNBBTC":7.2141202316,"ICXUSDT":75.7607882544,"CLOAKBTC":39.4476739704,"BTCPAX":81.5449310993,"ARKBTC":-36.4381307191,"LTCUSDT":100.9947883132,"TRXETH":-14.1782344193,"NAVBTC":-61.2219321735,"NEOUSDT":53.5923145534,"ENJETH":100.325389683,"HOTETH":-22.5953186926,"NEOTUSD":40.2808562223,"LTCTUSD":48.5540649675,"INSBTC":270.0276219371,"SALTBTC":62.6161583469,"EOSBTC":163.1911047382},"startDate":"2019-02-14","endDate":"2019-02-21","numDays":7,"excludedPairs":["WINGSETH","QSPETH","XVGBTC","MANAETH","VENBNB","ASTETH","ARDRBTC","LUNETH","LSKETH","DENTETH","IOTXBTC","APPCETH","BLZETH","AGIBTC","VENUSDT","LINKUSDC","BCCUSDT","YOYOBNB","ADABTC","PHXETH","NXSETH","AEBNB","ICNBTC","AMBBTC","NXSBNB","NAVETH","AMBBNB","VENETH","MTHETH","BCNBTC","NANOETH","HOTUSDT","ENGETH","BATBNB","RENBTC","PAXBNB","GVTETH","ARDRETH","AMBETH","PIVXETH","WABIETH","ONGBTC","DCRBNB","IOTABNB","BCHSVUSDC","NAVBNB","CMTBTC","QLCBTC","DATAETH","BTTPAX","VIBEBTC","LENDBTC","USDCBNB","SCBTC","BRDBNB","LINKPAX","ZENETH","NEBLETH","XEMETH","ZENBNB","RCNBNB","GNTETH","BCNETH","POAETH","DOCKBTC","CNDETH","ICXBNB","WAVESPAX","GNTBNB","PHXBNB","QKCBTC","SNGLSETH","POWRBNB","QTUMETH","DLTETH","TRIGETH","TNBETH","DLTBNB","LOOMBNB","SYSETH","ENJBNB","ENJBTC","IOSTBTC","VIBBTC","TRXPAX","BNTBTC","OAXETH","LRCETH","CMTBNB","BCCBNB","INSETH","ICNETH","YOYOBTC","XZCXRP","ZECETH","DOCKETH","XVGETH","BTSBTC","TRXBTC","GXSETH","CMTETH","CHATETH","LSKBNB","TNTETH","REPBNB","GOBNB","BNTETH","MTHBTC","AIONETH","VIAETH","BCCETH","TRIGBNB","STORMETH","USDSTUSD","QSPBNB","BCNBNB","ZILUSDT","APPCBNB","SKYETH","AIONBNB","MFTETH","PHXBTC","LENDETH","REPETH","XEMBTC","XZCETH","STEEMETH","MDAETH","USDSPAX","VETBTC","GTOBNB","WANETH","MCOBNB","RPXBNB","TRXUSDC","OSTETH","AGIBNB","SYSBNB","EDOETH","RLCBNB","SKYBNB","XEMBNB","STORMBTC","IOTXETH","ZILBTC","SYSBTC","WPRBTC","XZCBNB","DGDETH","PPTETH","STEEMBNB","VIBEETH","BTSBNB","YOYOETH","FUELBTC","SUBETH","BTTUSDC","HOTBNB","BLZBNB","CNDBNB","ONGUSDT","NPXSBTC","LINKTUSD","RCNETH","GNTBTC","DENTBTC","HSRBTC","SNTETH","NCASHBNB","QSPBTC","CNDBTC","BRDETH","MTLETH","SNTBTC","USDSUSDT","RPXBTC","AEETH","LOOMBTC","KEYBTC","BCPTBNB","GRSETH","ARDRBNB","POWRETH","PIVXBNB","SNGLSBTC","BLZBTC","NEBLBNB","WPRETH","MANABTC","FUNBTC","POEETH","FUNETH","VENBTC","HSRETH","BCPTETH","CVCETH","DATABTC","BCDETH","BTTBTC","PAXETH","POABNB","QLCBNB","RDNBNB","WTCETH","ADXETH","TRIGBTC","OSTBNB","WAVESBNB","GTOBTC","BTSETH","BCCBTC","ONGBNB","BCPTBTC","NASETH","NCASHBTC","REQBTC","KMDETH","BCHSVPAX","WAVESUSDC","RVNBNB","GOBTC","SCBNB","PAXBTC","HOTBTC","RENBNB","QTUMBNB","MITHBNB","DASHETH","STRATETH","GTOETH","QKCETH","NASBNB","ETCBNB","WAVESTUSD","CDTBTC","NCASHETH","USDCBTC","CDTETH","BNBUSDS","SNMBTC","TNBBTC","HCETH","RVNBTC","POLYBNB","VIBETH","BTTTUSD","TNTBTC","QLCETH","USDSUSDC","VETBNB","WABIBNB","BQXETH","CLOAKETH","SALTETH","DNTBTC","RPXETH","STORMBNB","POABTC","SCETH","NULSETH","LOOMETH","VIABNB","SNMETH","BCHABCPAX","WTCBNB","CVCBNB","NPXSETH","WANBNB","RLCBTC","REQETH","ZILBNB","RCNBTC","NULSBNB","ASTBTC","DNTETH","LTCPAX","KEYETH","POEBTC","BTGETH","AGIETH","ADXBNB","NANOBNB","MFTBTC","BRDBTC","MFTBNB","CHATBTC","RLCETH","KNCETH","OSTBTC"]}