{"data":{"BTCUSDT":32.1521679704,"AEBTC":1.8687082481,"ZRXBTC":5.6306494717,"QKCBTC":-7.2961491499,"GTOBTC":-4.1348322111,"ONGBTC":-6.813058949,"VETUSDT":3.8242342599,"EVXETH":-11.8612458908,"ETHTUSD":16.9076129767,"USDSUSDT":-1.8881232161,"LOOMBTC":-7.6807861892,"DGDBTC":25.6674103413,"WTCBTC":14.8166683604,"XMRBTC":21.2128149434,"DLTETH":-11.609824602,"MITHUSDT":-2.9468838246,"ARNBTC":-5.4863159039,"WANBTC":6.2643537813,"CVCBTC":-5.700910471,"BCHABCUSDT":30.4357945028,"XEMBTC":14.2370534802,"EOSTUSD":15.2992558589,"USDCUSDT":-1.5164941506,"XRPBTC":10.605769936,"ENJETH":-2.9541835052,"BATUSDT":3.8131019939,"GVTBTC":-8.1977408997,"NANOBTC":21.5428998323,"BCHABCTUSD":32.7025899458,"REPBTC":4.5992235098,"BTTUSDT":16.4758909173,"RDNBTC":-4.9526482889,"STEEMBTC":-0.6731196786,"XMRUSDT":18.9512407459,"ADAUSDC":12.6237864481,"ENJUSDT":-2.8148458212,"ETHPAX":15.1489768696,"BATBNB":6.5822308791,"VIABTC":7.4857340388,"PPTBTC":6.149519717,"ARKBTC":14.6235488541,"IOTAETH":16.107310998,"XRPPAX":6.9922822325,"XLMBTC":6.8025536189,"NASBTC":8.6603891362,"NXSBTC":-8.2257778036,"DLTBNB":-7.3143134341,"EOSBTC":17.7191278309,"LTCETH":18.8720975891,"NEOBNB":8.62578575,"USDCPAX":-1.4721950244,"IOSTUSDT":19.8219111858,"ENJBNB":-0.4958028777,"PAXTUSD":-0.0595076077,"XLMUSDT":4.6101717251,"ETHBTC":18.3433199654,"MDABTC":-9.708308698,"EOSETH":15.4509550102,"PAXUSDT":-1.4674117009,"RVNBNB":0.2654481907,"NANOBNB":19.4372383447,"IOTABTC":19.7639923013,"LTCUSDT":19.1448042598,"ADAETH":10.9952163863,"BCHABCBTC":33.8311979535,"ICXBTC":4.0690950358,"ZENBTC":37.01164861,"FETUSDT":-0.1361723239,"OAXBTC":-9.2078700844,"BTGBTC":28.4904638916,"ADABNB":12.7512824848,"SYSBTC":-9.9832602272,"MITHBTC":1.2781994297,"BATETH":4.6533673073,"BTTBNB":19.6415280351,"LUNBTC":-0.1467083386,"BRDBTC":32.7804899468,"BNBUSDC":5.4075264446,"ETCBTC":9.6426165474,"XLMBNB":6.7623423671,"DGDETH":20.1828260493,"MATICUSDT":104.5359756772,"BNBPAX":4.2678126049,"THETABTC":8.157778531,"MTLBTC":-8.2244086283,"SKYBTC":-2.260319449,"TRXUSDC":5.8098719655,"GASBTC":7.8834258408,"ZILETH":3.3403768695,"EOSUSDT":15.1787612907,"CELRBNB":6.3767494644,"INSBTC":1.7018175255,"RCNBTC":14.7566345927,"NEOTUSD":7.9220866334,"LTCBTC":21.9648321989,"LINKUSDT":22.0586099232,"BQXBTC":-6.2207732636,"QTUMUSDT":4.3506817305,"ENGBTC":0.3580694266,"ETHUSDT":15.2147947989,"DASHUSDT":9.785665509,"VETETH":2.8985900597,"NEOUSDT":6.4845844568,"RVNBTC":0.7764238898,"LSKBTC":15.8235408751,"ICXUSDT":1.0914014808,"KMDBTC":14.5171743926,"BCPTBTC":-6.8351412982,"LRCBTC":-5.2396756483,"ZILUSDT":3.0226371743,"XRPUSDC":9.0223106516,"LINKETH":23.149529308,"ETHUSDC":16.8275455434,"WABIBTC":-7.5036218376,"ONTBTC":20.7277891546,"MANABTC":0.9832273691,"ADABTC":14.3616649492,"TRXETH":5.0591268815,"BNBBTC":7.8126506224,"NEBLBTC":-3.8129495893,"ONTUSDT":17.9236276454,"LTCUSDC":20.2947713621,"DLTBTC":-6.0133362117,"EOSPAX":15.7884288699,"BTCUSDC":34.9000864095,"NEOBTC":9.6759825053,"MATICBNB":102.0425883148,"STRATBTC":4.6987175365,"ENJBTC":0.4345952709,"BTCTUSD":34.4185228188,"FUELETH":-5.3557940861,"LTCPAX":19.1669538864,"WAVESBTC":18.6015331155,"LTCTUSD":20.2964177813,"POWRBTC":-2.4439499527,"TUSDUSDT":-1.3442163356,"NULSUSDT":-2.9511669622,"POLYBTC":22.9644820564,"USDSPAX":-1.7514032978,"STORJBTC":-1.0478650537,"HOTUSDT":-1.7384581048,"DASHBTC":15.3333571745,"AIONBTC":15.5462889087,"ELFBTC":10.2526082486,"NANOETH":17.2031318303,"ATOMBTC":-11.121973247,"BLZBTC":14.5044781071,"XRPETH":8.8879438084,"ADXBTC":-4.9819703867,"BTCUSDS":34.3448729081,"THETAUSDT":4.2297000156,"KNCBTC":2.7048596014,"XLMETH":4.1530989839,"TRXBNB":6.7606091873,"QTUMBTC":6.9895017917,"VIBEBTC":-7.2799406087,"HCBTC":7.4250229389,"GRSBTC":5.8780134389,"POABTC":-6.5074690714,"MCOBTC":-0.607766176,"ONTBNB":19.9093440671,"RLCBTC":27.5847814471,"BCHABCPAX":31.1904271885,"XLMUSDC":6.3155177609,"TRXUSDT":5.0381402586,"ASTBTC":-10.9339192104,"IOTABNB":18.5026262601,"FETBTC":5.3493435202,"BTCPAX":33.0736131802,"ETCUSDT":7.3703405353,"ZRXUSDT":2.4202772463,"EVXBTC":-7.6375036518,"ZECUSDT":4.950653664,"XRPTUSD":8.7950243949,"EOSUSDC":18.5296130438,"EOSBNB":17.4548239144,"OMGBTC":14.0066524533,"BNBUSDT":2.706075122,"BCHABCUSDC":33.9570391596,"NEOETH":7.7632473345,"IOTAUSDT":18.2823599015,"WAVESUSDT":14.0251842089,"BNBTUSD":4.8515115867,"ATOMUSDT":-15.3347394968,"ADAUSDT":11.6686258157,"WAVESETH":15.2797212975,"LTCBNB":19.8841067963,"NULSBTC":4.4708240551,"VETBNB":4.5269132442,"IOSTETH":18.9572143424,"GNTBTC":1.7502202143,"NANOUSDT":17.8681122152,"APPCBTC":-9.0010475563,"USDCTUSD":-0.2232545729,"ADATUSD":13.3920075103,"BATBTC":7.7138752756,"CELRUSDT":3.8275318722,"LINKBTC":25.4735732044,"TRXXRP":6.1685197165,"OMGUSDT":9.9802010579,"XRPUSDT":6.991684218,"ATOMBNB":-13.5258596245,"BNBETH":4.4464224288,"BCDBTC":6.244951244,"XRPBNB":10.5287719721,"ZECBTC":8.3058641686},"startDate":"2019-05-07","endDate":"2019-05-14","numDays":7,"excludedPairs":["YOYOETH","LSKETH","MFTETH","CHATBTC","PIVXBTC","GXSETH","TRXBTC","XZCXRP","LINKUSDC","RDNBNB","USDCBTC","HSRETH","THETAETH","SNGLSBTC","GRSETH","NPXSETH","CMTBTC","FUELBTC","KEYBTC","BRDETH","MTLETH","ZENETH","BTSETH","VIBETH","VIAETH","AEBNB","DNTETH","NEBLETH","QSPETH","WAVESBNB","XZCBNB","TRIGETH","KEYETH","BTTPAX","MATICBTC","AMBBTC","POEETH","RPXETH","GTOETH","BCHSVPAX","TNBBTC","BCPTETH","BCCUSDT","MTHBTC","EDOETH","ETCETH","MDAETH","XZCBTC","SYSBNB","USDSUSDC","TNBETH","BTTUSDC","VIABNB","ICNBTC","SCBTC","BNTETH","PHXETH","DCRBTC","NEOUSDC","STORMETH","PAXETH","ARNETH","XVGBTC","OAXETH","STEEMETH","OSTBNB","CNDBNB","NEBLBNB","RLCETH","POAETH","WTCBNB","BATPAX","SKYETH","NXSBNB","RDNETH","ATOMUSDC","CHATETH","SNTETH","ENGETH","WPRETH","BTSBNB","HCETH","BCDETH","GOBNB","REPBNB","BLZETH","YOYOBNB","BCNETH","CVCBNB","OSTBTC","TRIGBNB","REQETH","DENTETH","LENDETH","QKCETH","MCOETH","ONTETH","AGIBTC","DATAETH","ZECBNB","NASBNB","DATABTC","XLMPAX","LOOMETH","BLZBNB","BTTTUSD","ELFETH","POLYBNB","HSRBTC","SYSETH","REQBTC","ARKETH","WTCETH","RENBNB","CMTETH","ARDRETH","XEMETH","GNTBNB","WINGSBTC","OSTETH","SUBETH","BCNBTC","VENUSDT","STEEMBNB","SALTETH","RCNBNB","STORMBTC","GXSBTC","XMRETH","BNBUSDS","BRDBNB","LINKTUSD","AIONBNB","ARDRBTC","WANBNB","CLOAKETH","ICXETH","ZECUSDC","TRIGBTC","WABIETH","QLCETH","ASTETH","KNCETH","INSETH","RPXBTC","USDCBNB","SCBNB","AEETH","CELRBTC","CVCETH","MODETH","LSKBNB","RPXBNB","PIVXETH","DOCKBTC","MODBTC","POWRBNB","ADXBNB","ARDRBNB","CDTETH","LUNETH","KMDETH","NCASHBNB","GOBTC","PHXBTC","SNMBTC","ZRXBNB","PAXBTC","MTHETH","FUNBTC","CNDBTC","DASHBNB","NPXSBTC","TNTBTC","NCASHETH","PHXBNB","BTTBTC","STRATETH","ICXBNB","CLOAKBTC","XEMBNB","TRXPAX","NASETH","WAVESUSDC","ETCPAX","SNMETH","ETCTUSD","CNDETH","POEBTC","NULSETH","APPCBNB","AIONETH","BATTUSD","USDSTUSD","PIVXBNB","WINGSETH","QSPBTC","BCNBNB","MITHBNB","ATOMTUSD","ZECPAX","BCHSVUSDT","DNTBTC","ETCUSDC","YOYOBTC","WAVESTUSD","TRXTUSD","BTGETH","BCCETH","MANAETH","LENDBTC","TUSDBNB","VIBEETH","TUSDBTC","VENBNB","OMGBNB","VENBTC","ICNETH","ZILBTC","REPETH","HOTETH","ZILBNB","IOSTBNB","XVGETH","SNTBTC","WANETH","BCHSVTUSD","DOCKETH","PAXBNB","BTSBTC","APPCETH","ETCBNB","NCASHBTC","DASHETH","DCRBNB","CDTBTC","HOTBNB","IOTXBTC","ADXETH","XMRBNB","ONGBNB","ATOMPAX","TNTETH","BCCBTC","THETABNB","PPTETH","XLMTUSD","NAVBNB","OMGETH","QTUMETH","RLCBNB","XZCETH","NEOPAX","STORMBNB","QTUMBNB","VIBBTC","SNGLSETH","AGIBNB","IOSTBTC","LINKPAX","SCETH","BCHSVUSDC","BQXETH","RCNETH","TUSDETH","ZECTUSD","QSPBNB","FUNETH","SALTBTC","ZENBNB","BCCBNB","MCOBNB","ADAPAX","STORJETH","VETBTC","DENTBTC","AMBETH","WPRBTC","QLCBNB","NULSBNB","AMBBNB","SUBBTC","BATUSDC","RENBTC","EDOBTC","LOOMBNB","ZRXETH","NXSETH","GTOBNB","POABNB","VENETH","FETBNB","CMTBNB","AGIETH","GNTETH","HOTBTC","MFTBTC","ONGUSDT","POWRETH","WABIBNB","BCHSVBTC","SKYBNB","BCPTBNB","MFTBNB","NAVBTC","IOTXETH","ZECETH","QLCBTC","NAVETH","LRCETH","BNTBTC","WAVESPAX","GVTETH"]}