{"data":{"GXSBTC":0.2894971302,"ARKBTC":-4.0470980641,"WAVESBTC":-7.5507470921,"BCDBTC":-2.8663648003,"LTCBNB":11.0496931166,"ZILETH":-13.1131045809,"EVXBTC":-4.3137010118,"BRDBTC":-4.3994846808,"EOSTUSD":5.6487331272,"NULSBTC":-7.8973186175,"QTUMUSDT":-1.0429008153,"ICXETH":-6.0302858051,"MODBTC":3.0626014392,"REPBTC":12.1572445593,"BCHABCTUSD":6.7237548825,"IOTABTC":-0.5656070797,"EVXETH":-3.9341059463,"DLTETH":-10.8312132624,"XRPBTC":2.3622863771,"DASHBTC":0.1937246727,"XZCBTC":1.8136925545,"ZECBTC":-1.1014908992,"EOSUSDC":4.4103545001,"WAVESUSDT":-6.7684396987,"FUNETH":4.5087153116,"LRCBTC":-10.7620598302,"GRSBTC":-2.9471056047,"WTCBTC":-2.099693055,"EOSBTC":5.2235181017,"XLMBNB":-6.1142194781,"NEBLBTC":-5.5748789675,"ETHUSDC":1.4596974989,"REPETH":12.6045329453,"MCOBTC":0.0259908923,"BQXBTC":-10.6277565569,"WAVESTUSD":-6.7312071929,"VETUSDT":-0.9927670942,"BNTBTC":-3.6914616517,"SALTBTC":-1.9176882004,"XRPBNB":3.6907322824,"TUSDBNB":-0.3035518834,"XMRETH":-1.3536296824,"TUSDETH":0.0977939257,"ADAUSDT":-0.0805233041,"ARNBTC":1.8294012757,"TRXUSDT":-0.2651838062,"PIVXBTC":-4.4800384565,"ADABNB":-0.8203283899,"OAXETH":-8.3919362303,"EDOBTC":-8.6538520899,"TUSDUSDT":0.9965706424,"BNBUSDT":20.1399220969,"TUSDBTC":-0.2295671269,"MTLETH":15.9392031857,"STRATBTC":-4.7864688745,"NANOETH":-11.0035019931,"NXSBTC":-14.5710566549,"BTCUSDC":0.4493057495,"STRATETH":-5.4260251863,"NULSUSDT":-6.2966332323,"BCHABCBTC":6.3917412827,"LTCTUSD":9.6870837091,"LINKETH":-6.3294983726,"ENGBTC":-1.3053248868,"VETBNB":-0.8852333788,"ZENBTC":-6.669700674,"BTCPAX":1.9393034063,"POWRBTC":-4.1358696609,"ONTBTC":-4.6370522119,"SUBBTC":-0.4737872858,"ADATUSD":-2.2716433534,"ONTUSDT":-3.4707904452,"NANOBTC":-11.1106327333,"HCBTC":-2.8500833204,"LINKUSDT":-5.5757670577,"WAVESBNB":-8.4749793773,"XLMBTC":-7.414463551,"BCHSVUSDT":-2.0593862813,"LINKUSDC":-6.9436650974,"ICXUSDT":-4.9193267471,"XLMPAX":-6.2292365694,"TRXUSDC":-2.0518763826,"CLOAKBTC":3.262355152,"GTOETH":-3.7850070587,"BNBETH":17.9724411308,"NEOBTC":0.2010390331,"STEEMBTC":-4.1333441751,"ETHBTC":1.4155037436,"BNBUSDC":19.8426659921,"THETAETH":22.2728196141,"XMRBTC":-1.2602950322,"DGDBTC":-3.3507414784,"AMBBTC":-12.5118949924,"BATBTC":-5.2214667753,"GVTBTC":-1.5424826329,"THETABTC":23.2073515834,"XLMUSDC":-7.8866826563,"USDCPAX":1.1292905817,"XRPTUSD":2.9179850441,"VIABTC":6.525517296,"OMGETH":-2.1524630049,"ARNETH":1.8916175506,"DCRBTC":-1.4655968228,"WABIBTC":0.0255967165,"NEOUSDT":1.7773120606,"IOTAUSDT":0.6785927039,"XLMUSDT":-6.4804952366,"ICXBTC":-6.1632903492,"GASBTC":-1.9528003769,"WINGSBTC":-7.9871744037,"MDABTC":4.5240747598,"LOOMETH":3.7204080067,"ADAETH":-1.126436991,"SNTETH":-5.1607824021,"XRPUSDC":2.6492930205,"IOTAETH":-0.7648033519,"LTCBTC":9.7184834411,"RLCBTC":2.4718740751,"XRPETH":2.4428262501,"MFTETH":3.2207762015,"TRXTUSD":-1.4876473802,"LSKBTC":-0.1659270222,"OMGBTC":-2.6351692605,"LTCUSDT":11.3623515763,"PAXTUSD":0.1357233367,"TRXXRP":-1.2883989581,"VETETH":-1.8863432199,"XLMETH":-7.699556823,"ETHUSDT":2.6375800411,"DLTBTC":-10.2573349821,"XEMETH":-21.9254474886,"USDCUSDT":2.2318862961,"LUNBTC":-11.2068236089,"BCHABCUSDT":7.81864326,"BTGBTC":-1.2279441229,"PHXETH":-12.7513449884,"TRXETH":-1.7024269758,"BCHSVBTC":-3.5358425385,"ETCBTC":-1.9466280646,"SKYBTC":-1.5100045443,"PAXUSDT":1.1301511233,"BNBBTC":19.0747164072,"USDCTUSD":0.0727108363,"XRPUSDT":3.6516028326,"WAVESETH":-7.8553215414,"AGIBTC":-14.199551339,"KMDBTC":3.0081678683,"PPTBTC":-2.9003382025,"BNBPAX":18.7285996048,"NEOTUSD":1.2916299023,"ZRXBTC":-8.8518058835,"STORJBTC":10.9290934964,"AEBTC":-1.62857361,"EOSPAX":6.8367140789,"TRXBNB":0.1425765279,"HOTETH":-0.8136733164,"WANBTC":-6.7680283345,"XLMTUSD":-7.6813523328,"LINKTUSD":-7.3452045351,"LTCETH":9.7926185166,"EOSETH":5.4077431669,"OAXBTC":-8.2252568132,"INSBTC":3.8029391688,"NAVBTC":-0.6688683405,"BTCUSDT":1.7678588666,"POLYBTC":-12.6557843982,"XEMBTC":-22.0118659907,"AIONBTC":-5.9737404441,"LINKBTC":-6.415849319,"ETHPAX":2.9097868607,"EOSBNB":7.4396045356,"MTLBTC":15.5605021813,"QTUMBTC":-3.0194364751,"NASBTC":-2.1101630368,"ETCUSDT":-0.606685901,"RDNBTC":-1.0074519768,"NEOETH":0.4585726477,"XRPPAX":3.5965068556,"EOSUSDT":6.7256867833},"startDate":"2019-01-30","endDate":"2019-02-06","numDays":7,"excludedPairs":["MANABTC","PAXBTC","BRDBNB","ZILBNB","BTGETH","XEMBNB","AIONETH","BCHSVUSDC","XVGETH","HSRBTC","XZCXRP","NCASHBTC","BCDETH","DNTETH","RVNBTC","LENDBTC","BQXETH","TNTETH","BCNBTC","AGIBNB","ADABTC","SNMBTC","KEYBTC","ASTBTC","MCOBNB","VIBEBTC","CHATBTC","EDOETH","BCCETH","SUBETH","NANOBNB","APPCETH","RPXBTC","PAXETH","WTCETH","LOOMBNB","BTSBNB","QSPBTC","GNTBTC","NXSBNB","RLCETH","PHXBNB","BTTUSDT","FUNBTC","CNDETH","WPRETH","IOTABNB","ENJETH","BCNETH","AEETH","LUNETH","ELFETH","REQETH","KEYETH","TRXPAX","REQBTC","RVNBNB","STORJETH","RENBNB","LENDETH","MITHBNB","BATETH","MODETH","ADXBTC","MITHBTC","GTOBNB","CHATETH","AMBETH","CNDBNB","ONTBNB","POLYBNB","YOYOETH","DOCKBTC","NEBLETH","APPCBTC","WABIETH","MTHETH","DCRBNB","BCHABCPAX","XVGBTC","ENJBNB","LTCPAX","STEEMBNB","BCHSVTUSD","USDCBTC","QLCBTC","SKYETH","OSTETH","HOTBTC","DOCKETH","IOSTBTC","DENTETH","KNCBTC","XZCETH","POEETH","KNCETH","TRXBTC","DATABTC","ETCBNB","REPBNB","BTSETH","BTTBTC","ZENBNB","AMBBNB","STORMBNB","BRDETH","POAETH","ASTETH","MFTBTC","NAVETH","SALTETH","FUELBTC","AEBNB","PHXBTC","ZENETH","QLCETH","ZRXETH","SNGLSBTC","DGDETH","DASHETH","WAVESUSDC","NPXSETH","RCNBNB","NXSETH","STEEMETH","NPXSBTC","DNTBTC","GNTBNB","ARDRBTC","QKCBTC","BCPTETH","CMTBTC","ICNETH","ETCETH","MCOETH","CVCBNB","SCBNB","ADXBNB","TRIGBTC","YOYOBNB","BCCBNB","GRSETH","BCPTBNB","YOYOBTC","LSKETH","TRIGBNB","PPTETH","SCETH","CNDBTC","QSPETH","OSTBTC","NASBNB","ARDRBNB","ARKETH","BCCBTC","WANETH","ZECETH","BCCUSDT","WTCBNB","LOOMBTC","RDNBNB","NULSETH","PAXBNB","CMTBNB","TNTBTC","NEOBNB","SYSBTC","ONTETH","THETABNB","POABTC","DATAETH","APPCBNB","BCHSVPAX","XZCBNB","PIVXETH","CMTETH","TNBETH","OSTBNB","RPXBNB","GNTETH","POEBTC","BTTBNB","ICNBTC","RLCBNB","LSKBNB","CVCBTC","TNBBTC","ENGETH","WAVESPAX","QTUMBNB","VIABNB","BCNBNB","VIAETH","QKCETH","BNTETH","NAVBNB","DLTBNB","SCBTC","CDTBTC","POABNB","RDNETH","WABIBNB","NEBLBNB","SYSETH","VENUSDT","MFTBNB","VENBNB","WANBNB","CVCETH","BATBNB","MANAETH","USDCBNB","NULSBNB","BTSBTC","HSRETH","NCASHETH","SNTBTC","ZILBTC","GOBNB","VIBEETH","IOTXBTC","DENTBTC","WPRBTC","SNMETH","FUELETH","IOSTETH","GOBTC","CDTETH","QLCBNB","RENBTC","ELFBTC","ADXETH","IOTXETH","BLZETH","POWRBNB","STORMETH","ARDRETH","LINKPAX","LTCUSDC","QSPBNB","BLZBNB","VENBTC","AIONBNB","RCNBTC","GXSETH","VIBETH","LRCETH","VIBBTC","NCASHBNB","SYSBNB","RCNETH","CLOAKETH","PIVXBNB","POWRETH","AGIETH","GVTETH","GTOBTC","HCETH","BCHABCUSDC","QTUMETH","BCPTBTC","BLZBTC","KMDETH","RPXETH","MDAETH","SNGLSETH","WINGSETH","ENJBTC","VENETH","VETBTC","MTHBTC","INSETH","STORMBTC","NASETH","TRIGETH","SKYBNB","ICXBNB"]}