{"data":{"QKCETH":4934.7981255184,"NEOBTC":-52.5664186788,"BQXBTC":98.8595174554,"DOCKETH":-16.1658412178,"EOSPAX":207.9247738101,"NANOETH":-45.6178116748,"XMRBTC":-50.4764044243,"ADXBTC":166.9714370735,"EOSBNB":-9.0610390727,"GTOETH":81.2265730655,"DCRBTC":3.2835465949,"WAVESBTC":62.2911401367,"IOSTETH":-60.5310621033,"NULSUSDT":-20.674960417,"MODBTC":29.3666595155,"ETHUSDT":27.5000256104,"WAVESETH":33.3078239558,"ADABNB":-60.4425072758,"TRXUSDT":118.6256582328,"ETHPAX":163.2403388508,"MTLBTC":121.5442893946,"CLOAKBTC":221.1010879399,"STEEMBTC":28.1240856896,"SKYBTC":-25.5894705811,"EOSTUSD":-68.000845057,"LTCUSDT":-61.3257013873,"ELFBTC":-39.996043754,"ZECETH":15.5592830346,"QTUMBTC":61.7974276517,"ETHUSDC":14.7825531522,"OMGBTC":11.5456623325,"TUSDBNB":227.1701968799,"ETHBTC":19.4271535395,"BNBPAX":-72.2499787951,"VIBEBTC":6228.6870223298,"ZRXETH":-29.7350031321,"BCHSVBTC":38.0571055117,"ENGBTC":-62.6263902298,"TRXXRP":152.7024796787,"BCDBTC":8.0865587885,"TUSDETH":114.6875777292,"ONTETH":20.2670351302,"ETCUSDT":-56.1654198486,"STORJBTC":125.5837816743,"BNBUSDT":-24.1040793323,"GASBTC":-64.2315090991,"NXSBTC":-16.0824044101,"DLTBTC":2915.5402628245,"ADAUSDT":-49.4181411843,"TUSDBTC":42.9939620701,"KNCBTC":80.7049800575,"DASHETH":2.7847470393,"BATBTC":7.7445444394,"VETETH":-34.1186964951,"PAXUSDT":40.4411297341,"POLYBTC":-6.2884092729,"ZILETH":213.1809526904,"ICXUSDT":-33.2817782026,"LUNBTC":-12.5742167634,"BCHSVUSDT":45.1580881397,"NEOETH":-55.0980287336,"NULSBTC":-25.352623569,"QTUMETH":35.7973636574,"WTCBTC":-42.1969001617,"TRXBNB":115.7837997885,"STRATBTC":290.5039575531,"SALTBTC":-90.5464589278,"ARNETH":21.2914791885,"REPETH":492.9974558823,"SNTETH":1456.3725975902,"IOTABTC":7.8858213474,"ETCETH":-54.6679394395,"BNBUSDC":36.8619845975,"PHXETH":316.875784896,"EVXBTC":100.9787511304,"AEETH":320.9798227636,"ADABTC":-36.1461398583,"HCETH":12269.2297115465,"APPCBTC":159.0681865037,"KMDBTC":33.036330001,"XRPPAX":101.5530966313,"INSBTC":91.7092050717,"ETCBTC":-58.8184556747,"BTCPAX":32.7513635624,"PPTBTC":57.118243079,"ARKBTC":20.7223689643,"WABIBTC":155.5939567531,"XLMUSDT":-55.4354672215,"XLMTUSD":-43.4140149623,"LINKBTC":430.661415773,"AIONBTC":-12.8601921631,"USDCUSDT":144.638130017,"BTCUSDC":5.0794065738,"XRPUSDT":-31.2227750116,"BTGBTC":-37.8416607362,"DASHBTC":-26.67088903,"EOSETH":56.608292577,"ICXBTC":-32.3797296811,"OMGETH":-15.3285355738,"VETUSDT":-7.2975496426,"TRXETH":50.0550857978,"PIVXBTC":23.6187692208,"XRPUSDC":-31.9600034609,"ADATUSD":-22.6859178763,"EVXETH":129.3726344423,"ADAETH":-55.9567624905,"XEMETH":-66.1024172701,"AMBBTC":20.2821077218,"IOTAUSDT":5.1888488898,"XZCBTC":-24.0089042792,"ONTBTC":33.4322773979,"NEBLBTC":-31.5415925874,"LTCETH":-54.989107838,"BCHABCBTC":-19.4906971469,"TRXTUSD":263.2050797181,"DLTETH":3069.9843940348,"MCOBTC":-62.1179472894,"AEBTC":280.1032534787,"LSKBTC":-17.8091443883,"BNBETH":-49.4650239265,"EOSUSDT":-18.5952825288,"XVGETH":287.4296685144,"XRPTUSD":173.1043893414,"TUSDUSDT":35.335854572,"NASBTC":-18.6096334169,"IOTAETH":79.8782977088,"GVTBTC":6.0913492423,"ONTUSDT":45.7044207815,"RDNBTC":-33.5058007469,"ZENBTC":82.755766779,"QTUMUSDT":22.833772978,"XLMBTC":-45.6995543554,"BATETH":-13.2189801776,"EOSUSDC":-45.6421024943,"NANOBTC":-19.7090317589,"XRPBTC":-17.8389492612,"EOSBTC":-40.5143020461,"BCHABCUSDT":-21.8268903443,"WANBTC":35.3848203343,"LTCBNB":-12.2667671249,"LTCBTC":-60.4319582066,"XLMUSDC":-44.8935668866,"HCBTC":10757.2226763697,"BTCUSDT":-4.1022243698,"XRPETH":-17.2794080286,"OAXBTC":524.142940503,"REPBTC":1239.4251403378,"WINGSBTC":103.4085508736,"NEOUSDT":-43.9128966254,"XMRETH":-59.0047554093,"TRXBTC":187.2792460083,"ICXETH":-17.7772732642,"ZRXBTC":-13.1544069043,"SYSBTC":664.3037626156,"ZECBTC":-23.551966097,"MDABTC":19.7327377492,"ARNBTC":104.7127336574,"NEOBNB":-56.5923927604,"LINKETH":203.3430006152,"BNBBTC":-21.7187220199,"NEOTUSD":-37.3106368131,"STRATETH":143.4861409558,"XLMPAX":123.1143987222,"RLCBTC":1478.7075554073,"XLMETH":-64.7278116682,"VIBEETH":4555.8768123867,"POWRBTC":302.5801988692,"XRPBNB":-51.7383620073,"QKCBTC":5335.9223850196},"startDate":"2019-01-07","endDate":"2019-01-16","numDays":7,"excludedPairs":["FUELBTC","XEMBTC","NCASHBNB","BLZBTC","NASBNB","CHATETH","RLCETH","MTHETH","REQBTC","BTGETH","POEETH","PAXTUSD","VIBETH","MITHBNB","POLYBNB","XVGBTC","BATBNB","VIABTC","BTSBTC","DENTETH","DNTETH","TRIGETH","HSRBTC","SNTBTC","PIVXBNB","VIABNB","BLZBNB","LSKBNB","MTHBTC","SNGLSETH","KNCETH","MDAETH","VENETH","PHXBNB","BRDBTC","MANAETH","NPXSBTC","BTSETH","DOCKBTC","BCNBTC","QLCBTC","RCNBNB","APPCBNB","AIONETH","IOTXETH","USDCBNB","MFTETH","PAXBTC","SCETH","BRDBNB","BCNBNB","RPXBNB","ASTETH","QSPETH","THETAETH","ZILBNB","VENBNB","IOTXBTC","SALTETH","STEEMBNB","MTLETH","CDTETH","ZENETH","ENJBNB","RCNBTC","GNTBTC","ARKETH","CNDBNB","ELFETH","POABTC","USDCBTC","SKYETH","ICNBTC","YOYOETH","CMTETH","STORMETH","ICXBNB","NASETH","FUELETH","QLCBNB","PHXBTC","CDTBTC","TNBETH","WABIBNB","OSTBNB","XLMBNB","QSPBNB","WTCBNB","BLZETH","CVCBNB","PPTETH","WTCETH","ENGETH","MCOETH","STORJETH","AIONBNB","PAXBNB","CNDBTC","SUBETH","WABIETH","BCPTBNB","MCOBNB","LSKETH","GTOBTC","RDNETH","WANBNB","DCRBNB","POABNB","LRCETH","EDOETH","ARDRBNB","MANABTC","NCASHBTC","USDCTUSD","ENJBTC","SCBNB","ONTBNB","XZCETH","BCCBTC","RPXETH","BCNETH","SNMBTC","BCCBNB","HOTETH","TNBBTC","QLCETH","ICNETH","MITHBTC","LRCBTC","CMTBTC","BNTBTC","RVNBNB","ZENBNB","RENBNB","CHATBTC","OSTETH","RENBTC","ZILBTC","BQXETH","YOYOBNB","CVCETH","FUNETH","RVNBTC","STORMBTC","INSETH","NEBLETH","SNGLSBTC","SUBBTC","RPXBTC","APPCETH","VETBNB","AMBBNB","CNDETH","MODETH","NCASHETH","SNMETH","BCCETH","GVTETH","IOTABNB","GXSETH","FUNBTC","LENDBTC","GRSETH","RDNBNB","LOOMETH","WPRBTC","VIAETH","WANETH","NAVETH","CVCBTC","GOBNB","MFTBTC","RCNETH","CLOAKETH","ADXETH","XZCXRP","OSTBTC","GRSBTC","LOOMBTC","USDCPAX","XZCBNB","CMTBNB","NPXSETH","STORMBNB","WINGSETH","NXSBNB","DGDETH","BCDETH","NULSETH","VENUSDT","POWRETH","RLCBNB","VIBBTC","STEEMETH","POAETH","GNTETH","BTSBNB","NULSBNB","TRIGBNB","POWRBNB","SCBTC","IOSTBTC","TNTETH","ENJETH","ADXBNB","GXSBTC","POEBTC","LUNETH","NEBLBNB","WPRETH","AEBNB","KEYETH","SKYBNB","AGIETH","QTUMBNB","ETCBNB","DNTBTC","TNTBTC","THETABTC","BRDETH","DATAETH","YOYOBTC","AMBETH","AGIBTC","KEYBTC","DLTBNB","LENDETH","REPBNB","GOBTC","XEMBNB","QSPBTC","GTOBNB","VETBTC","VENBTC","HOTBTC","BCCUSDT","NXSETH","PIVXETH","ARDRETH","NAVBTC","ARDRBTC","NANOBNB","PAXETH","REQETH","HSRETH","BCPTBTC","THETABNB","AGIBNB","SYSETH","NAVBNB","SYSBNB","WAVESBNB","OAXETH","DENTBTC","TRIGBTC","BNTETH","DGDBTC","EDOBTC","GNTBNB","MFTBNB","BCPTETH","DATABTC","LOOMBNB","KMDETH","ASTBTC"]}