{"data":{"OMGETH":28.24960957,"ENGBTC":-61.0474397599,"XZCBTC":-65.9752128917,"EDOBTC":19.6039179522,"CMTBTC":-57.8341268459,"MTLBTC":-97.3254497476,"ONTBNB":32.1454423741,"IOTAUSDT":199.1935622859,"ZILUSDT":-25.0944802748,"XLMBNB":44.9881740872,"BTGBTC":320.0243769726,"LTCPAX":36.7031129213,"ARKBTC":-74.3036638052,"ETCETH":4590.3174340948,"NANOETH":-42.0380986791,"QKCETH":72.6507049298,"LINKBTC":-70.022229852,"OMGBTC":10.8481448051,"POWRBTC":-55.5722576611,"ICXUSDT":151.6416106654,"BNBPAX":-54.3417301986,"BCHABCTUSD":14947.556564182,"GNTBTC":-60.5006927362,"QTUMBTC":-32.5832200923,"ETCUSDT":5239.3417623415,"BTCTUSD":111.0905226229,"NEOTUSD":75.4407669305,"HOTUSDT":143.9432529379,"VIABTC":-80.7979935685,"APPCBTC":-36.9439377876,"CVCBTC":-67.8990263339,"MTLETH":-94.0517291115,"ONGUSDT":-13.903938009,"BTCUSDS":150.3234202366,"EOSBNB":-27.5233597409,"EOSUSDT":94.4642510581,"RVNBTC":167.1584722676,"NANOBTC":-70.0323338373,"USDSPAX":159.4665363549,"VETETH":49.5856172659,"ONGBTC":52.3050531851,"XLMETH":202.2874513253,"BATETH":-32.0180002223,"ONTETH":49.8705909414,"ZECETH":67.9523443453,"ENJBNB":-48.3373972019,"ENJBTC":-41.5839262279,"XRPBNB":-26.9372401552,"AMBBTC":-42.3585103379,"XLMBTC":73.2603404215,"GASBTC":-27.6178535843,"RVNBNB":112.2295878208,"WANBTC":-31.1624439112,"AIONBTC":-58.9336833253,"EVXBTC":-35.3332331015,"SYSBTC":-51.6884180399,"XRPBTC":144.472075886,"NEOBTC":29.9920406334,"PAXTUSD":106.244680543,"RDNBTC":-56.2081705345,"ETHUSDT":292.8175796673,"ETCBTC":7482.4763580639,"USDCUSDT":192.6538570885,"ETHBTC":113.4082131973,"BATBTC":-60.1338415685,"LTCETH":405.3614303685,"DASHETH":-71.620914061,"EOSBTC":52.5043956964,"CELRUSDT":-42.9019529671,"BCPTBTC":-48.2917662,"WAVESETH":453.1756731548,"GVTBTC":-1.3376207313,"USDSUSDT":138.1180102666,"XRPETH":284.8062961846,"PIVXBTC":-81.6151327847,"XRPPAX":543.542336901,"DLTBTC":46.3056064569,"XRPUSDC":267.1581775864,"STEEMBTC":-58.1549882001,"IOSTBNB":319.912926766,"BTCUSDC":196.631805127,"BCHSVTUSD":3867.0150337967,"POLYBTC":-35.2369709624,"ICXBTC":91.3911217336,"ZRXBTC":-5.6368216856,"ETHPAX":194.7730413792,"NASBTC":87.9676486391,"ONTBTC":149.8759430875,"VETUSDT":-5.4103008364,"ZILETH":-33.5193046252,"NEOBNB":-16.0369618187,"LOOMBTC":-59.8943576376,"BCHSVBTC":323.4453517099,"BCDBTC":62.7859014367,"NEBLBTC":33.0003159601,"BNBBTC":-26.4513540776,"BTTUSDT":181.7579770316,"DGDBTC":-47.0718901057,"BTCPAX":154.6946209826,"FETBNB":-24.3485202342,"XMRUSDT":-33.9025874468,"TRXETH":439.7476784727,"EOSTUSD":578.3016935079,"ENJETH":36.7688095537,"ZRXUSDT":46.8286504342,"NEOETH":124.3074151615,"FETUSDT":26.7399391975,"WTCBTC":-8.2123861963,"NXSBTC":-58.134263598,"TUSDUSDT":253.5540438853,"BQXBTC":-5.3261128523,"IOTABTC":21.6059300841,"MDABTC":-93.1312105244,"NAVBTC":-27.796162314,"REPBTC":170.0948602498,"LUNBTC":-16.3979674341,"VETBNB":-48.8561684743,"USDCTUSD":455.633730294,"ETHUSDC":300.5900444203,"LRCBTC":314.4931396926,"BCHABCUSDC":839.7766525181,"EOSUSDC":386.6386386339,"WAVESUSDT":398.7544272578,"BNTBTC":90.2793737287,"ZECBTC":-0.2324239475,"TRXBNB":170.9027626974,"KMDBTC":0.9329982202,"KNCBTC":-52.9593698395,"EVXETH":-18.109231255,"ONTUSDT":223.2979670466,"XMRBTC":-35.0034754983,"RLCBTC":-68.2731053419,"PAXUSDT":159.4010741068,"PPTBTC":-44.2960763202,"LTCUSDC":456.3614175464,"BCHABCPAX":2.6428815095,"RCNBTC":-94.5551381059,"LTCUSDT":417.2544122426,"BTCUSDT":248.2836447888,"NULSBTC":-85.3059400316,"BATUSDT":-44.7004640006,"ADABNB":-42.1129523256,"BCHABCUSDT":1368.7174956294,"LINKETH":-51.116878747,"LTCBNB":44.3502535779,"LINKUSDT":-47.6589432671,"STRATBTC":61.4681650692,"BNBUSDC":-54.0520567162,"LSKBTC":55.0351054683,"HCBTC":-75.1165735981,"ELFBTC":-36.514516023,"LTCBTC":241.8663063911,"NULSUSDT":-77.3840870957,"TRXXRP":566.1535168665,"LTCTUSD":339.9323690846,"XRPUSDT":304.8799089554,"ETHTUSD":272.4466675439,"XRPTUSD":439.3948169202,"EOSETH":65.1412480732,"QTUMUSDT":47.7634219606,"ADAUSDT":47.9196440428,"DASHUSDT":-54.4114898571,"BNBETH":-19.6668027779,"ASTBTC":-55.930701912,"ZECUSDT":61.8761801018,"USDCPAX":337.2119180295,"INSBTC":44.821576951,"MCOBTC":-63.6940459387,"ADXBTC":-82.0331415564,"WAVESBTC":294.5451231221,"ARNBTC":-78.2433336457,"BCHSVUSDT":505.7007087233,"ADAETH":26.2540706917,"OAXBTC":-59.6576599591,"DCRBTC":-66.1399096983,"STORJBTC":-96.510564431,"FUELETH":331.363680311,"IOSTUSDT":235.9232680009,"GRSBTC":-73.0015247646,"WABIBTC":-88.5111486749,"BRDBTC":-15.6260457861,"ICXETH":84.8412901216,"IOTAETH":43.0084687881,"ADABTC":-8.9263001484,"FETBTC":-13.665961456,"NEOUSDT":99.1657229161,"XEMBTC":-32.8153227604,"AEBTC":-43.5814333817,"ADATUSD":224.4854533894,"TRXUSDT":600.3944137862,"BLZBTC":82.1945447267,"TRXTUSD":3046.1677574979,"XLMUSDT":343.4873862686,"BNBTUSD":-27.1148411705,"BNBUSDT":-19.5362602387,"SKYBTC":-10.7830560823,"THETABTC":61.3042649872,"BTTBNB":80.3770650648,"DASHBTC":-71.3213291621,"IOSTETH":83.7113492155,"QLCBTC":-92.8105920977,"GXSBTC":25.1673689954,"BCHABCBTC":1262.3068905669},"startDate":"2019-04-01","endDate":"2019-04-08","numDays":7,"excludedPairs":["TNTETH","HOTETH","DNTBTC","RCNETH","NANOBNB","CMTBNB","SALTETH","OSTBTC","TRXBTC","POWRETH","ASTETH","TUSDBNB","MFTETH","KMDETH","BCHSVPAX","RLCBNB","ADXBNB","MTHETH","LSKBNB","TNBBTC","USDSTUSD","NEBLBNB","QLCBNB","REPBNB","ZILBNB","SKYETH","SYSETH","QLCETH","LSKETH","SNMETH","BTSETH","WINGSETH","BCCBNB","QSPBNB","GOBTC","ZRXBNB","ZECPAX","CNDETH","RPXBNB","WAVESPAX","BTTPAX","XZCETH","WABIETH","LENDETH","EOSPAX","WABIBNB","GTOBTC","DNTETH","BCCETH","ICXBNB","GTOBNB","QKCBTC","XLMTUSD","APPCETH","AGIETH","TRXUSDC","BQXETH","NPXSBTC","BLZETH","TRIGBNB","BTSBNB","LOOMBNB","TUSDETH","WAVESBNB","PPTETH","TRIGETH","VENBTC","SNTBTC","YOYOBTC","PAXBNB","STORJETH","NULSBNB","MFTBNB","ICNBTC","DOCKBTC","GOBNB","ELFETH","VIBEETH","DGDETH","MITHBNB","AEBNB","WANETH","NXSBNB","CELRBTC","BTGETH","HCETH","RLCETH","RPXETH","ONGBNB","IOTXBTC","GNTBNB","ZENBNB","MITHBTC","BCCBTC","SCBTC","EDOETH","SKYBNB","POEETH","LENDBTC","BNTETH","ETCBNB","PHXBNB","BRDBNB","CLOAKETH","ZRXETH","LINKPAX","LOOMETH","YOYOBNB","XLMPAX","POEBTC","BATBNB","NASBNB","KNCETH","ZENBTC","SNTETH","CNDBTC","WAVESTUSD","NAVBNB","VETBTC","GVTETH","XZCXRP","MODETH","BCCUSDT","VIABNB","CHATBTC","BCNBTC","BCNBNB","CVCBNB","YOYOETH","NANOUSDT","SNGLSBTC","SNGLSETH","NEOPAX","ZECBNB","BNBUSDS","VIBETH","NASETH","SCETH","NCASHETH","NEBLETH","ADAPAX","NPXSETH","TRIGBTC","BLZBNB","STEEMBNB","OSTBNB","NCASHBNB","HOTBNB","LUNETH","CVCETH","RDNETH","SUBBTC","LRCETH","WPRBTC","THETAETH","BTSBTC","CHATETH","QSPETH","SNMBTC","ARDRETH","TNBETH","FUNETH","AGIBTC","IOSTBTC","SALTBTC","USDCBNB","MCOETH","GNTETH","KEYETH","HSRETH","CLOAKBTC","XEMETH","POLYBNB","DCRBNB","BCDETH","MANABTC","GTOETH","BRDETH","AEETH","FUNBTC","CDTETH","BCHSVUSDC","CNDBNB","REQBTC","AIONETH","ADAUSDC","PAXBTC","HSRBTC","XZCBNB","INSETH","RENBNB","NAVETH","WANBNB","IOTABNB","WINGSBTC","BTTBTC","POWRBNB","DENTBTC","BCPTETH","LINKUSDC","BTTTUSD","QTUMBNB","REPETH","STORMBTC","DLTBNB","DLTETH","STEEMETH","ZILBTC","XVGETH","RENBTC","ENGETH","VIAETH","FUELBTC","USDSUSDC","NCASHBTC","LINKTUSD","QSPBTC","AMBETH","XLMUSDC","ZENETH","MANAETH","MCOBNB","ADXETH","XVGBTC","STORMBNB","XMRBNB","ARKETH","PIVXETH","ZECUSDC","CDTBTC","RCNBNB","ARNETH","PIVXBNB","MFTBTC","CELRBNB","RDNBNB","VENBNB","ZECTUSD","SYSBNB","OMGBNB","OMGUSDT","VENETH","DATAETH","WTCETH","KEYBTC","CMTETH","ARDRBTC","DENTETH","GXSETH","POABNB","BTTUSDC","MDAETH","XMRETH","GRSETH","PHXETH","IOTXETH","MODBTC","OSTETH","AGIBNB","SCBNB","OAXETH","BCPTBNB","STRATETH","THETABNB","USDCBTC","STORMETH","WAVESUSDC","MTHBTC","NXSETH","TUSDBTC","RPXBTC","TNTBTC","XEMBNB","VENUSDT","POABTC","WTCBNB","DATABTC","PHXBTC","AIONBNB","BCNETH","QTUMETH","DOCKETH","REQETH","APPCBNB","HOTBTC","POAETH","DASHBNB","VIBBTC","ICNETH","TRXPAX","SUBETH","PAXETH","NEOUSDC","AMBBNB","VIBEBTC","NULSETH","WPRETH","ARDRBNB"]}